version,1.3.0
info,team,Hobart Hurricanes
info,team,Adelaide Strikers
info,gender,male
info,season,2017/18
info,date,2018/01/04
info,competition,Big Bash League
info,match_number,17
info,venue,Bellerive Oval
info,city,Hobart
info,toss_winner,Hobart Hurricanes
info,toss_decision,bat
info,player_of_match,DJM Short
info,umpire,GC Joshua
info,umpire,SJ Nogajski
info,reserve_umpire,DR Close
info,tv_umpire,MW Graham-Smith
info,match_referee,PL Marshall
info,winner,Hobart Hurricanes
info,winner_runs,7
ball,1,0.1,Hobart Hurricanes,AJ Doolan,DJM Short,TM Head,2,0,"",""
ball,1,0.2,Hobart Hurricanes,AJ Doolan,DJM Short,TM Head,2,0,"",""
ball,1,0.3,Hobart Hurricanes,AJ Doolan,DJM Short,TM Head,1,0,"",""
ball,1,0.4,Hobart Hurricanes,DJM Short,AJ Doolan,TM Head,4,0,"",""
ball,1,0.5,Hobart Hurricanes,DJM Short,AJ Doolan,TM Head,4,0,"",""
ball,1,0.6,Hobart Hurricanes,DJM Short,AJ Doolan,TM Head,0,0,"",""
ball,1,1.1,Hobart Hurricanes,AJ Doolan,DJM Short,B Stanlake,0,0,"",""
ball,1,1.2,Hobart Hurricanes,AJ Doolan,DJM Short,B Stanlake,4,0,"",""
ball,1,1.3,Hobart Hurricanes,AJ Doolan,DJM Short,B Stanlake,0,0,"",""
ball,1,1.4,Hobart Hurricanes,AJ Doolan,DJM Short,B Stanlake,1,0,"",""
ball,1,1.5,Hobart Hurricanes,DJM Short,AJ Doolan,B Stanlake,1,0,"",""
ball,1,1.6,Hobart Hurricanes,AJ Doolan,DJM Short,B Stanlake,0,0,"",""
ball,1,2.1,Hobart Hurricanes,DJM Short,AJ Doolan,Rashid Khan,0,0,"",""
ball,1,2.2,Hobart Hurricanes,DJM Short,AJ Doolan,Rashid Khan,0,0,"",""
ball,1,2.3,Hobart Hurricanes,DJM Short,AJ Doolan,Rashid Khan,4,0,"",""
ball,1,2.4,Hobart Hurricanes,DJM Short,AJ Doolan,Rashid Khan,0,0,"",""
ball,1,2.5,Hobart Hurricanes,DJM Short,AJ Doolan,Rashid Khan,1,0,"",""
ball,1,2.6,Hobart Hurricanes,AJ Doolan,DJM Short,Rashid Khan,0,0,"",""
ball,1,3.1,Hobart Hurricanes,DJM Short,AJ Doolan,B Stanlake,1,0,"",""
ball,1,3.2,Hobart Hurricanes,AJ Doolan,DJM Short,B Stanlake,1,0,"",""
ball,1,3.3,Hobart Hurricanes,DJM Short,AJ Doolan,B Stanlake,0,0,"",""
ball,1,3.4,Hobart Hurricanes,DJM Short,AJ Doolan,B Stanlake,0,0,"",""
ball,1,3.5,Hobart Hurricanes,DJM Short,AJ Doolan,B Stanlake,0,0,"",""
ball,1,3.6,Hobart Hurricanes,DJM Short,AJ Doolan,B Stanlake,0,0,"",""
ball,1,4.1,Hobart Hurricanes,AJ Doolan,DJM Short,MG Neser,0,0,"",""
ball,1,4.2,Hobart Hurricanes,AJ Doolan,DJM Short,MG Neser,1,0,"",""
ball,1,4.3,Hobart Hurricanes,DJM Short,AJ Doolan,MG Neser,4,0,"",""
ball,1,4.4,Hobart Hurricanes,DJM Short,AJ Doolan,MG Neser,0,0,"",""
ball,1,4.5,Hobart Hurricanes,DJM Short,AJ Doolan,MG Neser,6,0,"",""
ball,1,4.6,Hobart Hurricanes,DJM Short,AJ Doolan,MG Neser,0,0,"",""
ball,1,5.1,Hobart Hurricanes,AJ Doolan,DJM Short,B Laughlin,6,0,"",""
ball,1,5.2,Hobart Hurricanes,AJ Doolan,DJM Short,B Laughlin,4,0,"",""
ball,1,5.3,Hobart Hurricanes,AJ Doolan,DJM Short,B Laughlin,0,0,"",""
ball,1,5.4,Hobart Hurricanes,AJ Doolan,DJM Short,B Laughlin,0,0,"",""
ball,1,5.5,Hobart Hurricanes,AJ Doolan,DJM Short,B Laughlin,0,0,"",""
ball,1,5.6,Hobart Hurricanes,AJ Doolan,DJM Short,B Laughlin,4,0,"",""
ball,1,6.1,Hobart Hurricanes,DJM Short,AJ Doolan,Rashid Khan,1,0,"",""
ball,1,6.2,Hobart Hurricanes,AJ Doolan,DJM Short,Rashid Khan,1,0,"",""
ball,1,6.3,Hobart Hurricanes,DJM Short,AJ Doolan,Rashid Khan,0,0,"",""
ball,1,6.4,Hobart Hurricanes,DJM Short,AJ Doolan,Rashid Khan,1,0,"",""
ball,1,6.5,Hobart Hurricanes,AJ Doolan,DJM Short,Rashid Khan,1,0,"",""
ball,1,6.6,Hobart Hurricanes,DJM Short,AJ Doolan,Rashid Khan,1,0,"",""
ball,1,7.1,Hobart Hurricanes,DJM Short,AJ Doolan,PM Siddle,0,0,"",""
ball,1,7.2,Hobart Hurricanes,DJM Short,AJ Doolan,PM Siddle,1,0,"",""
ball,1,7.3,Hobart Hurricanes,AJ Doolan,DJM Short,PM Siddle,0,0,"",""
ball,1,7.4,Hobart Hurricanes,AJ Doolan,DJM Short,PM Siddle,1,0,"",""
ball,1,7.5,Hobart Hurricanes,DJM Short,AJ Doolan,PM Siddle,0,0,"",""
ball,1,7.6,Hobart Hurricanes,DJM Short,AJ Doolan,PM Siddle,2,0,"",""
ball,1,8.1,Hobart Hurricanes,AJ Doolan,DJM Short,Rashid Khan,0,0,caught,AJ Doolan
ball,1,8.2,Hobart Hurricanes,BR McDermott,DJM Short,Rashid Khan,0,0,"",""
ball,1,8.3,Hobart Hurricanes,BR McDermott,DJM Short,Rashid Khan,0,0,"",""
ball,1,8.4,Hobart Hurricanes,BR McDermott,DJM Short,Rashid Khan,0,0,"",""
ball,1,8.5,Hobart Hurricanes,BR McDermott,DJM Short,Rashid Khan,1,0,"",""
ball,1,8.6,Hobart Hurricanes,DJM Short,BR McDermott,Rashid Khan,1,0,"",""
ball,1,9.1,Hobart Hurricanes,DJM Short,BR McDermott,PM Siddle,1,0,"",""
ball,1,9.2,Hobart Hurricanes,BR McDermott,DJM Short,PM Siddle,0,1,"",""
ball,1,9.3,Hobart Hurricanes,BR McDermott,DJM Short,PM Siddle,1,0,"",""
ball,1,9.4,Hobart Hurricanes,DJM Short,BR McDermott,PM Siddle,0,0,"",""
ball,1,9.5,Hobart Hurricanes,DJM Short,BR McDermott,PM Siddle,2,0,"",""
ball,1,9.6,Hobart Hurricanes,DJM Short,BR McDermott,PM Siddle,1,0,"",""
ball,1,9.7,Hobart Hurricanes,BR McDermott,DJM Short,PM Siddle,1,0,"",""
ball,1,10.1,Hobart Hurricanes,BR McDermott,DJM Short,MG Neser,1,0,"",""
ball,1,10.2,Hobart Hurricanes,DJM Short,BR McDermott,MG Neser,2,0,"",""
ball,1,10.3,Hobart Hurricanes,DJM Short,BR McDermott,MG Neser,6,0,"",""
ball,1,10.4,Hobart Hurricanes,DJM Short,BR McDermott,MG Neser,2,0,"",""
ball,1,10.5,Hobart Hurricanes,DJM Short,BR McDermott,MG Neser,1,0,"",""
ball,1,10.6,Hobart Hurricanes,BR McDermott,DJM Short,MG Neser,1,0,"",""
ball,1,11.1,Hobart Hurricanes,BR McDermott,DJM Short,B Stanlake,1,0,"",""
ball,1,11.2,Hobart Hurricanes,DJM Short,BR McDermott,B Stanlake,1,0,"",""
ball,1,11.3,Hobart Hurricanes,BR McDermott,DJM Short,B Stanlake,1,0,"",""
ball,1,11.4,Hobart Hurricanes,DJM Short,BR McDermott,B Stanlake,2,0,"",""
ball,1,11.5,Hobart Hurricanes,DJM Short,BR McDermott,B Stanlake,1,0,"",""
ball,1,11.6,Hobart Hurricanes,BR McDermott,DJM Short,B Stanlake,6,0,"",""
ball,1,12.1,Hobart Hurricanes,DJM Short,BR McDermott,B Laughlin,1,0,"",""
ball,1,12.2,Hobart Hurricanes,BR McDermott,DJM Short,B Laughlin,0,0,"",""
ball,1,12.3,Hobart Hurricanes,BR McDermott,DJM Short,B Laughlin,1,0,"",""
ball,1,12.4,Hobart Hurricanes,DJM Short,BR McDermott,B Laughlin,4,1,"",""
ball,1,12.5,Hobart Hurricanes,DJM Short,BR McDermott,B Laughlin,1,0,"",""
ball,1,12.6,Hobart Hurricanes,BR McDermott,DJM Short,B Laughlin,2,0,"",""
ball,1,12.7,Hobart Hurricanes,BR McDermott,DJM Short,B Laughlin,1,0,"",""
ball,1,13.1,Hobart Hurricanes,BR McDermott,DJM Short,Rashid Khan,0,0,"",""
ball,1,13.2,Hobart Hurricanes,BR McDermott,DJM Short,Rashid Khan,1,0,"",""
ball,1,13.3,Hobart Hurricanes,DJM Short,BR McDermott,Rashid Khan,0,0,"",""
ball,1,13.4,Hobart Hurricanes,DJM Short,BR McDermott,Rashid Khan,4,0,"",""
ball,1,13.5,Hobart Hurricanes,DJM Short,BR McDermott,Rashid Khan,1,0,"",""
ball,1,13.6,Hobart Hurricanes,BR McDermott,DJM Short,Rashid Khan,0,0,caught,BR McDermott
ball,1,14.1,Hobart Hurricanes,DJM Short,GJ Bailey,PM Siddle,0,1,"",""
ball,1,14.2,Hobart Hurricanes,DJM Short,GJ Bailey,PM Siddle,2,0,"",""
ball,1,14.3,Hobart Hurricanes,DJM Short,GJ Bailey,PM Siddle,1,0,"",""
ball,1,14.4,Hobart Hurricanes,GJ Bailey,DJM Short,PM Siddle,1,0,"",""
ball,1,14.5,Hobart Hurricanes,DJM Short,GJ Bailey,PM Siddle,2,0,"",""
ball,1,14.6,Hobart Hurricanes,DJM Short,GJ Bailey,PM Siddle,6,0,"",""
ball,1,14.7,Hobart Hurricanes,DJM Short,GJ Bailey,PM Siddle,1,0,"",""
ball,1,15.1,Hobart Hurricanes,DJM Short,GJ Bailey,B Laughlin,6,0,"",""
ball,1,15.2,Hobart Hurricanes,DJM Short,GJ Bailey,B Laughlin,4,0,"",""
ball,1,15.3,Hobart Hurricanes,DJM Short,GJ Bailey,B Laughlin,4,0,"",""
ball,1,15.4,Hobart Hurricanes,DJM Short,GJ Bailey,B Laughlin,2,0,"",""
ball,1,15.5,Hobart Hurricanes,DJM Short,GJ Bailey,B Laughlin,1,0,"",""
ball,1,15.6,Hobart Hurricanes,GJ Bailey,DJM Short,B Laughlin,0,0,"",""
ball,1,16.1,Hobart Hurricanes,DJM Short,GJ Bailey,B Stanlake,0,0,"",""
ball,1,16.2,Hobart Hurricanes,DJM Short,GJ Bailey,B Stanlake,1,0,"",""
ball,1,16.3,Hobart Hurricanes,GJ Bailey,DJM Short,B Stanlake,0,0,caught,GJ Bailey
ball,1,16.4,Hobart Hurricanes,DJM Short,DT Christian,B Stanlake,4,0,"",""
ball,1,16.5,Hobart Hurricanes,DJM Short,DT Christian,B Stanlake,0,1,"",""
ball,1,16.6,Hobart Hurricanes,DJM Short,DT Christian,B Stanlake,0,0,caught,DJM Short
ball,1,16.7,Hobart Hurricanes,MS Wade,DT Christian,B Stanlake,1,0,"",""
ball,1,17.1,Hobart Hurricanes,MS Wade,DT Christian,MG Neser,4,0,"",""
ball,1,17.2,Hobart Hurricanes,MS Wade,DT Christian,MG Neser,2,0,"",""
ball,1,17.3,Hobart Hurricanes,MS Wade,DT Christian,MG Neser,2,0,"",""
ball,1,17.4,Hobart Hurricanes,MS Wade,DT Christian,MG Neser,1,0,"",""
ball,1,17.5,Hobart Hurricanes,DT Christian,MS Wade,MG Neser,1,0,"",""
ball,1,17.6,Hobart Hurricanes,MS Wade,DT Christian,MG Neser,1,0,"",""
ball,1,18.1,Hobart Hurricanes,MS Wade,DT Christian,PM Siddle,1,0,"",""
ball,1,18.2,Hobart Hurricanes,DT Christian,MS Wade,PM Siddle,6,0,"",""
ball,1,18.3,Hobart Hurricanes,DT Christian,MS Wade,PM Siddle,0,1,"",""
ball,1,18.4,Hobart Hurricanes,MS Wade,DT Christian,PM Siddle,2,0,"",""
ball,1,18.5,Hobart Hurricanes,MS Wade,DT Christian,PM Siddle,0,0,"",""
ball,1,18.6,Hobart Hurricanes,MS Wade,DT Christian,PM Siddle,1,0,"",""
ball,1,19.1,Hobart Hurricanes,MS Wade,DT Christian,MG Neser,1,0,run out,DT Christian
ball,1,19.2,Hobart Hurricanes,MS Wade,S Milenko,MG Neser,3,0,"",""
ball,1,19.3,Hobart Hurricanes,S Milenko,MS Wade,MG Neser,2,0,"",""
ball,1,19.4,Hobart Hurricanes,S Milenko,MS Wade,MG Neser,4,0,"",""
ball,1,19.5,Hobart Hurricanes,S Milenko,MS Wade,MG Neser,1,0,"",""
ball,1,19.6,Hobart Hurricanes,MS Wade,S Milenko,MG Neser,1,0,"",""
ball,2,0.1,Adelaide Strikers,AT Carey,J Weatherald,CA Rose,1,0,"",""
ball,2,0.2,Adelaide Strikers,J Weatherald,AT Carey,CA Rose,0,0,"",""
ball,2,0.3,Adelaide Strikers,J Weatherald,AT Carey,CA Rose,0,0,"",""
ball,2,0.4,Adelaide Strikers,J Weatherald,AT Carey,CA Rose,4,0,"",""
ball,2,0.5,Adelaide Strikers,J Weatherald,AT Carey,CA Rose,0,0,"",""
ball,2,0.6,Adelaide Strikers,J Weatherald,AT Carey,CA Rose,1,0,"",""
ball,2,1.1,Adelaide Strikers,J Weatherald,AT Carey,JC Archer,1,0,"",""
ball,2,1.2,Adelaide Strikers,AT Carey,J Weatherald,JC Archer,0,0,"",""
ball,2,1.3,Adelaide Strikers,AT Carey,J Weatherald,JC Archer,1,0,"",""
ball,2,1.4,Adelaide Strikers,J Weatherald,AT Carey,JC Archer,1,0,"",""
ball,2,1.5,Adelaide Strikers,AT Carey,J Weatherald,JC Archer,0,0,caught,AT Carey
ball,2,1.6,Adelaide Strikers,J Weatherald,TM Head,JC Archer,0,0,"",""
ball,2,2.1,Adelaide Strikers,TM Head,J Weatherald,CA Rose,1,0,"",""
ball,2,2.2,Adelaide Strikers,J Weatherald,TM Head,CA Rose,0,0,"",""
ball,2,2.3,Adelaide Strikers,J Weatherald,TM Head,CA Rose,0,0,caught,J Weatherald
ball,2,2.4,Adelaide Strikers,TM Head,CA Ingram,CA Rose,1,0,"",""
ball,2,2.5,Adelaide Strikers,CA Ingram,TM Head,CA Rose,0,0,"",""
ball,2,2.6,Adelaide Strikers,CA Ingram,TM Head,CA Rose,4,0,"",""
ball,2,3.1,Adelaide Strikers,TM Head,CA Ingram,JC Archer,0,0,"",""
ball,2,3.2,Adelaide Strikers,TM Head,CA Ingram,JC Archer,0,0,"",""
ball,2,3.3,Adelaide Strikers,TM Head,CA Ingram,JC Archer,1,0,"",""
ball,2,3.4,Adelaide Strikers,CA Ingram,TM Head,JC Archer,0,0,"",""
ball,2,3.5,Adelaide Strikers,CA Ingram,TM Head,JC Archer,0,0,"",""
ball,2,3.6,Adelaide Strikers,CA Ingram,TM Head,JC Archer,0,0,"",""
ball,2,4.1,Adelaide Strikers,TM Head,CA Ingram,CA Rose,1,0,"",""
ball,2,4.2,Adelaide Strikers,CA Ingram,TM Head,CA Rose,4,0,"",""
ball,2,4.3,Adelaide Strikers,CA Ingram,TM Head,CA Rose,0,0,"",""
ball,2,4.4,Adelaide Strikers,CA Ingram,TM Head,CA Rose,0,1,"",""
ball,2,4.5,Adelaide Strikers,CA Ingram,TM Head,CA Rose,1,0,"",""
ball,2,4.6,Adelaide Strikers,TM Head,CA Ingram,CA Rose,1,0,"",""
ball,2,4.7,Adelaide Strikers,CA Ingram,TM Head,CA Rose,0,0,"",""
ball,2,5.1,Adelaide Strikers,TM Head,CA Ingram,TS Mills,0,0,"",""
ball,2,5.2,Adelaide Strikers,TM Head,CA Ingram,TS Mills,1,0,"",""
ball,2,5.3,Adelaide Strikers,CA Ingram,TM Head,TS Mills,0,1,"",""
ball,2,5.4,Adelaide Strikers,CA Ingram,TM Head,TS Mills,0,0,"",""
ball,2,5.5,Adelaide Strikers,CA Ingram,TM Head,TS Mills,4,0,"",""
ball,2,5.6,Adelaide Strikers,CA Ingram,TM Head,TS Mills,0,0,"",""
ball,2,5.7,Adelaide Strikers,CA Ingram,TM Head,TS Mills,0,0,"",""
ball,2,6.1,Adelaide Strikers,TM Head,CA Ingram,CJ Boyce,2,0,"",""
ball,2,6.2,Adelaide Strikers,TM Head,CA Ingram,CJ Boyce,0,0,"",""
ball,2,6.3,Adelaide Strikers,TM Head,CA Ingram,CJ Boyce,1,0,"",""
ball,2,6.4,Adelaide Strikers,CA Ingram,TM Head,CJ Boyce,1,0,"",""
ball,2,6.5,Adelaide Strikers,TM Head,CA Ingram,CJ Boyce,0,0,"",""
ball,2,6.6,Adelaide Strikers,TM Head,CA Ingram,CJ Boyce,1,0,"",""
ball,2,7.1,Adelaide Strikers,TM Head,CA Ingram,DT Christian,0,0,"",""
ball,2,7.2,Adelaide Strikers,TM Head,CA Ingram,DT Christian,1,0,"",""
ball,2,7.3,Adelaide Strikers,CA Ingram,TM Head,DT Christian,1,0,"",""
ball,2,7.4,Adelaide Strikers,TM Head,CA Ingram,DT Christian,1,0,"",""
ball,2,7.5,Adelaide Strikers,CA Ingram,TM Head,DT Christian,0,1,"",""
ball,2,7.6,Adelaide Strikers,CA Ingram,TM Head,DT Christian,4,0,"",""
ball,2,7.7,Adelaide Strikers,CA Ingram,TM Head,DT Christian,1,0,"",""
ball,2,8.1,Adelaide Strikers,CA Ingram,TM Head,CJ Boyce,0,0,"",""
ball,2,8.2,Adelaide Strikers,CA Ingram,TM Head,CJ Boyce,1,0,"",""
ball,2,8.3,Adelaide Strikers,TM Head,CA Ingram,CJ Boyce,2,0,"",""
ball,2,8.4,Adelaide Strikers,TM Head,CA Ingram,CJ Boyce,0,0,"",""
ball,2,8.5,Adelaide Strikers,TM Head,CA Ingram,CJ Boyce,1,0,"",""
ball,2,8.6,Adelaide Strikers,CA Ingram,TM Head,CJ Boyce,4,0,"",""
ball,2,9.1,Adelaide Strikers,TM Head,CA Ingram,S Milenko,1,0,"",""
ball,2,9.2,Adelaide Strikers,CA Ingram,TM Head,S Milenko,6,0,"",""
ball,2,9.3,Adelaide Strikers,CA Ingram,TM Head,S Milenko,6,0,"",""
ball,2,9.4,Adelaide Strikers,CA Ingram,TM Head,S Milenko,0,0,"",""
ball,2,9.5,Adelaide Strikers,CA Ingram,TM Head,S Milenko,1,0,"",""
ball,2,9.6,Adelaide Strikers,TM Head,CA Ingram,S Milenko,6,0,"",""
ball,2,10.1,Adelaide Strikers,CA Ingram,TM Head,CJ Boyce,1,0,"",""
ball,2,10.2,Adelaide Strikers,TM Head,CA Ingram,CJ Boyce,4,0,"",""
ball,2,10.3,Adelaide Strikers,TM Head,CA Ingram,CJ Boyce,1,0,"",""
ball,2,10.4,Adelaide Strikers,CA Ingram,TM Head,CJ Boyce,1,0,"",""
ball,2,10.5,Adelaide Strikers,TM Head,CA Ingram,CJ Boyce,1,0,"",""
ball,2,10.6,Adelaide Strikers,CA Ingram,TM Head,CJ Boyce,2,0,"",""
ball,2,11.1,Adelaide Strikers,TM Head,CA Ingram,TS Mills,0,0,"",""
ball,2,11.2,Adelaide Strikers,TM Head,CA Ingram,TS Mills,6,0,"",""
ball,2,11.3,Adelaide Strikers,TM Head,CA Ingram,TS Mills,1,0,"",""
ball,2,11.4,Adelaide Strikers,CA Ingram,TM Head,TS Mills,4,0,"",""
ball,2,11.5,Adelaide Strikers,CA Ingram,TM Head,TS Mills,1,0,"",""
ball,2,11.6,Adelaide Strikers,TM Head,CA Ingram,TS Mills,6,0,"",""
ball,2,12.1,Adelaide Strikers,CA Ingram,TM Head,CA Rose,0,0,"",""
ball,2,12.2,Adelaide Strikers,CA Ingram,TM Head,CA Rose,1,0,"",""
ball,2,12.3,Adelaide Strikers,TM Head,CA Ingram,CA Rose,2,0,"",""
ball,2,12.4,Adelaide Strikers,TM Head,CA Ingram,CA Rose,1,0,"",""
ball,2,12.5,Adelaide Strikers,CA Ingram,TM Head,CA Rose,4,0,"",""
ball,2,12.6,Adelaide Strikers,CA Ingram,TM Head,CA Rose,4,0,"",""
ball,2,13.1,Adelaide Strikers,TM Head,CA Ingram,JC Archer,0,0,caught,TM Head
ball,2,13.2,Adelaide Strikers,CA Ingram,JW Wells,JC Archer,0,0,"",""
ball,2,13.3,Adelaide Strikers,CA Ingram,JW Wells,JC Archer,1,0,"",""
ball,2,13.4,Adelaide Strikers,JW Wells,CA Ingram,JC Archer,2,0,"",""
ball,2,13.5,Adelaide Strikers,JW Wells,CA Ingram,JC Archer,0,0,"",""
ball,2,13.6,Adelaide Strikers,JW Wells,CA Ingram,JC Archer,3,0,"",""
ball,2,14.1,Adelaide Strikers,JW Wells,CA Ingram,CJ Boyce,1,0,"",""
ball,2,14.2,Adelaide Strikers,CA Ingram,JW Wells,CJ Boyce,1,0,"",""
ball,2,14.3,Adelaide Strikers,JW Wells,CA Ingram,CJ Boyce,1,0,"",""
ball,2,14.4,Adelaide Strikers,CA Ingram,JW Wells,CJ Boyce,1,0,"",""
ball,2,14.5,Adelaide Strikers,JW Wells,CA Ingram,CJ Boyce,6,0,"",""
ball,2,14.6,Adelaide Strikers,JW Wells,CA Ingram,CJ Boyce,1,0,"",""
ball,2,15.1,Adelaide Strikers,JW Wells,CA Ingram,DT Christian,2,0,"",""
ball,2,15.2,Adelaide Strikers,JW Wells,CA Ingram,DT Christian,0,0,"",""
ball,2,15.3,Adelaide Strikers,JW Wells,CA Ingram,DT Christian,1,0,"",""
ball,2,15.4,Adelaide Strikers,CA Ingram,JW Wells,DT Christian,0,1,"",""
ball,2,15.5,Adelaide Strikers,CA Ingram,JW Wells,DT Christian,2,0,"",""
ball,2,15.6,Adelaide Strikers,CA Ingram,JW Wells,DT Christian,1,0,"",""
ball,2,15.7,Adelaide Strikers,JW Wells,CA Ingram,DT Christian,1,0,"",""
ball,2,16.1,Adelaide Strikers,JW Wells,CA Ingram,TS Mills,1,0,"",""
ball,2,16.2,Adelaide Strikers,CA Ingram,JW Wells,TS Mills,4,0,"",""
ball,2,16.3,Adelaide Strikers,CA Ingram,JW Wells,TS Mills,0,0,"",""
ball,2,16.4,Adelaide Strikers,CA Ingram,JW Wells,TS Mills,0,0,"",""
ball,2,16.5,Adelaide Strikers,CA Ingram,JW Wells,TS Mills,0,0,caught,CA Ingram
ball,2,16.6,Adelaide Strikers,JW Wells,JS Lehmann,TS Mills,0,1,"",""
ball,2,17.1,Adelaide Strikers,JW Wells,JS Lehmann,DT Christian,1,0,"",""
ball,2,17.2,Adelaide Strikers,JS Lehmann,JW Wells,DT Christian,0,1,"",""
ball,2,17.3,Adelaide Strikers,JS Lehmann,JW Wells,DT Christian,0,0,"",""
ball,2,17.4,Adelaide Strikers,JS Lehmann,JW Wells,DT Christian,2,0,"",""
ball,2,17.5,Adelaide Strikers,JS Lehmann,JW Wells,DT Christian,4,0,"",""
ball,2,17.6,Adelaide Strikers,JS Lehmann,JW Wells,DT Christian,2,0,"",""
ball,2,17.7,Adelaide Strikers,JS Lehmann,JW Wells,DT Christian,6,0,"",""
ball,2,18.1,Adelaide Strikers,JW Wells,JS Lehmann,TS Mills,0,1,"",""
ball,2,18.2,Adelaide Strikers,JW Wells,JS Lehmann,TS Mills,6,0,"",""
ball,2,18.3,Adelaide Strikers,JW Wells,JS Lehmann,TS Mills,1,0,"",""
ball,2,18.4,Adelaide Strikers,JS Lehmann,JW Wells,TS Mills,1,0,"",""
ball,2,18.5,Adelaide Strikers,JW Wells,JS Lehmann,TS Mills,1,0,"",""
ball,2,18.6,Adelaide Strikers,JS Lehmann,JW Wells,TS Mills,0,1,"",""
ball,2,18.7,Adelaide Strikers,JS Lehmann,JW Wells,TS Mills,1,0,"",""
ball,2,18.8,Adelaide Strikers,JW Wells,JS Lehmann,TS Mills,0,0,"",""
ball,2,19.1,Adelaide Strikers,JS Lehmann,JW Wells,JC Archer,0,0,lbw,JS Lehmann
ball,2,19.2,Adelaide Strikers,MG Neser,JW Wells,JC Archer,0,0,run out,JW Wells
ball,2,19.3,Adelaide Strikers,Rashid Khan,MG Neser,JC Archer,2,0,"",""
ball,2,19.4,Adelaide Strikers,Rashid Khan,MG Neser,JC Archer,1,0,"",""
ball,2,19.5,Adelaide Strikers,MG Neser,Rashid Khan,JC Archer,1,0,"",""
ball,2,19.6,Adelaide Strikers,Rashid Khan,MG Neser,JC Archer,1,0,"",""
