version,1.3.0
info,team,Brisbane Heat
info,team,Melbourne Renegades
info,gender,male
info,season,2017/18
info,date,2018/01/27
info,competition,Big Bash League
info,match_number,40
info,venue,"Brisbane Cricket Ground, Woolloongabba"
info,city,Brisbane
info,toss_winner,Brisbane Heat
info,toss_decision,field
info,player_of_match,TLW Cooper
info,umpire,GC Joshua
info,umpire,MW Graham-Smith
info,reserve_umpire,S Brne
info,tv_umpire,D Shepherd
info,match_referee,RL Parry
info,winner,Melbourne Renegades
info,winner_runs,26
ball,1,0.1,Melbourne Renegades,MS Harris,MW Short,JK Lalor,0,0,"",""
ball,1,0.2,Melbourne Renegades,MS Harris,MW Short,JK Lalor,1,0,"",""
ball,1,0.3,Melbourne Renegades,MW Short,MS Harris,JK Lalor,0,0,"",""
ball,1,0.4,Melbourne Renegades,MW Short,MS Harris,JK Lalor,0,0,"",""
ball,1,0.5,Melbourne Renegades,MW Short,MS Harris,JK Lalor,0,0,"",""
ball,1,0.6,Melbourne Renegades,MW Short,MS Harris,JK Lalor,0,0,"",""
ball,1,1.1,Melbourne Renegades,MS Harris,MW Short,MT Steketee,1,0,"",""
ball,1,1.2,Melbourne Renegades,MW Short,MS Harris,MT Steketee,0,1,"",""
ball,1,1.3,Melbourne Renegades,MS Harris,MW Short,MT Steketee,4,0,"",""
ball,1,1.4,Melbourne Renegades,MS Harris,MW Short,MT Steketee,1,0,"",""
ball,1,1.5,Melbourne Renegades,MW Short,MS Harris,MT Steketee,4,0,"",""
ball,1,1.6,Melbourne Renegades,MW Short,MS Harris,MT Steketee,1,0,"",""
ball,1,2.1,Melbourne Renegades,MW Short,MS Harris,JK Lalor,1,0,"",""
ball,1,2.2,Melbourne Renegades,MS Harris,MW Short,JK Lalor,1,0,"",""
ball,1,2.3,Melbourne Renegades,MW Short,MS Harris,JK Lalor,1,0,"",""
ball,1,2.4,Melbourne Renegades,MS Harris,MW Short,JK Lalor,4,0,"",""
ball,1,2.5,Melbourne Renegades,MS Harris,MW Short,JK Lalor,0,0,"",""
ball,1,2.6,Melbourne Renegades,MS Harris,MW Short,JK Lalor,0,1,"",""
ball,1,3.1,Melbourne Renegades,MS Harris,MW Short,Yasir Shah,1,0,"",""
ball,1,3.2,Melbourne Renegades,MW Short,MS Harris,Yasir Shah,0,0,"",""
ball,1,3.3,Melbourne Renegades,MW Short,MS Harris,Yasir Shah,4,0,"",""
ball,1,3.4,Melbourne Renegades,MW Short,MS Harris,Yasir Shah,2,0,"",""
ball,1,3.5,Melbourne Renegades,MW Short,MS Harris,Yasir Shah,0,0,"",""
ball,1,3.6,Melbourne Renegades,MW Short,MS Harris,Yasir Shah,2,0,"",""
ball,1,4.1,Melbourne Renegades,MS Harris,MW Short,MT Steketee,0,0,"",""
ball,1,4.2,Melbourne Renegades,MS Harris,MW Short,MT Steketee,6,0,"",""
ball,1,4.3,Melbourne Renegades,MS Harris,MW Short,MT Steketee,2,0,"",""
ball,1,4.4,Melbourne Renegades,MS Harris,MW Short,MT Steketee,0,0,"",""
ball,1,4.5,Melbourne Renegades,MS Harris,MW Short,MT Steketee,4,0,"",""
ball,1,4.6,Melbourne Renegades,MS Harris,MW Short,MT Steketee,0,0,"",""
ball,1,5.1,Melbourne Renegades,MW Short,MS Harris,Yasir Shah,0,0,"",""
ball,1,5.2,Melbourne Renegades,MW Short,MS Harris,Yasir Shah,4,0,"",""
ball,1,5.3,Melbourne Renegades,MW Short,MS Harris,Yasir Shah,0,0,"",""
ball,1,5.4,Melbourne Renegades,MW Short,MS Harris,Yasir Shah,0,0,"",""
ball,1,5.5,Melbourne Renegades,MW Short,MS Harris,Yasir Shah,0,0,"",""
ball,1,5.6,Melbourne Renegades,MW Short,MS Harris,Yasir Shah,0,0,"",""
ball,1,6.1,Melbourne Renegades,MS Harris,MW Short,BCJ Cutting,4,0,"",""
ball,1,6.2,Melbourne Renegades,MS Harris,MW Short,BCJ Cutting,1,0,"",""
ball,1,6.3,Melbourne Renegades,MW Short,MS Harris,BCJ Cutting,1,0,"",""
ball,1,6.4,Melbourne Renegades,MS Harris,MW Short,BCJ Cutting,1,0,"",""
ball,1,6.5,Melbourne Renegades,MW Short,MS Harris,BCJ Cutting,1,0,"",""
ball,1,6.6,Melbourne Renegades,MS Harris,MW Short,BCJ Cutting,4,0,"",""
ball,1,7.1,Melbourne Renegades,MW Short,MS Harris,MJ Swepson,0,1,"",""
ball,1,7.2,Melbourne Renegades,MS Harris,MW Short,MJ Swepson,0,0,"",""
ball,1,7.3,Melbourne Renegades,MS Harris,MW Short,MJ Swepson,1,0,"",""
ball,1,7.4,Melbourne Renegades,MW Short,MS Harris,MJ Swepson,1,0,"",""
ball,1,7.5,Melbourne Renegades,MS Harris,MW Short,MJ Swepson,1,0,"",""
ball,1,7.6,Melbourne Renegades,MW Short,MS Harris,MJ Swepson,4,0,"",""
ball,1,8.1,Melbourne Renegades,MS Harris,MW Short,Yasir Shah,0,0,"",""
ball,1,8.2,Melbourne Renegades,MS Harris,MW Short,Yasir Shah,0,1,"",""
ball,1,8.3,Melbourne Renegades,MW Short,MS Harris,Yasir Shah,1,0,"",""
ball,1,8.4,Melbourne Renegades,MS Harris,MW Short,Yasir Shah,4,0,"",""
ball,1,8.5,Melbourne Renegades,MS Harris,MW Short,Yasir Shah,1,0,"",""
ball,1,8.6,Melbourne Renegades,MW Short,MS Harris,Yasir Shah,1,0,"",""
ball,1,9.1,Melbourne Renegades,MW Short,MS Harris,MJ Swepson,1,0,"",""
ball,1,9.2,Melbourne Renegades,MS Harris,MW Short,MJ Swepson,0,0,"",""
ball,1,9.3,Melbourne Renegades,MS Harris,MW Short,MJ Swepson,0,0,"",""
ball,1,9.4,Melbourne Renegades,MS Harris,MW Short,MJ Swepson,0,0,caught,MS Harris
ball,1,9.5,Melbourne Renegades,TLW Cooper,MW Short,MJ Swepson,0,0,"",""
ball,1,9.6,Melbourne Renegades,TLW Cooper,MW Short,MJ Swepson,0,0,"",""
ball,1,10.1,Melbourne Renegades,MW Short,TLW Cooper,Yasir Shah,1,0,"",""
ball,1,10.2,Melbourne Renegades,TLW Cooper,MW Short,Yasir Shah,2,0,"",""
ball,1,10.3,Melbourne Renegades,TLW Cooper,MW Short,Yasir Shah,0,0,"",""
ball,1,10.4,Melbourne Renegades,TLW Cooper,MW Short,Yasir Shah,0,0,"",""
ball,1,10.5,Melbourne Renegades,TLW Cooper,MW Short,Yasir Shah,2,0,"",""
ball,1,10.6,Melbourne Renegades,TLW Cooper,MW Short,Yasir Shah,0,0,"",""
ball,1,11.1,Melbourne Renegades,MW Short,TLW Cooper,MJ Swepson,6,0,"",""
ball,1,11.2,Melbourne Renegades,MW Short,TLW Cooper,MJ Swepson,1,0,"",""
ball,1,11.3,Melbourne Renegades,TLW Cooper,MW Short,MJ Swepson,0,0,"",""
ball,1,11.4,Melbourne Renegades,TLW Cooper,MW Short,MJ Swepson,0,0,"",""
ball,1,11.5,Melbourne Renegades,TLW Cooper,MW Short,MJ Swepson,0,0,"",""
ball,1,11.6,Melbourne Renegades,TLW Cooper,MW Short,MJ Swepson,6,0,"",""
ball,1,12.1,Melbourne Renegades,MW Short,TLW Cooper,BCJ Cutting,1,0,"",""
ball,1,12.2,Melbourne Renegades,TLW Cooper,MW Short,BCJ Cutting,4,0,"",""
ball,1,12.3,Melbourne Renegades,TLW Cooper,MW Short,BCJ Cutting,1,0,"",""
ball,1,12.4,Melbourne Renegades,MW Short,TLW Cooper,BCJ Cutting,4,0,"",""
ball,1,12.5,Melbourne Renegades,MW Short,TLW Cooper,BCJ Cutting,1,0,"",""
ball,1,12.6,Melbourne Renegades,TLW Cooper,MW Short,BCJ Cutting,4,0,"",""
ball,1,13.1,Melbourne Renegades,MW Short,TLW Cooper,JK Lalor,0,1,"",""
ball,1,13.2,Melbourne Renegades,MW Short,TLW Cooper,JK Lalor,1,0,"",""
ball,1,13.3,Melbourne Renegades,TLW Cooper,MW Short,JK Lalor,4,0,"",""
ball,1,13.4,Melbourne Renegades,TLW Cooper,MW Short,JK Lalor,0,0,"",""
ball,1,13.5,Melbourne Renegades,TLW Cooper,MW Short,JK Lalor,0,0,"",""
ball,1,13.6,Melbourne Renegades,TLW Cooper,MW Short,JK Lalor,4,0,"",""
ball,1,13.7,Melbourne Renegades,TLW Cooper,MW Short,JK Lalor,0,0,"",""
ball,1,14.1,Melbourne Renegades,MW Short,TLW Cooper,BCJ Cutting,1,0,"",""
ball,1,14.2,Melbourne Renegades,TLW Cooper,MW Short,BCJ Cutting,3,0,"",""
ball,1,14.3,Melbourne Renegades,MW Short,TLW Cooper,BCJ Cutting,1,0,"",""
ball,1,14.4,Melbourne Renegades,TLW Cooper,MW Short,BCJ Cutting,4,0,"",""
ball,1,14.5,Melbourne Renegades,TLW Cooper,MW Short,BCJ Cutting,1,0,"",""
ball,1,14.6,Melbourne Renegades,MW Short,TLW Cooper,BCJ Cutting,1,0,"",""
ball,1,15.1,Melbourne Renegades,MW Short,TLW Cooper,MJ Swepson,1,0,"",""
ball,1,15.2,Melbourne Renegades,TLW Cooper,MW Short,MJ Swepson,2,0,"",""
ball,1,15.3,Melbourne Renegades,TLW Cooper,MW Short,MJ Swepson,1,0,"",""
ball,1,15.4,Melbourne Renegades,MW Short,TLW Cooper,MJ Swepson,1,0,"",""
ball,1,15.5,Melbourne Renegades,TLW Cooper,MW Short,MJ Swepson,1,0,"",""
ball,1,15.6,Melbourne Renegades,MW Short,TLW Cooper,MJ Swepson,0,1,"",""
ball,1,16.1,Melbourne Renegades,MW Short,TLW Cooper,MT Steketee,2,0,"",""
ball,1,16.2,Melbourne Renegades,MW Short,TLW Cooper,MT Steketee,1,0,"",""
ball,1,16.3,Melbourne Renegades,TLW Cooper,MW Short,MT Steketee,1,0,"",""
ball,1,16.4,Melbourne Renegades,MW Short,TLW Cooper,MT Steketee,4,0,"",""
ball,1,16.5,Melbourne Renegades,MW Short,TLW Cooper,MT Steketee,0,0,"",""
ball,1,16.6,Melbourne Renegades,MW Short,TLW Cooper,MT Steketee,0,1,"",""
ball,1,16.7,Melbourne Renegades,MW Short,TLW Cooper,MT Steketee,4,0,"",""
ball,1,17.1,Melbourne Renegades,TLW Cooper,MW Short,JK Lalor,4,0,"",""
ball,1,17.2,Melbourne Renegades,TLW Cooper,MW Short,JK Lalor,1,0,"",""
ball,1,17.3,Melbourne Renegades,MW Short,TLW Cooper,JK Lalor,0,1,"",""
ball,1,17.4,Melbourne Renegades,MW Short,TLW Cooper,JK Lalor,2,0,"",""
ball,1,17.5,Melbourne Renegades,MW Short,TLW Cooper,JK Lalor,0,1,"",""
ball,1,17.6,Melbourne Renegades,MW Short,TLW Cooper,JK Lalor,0,0,caught and bowled,MW Short
ball,1,17.7,Melbourne Renegades,KA Pollard,TLW Cooper,JK Lalor,1,0,"",""
ball,1,17.8,Melbourne Renegades,TLW Cooper,KA Pollard,JK Lalor,4,0,"",""
ball,1,18.1,Melbourne Renegades,KA Pollard,TLW Cooper,MT Steketee,0,0,caught,KA Pollard
ball,1,18.2,Melbourne Renegades,TLW Cooper,BJ Webster,MT Steketee,2,0,"",""
ball,1,18.3,Melbourne Renegades,TLW Cooper,BJ Webster,MT Steketee,6,0,"",""
ball,1,18.4,Melbourne Renegades,TLW Cooper,BJ Webster,MT Steketee,1,0,"",""
ball,1,18.5,Melbourne Renegades,BJ Webster,TLW Cooper,MT Steketee,3,0,"",""
ball,1,18.6,Melbourne Renegades,TLW Cooper,BJ Webster,MT Steketee,0,0,"",""
ball,1,19.1,Melbourne Renegades,BJ Webster,TLW Cooper,BCJ Cutting,2,0,"",""
ball,1,19.2,Melbourne Renegades,BJ Webster,TLW Cooper,BCJ Cutting,1,0,"",""
ball,1,19.3,Melbourne Renegades,TLW Cooper,BJ Webster,BCJ Cutting,2,0,"",""
ball,1,19.4,Melbourne Renegades,TLW Cooper,BJ Webster,BCJ Cutting,4,0,"",""
ball,1,19.5,Melbourne Renegades,TLW Cooper,BJ Webster,BCJ Cutting,1,0,"",""
ball,1,19.6,Melbourne Renegades,BJ Webster,TLW Cooper,BCJ Cutting,2,0,"",""
ball,2,0.1,Brisbane Heat,CA Lynn,SD Heazlett,TLW Cooper,0,0,"",""
ball,2,0.2,Brisbane Heat,CA Lynn,SD Heazlett,TLW Cooper,0,0,"",""
ball,2,0.3,Brisbane Heat,CA Lynn,SD Heazlett,TLW Cooper,0,0,"",""
ball,2,0.4,Brisbane Heat,CA Lynn,SD Heazlett,TLW Cooper,6,0,"",""
ball,2,0.5,Brisbane Heat,CA Lynn,SD Heazlett,TLW Cooper,0,0,"",""
ball,2,0.6,Brisbane Heat,CA Lynn,SD Heazlett,TLW Cooper,4,0,"",""
ball,2,1.1,Brisbane Heat,SD Heazlett,CA Lynn,CP Tremain,1,0,"",""
ball,2,1.2,Brisbane Heat,CA Lynn,SD Heazlett,CP Tremain,0,0,"",""
ball,2,1.3,Brisbane Heat,CA Lynn,SD Heazlett,CP Tremain,4,0,"",""
ball,2,1.4,Brisbane Heat,CA Lynn,SD Heazlett,CP Tremain,1,0,"",""
ball,2,1.5,Brisbane Heat,SD Heazlett,CA Lynn,CP Tremain,0,0,"",""
ball,2,1.6,Brisbane Heat,SD Heazlett,CA Lynn,CP Tremain,0,0,"",""
ball,2,2.1,Brisbane Heat,CA Lynn,SD Heazlett,KW Richardson,0,0,"",""
ball,2,2.2,Brisbane Heat,CA Lynn,SD Heazlett,KW Richardson,0,0,"",""
ball,2,2.3,Brisbane Heat,CA Lynn,SD Heazlett,KW Richardson,6,0,"",""
ball,2,2.4,Brisbane Heat,CA Lynn,SD Heazlett,KW Richardson,0,0,caught,CA Lynn
ball,2,2.5,Brisbane Heat,BB McCullum,SD Heazlett,KW Richardson,1,0,"",""
ball,2,2.6,Brisbane Heat,SD Heazlett,BB McCullum,KW Richardson,0,0,"",""
ball,2,3.1,Brisbane Heat,BB McCullum,SD Heazlett,JD Wildermuth,1,0,"",""
ball,2,3.2,Brisbane Heat,SD Heazlett,BB McCullum,JD Wildermuth,0,0,"",""
ball,2,3.3,Brisbane Heat,SD Heazlett,BB McCullum,JD Wildermuth,0,0,"",""
ball,2,3.4,Brisbane Heat,SD Heazlett,BB McCullum,JD Wildermuth,1,0,"",""
ball,2,3.5,Brisbane Heat,BB McCullum,SD Heazlett,JD Wildermuth,0,0,"",""
ball,2,3.6,Brisbane Heat,BB McCullum,SD Heazlett,JD Wildermuth,1,0,"",""
ball,2,4.1,Brisbane Heat,BB McCullum,SD Heazlett,CP Tremain,1,0,"",""
ball,2,4.2,Brisbane Heat,SD Heazlett,BB McCullum,CP Tremain,1,0,"",""
ball,2,4.3,Brisbane Heat,BB McCullum,SD Heazlett,CP Tremain,0,0,"",""
ball,2,4.4,Brisbane Heat,BB McCullum,SD Heazlett,CP Tremain,0,0,"",""
ball,2,4.5,Brisbane Heat,BB McCullum,SD Heazlett,CP Tremain,1,0,"",""
ball,2,4.6,Brisbane Heat,SD Heazlett,BB McCullum,CP Tremain,0,0,caught,SD Heazlett
ball,2,5.1,Brisbane Heat,BB McCullum,MT Renshaw,KW Richardson,0,0,caught,BB McCullum
ball,2,5.2,Brisbane Heat,AI Ross,MT Renshaw,KW Richardson,0,0,"",""
ball,2,5.3,Brisbane Heat,AI Ross,MT Renshaw,KW Richardson,0,0,"",""
ball,2,5.4,Brisbane Heat,AI Ross,MT Renshaw,KW Richardson,0,0,"",""
ball,2,5.5,Brisbane Heat,AI Ross,MT Renshaw,KW Richardson,4,0,"",""
ball,2,5.6,Brisbane Heat,AI Ross,MT Renshaw,KW Richardson,1,0,"",""
ball,2,6.1,Brisbane Heat,AI Ross,MT Renshaw,JM Holland,1,0,"",""
ball,2,6.2,Brisbane Heat,MT Renshaw,AI Ross,JM Holland,1,0,"",""
ball,2,6.3,Brisbane Heat,AI Ross,MT Renshaw,JM Holland,1,0,"",""
ball,2,6.4,Brisbane Heat,MT Renshaw,AI Ross,JM Holland,0,0,"",""
ball,2,6.5,Brisbane Heat,MT Renshaw,AI Ross,JM Holland,1,0,"",""
ball,2,6.6,Brisbane Heat,AI Ross,MT Renshaw,JM Holland,0,0,"",""
ball,2,7.1,Brisbane Heat,MT Renshaw,AI Ross,TLW Cooper,0,0,"",""
ball,2,7.2,Brisbane Heat,MT Renshaw,AI Ross,TLW Cooper,2,0,"",""
ball,2,7.3,Brisbane Heat,MT Renshaw,AI Ross,TLW Cooper,0,0,"",""
ball,2,7.4,Brisbane Heat,MT Renshaw,AI Ross,TLW Cooper,1,0,"",""
ball,2,7.5,Brisbane Heat,AI Ross,MT Renshaw,TLW Cooper,1,0,"",""
ball,2,7.6,Brisbane Heat,MT Renshaw,AI Ross,TLW Cooper,1,0,"",""
ball,2,8.1,Brisbane Heat,MT Renshaw,AI Ross,JM Holland,1,0,"",""
ball,2,8.2,Brisbane Heat,AI Ross,MT Renshaw,JM Holland,1,0,"",""
ball,2,8.3,Brisbane Heat,MT Renshaw,AI Ross,JM Holland,4,0,"",""
ball,2,8.4,Brisbane Heat,MT Renshaw,AI Ross,JM Holland,1,0,"",""
ball,2,8.5,Brisbane Heat,AI Ross,MT Renshaw,JM Holland,6,0,"",""
ball,2,8.6,Brisbane Heat,AI Ross,MT Renshaw,JM Holland,1,0,"",""
ball,2,9.1,Brisbane Heat,AI Ross,MT Renshaw,DJ Bravo,2,0,"",""
ball,2,9.2,Brisbane Heat,AI Ross,MT Renshaw,DJ Bravo,1,0,"",""
ball,2,9.3,Brisbane Heat,MT Renshaw,AI Ross,DJ Bravo,0,0,"",""
ball,2,9.4,Brisbane Heat,MT Renshaw,AI Ross,DJ Bravo,0,0,"",""
ball,2,9.5,Brisbane Heat,MT Renshaw,AI Ross,DJ Bravo,2,0,"",""
ball,2,9.6,Brisbane Heat,MT Renshaw,AI Ross,DJ Bravo,2,0,"",""
ball,2,10.1,Brisbane Heat,AI Ross,MT Renshaw,JD Wildermuth,1,0,"",""
ball,2,10.2,Brisbane Heat,MT Renshaw,AI Ross,JD Wildermuth,1,0,"",""
ball,2,10.3,Brisbane Heat,AI Ross,MT Renshaw,JD Wildermuth,1,0,"",""
ball,2,10.4,Brisbane Heat,MT Renshaw,AI Ross,JD Wildermuth,4,0,"",""
ball,2,10.5,Brisbane Heat,MT Renshaw,AI Ross,JD Wildermuth,1,0,"",""
ball,2,10.6,Brisbane Heat,AI Ross,MT Renshaw,JD Wildermuth,4,0,"",""
ball,2,11.1,Brisbane Heat,MT Renshaw,AI Ross,DJ Bravo,0,0,caught,MT Renshaw
ball,2,11.2,Brisbane Heat,AI Ross,BCJ Cutting,DJ Bravo,1,0,"",""
ball,2,11.3,Brisbane Heat,BCJ Cutting,AI Ross,DJ Bravo,1,0,"",""
ball,2,11.4,Brisbane Heat,AI Ross,BCJ Cutting,DJ Bravo,1,0,"",""
ball,2,11.5,Brisbane Heat,BCJ Cutting,AI Ross,DJ Bravo,1,0,"",""
ball,2,11.6,Brisbane Heat,AI Ross,BCJ Cutting,DJ Bravo,2,0,"",""
ball,2,12.1,Brisbane Heat,BCJ Cutting,AI Ross,CP Tremain,0,0,"",""
ball,2,12.2,Brisbane Heat,BCJ Cutting,AI Ross,CP Tremain,0,0,"",""
ball,2,12.3,Brisbane Heat,BCJ Cutting,AI Ross,CP Tremain,2,0,"",""
ball,2,12.4,Brisbane Heat,BCJ Cutting,AI Ross,CP Tremain,0,0,"",""
ball,2,12.5,Brisbane Heat,BCJ Cutting,AI Ross,CP Tremain,4,0,"",""
ball,2,12.6,Brisbane Heat,BCJ Cutting,AI Ross,CP Tremain,6,0,"",""
ball,2,13.1,Brisbane Heat,AI Ross,BCJ Cutting,KA Pollard,2,0,"",""
ball,2,13.2,Brisbane Heat,AI Ross,BCJ Cutting,KA Pollard,1,0,"",""
ball,2,13.3,Brisbane Heat,BCJ Cutting,AI Ross,KA Pollard,0,1,"",""
ball,2,13.4,Brisbane Heat,AI Ross,BCJ Cutting,KA Pollard,1,0,"",""
ball,2,13.5,Brisbane Heat,BCJ Cutting,AI Ross,KA Pollard,0,1,"",""
ball,2,13.6,Brisbane Heat,BCJ Cutting,AI Ross,KA Pollard,0,0,"",""
ball,2,13.7,Brisbane Heat,BCJ Cutting,AI Ross,KA Pollard,1,0,"",""
ball,2,14.1,Brisbane Heat,BCJ Cutting,AI Ross,KW Richardson,6,0,"",""
ball,2,14.2,Brisbane Heat,BCJ Cutting,AI Ross,KW Richardson,6,0,"",""
ball,2,14.3,Brisbane Heat,BCJ Cutting,AI Ross,KW Richardson,6,0,"",""
ball,2,14.4,Brisbane Heat,BCJ Cutting,AI Ross,KW Richardson,1,0,"",""
ball,2,14.5,Brisbane Heat,AI Ross,BCJ Cutting,KW Richardson,0,0,"",""
ball,2,14.6,Brisbane Heat,AI Ross,BCJ Cutting,KW Richardson,2,0,"",""
ball,2,15.1,Brisbane Heat,BCJ Cutting,AI Ross,DJ Bravo,1,0,"",""
ball,2,15.2,Brisbane Heat,AI Ross,BCJ Cutting,DJ Bravo,1,0,"",""
ball,2,15.3,Brisbane Heat,BCJ Cutting,AI Ross,DJ Bravo,0,0,"",""
ball,2,15.4,Brisbane Heat,BCJ Cutting,AI Ross,DJ Bravo,0,0,caught,BCJ Cutting
ball,2,15.5,Brisbane Heat,JJ Peirson,AI Ross,DJ Bravo,2,0,"",""
ball,2,15.6,Brisbane Heat,JJ Peirson,AI Ross,DJ Bravo,0,0,"",""
ball,2,16.1,Brisbane Heat,AI Ross,JJ Peirson,CP Tremain,0,0,caught,AI Ross
ball,2,16.2,Brisbane Heat,MT Steketee,JJ Peirson,CP Tremain,0,0,"",""
ball,2,16.3,Brisbane Heat,MT Steketee,JJ Peirson,CP Tremain,0,0,"",""
ball,2,16.4,Brisbane Heat,MT Steketee,JJ Peirson,CP Tremain,6,0,"",""
ball,2,16.5,Brisbane Heat,MT Steketee,JJ Peirson,CP Tremain,2,0,"",""
ball,2,16.6,Brisbane Heat,MT Steketee,JJ Peirson,CP Tremain,0,0,caught,MT Steketee
ball,2,17.1,Brisbane Heat,JK Lalor,JJ Peirson,KA Pollard,1,0,"",""
ball,2,17.2,Brisbane Heat,JJ Peirson,JK Lalor,KA Pollard,6,0,"",""
ball,2,17.3,Brisbane Heat,JJ Peirson,JK Lalor,KA Pollard,2,0,"",""
ball,2,17.4,Brisbane Heat,JJ Peirson,JK Lalor,KA Pollard,0,0,"",""
ball,2,17.5,Brisbane Heat,JJ Peirson,JK Lalor,KA Pollard,4,0,"",""
ball,2,17.6,Brisbane Heat,JJ Peirson,JK Lalor,KA Pollard,4,0,"",""
ball,2,18.1,Brisbane Heat,JK Lalor,JJ Peirson,KW Richardson,0,0,caught,JK Lalor
ball,2,18.2,Brisbane Heat,JJ Peirson,Yasir Shah,KW Richardson,1,0,"",""
ball,2,18.3,Brisbane Heat,Yasir Shah,JJ Peirson,KW Richardson,0,0,caught,Yasir Shah
ball,2,18.4,Brisbane Heat,JJ Peirson,MJ Swepson,KW Richardson,0,0,"",""
ball,2,18.5,Brisbane Heat,JJ Peirson,MJ Swepson,KW Richardson,1,0,"",""
ball,2,18.6,Brisbane Heat,MJ Swepson,JJ Peirson,KW Richardson,0,0,"",""
ball,2,19.1,Brisbane Heat,JJ Peirson,MJ Swepson,DJ Bravo,2,0,"",""
ball,2,19.2,Brisbane Heat,JJ Peirson,MJ Swepson,DJ Bravo,2,0,"",""
ball,2,19.3,Brisbane Heat,JJ Peirson,MJ Swepson,DJ Bravo,0,1,"",""
ball,2,19.4,Brisbane Heat,JJ Peirson,MJ Swepson,DJ Bravo,1,0,"",""
ball,2,19.5,Brisbane Heat,MJ Swepson,JJ Peirson,DJ Bravo,2,0,"",""
ball,2,19.6,Brisbane Heat,MJ Swepson,JJ Peirson,DJ Bravo,0,0,bowled,MJ Swepson
