version,1.3.0
info,team,Perth Scorchers
info,team,Melbourne Renegades
info,gender,male
info,season,2017/18
info,date,2018/01/08
info,competition,Big Bash League
info,match_number,22
info,venue,W.A.C.A. Ground
info,city,Perth
info,toss_winner,Perth Scorchers
info,toss_decision,field
info,player_of_match,AJ Turner
info,umpire,SJ Nogajski
info,umpire,MW Graham-Smith
info,reserve_umpire,T Steenholdt
info,tv_umpire,GC Joshua
info,match_referee,PL Marshall
info,winner,Perth Scorchers
info,winner_wickets,5
ball,1,0.1,Melbourne Renegades,MS Harris,AJ Finch,MG Johnson,0,0,"",""
ball,1,0.2,Melbourne Renegades,MS Harris,AJ Finch,MG Johnson,0,0,"",""
ball,1,0.3,Melbourne Renegades,MS Harris,AJ Finch,MG Johnson,0,0,"",""
ball,1,0.4,Melbourne Renegades,MS Harris,AJ Finch,MG Johnson,4,0,"",""
ball,1,0.5,Melbourne Renegades,MS Harris,AJ Finch,MG Johnson,1,0,"",""
ball,1,0.6,Melbourne Renegades,AJ Finch,MS Harris,MG Johnson,1,0,"",""
ball,1,1.1,Melbourne Renegades,AJ Finch,MS Harris,DJ Willey,1,0,"",""
ball,1,1.2,Melbourne Renegades,MS Harris,AJ Finch,DJ Willey,4,0,"",""
ball,1,1.3,Melbourne Renegades,MS Harris,AJ Finch,DJ Willey,4,0,"",""
ball,1,1.4,Melbourne Renegades,MS Harris,AJ Finch,DJ Willey,0,0,"",""
ball,1,1.5,Melbourne Renegades,MS Harris,AJ Finch,DJ Willey,0,0,"",""
ball,1,1.6,Melbourne Renegades,MS Harris,AJ Finch,DJ Willey,4,0,"",""
ball,1,2.1,Melbourne Renegades,AJ Finch,MS Harris,MG Johnson,0,0,caught,AJ Finch
ball,1,2.2,Melbourne Renegades,CL White,MS Harris,MG Johnson,0,0,"",""
ball,1,2.3,Melbourne Renegades,CL White,MS Harris,MG Johnson,0,0,"",""
ball,1,2.4,Melbourne Renegades,CL White,MS Harris,MG Johnson,1,0,"",""
ball,1,2.5,Melbourne Renegades,MS Harris,CL White,MG Johnson,2,0,"",""
ball,1,2.6,Melbourne Renegades,MS Harris,CL White,MG Johnson,1,0,"",""
ball,1,3.1,Melbourne Renegades,MS Harris,CL White,JA Richardson,1,0,"",""
ball,1,3.2,Melbourne Renegades,CL White,MS Harris,JA Richardson,0,0,"",""
ball,1,3.3,Melbourne Renegades,CL White,MS Harris,JA Richardson,0,0,"",""
ball,1,3.4,Melbourne Renegades,CL White,MS Harris,JA Richardson,0,0,"",""
ball,1,3.5,Melbourne Renegades,CL White,MS Harris,JA Richardson,0,0,"",""
ball,1,3.6,Melbourne Renegades,CL White,MS Harris,JA Richardson,0,0,"",""
ball,1,4.1,Melbourne Renegades,MS Harris,CL White,MG Johnson,0,1,"",""
ball,1,4.2,Melbourne Renegades,MS Harris,CL White,MG Johnson,0,0,"",""
ball,1,4.3,Melbourne Renegades,MS Harris,CL White,MG Johnson,1,0,"",""
ball,1,4.4,Melbourne Renegades,CL White,MS Harris,MG Johnson,0,0,"",""
ball,1,4.5,Melbourne Renegades,CL White,MS Harris,MG Johnson,3,0,"",""
ball,1,4.6,Melbourne Renegades,MS Harris,CL White,MG Johnson,0,0,"",""
ball,1,4.7,Melbourne Renegades,MS Harris,CL White,MG Johnson,0,0,"",""
ball,1,5.1,Melbourne Renegades,CL White,MS Harris,JA Richardson,6,0,"",""
ball,1,5.2,Melbourne Renegades,CL White,MS Harris,JA Richardson,1,0,"",""
ball,1,5.3,Melbourne Renegades,MS Harris,CL White,JA Richardson,6,0,"",""
ball,1,5.4,Melbourne Renegades,MS Harris,CL White,JA Richardson,4,0,"",""
ball,1,5.5,Melbourne Renegades,MS Harris,CL White,JA Richardson,4,0,"",""
ball,1,5.6,Melbourne Renegades,MS Harris,CL White,JA Richardson,1,0,"",""
ball,1,6.1,Melbourne Renegades,MS Harris,CL White,AC Agar,1,0,"",""
ball,1,6.2,Melbourne Renegades,CL White,MS Harris,AC Agar,0,0,"",""
ball,1,6.3,Melbourne Renegades,CL White,MS Harris,AC Agar,0,0,"",""
ball,1,6.4,Melbourne Renegades,CL White,MS Harris,AC Agar,2,0,"",""
ball,1,6.5,Melbourne Renegades,CL White,MS Harris,AC Agar,0,0,"",""
ball,1,6.6,Melbourne Renegades,CL White,MS Harris,AC Agar,1,0,"",""
ball,1,7.1,Melbourne Renegades,CL White,MS Harris,AJ Tye,1,0,"",""
ball,1,7.2,Melbourne Renegades,MS Harris,CL White,AJ Tye,1,0,"",""
ball,1,7.3,Melbourne Renegades,CL White,MS Harris,AJ Tye,0,0,"",""
ball,1,7.4,Melbourne Renegades,CL White,MS Harris,AJ Tye,2,0,"",""
ball,1,7.5,Melbourne Renegades,CL White,MS Harris,AJ Tye,0,0,"",""
ball,1,7.6,Melbourne Renegades,CL White,MS Harris,AJ Tye,0,0,"",""
ball,1,8.1,Melbourne Renegades,MS Harris,CL White,AC Agar,1,0,"",""
ball,1,8.2,Melbourne Renegades,CL White,MS Harris,AC Agar,4,0,"",""
ball,1,8.3,Melbourne Renegades,CL White,MS Harris,AC Agar,1,0,"",""
ball,1,8.4,Melbourne Renegades,MS Harris,CL White,AC Agar,1,0,"",""
ball,1,8.5,Melbourne Renegades,CL White,MS Harris,AC Agar,6,0,"",""
ball,1,8.6,Melbourne Renegades,CL White,MS Harris,AC Agar,4,0,"",""
ball,1,9.1,Melbourne Renegades,MS Harris,CL White,AJ Tye,6,0,"",""
ball,1,9.2,Melbourne Renegades,MS Harris,CL White,AJ Tye,1,0,"",""
ball,1,9.3,Melbourne Renegades,CL White,MS Harris,AJ Tye,1,0,"",""
ball,1,9.4,Melbourne Renegades,MS Harris,CL White,AJ Tye,0,0,caught,MS Harris
ball,1,9.5,Melbourne Renegades,TLW Cooper,CL White,AJ Tye,0,0,"",""
ball,1,9.6,Melbourne Renegades,TLW Cooper,CL White,AJ Tye,0,0,"",""
ball,1,10.1,Melbourne Renegades,CL White,TLW Cooper,DJ Willey,1,0,"",""
ball,1,10.2,Melbourne Renegades,TLW Cooper,CL White,DJ Willey,1,0,"",""
ball,1,10.3,Melbourne Renegades,CL White,TLW Cooper,DJ Willey,1,0,"",""
ball,1,10.4,Melbourne Renegades,TLW Cooper,CL White,DJ Willey,0,0,"",""
ball,1,10.5,Melbourne Renegades,TLW Cooper,CL White,DJ Willey,1,0,"",""
ball,1,10.6,Melbourne Renegades,CL White,TLW Cooper,DJ Willey,1,0,"",""
ball,1,11.1,Melbourne Renegades,CL White,TLW Cooper,HWR Cartwright,0,0,"",""
ball,1,11.2,Melbourne Renegades,CL White,TLW Cooper,HWR Cartwright,1,0,"",""
ball,1,11.3,Melbourne Renegades,TLW Cooper,CL White,HWR Cartwright,1,0,"",""
ball,1,11.4,Melbourne Renegades,CL White,TLW Cooper,HWR Cartwright,1,0,"",""
ball,1,11.5,Melbourne Renegades,TLW Cooper,CL White,HWR Cartwright,4,0,"",""
ball,1,11.6,Melbourne Renegades,TLW Cooper,CL White,HWR Cartwright,1,0,"",""
ball,1,12.1,Melbourne Renegades,TLW Cooper,CL White,DJ Willey,2,0,"",""
ball,1,12.2,Melbourne Renegades,TLW Cooper,CL White,DJ Willey,0,0,"",""
ball,1,12.3,Melbourne Renegades,TLW Cooper,CL White,DJ Willey,1,0,"",""
ball,1,12.4,Melbourne Renegades,CL White,TLW Cooper,DJ Willey,1,0,"",""
ball,1,12.5,Melbourne Renegades,TLW Cooper,CL White,DJ Willey,0,0,"",""
ball,1,12.6,Melbourne Renegades,TLW Cooper,CL White,DJ Willey,0,0,"",""
ball,1,13.1,Melbourne Renegades,CL White,TLW Cooper,AC Agar,1,0,"",""
ball,1,13.2,Melbourne Renegades,TLW Cooper,CL White,AC Agar,1,0,"",""
ball,1,13.3,Melbourne Renegades,CL White,TLW Cooper,AC Agar,1,0,"",""
ball,1,13.4,Melbourne Renegades,TLW Cooper,CL White,AC Agar,1,0,"",""
ball,1,13.5,Melbourne Renegades,CL White,TLW Cooper,AC Agar,1,0,"",""
ball,1,13.6,Melbourne Renegades,TLW Cooper,CL White,AC Agar,0,0,"",""
ball,1,14.1,Melbourne Renegades,CL White,TLW Cooper,MG Johnson,1,0,"",""
ball,1,14.2,Melbourne Renegades,TLW Cooper,CL White,MG Johnson,0,1,"",""
ball,1,14.3,Melbourne Renegades,TLW Cooper,CL White,MG Johnson,0,0,"",""
ball,1,14.4,Melbourne Renegades,TLW Cooper,CL White,MG Johnson,0,1,"",""
ball,1,14.5,Melbourne Renegades,TLW Cooper,CL White,MG Johnson,0,2,"",""
ball,1,14.6,Melbourne Renegades,CL White,TLW Cooper,MG Johnson,1,0,"",""
ball,1,14.7,Melbourne Renegades,TLW Cooper,CL White,MG Johnson,1,0,"",""
ball,1,14.8,Melbourne Renegades,CL White,TLW Cooper,MG Johnson,1,0,"",""
ball,1,14.9,Melbourne Renegades,TLW Cooper,CL White,MG Johnson,0,0,"",""
ball,1,15.1,Melbourne Renegades,CL White,TLW Cooper,AJ Tye,0,0,"",""
ball,1,15.2,Melbourne Renegades,CL White,TLW Cooper,AJ Tye,0,1,"",""
ball,1,15.3,Melbourne Renegades,TLW Cooper,CL White,AJ Tye,0,0,"",""
ball,1,15.4,Melbourne Renegades,TLW Cooper,CL White,AJ Tye,1,0,"",""
ball,1,15.5,Melbourne Renegades,CL White,TLW Cooper,AJ Tye,0,1,"",""
ball,1,15.6,Melbourne Renegades,CL White,TLW Cooper,AJ Tye,4,0,"",""
ball,1,15.7,Melbourne Renegades,CL White,TLW Cooper,AJ Tye,1,0,"",""
ball,1,16.1,Melbourne Renegades,CL White,TLW Cooper,JA Richardson,6,0,"",""
ball,1,16.2,Melbourne Renegades,CL White,TLW Cooper,JA Richardson,1,0,"",""
ball,1,16.3,Melbourne Renegades,TLW Cooper,CL White,JA Richardson,1,0,"",""
ball,1,16.4,Melbourne Renegades,CL White,TLW Cooper,JA Richardson,1,0,"",""
ball,1,16.5,Melbourne Renegades,TLW Cooper,CL White,JA Richardson,4,0,"",""
ball,1,16.6,Melbourne Renegades,TLW Cooper,CL White,JA Richardson,0,0,"",""
ball,1,17.1,Melbourne Renegades,CL White,TLW Cooper,DJ Willey,0,0,"",""
ball,1,17.2,Melbourne Renegades,CL White,TLW Cooper,DJ Willey,1,0,"",""
ball,1,17.3,Melbourne Renegades,TLW Cooper,CL White,DJ Willey,6,0,"",""
ball,1,17.4,Melbourne Renegades,TLW Cooper,CL White,DJ Willey,4,0,"",""
ball,1,17.5,Melbourne Renegades,TLW Cooper,CL White,DJ Willey,0,1,"",""
ball,1,17.6,Melbourne Renegades,CL White,TLW Cooper,DJ Willey,1,0,"",""
ball,1,18.1,Melbourne Renegades,CL White,TLW Cooper,JA Richardson,1,0,"",""
ball,1,18.2,Melbourne Renegades,TLW Cooper,CL White,JA Richardson,6,0,"",""
ball,1,18.3,Melbourne Renegades,TLW Cooper,CL White,JA Richardson,6,0,"",""
ball,1,18.4,Melbourne Renegades,TLW Cooper,CL White,JA Richardson,1,0,"",""
ball,1,18.5,Melbourne Renegades,CL White,TLW Cooper,JA Richardson,4,0,"",""
ball,1,18.6,Melbourne Renegades,CL White,TLW Cooper,JA Richardson,1,0,"",""
ball,1,19.1,Melbourne Renegades,CL White,TLW Cooper,AJ Tye,1,0,"",""
ball,1,19.2,Melbourne Renegades,TLW Cooper,CL White,AJ Tye,6,0,"",""
ball,1,19.3,Melbourne Renegades,TLW Cooper,CL White,AJ Tye,4,0,"",""
ball,1,19.4,Melbourne Renegades,TLW Cooper,CL White,AJ Tye,4,0,"",""
ball,1,19.5,Melbourne Renegades,TLW Cooper,CL White,AJ Tye,0,0,caught,TLW Cooper
ball,1,19.6,Melbourne Renegades,CL White,DJ Bravo,AJ Tye,1,1,"",""
ball,1,19.7,Melbourne Renegades,DJ Bravo,CL White,AJ Tye,0,1,"",""
ball,2,0.1,Perth Scorchers,DJ Willey,M Klinger,Mohammad Nabi,0,2,"",""
ball,2,0.2,Perth Scorchers,M Klinger,DJ Willey,Mohammad Nabi,0,0,caught,M Klinger
ball,2,0.3,Perth Scorchers,HWR Cartwright,DJ Willey,Mohammad Nabi,0,0,"",""
ball,2,0.4,Perth Scorchers,HWR Cartwright,DJ Willey,Mohammad Nabi,1,0,"",""
ball,2,0.5,Perth Scorchers,DJ Willey,HWR Cartwright,Mohammad Nabi,0,0,"",""
ball,2,0.6,Perth Scorchers,DJ Willey,HWR Cartwright,Mohammad Nabi,0,0,"",""
ball,2,0.7,Perth Scorchers,DJ Willey,HWR Cartwright,Mohammad Nabi,1,0,"",""
ball,2,1.1,Perth Scorchers,DJ Willey,HWR Cartwright,KW Richardson,0,0,"",""
ball,2,1.2,Perth Scorchers,DJ Willey,HWR Cartwright,KW Richardson,0,0,"",""
ball,2,1.3,Perth Scorchers,DJ Willey,HWR Cartwright,KW Richardson,1,0,"",""
ball,2,1.4,Perth Scorchers,HWR Cartwright,DJ Willey,KW Richardson,0,0,"",""
ball,2,1.5,Perth Scorchers,HWR Cartwright,DJ Willey,KW Richardson,0,0,"",""
ball,2,1.6,Perth Scorchers,HWR Cartwright,DJ Willey,KW Richardson,4,0,"",""
ball,2,2.1,Perth Scorchers,DJ Willey,HWR Cartwright,JD Wildermuth,0,0,"",""
ball,2,2.2,Perth Scorchers,DJ Willey,HWR Cartwright,JD Wildermuth,0,0,"",""
ball,2,2.3,Perth Scorchers,DJ Willey,HWR Cartwright,JD Wildermuth,1,0,"",""
ball,2,2.4,Perth Scorchers,HWR Cartwright,DJ Willey,JD Wildermuth,0,0,"",""
ball,2,2.5,Perth Scorchers,HWR Cartwright,DJ Willey,JD Wildermuth,0,0,"",""
ball,2,2.6,Perth Scorchers,HWR Cartwright,DJ Willey,JD Wildermuth,2,0,"",""
ball,2,3.1,Perth Scorchers,DJ Willey,HWR Cartwright,DJ Bravo,1,0,"",""
ball,2,3.2,Perth Scorchers,HWR Cartwright,DJ Willey,DJ Bravo,0,0,"",""
ball,2,3.3,Perth Scorchers,HWR Cartwright,DJ Willey,DJ Bravo,2,0,"",""
ball,2,3.4,Perth Scorchers,HWR Cartwright,DJ Willey,DJ Bravo,1,0,"",""
ball,2,3.5,Perth Scorchers,DJ Willey,HWR Cartwright,DJ Bravo,4,0,"",""
ball,2,3.6,Perth Scorchers,DJ Willey,HWR Cartwright,DJ Bravo,4,0,"",""
ball,2,4.1,Perth Scorchers,HWR Cartwright,DJ Willey,KW Richardson,0,0,"",""
ball,2,4.2,Perth Scorchers,HWR Cartwright,DJ Willey,KW Richardson,1,0,"",""
ball,2,4.3,Perth Scorchers,DJ Willey,HWR Cartwright,KW Richardson,1,0,"",""
ball,2,4.4,Perth Scorchers,HWR Cartwright,DJ Willey,KW Richardson,0,0,"",""
ball,2,4.5,Perth Scorchers,HWR Cartwright,DJ Willey,KW Richardson,4,0,"",""
ball,2,4.6,Perth Scorchers,HWR Cartwright,DJ Willey,KW Richardson,4,0,"",""
ball,2,5.1,Perth Scorchers,DJ Willey,HWR Cartwright,JD Wildermuth,3,0,"",""
ball,2,5.2,Perth Scorchers,HWR Cartwright,DJ Willey,JD Wildermuth,0,0,"",""
ball,2,5.3,Perth Scorchers,HWR Cartwright,DJ Willey,JD Wildermuth,0,0,"",""
ball,2,5.4,Perth Scorchers,HWR Cartwright,DJ Willey,JD Wildermuth,1,0,"",""
ball,2,5.5,Perth Scorchers,DJ Willey,HWR Cartwright,JD Wildermuth,1,0,"",""
ball,2,5.6,Perth Scorchers,HWR Cartwright,DJ Willey,JD Wildermuth,1,0,"",""
ball,2,6.1,Perth Scorchers,HWR Cartwright,DJ Willey,GB Hogg,0,0,"",""
ball,2,6.2,Perth Scorchers,HWR Cartwright,DJ Willey,GB Hogg,1,0,"",""
ball,2,6.3,Perth Scorchers,DJ Willey,HWR Cartwright,GB Hogg,0,4,"",""
ball,2,6.4,Perth Scorchers,DJ Willey,HWR Cartwright,GB Hogg,1,0,"",""
ball,2,6.5,Perth Scorchers,HWR Cartwright,DJ Willey,GB Hogg,0,0,stumped,HWR Cartwright
ball,2,6.6,Perth Scorchers,AJ Turner,DJ Willey,GB Hogg,0,0,"",""
ball,2,7.1,Perth Scorchers,DJ Willey,AJ Turner,Mohammad Nabi,0,0,"",""
ball,2,7.2,Perth Scorchers,DJ Willey,AJ Turner,Mohammad Nabi,6,0,"",""
ball,2,7.3,Perth Scorchers,DJ Willey,AJ Turner,Mohammad Nabi,0,0,"",""
ball,2,7.4,Perth Scorchers,DJ Willey,AJ Turner,Mohammad Nabi,1,0,"",""
ball,2,7.5,Perth Scorchers,AJ Turner,DJ Willey,Mohammad Nabi,6,0,"",""
ball,2,7.6,Perth Scorchers,AJ Turner,DJ Willey,Mohammad Nabi,2,0,"",""
ball,2,8.1,Perth Scorchers,DJ Willey,AJ Turner,GB Hogg,0,1,"",""
ball,2,8.2,Perth Scorchers,AJ Turner,DJ Willey,GB Hogg,2,0,"",""
ball,2,8.3,Perth Scorchers,AJ Turner,DJ Willey,GB Hogg,2,0,"",""
ball,2,8.4,Perth Scorchers,AJ Turner,DJ Willey,GB Hogg,1,0,"",""
ball,2,8.5,Perth Scorchers,DJ Willey,AJ Turner,GB Hogg,0,0,"",""
ball,2,8.6,Perth Scorchers,DJ Willey,AJ Turner,GB Hogg,1,0,"",""
ball,2,9.1,Perth Scorchers,DJ Willey,AJ Turner,DJ Bravo,1,0,"",""
ball,2,9.2,Perth Scorchers,AJ Turner,DJ Willey,DJ Bravo,1,0,"",""
ball,2,9.3,Perth Scorchers,DJ Willey,AJ Turner,DJ Bravo,4,0,"",""
ball,2,9.4,Perth Scorchers,DJ Willey,AJ Turner,DJ Bravo,1,0,"",""
ball,2,9.5,Perth Scorchers,AJ Turner,DJ Willey,DJ Bravo,1,0,"",""
ball,2,9.6,Perth Scorchers,DJ Willey,AJ Turner,DJ Bravo,1,0,"",""
ball,2,10.1,Perth Scorchers,DJ Willey,AJ Turner,JD Wildermuth,1,0,"",""
ball,2,10.2,Perth Scorchers,AJ Turner,DJ Willey,JD Wildermuth,1,0,"",""
ball,2,10.3,Perth Scorchers,DJ Willey,AJ Turner,JD Wildermuth,1,0,"",""
ball,2,10.4,Perth Scorchers,AJ Turner,DJ Willey,JD Wildermuth,2,0,"",""
ball,2,10.5,Perth Scorchers,AJ Turner,DJ Willey,JD Wildermuth,0,0,"",""
ball,2,10.6,Perth Scorchers,AJ Turner,DJ Willey,JD Wildermuth,6,0,"",""
ball,2,11.1,Perth Scorchers,DJ Willey,AJ Turner,Mohammad Nabi,1,0,"",""
ball,2,11.2,Perth Scorchers,AJ Turner,DJ Willey,Mohammad Nabi,1,0,"",""
ball,2,11.3,Perth Scorchers,DJ Willey,AJ Turner,Mohammad Nabi,1,0,"",""
ball,2,11.4,Perth Scorchers,AJ Turner,DJ Willey,Mohammad Nabi,1,0,"",""
ball,2,11.5,Perth Scorchers,DJ Willey,AJ Turner,Mohammad Nabi,0,0,"",""
ball,2,11.6,Perth Scorchers,DJ Willey,AJ Turner,Mohammad Nabi,4,0,"",""
ball,2,12.1,Perth Scorchers,AJ Turner,DJ Willey,JD Wildermuth,4,0,"",""
ball,2,12.2,Perth Scorchers,AJ Turner,DJ Willey,JD Wildermuth,6,0,"",""
ball,2,12.3,Perth Scorchers,AJ Turner,DJ Willey,JD Wildermuth,2,0,"",""
ball,2,12.4,Perth Scorchers,AJ Turner,DJ Willey,JD Wildermuth,4,0,"",""
ball,2,12.5,Perth Scorchers,AJ Turner,DJ Willey,JD Wildermuth,1,0,"",""
ball,2,12.6,Perth Scorchers,DJ Willey,AJ Turner,JD Wildermuth,1,0,"",""
ball,2,13.1,Perth Scorchers,DJ Willey,AJ Turner,GB Hogg,0,0,"",""
ball,2,13.2,Perth Scorchers,DJ Willey,AJ Turner,GB Hogg,4,0,"",""
ball,2,13.3,Perth Scorchers,DJ Willey,AJ Turner,GB Hogg,6,0,"",""
ball,2,13.4,Perth Scorchers,DJ Willey,AJ Turner,GB Hogg,1,0,"",""
ball,2,13.5,Perth Scorchers,AJ Turner,DJ Willey,GB Hogg,1,0,"",""
ball,2,13.6,Perth Scorchers,DJ Willey,AJ Turner,GB Hogg,2,0,"",""
ball,2,14.1,Perth Scorchers,AJ Turner,DJ Willey,KW Richardson,4,0,"",""
ball,2,14.2,Perth Scorchers,AJ Turner,DJ Willey,KW Richardson,1,0,"",""
ball,2,14.3,Perth Scorchers,DJ Willey,AJ Turner,KW Richardson,0,0,caught,DJ Willey
ball,2,14.4,Perth Scorchers,AJ Turner,AC Agar,KW Richardson,0,1,"",""
ball,2,14.5,Perth Scorchers,AJ Turner,AC Agar,KW Richardson,2,0,"",""
ball,2,14.6,Perth Scorchers,AJ Turner,AC Agar,KW Richardson,1,0,"",""
ball,2,14.7,Perth Scorchers,AC Agar,AJ Turner,KW Richardson,1,0,"",""
ball,2,15.1,Perth Scorchers,AC Agar,AJ Turner,DJ Bravo,1,0,"",""
ball,2,15.2,Perth Scorchers,AJ Turner,AC Agar,DJ Bravo,2,0,"",""
ball,2,15.3,Perth Scorchers,AJ Turner,AC Agar,DJ Bravo,2,0,"",""
ball,2,15.4,Perth Scorchers,AJ Turner,AC Agar,DJ Bravo,1,0,"",""
ball,2,15.5,Perth Scorchers,AC Agar,AJ Turner,DJ Bravo,6,0,"",""
ball,2,15.6,Perth Scorchers,AC Agar,AJ Turner,DJ Bravo,1,0,"",""
ball,2,16.1,Perth Scorchers,AC Agar,AJ Turner,GB Hogg,1,0,"",""
ball,2,16.2,Perth Scorchers,AJ Turner,AC Agar,GB Hogg,0,0,"",""
ball,2,16.3,Perth Scorchers,AJ Turner,AC Agar,GB Hogg,1,0,"",""
ball,2,16.4,Perth Scorchers,AC Agar,AJ Turner,GB Hogg,1,0,"",""
ball,2,16.5,Perth Scorchers,AJ Turner,AC Agar,GB Hogg,0,0,"",""
ball,2,16.6,Perth Scorchers,AJ Turner,AC Agar,GB Hogg,6,1,"",""
ball,2,16.7,Perth Scorchers,AJ Turner,AC Agar,GB Hogg,6,0,"",""
ball,2,17.1,Perth Scorchers,AC Agar,AJ Turner,DJ Bravo,0,0,"",""
ball,2,17.2,Perth Scorchers,AC Agar,AJ Turner,DJ Bravo,0,0,run out,AJ Turner
ball,2,17.3,Perth Scorchers,AC Voges,AC Agar,DJ Bravo,1,0,"",""
ball,2,17.4,Perth Scorchers,AC Agar,AC Voges,DJ Bravo,1,0,run out,AC Voges
ball,2,17.5,Perth Scorchers,AC Agar,TH David,DJ Bravo,6,0,"",""
ball,2,17.6,Perth Scorchers,AC Agar,TH David,DJ Bravo,1,0,"",""
ball,2,18.1,Perth Scorchers,AC Agar,TH David,KW Richardson,4,0,"",""
ball,2,18.2,Perth Scorchers,AC Agar,TH David,KW Richardson,1,0,"",""
ball,2,18.3,Perth Scorchers,TH David,AC Agar,KW Richardson,0,0,"",""
ball,2,18.4,Perth Scorchers,TH David,AC Agar,KW Richardson,0,0,"",""
ball,2,18.5,Perth Scorchers,TH David,AC Agar,KW Richardson,0,0,"",""
ball,2,18.6,Perth Scorchers,TH David,AC Agar,KW Richardson,2,0,"",""
ball,2,19.1,Perth Scorchers,AC Agar,TH David,Mohammad Nabi,0,0,"",""
ball,2,19.2,Perth Scorchers,AC Agar,TH David,Mohammad Nabi,0,0,"",""
ball,2,19.3,Perth Scorchers,AC Agar,TH David,Mohammad Nabi,1,0,"",""
ball,2,19.4,Perth Scorchers,TH David,AC Agar,Mohammad Nabi,1,0,"",""
ball,2,19.5,Perth Scorchers,AC Agar,TH David,Mohammad Nabi,1,0,"",""
