version,1.3.0
info,team,Melbourne Stars
info,team,Sydney Thunder
info,gender,male
info,season,2017/18
info,date,2018/01/20
info,competition,Big Bash League
info,match_number,33
info,venue,Melbourne Cricket Ground
info,city,Melbourne
info,toss_winner,Sydney Thunder
info,toss_decision,field
info,player_of_match,SR Watson
info,umpire,SA Lightbody
info,umpire,Geoff Davidson
info,reserve_umpire,D Brigham
info,tv_umpire,CA Polosak
info,match_referee,D Talalla
info,winner,Sydney Thunder
info,winner_wickets,7
ball,1,0.1,Melbourne Stars,PSP Handscomb,BR Dunk,MJ McClenaghan,0,0,"",""
ball,1,0.2,Melbourne Stars,PSP Handscomb,BR Dunk,MJ McClenaghan,1,0,"",""
ball,1,0.3,Melbourne Stars,BR Dunk,PSP Handscomb,MJ McClenaghan,4,0,"",""
ball,1,0.4,Melbourne Stars,BR Dunk,PSP Handscomb,MJ McClenaghan,0,0,"",""
ball,1,0.5,Melbourne Stars,BR Dunk,PSP Handscomb,MJ McClenaghan,4,0,"",""
ball,1,0.6,Melbourne Stars,BR Dunk,PSP Handscomb,MJ McClenaghan,1,0,"",""
ball,1,1.1,Melbourne Stars,BR Dunk,PSP Handscomb,GS Sandhu,0,1,"",""
ball,1,1.2,Melbourne Stars,BR Dunk,PSP Handscomb,GS Sandhu,0,0,"",""
ball,1,1.3,Melbourne Stars,BR Dunk,PSP Handscomb,GS Sandhu,1,0,"",""
ball,1,1.4,Melbourne Stars,PSP Handscomb,BR Dunk,GS Sandhu,1,0,"",""
ball,1,1.5,Melbourne Stars,BR Dunk,PSP Handscomb,GS Sandhu,0,0,"",""
ball,1,1.6,Melbourne Stars,BR Dunk,PSP Handscomb,GS Sandhu,1,0,"",""
ball,1,1.7,Melbourne Stars,PSP Handscomb,BR Dunk,GS Sandhu,1,0,"",""
ball,1,2.1,Melbourne Stars,PSP Handscomb,BR Dunk,CJ Green,4,0,"",""
ball,1,2.2,Melbourne Stars,PSP Handscomb,BR Dunk,CJ Green,4,0,"",""
ball,1,2.3,Melbourne Stars,PSP Handscomb,BR Dunk,CJ Green,1,0,"",""
ball,1,2.4,Melbourne Stars,BR Dunk,PSP Handscomb,CJ Green,1,0,"",""
ball,1,2.5,Melbourne Stars,PSP Handscomb,BR Dunk,CJ Green,0,0,"",""
ball,1,2.6,Melbourne Stars,PSP Handscomb,BR Dunk,CJ Green,4,0,"",""
ball,1,3.1,Melbourne Stars,BR Dunk,PSP Handscomb,SR Watson,0,0,caught,BR Dunk
ball,1,3.2,Melbourne Stars,PSP Handscomb,KP Pietersen,SR Watson,0,0,"",""
ball,1,3.3,Melbourne Stars,PSP Handscomb,KP Pietersen,SR Watson,0,0,"",""
ball,1,3.4,Melbourne Stars,PSP Handscomb,KP Pietersen,SR Watson,0,0,"",""
ball,1,3.5,Melbourne Stars,PSP Handscomb,KP Pietersen,SR Watson,4,0,"",""
ball,1,3.6,Melbourne Stars,PSP Handscomb,KP Pietersen,SR Watson,0,0,"",""
ball,1,4.1,Melbourne Stars,KP Pietersen,PSP Handscomb,GS Sandhu,0,0,"",""
ball,1,4.2,Melbourne Stars,KP Pietersen,PSP Handscomb,GS Sandhu,0,0,"",""
ball,1,4.3,Melbourne Stars,KP Pietersen,PSP Handscomb,GS Sandhu,0,0,"",""
ball,1,4.4,Melbourne Stars,KP Pietersen,PSP Handscomb,GS Sandhu,0,0,"",""
ball,1,4.5,Melbourne Stars,KP Pietersen,PSP Handscomb,GS Sandhu,0,0,"",""
ball,1,4.6,Melbourne Stars,KP Pietersen,PSP Handscomb,GS Sandhu,0,1,"",""
ball,1,4.7,Melbourne Stars,KP Pietersen,PSP Handscomb,GS Sandhu,4,0,"",""
ball,1,5.1,Melbourne Stars,PSP Handscomb,KP Pietersen,SR Watson,0,0,"",""
ball,1,5.2,Melbourne Stars,PSP Handscomb,KP Pietersen,SR Watson,4,0,"",""
ball,1,5.3,Melbourne Stars,PSP Handscomb,KP Pietersen,SR Watson,1,0,"",""
ball,1,5.4,Melbourne Stars,KP Pietersen,PSP Handscomb,SR Watson,4,0,"",""
ball,1,5.5,Melbourne Stars,KP Pietersen,PSP Handscomb,SR Watson,2,0,"",""
ball,1,5.6,Melbourne Stars,KP Pietersen,PSP Handscomb,SR Watson,1,0,"",""
ball,1,6.1,Melbourne Stars,KP Pietersen,PSP Handscomb,CJ Green,1,0,"",""
ball,1,6.2,Melbourne Stars,PSP Handscomb,KP Pietersen,CJ Green,1,0,"",""
ball,1,6.3,Melbourne Stars,KP Pietersen,PSP Handscomb,CJ Green,0,0,caught,KP Pietersen
ball,1,6.4,Melbourne Stars,GJ Maxwell,PSP Handscomb,CJ Green,0,0,"",""
ball,1,6.5,Melbourne Stars,GJ Maxwell,PSP Handscomb,CJ Green,1,0,"",""
ball,1,6.6,Melbourne Stars,PSP Handscomb,GJ Maxwell,CJ Green,1,0,"",""
ball,1,7.1,Melbourne Stars,PSP Handscomb,GJ Maxwell,Fawad Ahmed,1,0,"",""
ball,1,7.2,Melbourne Stars,GJ Maxwell,PSP Handscomb,Fawad Ahmed,0,0,bowled,GJ Maxwell
ball,1,7.3,Melbourne Stars,SE Gotch,PSP Handscomb,Fawad Ahmed,0,0,"",""
ball,1,7.4,Melbourne Stars,SE Gotch,PSP Handscomb,Fawad Ahmed,1,0,"",""
ball,1,7.5,Melbourne Stars,PSP Handscomb,SE Gotch,Fawad Ahmed,1,0,"",""
ball,1,7.6,Melbourne Stars,SE Gotch,PSP Handscomb,Fawad Ahmed,0,0,"",""
ball,1,8.1,Melbourne Stars,PSP Handscomb,SE Gotch,MJ McClenaghan,1,0,"",""
ball,1,8.2,Melbourne Stars,SE Gotch,PSP Handscomb,MJ McClenaghan,1,0,"",""
ball,1,8.3,Melbourne Stars,PSP Handscomb,SE Gotch,MJ McClenaghan,1,0,"",""
ball,1,8.4,Melbourne Stars,SE Gotch,PSP Handscomb,MJ McClenaghan,1,0,"",""
ball,1,8.5,Melbourne Stars,PSP Handscomb,SE Gotch,MJ McClenaghan,0,0,"",""
ball,1,8.6,Melbourne Stars,PSP Handscomb,SE Gotch,MJ McClenaghan,0,0,"",""
ball,1,9.1,Melbourne Stars,SE Gotch,PSP Handscomb,Fawad Ahmed,4,0,"",""
ball,1,9.2,Melbourne Stars,SE Gotch,PSP Handscomb,Fawad Ahmed,1,0,"",""
ball,1,9.3,Melbourne Stars,PSP Handscomb,SE Gotch,Fawad Ahmed,3,0,"",""
ball,1,9.4,Melbourne Stars,SE Gotch,PSP Handscomb,Fawad Ahmed,0,0,"",""
ball,1,9.5,Melbourne Stars,SE Gotch,PSP Handscomb,Fawad Ahmed,1,0,"",""
ball,1,9.6,Melbourne Stars,PSP Handscomb,SE Gotch,Fawad Ahmed,1,0,"",""
ball,1,10.1,Melbourne Stars,PSP Handscomb,SE Gotch,GS Sandhu,0,0,"",""
ball,1,10.2,Melbourne Stars,PSP Handscomb,SE Gotch,GS Sandhu,2,0,"",""
ball,1,10.3,Melbourne Stars,PSP Handscomb,SE Gotch,GS Sandhu,2,0,"",""
ball,1,10.4,Melbourne Stars,PSP Handscomb,SE Gotch,GS Sandhu,1,0,"",""
ball,1,10.5,Melbourne Stars,SE Gotch,PSP Handscomb,GS Sandhu,1,0,"",""
ball,1,10.6,Melbourne Stars,PSP Handscomb,SE Gotch,GS Sandhu,1,0,"",""
ball,1,11.1,Melbourne Stars,PSP Handscomb,SE Gotch,Fawad Ahmed,1,0,"",""
ball,1,11.2,Melbourne Stars,SE Gotch,PSP Handscomb,Fawad Ahmed,1,0,"",""
ball,1,11.3,Melbourne Stars,PSP Handscomb,SE Gotch,Fawad Ahmed,0,1,"",""
ball,1,11.4,Melbourne Stars,PSP Handscomb,SE Gotch,Fawad Ahmed,1,0,"",""
ball,1,11.5,Melbourne Stars,SE Gotch,PSP Handscomb,Fawad Ahmed,1,0,"",""
ball,1,11.6,Melbourne Stars,PSP Handscomb,SE Gotch,Fawad Ahmed,0,0,"",""
ball,1,11.7,Melbourne Stars,PSP Handscomb,SE Gotch,Fawad Ahmed,4,0,"",""
ball,1,12.1,Melbourne Stars,SE Gotch,PSP Handscomb,SR Watson,1,0,"",""
ball,1,12.2,Melbourne Stars,PSP Handscomb,SE Gotch,SR Watson,1,0,"",""
ball,1,12.3,Melbourne Stars,SE Gotch,PSP Handscomb,SR Watson,1,0,"",""
ball,1,12.4,Melbourne Stars,PSP Handscomb,SE Gotch,SR Watson,1,0,"",""
ball,1,12.5,Melbourne Stars,SE Gotch,PSP Handscomb,SR Watson,1,0,"",""
ball,1,12.6,Melbourne Stars,PSP Handscomb,SE Gotch,SR Watson,2,0,"",""
ball,1,13.1,Melbourne Stars,SE Gotch,PSP Handscomb,CJ Green,0,1,"",""
ball,1,13.2,Melbourne Stars,PSP Handscomb,SE Gotch,CJ Green,0,0,"",""
ball,1,13.3,Melbourne Stars,PSP Handscomb,SE Gotch,CJ Green,1,0,"",""
ball,1,13.4,Melbourne Stars,SE Gotch,PSP Handscomb,CJ Green,1,0,"",""
ball,1,13.5,Melbourne Stars,PSP Handscomb,SE Gotch,CJ Green,1,0,"",""
ball,1,13.6,Melbourne Stars,SE Gotch,PSP Handscomb,CJ Green,1,0,"",""
ball,1,14.1,Melbourne Stars,SE Gotch,PSP Handscomb,MJ McClenaghan,1,0,"",""
ball,1,14.2,Melbourne Stars,PSP Handscomb,SE Gotch,MJ McClenaghan,4,0,"",""
ball,1,14.3,Melbourne Stars,PSP Handscomb,SE Gotch,MJ McClenaghan,0,0,caught and bowled,PSP Handscomb
ball,1,14.4,Melbourne Stars,SE Gotch,JP Faulkner,MJ McClenaghan,1,0,"",""
ball,1,14.5,Melbourne Stars,JP Faulkner,SE Gotch,MJ McClenaghan,2,0,"",""
ball,1,14.6,Melbourne Stars,JP Faulkner,SE Gotch,MJ McClenaghan,0,0,"",""
ball,1,15.1,Melbourne Stars,SE Gotch,JP Faulkner,Fawad Ahmed,4,0,"",""
ball,1,15.2,Melbourne Stars,SE Gotch,JP Faulkner,Fawad Ahmed,1,0,"",""
ball,1,15.3,Melbourne Stars,JP Faulkner,SE Gotch,Fawad Ahmed,0,0,"",""
ball,1,15.4,Melbourne Stars,JP Faulkner,SE Gotch,Fawad Ahmed,2,0,"",""
ball,1,15.5,Melbourne Stars,JP Faulkner,SE Gotch,Fawad Ahmed,0,0,"",""
ball,1,15.6,Melbourne Stars,JP Faulkner,SE Gotch,Fawad Ahmed,0,0,"",""
ball,1,16.1,Melbourne Stars,SE Gotch,JP Faulkner,GS Sandhu,1,0,"",""
ball,1,16.2,Melbourne Stars,JP Faulkner,SE Gotch,GS Sandhu,1,0,"",""
ball,1,16.3,Melbourne Stars,SE Gotch,JP Faulkner,GS Sandhu,6,0,"",""
ball,1,16.4,Melbourne Stars,SE Gotch,JP Faulkner,GS Sandhu,0,1,"",""
ball,1,16.5,Melbourne Stars,SE Gotch,JP Faulkner,GS Sandhu,0,0,caught,SE Gotch
ball,1,16.6,Melbourne Stars,JW Hastings,JP Faulkner,GS Sandhu,0,0,"",""
ball,1,16.7,Melbourne Stars,JW Hastings,JP Faulkner,GS Sandhu,0,0,"",""
ball,1,17.1,Melbourne Stars,JP Faulkner,JW Hastings,CJ Green,0,1,"",""
ball,1,17.2,Melbourne Stars,JP Faulkner,JW Hastings,CJ Green,0,0,"",""
ball,1,17.3,Melbourne Stars,JP Faulkner,JW Hastings,CJ Green,0,0,bowled,JP Faulkner
ball,1,17.4,Melbourne Stars,EP Gulbis,JW Hastings,CJ Green,1,0,"",""
ball,1,17.5,Melbourne Stars,JW Hastings,EP Gulbis,CJ Green,0,0,"",""
ball,1,17.6,Melbourne Stars,JW Hastings,EP Gulbis,CJ Green,1,0,"",""
ball,1,17.7,Melbourne Stars,EP Gulbis,JW Hastings,CJ Green,2,0,"",""
ball,1,18.1,Melbourne Stars,JW Hastings,EP Gulbis,MJ McClenaghan,1,0,"",""
ball,1,18.2,Melbourne Stars,EP Gulbis,JW Hastings,MJ McClenaghan,1,0,"",""
ball,1,18.3,Melbourne Stars,JW Hastings,EP Gulbis,MJ McClenaghan,1,0,"",""
ball,1,18.4,Melbourne Stars,EP Gulbis,JW Hastings,MJ McClenaghan,1,0,"",""
ball,1,18.5,Melbourne Stars,JW Hastings,EP Gulbis,MJ McClenaghan,1,0,"",""
ball,1,18.6,Melbourne Stars,EP Gulbis,JW Hastings,MJ McClenaghan,0,1,"",""
ball,1,18.7,Melbourne Stars,EP Gulbis,JW Hastings,MJ McClenaghan,2,0,"",""
ball,1,19.1,Melbourne Stars,JW Hastings,EP Gulbis,SR Watson,4,0,"",""
ball,1,19.2,Melbourne Stars,JW Hastings,EP Gulbis,SR Watson,0,0,"",""
ball,1,19.3,Melbourne Stars,JW Hastings,EP Gulbis,SR Watson,1,0,"",""
ball,1,19.4,Melbourne Stars,EP Gulbis,JW Hastings,SR Watson,4,0,"",""
ball,1,19.5,Melbourne Stars,EP Gulbis,JW Hastings,SR Watson,0,0,"",""
ball,1,19.6,Melbourne Stars,EP Gulbis,JW Hastings,SR Watson,2,0,"",""
ball,2,0.1,Sydney Thunder,UT Khawaja,JM Vince,DJ Worrall,4,0,"",""
ball,2,0.2,Sydney Thunder,UT Khawaja,JM Vince,DJ Worrall,0,0,"",""
ball,2,0.3,Sydney Thunder,UT Khawaja,JM Vince,DJ Worrall,0,4,"",""
ball,2,0.4,Sydney Thunder,UT Khawaja,JM Vince,DJ Worrall,1,0,"",""
ball,2,0.5,Sydney Thunder,JM Vince,UT Khawaja,DJ Worrall,0,1,"",""
ball,2,0.6,Sydney Thunder,JM Vince,UT Khawaja,DJ Worrall,0,1,"",""
ball,2,0.7,Sydney Thunder,JM Vince,UT Khawaja,DJ Worrall,1,0,"",""
ball,2,0.8,Sydney Thunder,UT Khawaja,JM Vince,DJ Worrall,0,0,"",""
ball,2,1.1,Sydney Thunder,JM Vince,UT Khawaja,JR Coleman,0,0,"",""
ball,2,1.2,Sydney Thunder,JM Vince,UT Khawaja,JR Coleman,0,1,"",""
ball,2,1.3,Sydney Thunder,JM Vince,UT Khawaja,JR Coleman,1,0,"",""
ball,2,1.4,Sydney Thunder,UT Khawaja,JM Vince,JR Coleman,0,0,"",""
ball,2,1.5,Sydney Thunder,UT Khawaja,JM Vince,JR Coleman,1,0,"",""
ball,2,1.6,Sydney Thunder,JM Vince,UT Khawaja,JR Coleman,0,0,"",""
ball,2,1.7,Sydney Thunder,JM Vince,UT Khawaja,JR Coleman,6,0,"",""
ball,2,2.1,Sydney Thunder,UT Khawaja,JM Vince,DJ Worrall,0,0,"",""
ball,2,2.2,Sydney Thunder,UT Khawaja,JM Vince,DJ Worrall,4,0,"",""
ball,2,2.3,Sydney Thunder,UT Khawaja,JM Vince,DJ Worrall,4,0,"",""
ball,2,2.4,Sydney Thunder,UT Khawaja,JM Vince,DJ Worrall,4,0,"",""
ball,2,2.5,Sydney Thunder,UT Khawaja,JM Vince,DJ Worrall,4,0,"",""
ball,2,2.6,Sydney Thunder,UT Khawaja,JM Vince,DJ Worrall,0,0,"",""
ball,2,3.1,Sydney Thunder,JM Vince,UT Khawaja,JP Faulkner,1,0,"",""
ball,2,3.2,Sydney Thunder,UT Khawaja,JM Vince,JP Faulkner,1,0,"",""
ball,2,3.3,Sydney Thunder,JM Vince,UT Khawaja,JP Faulkner,4,0,"",""
ball,2,3.4,Sydney Thunder,JM Vince,UT Khawaja,JP Faulkner,4,0,"",""
ball,2,3.5,Sydney Thunder,JM Vince,UT Khawaja,JP Faulkner,0,0,"",""
ball,2,3.6,Sydney Thunder,JM Vince,UT Khawaja,JP Faulkner,0,0,"",""
ball,2,4.1,Sydney Thunder,UT Khawaja,JM Vince,JW Hastings,4,0,"",""
ball,2,4.2,Sydney Thunder,UT Khawaja,JM Vince,JW Hastings,4,0,"",""
ball,2,4.3,Sydney Thunder,UT Khawaja,JM Vince,JW Hastings,4,0,"",""
ball,2,4.4,Sydney Thunder,UT Khawaja,JM Vince,JW Hastings,1,0,"",""
ball,2,4.5,Sydney Thunder,JM Vince,UT Khawaja,JW Hastings,0,0,"",""
ball,2,4.6,Sydney Thunder,JM Vince,UT Khawaja,JW Hastings,0,0,"",""
ball,2,5.1,Sydney Thunder,UT Khawaja,JM Vince,JP Faulkner,0,0,"",""
ball,2,5.2,Sydney Thunder,UT Khawaja,JM Vince,JP Faulkner,1,0,"",""
ball,2,5.3,Sydney Thunder,JM Vince,UT Khawaja,JP Faulkner,1,0,"",""
ball,2,5.4,Sydney Thunder,UT Khawaja,JM Vince,JP Faulkner,1,0,"",""
ball,2,5.5,Sydney Thunder,JM Vince,UT Khawaja,JP Faulkner,0,0,"",""
ball,2,5.6,Sydney Thunder,JM Vince,UT Khawaja,JP Faulkner,1,0,"",""
ball,2,6.1,Sydney Thunder,JM Vince,UT Khawaja,L Bowe,0,0,"",""
ball,2,6.2,Sydney Thunder,JM Vince,UT Khawaja,L Bowe,0,0,"",""
ball,2,6.3,Sydney Thunder,JM Vince,UT Khawaja,L Bowe,4,0,"",""
ball,2,6.4,Sydney Thunder,JM Vince,UT Khawaja,L Bowe,1,0,"",""
ball,2,6.5,Sydney Thunder,UT Khawaja,JM Vince,L Bowe,0,1,"",""
ball,2,6.6,Sydney Thunder,JM Vince,UT Khawaja,L Bowe,1,0,"",""
ball,2,7.1,Sydney Thunder,JM Vince,UT Khawaja,EP Gulbis,1,0,"",""
ball,2,7.2,Sydney Thunder,UT Khawaja,JM Vince,EP Gulbis,1,0,"",""
ball,2,7.3,Sydney Thunder,JM Vince,UT Khawaja,EP Gulbis,1,0,"",""
ball,2,7.4,Sydney Thunder,UT Khawaja,JM Vince,EP Gulbis,1,0,"",""
ball,2,7.5,Sydney Thunder,JM Vince,UT Khawaja,EP Gulbis,2,0,"",""
ball,2,7.6,Sydney Thunder,JM Vince,UT Khawaja,EP Gulbis,4,0,"",""
ball,2,8.1,Sydney Thunder,UT Khawaja,JM Vince,L Bowe,4,0,"",""
ball,2,8.2,Sydney Thunder,UT Khawaja,JM Vince,L Bowe,0,0,caught,UT Khawaja
ball,2,8.3,Sydney Thunder,SR Watson,JM Vince,L Bowe,0,0,"",""
ball,2,8.4,Sydney Thunder,SR Watson,JM Vince,L Bowe,0,0,"",""
ball,2,8.5,Sydney Thunder,SR Watson,JM Vince,L Bowe,0,0,"",""
ball,2,8.6,Sydney Thunder,SR Watson,JM Vince,L Bowe,4,0,"",""
ball,2,9.1,Sydney Thunder,JM Vince,SR Watson,DJ Worrall,0,0,"",""
ball,2,9.2,Sydney Thunder,JM Vince,SR Watson,DJ Worrall,0,0,"",""
ball,2,9.3,Sydney Thunder,JM Vince,SR Watson,DJ Worrall,1,0,"",""
ball,2,9.4,Sydney Thunder,SR Watson,JM Vince,DJ Worrall,0,0,"",""
ball,2,9.5,Sydney Thunder,SR Watson,JM Vince,DJ Worrall,1,0,"",""
ball,2,9.6,Sydney Thunder,JM Vince,SR Watson,DJ Worrall,6,0,"",""
ball,2,10.1,Sydney Thunder,SR Watson,JM Vince,L Bowe,4,0,"",""
ball,2,10.2,Sydney Thunder,SR Watson,JM Vince,L Bowe,1,0,"",""
ball,2,10.3,Sydney Thunder,JM Vince,SR Watson,L Bowe,0,0,stumped,JM Vince
ball,2,10.4,Sydney Thunder,CJ Green,SR Watson,L Bowe,0,0,"",""
ball,2,10.5,Sydney Thunder,CJ Green,SR Watson,L Bowe,0,0,"",""
ball,2,10.6,Sydney Thunder,CJ Green,SR Watson,L Bowe,0,0,"",""
ball,2,11.1,Sydney Thunder,SR Watson,CJ Green,JW Hastings,0,0,"",""
ball,2,11.2,Sydney Thunder,SR Watson,CJ Green,JW Hastings,1,0,"",""
ball,2,11.3,Sydney Thunder,CJ Green,SR Watson,JW Hastings,0,0,"",""
ball,2,11.4,Sydney Thunder,CJ Green,SR Watson,JW Hastings,0,0,"",""
ball,2,11.5,Sydney Thunder,CJ Green,SR Watson,JW Hastings,1,0,"",""
ball,2,11.6,Sydney Thunder,SR Watson,CJ Green,JW Hastings,1,0,"",""
ball,2,12.1,Sydney Thunder,SR Watson,CJ Green,L Bowe,2,0,"",""
ball,2,12.2,Sydney Thunder,SR Watson,CJ Green,L Bowe,6,0,"",""
ball,2,12.3,Sydney Thunder,SR Watson,CJ Green,L Bowe,1,0,"",""
ball,2,12.4,Sydney Thunder,CJ Green,SR Watson,L Bowe,1,0,"",""
ball,2,12.5,Sydney Thunder,SR Watson,CJ Green,L Bowe,1,0,"",""
ball,2,12.6,Sydney Thunder,CJ Green,SR Watson,L Bowe,0,0,"",""
ball,2,13.1,Sydney Thunder,SR Watson,CJ Green,JW Hastings,0,0,"",""
ball,2,13.2,Sydney Thunder,SR Watson,CJ Green,JW Hastings,2,0,"",""
ball,2,13.3,Sydney Thunder,SR Watson,CJ Green,JW Hastings,1,0,"",""
ball,2,13.4,Sydney Thunder,CJ Green,SR Watson,JW Hastings,1,0,"",""
ball,2,13.5,Sydney Thunder,SR Watson,CJ Green,JW Hastings,1,0,"",""
ball,2,13.6,Sydney Thunder,CJ Green,SR Watson,JW Hastings,0,0,"",""
ball,2,14.1,Sydney Thunder,SR Watson,CJ Green,JR Coleman,1,0,"",""
ball,2,14.2,Sydney Thunder,CJ Green,SR Watson,JR Coleman,0,0,"",""
ball,2,14.3,Sydney Thunder,CJ Green,SR Watson,JR Coleman,1,0,"",""
ball,2,14.4,Sydney Thunder,SR Watson,CJ Green,JR Coleman,6,0,"",""
ball,2,14.5,Sydney Thunder,SR Watson,CJ Green,JR Coleman,4,0,"",""
ball,2,14.6,Sydney Thunder,SR Watson,CJ Green,JR Coleman,1,0,"",""
ball,2,15.1,Sydney Thunder,SR Watson,CJ Green,JW Hastings,1,0,"",""
ball,2,15.2,Sydney Thunder,CJ Green,SR Watson,JW Hastings,0,0,caught,CJ Green
ball,2,15.3,Sydney Thunder,SR Watson,BJ Rohrer,JW Hastings,0,0,"",""
ball,2,15.4,Sydney Thunder,SR Watson,BJ Rohrer,JW Hastings,2,0,"",""
ball,2,15.5,Sydney Thunder,SR Watson,BJ Rohrer,JW Hastings,4,0,"",""
ball,2,15.6,Sydney Thunder,SR Watson,BJ Rohrer,JW Hastings,4,0,"",""
ball,2,16.1,Sydney Thunder,BJ Rohrer,SR Watson,JR Coleman,0,4,"",""
