version,1.3.0
info,team,Perth Scorchers
info,team,Sydney Sixers
info,gender,male
info,season,2017/18
info,date,2018/01/01
info,competition,Big Bash League
info,match_number,14
info,venue,W.A.C.A. Ground
info,city,Perth
info,toss_winner,Perth Scorchers
info,toss_decision,field
info,player_of_match,M Klinger
info,umpire,JD Ward
info,umpire,DM Koch
info,reserve_umpire,T Steenholdt
info,tv_umpire,SAJ Craig
info,match_referee,PL Marshall
info,winner,Perth Scorchers
info,winner_wickets,6
ball,1,0.1,Sydney Sixers,JJ Roy,PM Nevill,MG Johnson,0,1,"",""
ball,1,0.2,Sydney Sixers,JJ Roy,PM Nevill,MG Johnson,1,0,"",""
ball,1,0.3,Sydney Sixers,PM Nevill,JJ Roy,MG Johnson,1,0,"",""
ball,1,0.4,Sydney Sixers,JJ Roy,PM Nevill,MG Johnson,4,0,"",""
ball,1,0.5,Sydney Sixers,JJ Roy,PM Nevill,MG Johnson,0,0,"",""
ball,1,0.6,Sydney Sixers,JJ Roy,PM Nevill,MG Johnson,0,0,"",""
ball,1,0.7,Sydney Sixers,JJ Roy,PM Nevill,MG Johnson,0,0,"",""
ball,1,1.1,Sydney Sixers,PM Nevill,JJ Roy,JA Richardson,0,0,"",""
ball,1,1.2,Sydney Sixers,PM Nevill,JJ Roy,JA Richardson,4,1,"",""
ball,1,1.3,Sydney Sixers,PM Nevill,JJ Roy,JA Richardson,4,0,"",""
ball,1,1.4,Sydney Sixers,PM Nevill,JJ Roy,JA Richardson,0,0,"",""
ball,1,1.5,Sydney Sixers,PM Nevill,JJ Roy,JA Richardson,4,0,"",""
ball,1,1.6,Sydney Sixers,PM Nevill,JJ Roy,JA Richardson,0,0,"",""
ball,1,1.7,Sydney Sixers,PM Nevill,JJ Roy,JA Richardson,1,0,"",""
ball,1,2.1,Sydney Sixers,PM Nevill,JJ Roy,MG Johnson,1,0,"",""
ball,1,2.2,Sydney Sixers,JJ Roy,PM Nevill,MG Johnson,1,0,"",""
ball,1,2.3,Sydney Sixers,PM Nevill,JJ Roy,MG Johnson,4,0,"",""
ball,1,2.4,Sydney Sixers,PM Nevill,JJ Roy,MG Johnson,0,0,"",""
ball,1,2.5,Sydney Sixers,PM Nevill,JJ Roy,MG Johnson,0,0,"",""
ball,1,2.6,Sydney Sixers,PM Nevill,JJ Roy,MG Johnson,0,0,"",""
ball,1,3.1,Sydney Sixers,JJ Roy,PM Nevill,DJ Willey,0,0,lbw,JJ Roy
ball,1,3.2,Sydney Sixers,NJ Maddinson,PM Nevill,DJ Willey,0,0,"",""
ball,1,3.3,Sydney Sixers,NJ Maddinson,PM Nevill,DJ Willey,0,0,"",""
ball,1,3.4,Sydney Sixers,NJ Maddinson,PM Nevill,DJ Willey,4,0,"",""
ball,1,3.5,Sydney Sixers,NJ Maddinson,PM Nevill,DJ Willey,4,0,"",""
ball,1,3.6,Sydney Sixers,NJ Maddinson,PM Nevill,DJ Willey,0,0,"",""
ball,1,4.1,Sydney Sixers,PM Nevill,NJ Maddinson,AJ Tye,1,0,"",""
ball,1,4.2,Sydney Sixers,NJ Maddinson,PM Nevill,AJ Tye,3,0,"",""
ball,1,4.3,Sydney Sixers,PM Nevill,NJ Maddinson,AJ Tye,0,0,"",""
ball,1,4.4,Sydney Sixers,PM Nevill,NJ Maddinson,AJ Tye,0,0,"",""
ball,1,4.5,Sydney Sixers,PM Nevill,NJ Maddinson,AJ Tye,0,0,"",""
ball,1,4.6,Sydney Sixers,PM Nevill,NJ Maddinson,AJ Tye,1,0,"",""
ball,1,5.1,Sydney Sixers,PM Nevill,NJ Maddinson,JA Richardson,0,0,"",""
ball,1,5.2,Sydney Sixers,PM Nevill,NJ Maddinson,JA Richardson,0,0,"",""
ball,1,5.3,Sydney Sixers,PM Nevill,NJ Maddinson,JA Richardson,4,0,"",""
ball,1,5.4,Sydney Sixers,PM Nevill,NJ Maddinson,JA Richardson,0,0,"",""
ball,1,5.5,Sydney Sixers,PM Nevill,NJ Maddinson,JA Richardson,2,0,"",""
ball,1,5.6,Sydney Sixers,PM Nevill,NJ Maddinson,JA Richardson,1,0,"",""
ball,1,6.1,Sydney Sixers,PM Nevill,NJ Maddinson,AC Voges,1,0,"",""
ball,1,6.2,Sydney Sixers,NJ Maddinson,PM Nevill,AC Voges,1,0,"",""
ball,1,6.3,Sydney Sixers,PM Nevill,NJ Maddinson,AC Voges,1,0,"",""
ball,1,6.4,Sydney Sixers,NJ Maddinson,PM Nevill,AC Voges,4,0,"",""
ball,1,6.5,Sydney Sixers,NJ Maddinson,PM Nevill,AC Voges,0,0,"",""
ball,1,6.6,Sydney Sixers,NJ Maddinson,PM Nevill,AC Voges,1,0,"",""
ball,1,7.1,Sydney Sixers,NJ Maddinson,PM Nevill,DJ Willey,1,0,"",""
ball,1,7.2,Sydney Sixers,PM Nevill,NJ Maddinson,DJ Willey,1,0,"",""
ball,1,7.3,Sydney Sixers,NJ Maddinson,PM Nevill,DJ Willey,1,0,"",""
ball,1,7.4,Sydney Sixers,PM Nevill,NJ Maddinson,DJ Willey,1,0,"",""
ball,1,7.5,Sydney Sixers,NJ Maddinson,PM Nevill,DJ Willey,1,0,"",""
ball,1,7.6,Sydney Sixers,PM Nevill,NJ Maddinson,DJ Willey,1,0,"",""
ball,1,8.1,Sydney Sixers,PM Nevill,NJ Maddinson,JM Muirhead,0,0,stumped,PM Nevill
ball,1,8.2,Sydney Sixers,JC Silk,NJ Maddinson,JM Muirhead,1,0,"",""
ball,1,8.3,Sydney Sixers,NJ Maddinson,JC Silk,JM Muirhead,1,0,"",""
ball,1,8.4,Sydney Sixers,JC Silk,NJ Maddinson,JM Muirhead,1,0,"",""
ball,1,8.5,Sydney Sixers,NJ Maddinson,JC Silk,JM Muirhead,2,0,"",""
ball,1,8.6,Sydney Sixers,NJ Maddinson,JC Silk,JM Muirhead,1,0,"",""
ball,1,9.1,Sydney Sixers,NJ Maddinson,JC Silk,AJ Tye,0,0,"",""
ball,1,9.2,Sydney Sixers,NJ Maddinson,JC Silk,AJ Tye,1,0,"",""
ball,1,9.3,Sydney Sixers,JC Silk,NJ Maddinson,AJ Tye,0,0,"",""
ball,1,9.4,Sydney Sixers,JC Silk,NJ Maddinson,AJ Tye,1,0,"",""
ball,1,9.5,Sydney Sixers,NJ Maddinson,JC Silk,AJ Tye,4,0,"",""
ball,1,9.6,Sydney Sixers,NJ Maddinson,JC Silk,AJ Tye,0,0,"",""
ball,1,10.1,Sydney Sixers,JC Silk,NJ Maddinson,MG Johnson,4,0,"",""
ball,1,10.2,Sydney Sixers,JC Silk,NJ Maddinson,MG Johnson,0,0,"",""
ball,1,10.3,Sydney Sixers,JC Silk,NJ Maddinson,MG Johnson,1,0,"",""
ball,1,10.4,Sydney Sixers,NJ Maddinson,JC Silk,MG Johnson,1,0,"",""
ball,1,10.5,Sydney Sixers,JC Silk,NJ Maddinson,MG Johnson,0,0,"",""
ball,1,10.6,Sydney Sixers,JC Silk,NJ Maddinson,MG Johnson,1,0,"",""
ball,1,11.1,Sydney Sixers,JC Silk,NJ Maddinson,DJ Willey,1,0,"",""
ball,1,11.2,Sydney Sixers,NJ Maddinson,JC Silk,DJ Willey,0,0,caught,NJ Maddinson
ball,1,11.3,Sydney Sixers,JC Silk,SW Billings,DJ Willey,1,0,"",""
ball,1,11.4,Sydney Sixers,SW Billings,JC Silk,DJ Willey,1,0,"",""
ball,1,11.5,Sydney Sixers,JC Silk,SW Billings,DJ Willey,0,0,"",""
ball,1,11.6,Sydney Sixers,JC Silk,SW Billings,DJ Willey,0,0,"",""
ball,1,12.1,Sydney Sixers,SW Billings,JC Silk,JM Muirhead,2,0,"",""
ball,1,12.2,Sydney Sixers,SW Billings,JC Silk,JM Muirhead,1,0,"",""
ball,1,12.3,Sydney Sixers,JC Silk,SW Billings,JM Muirhead,1,0,"",""
ball,1,12.4,Sydney Sixers,SW Billings,JC Silk,JM Muirhead,2,0,"",""
ball,1,12.5,Sydney Sixers,SW Billings,JC Silk,JM Muirhead,1,0,"",""
ball,1,12.6,Sydney Sixers,JC Silk,SW Billings,JM Muirhead,1,0,"",""
ball,1,13.1,Sydney Sixers,JC Silk,SW Billings,AC Voges,1,0,"",""
ball,1,13.2,Sydney Sixers,SW Billings,JC Silk,AC Voges,6,0,"",""
ball,1,13.3,Sydney Sixers,SW Billings,JC Silk,AC Voges,1,0,"",""
ball,1,13.4,Sydney Sixers,JC Silk,SW Billings,AC Voges,0,0,"",""
ball,1,13.5,Sydney Sixers,JC Silk,SW Billings,AC Voges,1,0,"",""
ball,1,13.6,Sydney Sixers,SW Billings,JC Silk,AC Voges,6,0,"",""
ball,1,14.1,Sydney Sixers,JC Silk,SW Billings,AJ Tye,2,0,"",""
ball,1,14.2,Sydney Sixers,JC Silk,SW Billings,AJ Tye,1,0,"",""
ball,1,14.3,Sydney Sixers,SW Billings,JC Silk,AJ Tye,0,0,"",""
ball,1,14.4,Sydney Sixers,SW Billings,JC Silk,AJ Tye,1,0,"",""
ball,1,14.5,Sydney Sixers,JC Silk,SW Billings,AJ Tye,4,0,"",""
ball,1,14.6,Sydney Sixers,JC Silk,SW Billings,AJ Tye,1,0,"",""
ball,1,15.1,Sydney Sixers,JC Silk,SW Billings,JA Richardson,2,0,"",""
ball,1,15.2,Sydney Sixers,JC Silk,SW Billings,JA Richardson,2,0,"",""
ball,1,15.3,Sydney Sixers,JC Silk,SW Billings,JA Richardson,1,0,"",""
ball,1,15.4,Sydney Sixers,SW Billings,JC Silk,JA Richardson,0,0,"",""
ball,1,15.5,Sydney Sixers,SW Billings,JC Silk,JA Richardson,4,0,"",""
ball,1,15.6,Sydney Sixers,SW Billings,JC Silk,JA Richardson,1,0,"",""
ball,1,16.1,Sydney Sixers,SW Billings,JC Silk,MG Johnson,1,0,"",""
ball,1,16.2,Sydney Sixers,JC Silk,SW Billings,MG Johnson,2,0,"",""
ball,1,16.3,Sydney Sixers,JC Silk,SW Billings,MG Johnson,0,1,"",""
ball,1,16.4,Sydney Sixers,SW Billings,JC Silk,MG Johnson,2,0,"",""
ball,1,16.5,Sydney Sixers,SW Billings,JC Silk,MG Johnson,0,0,"",""
ball,1,16.6,Sydney Sixers,SW Billings,JC Silk,MG Johnson,0,0,"",""
ball,1,17.1,Sydney Sixers,JC Silk,SW Billings,AJ Tye,1,0,"",""
ball,1,17.2,Sydney Sixers,SW Billings,JC Silk,AJ Tye,4,0,"",""
ball,1,17.3,Sydney Sixers,SW Billings,JC Silk,AJ Tye,0,1,"",""
ball,1,17.4,Sydney Sixers,SW Billings,JC Silk,AJ Tye,0,0,"",""
ball,1,17.5,Sydney Sixers,SW Billings,JC Silk,AJ Tye,0,0,"",""
ball,1,17.6,Sydney Sixers,SW Billings,JC Silk,AJ Tye,0,0,caught,SW Billings
ball,1,17.7,Sydney Sixers,BJ Dwarshuis,JC Silk,AJ Tye,2,0,"",""
ball,1,18.1,Sydney Sixers,JC Silk,BJ Dwarshuis,DJ Willey,4,0,"",""
ball,1,18.2,Sydney Sixers,JC Silk,BJ Dwarshuis,DJ Willey,2,0,"",""
ball,1,18.3,Sydney Sixers,JC Silk,BJ Dwarshuis,DJ Willey,6,0,"",""
ball,1,18.4,Sydney Sixers,JC Silk,BJ Dwarshuis,DJ Willey,1,0,"",""
ball,1,18.5,Sydney Sixers,BJ Dwarshuis,JC Silk,DJ Willey,0,0,"",""
ball,1,18.6,Sydney Sixers,BJ Dwarshuis,JC Silk,DJ Willey,0,1,"",""
ball,1,19.1,Sydney Sixers,BJ Dwarshuis,JC Silk,JA Richardson,6,0,"",""
ball,1,19.2,Sydney Sixers,BJ Dwarshuis,JC Silk,JA Richardson,2,0,"",""
ball,1,19.3,Sydney Sixers,BJ Dwarshuis,JC Silk,JA Richardson,1,0,"",""
ball,1,19.4,Sydney Sixers,JC Silk,BJ Dwarshuis,JA Richardson,1,0,"",""
ball,1,19.5,Sydney Sixers,BJ Dwarshuis,JC Silk,JA Richardson,0,0,"",""
ball,1,19.6,Sydney Sixers,BJ Dwarshuis,JC Silk,JA Richardson,4,0,"",""
ball,2,0.1,Perth Scorchers,DJ Willey,M Klinger,SNJ O'Keefe,0,0,"",""
ball,2,0.2,Perth Scorchers,DJ Willey,M Klinger,SNJ O'Keefe,1,0,"",""
ball,2,0.3,Perth Scorchers,M Klinger,DJ Willey,SNJ O'Keefe,0,0,"",""
ball,2,0.4,Perth Scorchers,M Klinger,DJ Willey,SNJ O'Keefe,0,0,"",""
ball,2,0.5,Perth Scorchers,M Klinger,DJ Willey,SNJ O'Keefe,1,0,"",""
ball,2,0.6,Perth Scorchers,DJ Willey,M Klinger,SNJ O'Keefe,0,0,"",""
ball,2,1.1,Perth Scorchers,M Klinger,DJ Willey,BJ Dwarshuis,0,1,"",""
ball,2,1.2,Perth Scorchers,M Klinger,DJ Willey,BJ Dwarshuis,1,0,"",""
ball,2,1.3,Perth Scorchers,DJ Willey,M Klinger,BJ Dwarshuis,0,0,"",""
ball,2,1.4,Perth Scorchers,DJ Willey,M Klinger,BJ Dwarshuis,0,0,caught,DJ Willey
ball,2,1.5,Perth Scorchers,HWR Cartwright,M Klinger,BJ Dwarshuis,0,0,"",""
ball,2,1.6,Perth Scorchers,HWR Cartwright,M Klinger,BJ Dwarshuis,1,0,"",""
ball,2,1.7,Perth Scorchers,M Klinger,HWR Cartwright,BJ Dwarshuis,1,0,"",""
ball,2,2.1,Perth Scorchers,M Klinger,HWR Cartwright,SNJ O'Keefe,1,0,"",""
ball,2,2.2,Perth Scorchers,HWR Cartwright,M Klinger,SNJ O'Keefe,1,0,"",""
ball,2,2.3,Perth Scorchers,M Klinger,HWR Cartwright,SNJ O'Keefe,1,0,"",""
ball,2,2.4,Perth Scorchers,HWR Cartwright,M Klinger,SNJ O'Keefe,4,0,"",""
ball,2,2.5,Perth Scorchers,HWR Cartwright,M Klinger,SNJ O'Keefe,4,0,"",""
ball,2,2.6,Perth Scorchers,HWR Cartwright,M Klinger,SNJ O'Keefe,0,0,run out,HWR Cartwright
ball,2,3.1,Perth Scorchers,M Klinger,AJ Turner,BJ Dwarshuis,0,0,"",""
ball,2,3.2,Perth Scorchers,M Klinger,AJ Turner,BJ Dwarshuis,0,0,"",""
ball,2,3.3,Perth Scorchers,M Klinger,AJ Turner,BJ Dwarshuis,4,0,"",""
ball,2,3.4,Perth Scorchers,M Klinger,AJ Turner,BJ Dwarshuis,4,0,"",""
ball,2,3.5,Perth Scorchers,M Klinger,AJ Turner,BJ Dwarshuis,0,0,"",""
ball,2,3.6,Perth Scorchers,M Klinger,AJ Turner,BJ Dwarshuis,1,0,"",""
ball,2,4.1,Perth Scorchers,M Klinger,AJ Turner,SNJ O'Keefe,0,0,"",""
ball,2,4.2,Perth Scorchers,M Klinger,AJ Turner,SNJ O'Keefe,1,0,"",""
ball,2,4.3,Perth Scorchers,AJ Turner,M Klinger,SNJ O'Keefe,2,0,"",""
ball,2,4.4,Perth Scorchers,AJ Turner,M Klinger,SNJ O'Keefe,1,0,"",""
ball,2,4.5,Perth Scorchers,M Klinger,AJ Turner,SNJ O'Keefe,2,0,"",""
ball,2,4.6,Perth Scorchers,M Klinger,AJ Turner,SNJ O'Keefe,1,0,"",""
ball,2,5.1,Perth Scorchers,M Klinger,AJ Turner,WER Somerville,1,0,"",""
ball,2,5.2,Perth Scorchers,AJ Turner,M Klinger,WER Somerville,0,0,"",""
ball,2,5.3,Perth Scorchers,AJ Turner,M Klinger,WER Somerville,0,0,"",""
ball,2,5.4,Perth Scorchers,AJ Turner,M Klinger,WER Somerville,1,0,"",""
ball,2,5.5,Perth Scorchers,M Klinger,AJ Turner,WER Somerville,0,0,"",""
ball,2,5.6,Perth Scorchers,M Klinger,AJ Turner,WER Somerville,0,0,"",""
ball,2,6.1,Perth Scorchers,AJ Turner,M Klinger,DR Sams,1,0,"",""
ball,2,6.2,Perth Scorchers,M Klinger,AJ Turner,DR Sams,0,0,"",""
ball,2,6.3,Perth Scorchers,M Klinger,AJ Turner,DR Sams,0,0,"",""
ball,2,6.4,Perth Scorchers,M Klinger,AJ Turner,DR Sams,4,0,"",""
ball,2,6.5,Perth Scorchers,M Klinger,AJ Turner,DR Sams,0,0,"",""
ball,2,6.6,Perth Scorchers,M Klinger,AJ Turner,DR Sams,6,0,"",""
ball,2,7.1,Perth Scorchers,AJ Turner,M Klinger,WER Somerville,0,0,"",""
ball,2,7.2,Perth Scorchers,AJ Turner,M Klinger,WER Somerville,2,0,"",""
ball,2,7.3,Perth Scorchers,AJ Turner,M Klinger,WER Somerville,1,0,"",""
ball,2,7.4,Perth Scorchers,M Klinger,AJ Turner,WER Somerville,1,0,"",""
ball,2,7.5,Perth Scorchers,AJ Turner,M Klinger,WER Somerville,1,0,"",""
ball,2,7.6,Perth Scorchers,M Klinger,AJ Turner,WER Somerville,1,0,"",""
ball,2,8.1,Perth Scorchers,M Klinger,AJ Turner,SA Abbott,0,0,"",""
ball,2,8.2,Perth Scorchers,M Klinger,AJ Turner,SA Abbott,1,0,"",""
ball,2,8.3,Perth Scorchers,AJ Turner,M Klinger,SA Abbott,0,0,"",""
ball,2,8.4,Perth Scorchers,AJ Turner,M Klinger,SA Abbott,6,0,"",""
ball,2,8.5,Perth Scorchers,AJ Turner,M Klinger,SA Abbott,1,0,"",""
ball,2,8.6,Perth Scorchers,M Klinger,AJ Turner,SA Abbott,0,0,"",""
ball,2,9.1,Perth Scorchers,AJ Turner,M Klinger,J Botha,1,0,"",""
ball,2,9.2,Perth Scorchers,M Klinger,AJ Turner,J Botha,1,0,"",""
ball,2,9.3,Perth Scorchers,AJ Turner,M Klinger,J Botha,0,1,"",""
ball,2,9.4,Perth Scorchers,M Klinger,AJ Turner,J Botha,1,0,"",""
ball,2,9.5,Perth Scorchers,AJ Turner,M Klinger,J Botha,6,0,"",""
ball,2,9.6,Perth Scorchers,AJ Turner,M Klinger,J Botha,0,0,"",""
ball,2,10.1,Perth Scorchers,M Klinger,AJ Turner,SA Abbott,4,0,"",""
ball,2,10.2,Perth Scorchers,M Klinger,AJ Turner,SA Abbott,0,0,"",""
ball,2,10.3,Perth Scorchers,M Klinger,AJ Turner,SA Abbott,1,0,"",""
ball,2,10.4,Perth Scorchers,AJ Turner,M Klinger,SA Abbott,0,0,"",""
ball,2,10.5,Perth Scorchers,AJ Turner,M Klinger,SA Abbott,0,0,"",""
ball,2,10.6,Perth Scorchers,AJ Turner,M Klinger,SA Abbott,4,0,"",""
ball,2,11.1,Perth Scorchers,M Klinger,AJ Turner,NJ Maddinson,1,0,"",""
ball,2,11.2,Perth Scorchers,AJ Turner,M Klinger,NJ Maddinson,1,0,"",""
ball,2,11.3,Perth Scorchers,M Klinger,AJ Turner,NJ Maddinson,1,0,"",""
ball,2,11.4,Perth Scorchers,AJ Turner,M Klinger,NJ Maddinson,6,0,"",""
ball,2,11.5,Perth Scorchers,AJ Turner,M Klinger,NJ Maddinson,1,0,"",""
ball,2,11.6,Perth Scorchers,M Klinger,AJ Turner,NJ Maddinson,4,0,"",""
ball,2,12.1,Perth Scorchers,AJ Turner,M Klinger,BJ Dwarshuis,1,0,"",""
ball,2,12.2,Perth Scorchers,M Klinger,AJ Turner,BJ Dwarshuis,2,0,"",""
ball,2,12.3,Perth Scorchers,M Klinger,AJ Turner,BJ Dwarshuis,1,0,"",""
ball,2,12.4,Perth Scorchers,AJ Turner,M Klinger,BJ Dwarshuis,0,0,"",""
ball,2,12.5,Perth Scorchers,AJ Turner,M Klinger,BJ Dwarshuis,1,0,"",""
ball,2,12.6,Perth Scorchers,M Klinger,AJ Turner,BJ Dwarshuis,1,0,"",""
ball,2,13.1,Perth Scorchers,M Klinger,AJ Turner,WER Somerville,1,0,"",""
ball,2,13.2,Perth Scorchers,AJ Turner,M Klinger,WER Somerville,4,0,"",""
ball,2,13.3,Perth Scorchers,AJ Turner,M Klinger,WER Somerville,0,0,"",""
ball,2,13.4,Perth Scorchers,AJ Turner,M Klinger,WER Somerville,2,0,"",""
ball,2,13.5,Perth Scorchers,AJ Turner,M Klinger,WER Somerville,1,0,"",""
ball,2,13.6,Perth Scorchers,M Klinger,AJ Turner,WER Somerville,0,0,"",""
ball,2,14.1,Perth Scorchers,AJ Turner,M Klinger,DR Sams,1,0,"",""
ball,2,14.2,Perth Scorchers,M Klinger,AJ Turner,DR Sams,0,0,"",""
ball,2,14.3,Perth Scorchers,M Klinger,AJ Turner,DR Sams,4,0,"",""
ball,2,14.4,Perth Scorchers,M Klinger,AJ Turner,DR Sams,1,0,"",""
ball,2,14.5,Perth Scorchers,AJ Turner,M Klinger,DR Sams,0,0,caught,AJ Turner
ball,2,14.6,Perth Scorchers,M Klinger,TH David,DR Sams,0,0,"",""
ball,2,15.1,Perth Scorchers,TH David,M Klinger,WER Somerville,1,0,"",""
ball,2,15.2,Perth Scorchers,M Klinger,TH David,WER Somerville,1,0,"",""
ball,2,15.3,Perth Scorchers,TH David,M Klinger,WER Somerville,6,0,"",""
ball,2,15.4,Perth Scorchers,TH David,M Klinger,WER Somerville,1,0,"",""
ball,2,15.5,Perth Scorchers,M Klinger,TH David,WER Somerville,6,0,"",""
ball,2,15.6,Perth Scorchers,M Klinger,TH David,WER Somerville,1,0,"",""
ball,2,16.1,Perth Scorchers,M Klinger,TH David,BJ Dwarshuis,2,0,"",""
ball,2,16.2,Perth Scorchers,M Klinger,TH David,BJ Dwarshuis,1,0,"",""
ball,2,16.3,Perth Scorchers,TH David,M Klinger,BJ Dwarshuis,0,0,"",""
ball,2,16.4,Perth Scorchers,TH David,M Klinger,BJ Dwarshuis,1,0,"",""
ball,2,16.5,Perth Scorchers,M Klinger,TH David,BJ Dwarshuis,2,0,"",""
ball,2,16.6,Perth Scorchers,M Klinger,TH David,BJ Dwarshuis,1,0,"",""
ball,2,17.1,Perth Scorchers,M Klinger,TH David,SA Abbott,1,0,"",""
ball,2,17.2,Perth Scorchers,TH David,M Klinger,SA Abbott,1,0,"",""
ball,2,17.3,Perth Scorchers,M Klinger,TH David,SA Abbott,4,0,"",""
ball,2,17.4,Perth Scorchers,M Klinger,TH David,SA Abbott,4,0,"",""
ball,2,17.5,Perth Scorchers,M Klinger,TH David,SA Abbott,4,0,"",""
ball,2,17.6,Perth Scorchers,M Klinger,TH David,SA Abbott,0,1,"",""
ball,2,18.1,Perth Scorchers,M Klinger,TH David,DR Sams,1,0,"",""
ball,2,18.2,Perth Scorchers,TH David,M Klinger,DR Sams,0,0,"",""
ball,2,18.3,Perth Scorchers,TH David,M Klinger,DR Sams,1,0,"",""
ball,2,18.4,Perth Scorchers,M Klinger,TH David,DR Sams,0,0,caught,M Klinger
ball,2,18.5,Perth Scorchers,TH David,AC Voges,DR Sams,0,0,"",""
ball,2,18.6,Perth Scorchers,TH David,AC Voges,DR Sams,6,0,"",""
ball,2,19.1,Perth Scorchers,AC Voges,TH David,SA Abbott,0,5,"",""
ball,2,19.2,Perth Scorchers,AC Voges,TH David,SA Abbott,6,0,"",""
