version,1.3.0
info,team,Adelaide Strikers
info,team,Melbourne Stars
info,gender,male
info,season,2017/18
info,date,2018/01/09
info,competition,Big Bash League
info,match_number,23
info,venue,Adelaide Oval
info,city,Adelaide
info,toss_winner,Melbourne Stars
info,toss_decision,bat
info,player_of_match,TM Head
info,umpire,PJ Gillespie
info,umpire,AK Wilds
info,reserve_umpire,L Uthenwoldt
info,tv_umpire,NR Johnstone
info,match_referee,DJ Harper
info,winner,Adelaide Strikers
info,winner_wickets,8
ball,1,0.1,Melbourne Stars,MP Stoinis,BR Dunk,B Stanlake,0,0,"",""
ball,1,0.2,Melbourne Stars,MP Stoinis,BR Dunk,B Stanlake,0,0,"",""
ball,1,0.3,Melbourne Stars,MP Stoinis,BR Dunk,B Stanlake,0,0,"",""
ball,1,0.4,Melbourne Stars,MP Stoinis,BR Dunk,B Stanlake,1,0,"",""
ball,1,0.5,Melbourne Stars,BR Dunk,MP Stoinis,B Stanlake,1,0,"",""
ball,1,0.6,Melbourne Stars,MP Stoinis,BR Dunk,B Stanlake,0,0,"",""
ball,1,1.1,Melbourne Stars,BR Dunk,MP Stoinis,MG Neser,0,0,"",""
ball,1,1.2,Melbourne Stars,BR Dunk,MP Stoinis,MG Neser,0,0,"",""
ball,1,1.3,Melbourne Stars,BR Dunk,MP Stoinis,MG Neser,0,0,caught,BR Dunk
ball,1,1.4,Melbourne Stars,MP Stoinis,KP Pietersen,MG Neser,0,0,"",""
ball,1,1.5,Melbourne Stars,MP Stoinis,KP Pietersen,MG Neser,1,0,"",""
ball,1,1.6,Melbourne Stars,KP Pietersen,MP Stoinis,MG Neser,1,0,"",""
ball,1,2.1,Melbourne Stars,KP Pietersen,MP Stoinis,B Stanlake,0,1,"",""
ball,1,2.2,Melbourne Stars,KP Pietersen,MP Stoinis,B Stanlake,0,0,"",""
ball,1,2.3,Melbourne Stars,KP Pietersen,MP Stoinis,B Stanlake,4,0,"",""
ball,1,2.4,Melbourne Stars,KP Pietersen,MP Stoinis,B Stanlake,0,0,"",""
ball,1,2.5,Melbourne Stars,KP Pietersen,MP Stoinis,B Stanlake,0,2,"",""
ball,1,2.6,Melbourne Stars,KP Pietersen,MP Stoinis,B Stanlake,0,0,bowled,KP Pietersen
ball,1,2.7,Melbourne Stars,PSP Handscomb,MP Stoinis,B Stanlake,0,0,"",""
ball,1,3.1,Melbourne Stars,MP Stoinis,PSP Handscomb,MG Neser,0,0,"",""
ball,1,3.2,Melbourne Stars,MP Stoinis,PSP Handscomb,MG Neser,4,0,"",""
ball,1,3.3,Melbourne Stars,MP Stoinis,PSP Handscomb,MG Neser,4,0,"",""
ball,1,3.4,Melbourne Stars,MP Stoinis,PSP Handscomb,MG Neser,1,0,"",""
ball,1,3.5,Melbourne Stars,PSP Handscomb,MP Stoinis,MG Neser,0,0,"",""
ball,1,3.6,Melbourne Stars,PSP Handscomb,MP Stoinis,MG Neser,0,0,"",""
ball,1,4.1,Melbourne Stars,MP Stoinis,PSP Handscomb,PM Siddle,0,0,"",""
ball,1,4.2,Melbourne Stars,MP Stoinis,PSP Handscomb,PM Siddle,4,0,"",""
ball,1,4.3,Melbourne Stars,MP Stoinis,PSP Handscomb,PM Siddle,2,0,"",""
ball,1,4.4,Melbourne Stars,MP Stoinis,PSP Handscomb,PM Siddle,0,0,"",""
ball,1,4.5,Melbourne Stars,MP Stoinis,PSP Handscomb,PM Siddle,4,0,"",""
ball,1,4.6,Melbourne Stars,MP Stoinis,PSP Handscomb,PM Siddle,1,0,"",""
ball,1,5.1,Melbourne Stars,MP Stoinis,PSP Handscomb,B Laughlin,0,0,"",""
ball,1,5.2,Melbourne Stars,MP Stoinis,PSP Handscomb,B Laughlin,1,0,"",""
ball,1,5.3,Melbourne Stars,PSP Handscomb,MP Stoinis,B Laughlin,1,0,"",""
ball,1,5.4,Melbourne Stars,MP Stoinis,PSP Handscomb,B Laughlin,0,0,"",""
ball,1,5.5,Melbourne Stars,MP Stoinis,PSP Handscomb,B Laughlin,1,0,"",""
ball,1,5.6,Melbourne Stars,PSP Handscomb,MP Stoinis,B Laughlin,0,0,caught,PSP Handscomb
ball,1,6.1,Melbourne Stars,MP Stoinis,GJ Maxwell,B Stanlake,0,0,"",""
ball,1,6.2,Melbourne Stars,MP Stoinis,GJ Maxwell,B Stanlake,6,0,"",""
ball,1,6.3,Melbourne Stars,MP Stoinis,GJ Maxwell,B Stanlake,4,0,"",""
ball,1,6.4,Melbourne Stars,MP Stoinis,GJ Maxwell,B Stanlake,4,0,"",""
ball,1,6.5,Melbourne Stars,MP Stoinis,GJ Maxwell,B Stanlake,0,0,"",""
ball,1,6.6,Melbourne Stars,MP Stoinis,GJ Maxwell,B Stanlake,0,0,"",""
ball,1,7.1,Melbourne Stars,GJ Maxwell,MP Stoinis,Rashid Khan,1,0,"",""
ball,1,7.2,Melbourne Stars,MP Stoinis,GJ Maxwell,Rashid Khan,1,0,"",""
ball,1,7.3,Melbourne Stars,GJ Maxwell,MP Stoinis,Rashid Khan,1,0,"",""
ball,1,7.4,Melbourne Stars,MP Stoinis,GJ Maxwell,Rashid Khan,0,0,caught,MP Stoinis
ball,1,7.5,Melbourne Stars,GJ Maxwell,SE Gotch,Rashid Khan,1,0,"",""
ball,1,7.6,Melbourne Stars,SE Gotch,GJ Maxwell,Rashid Khan,1,0,"",""
ball,1,8.1,Melbourne Stars,SE Gotch,GJ Maxwell,B Laughlin,1,0,"",""
ball,1,8.2,Melbourne Stars,GJ Maxwell,SE Gotch,B Laughlin,1,0,"",""
ball,1,8.3,Melbourne Stars,SE Gotch,GJ Maxwell,B Laughlin,0,0,"",""
ball,1,8.4,Melbourne Stars,SE Gotch,GJ Maxwell,B Laughlin,1,0,"",""
ball,1,8.5,Melbourne Stars,GJ Maxwell,SE Gotch,B Laughlin,4,0,"",""
ball,1,8.6,Melbourne Stars,GJ Maxwell,SE Gotch,B Laughlin,0,1,"",""
ball,1,8.7,Melbourne Stars,GJ Maxwell,SE Gotch,B Laughlin,1,0,"",""
ball,1,9.1,Melbourne Stars,GJ Maxwell,SE Gotch,Rashid Khan,0,0,"",""
ball,1,9.2,Melbourne Stars,GJ Maxwell,SE Gotch,Rashid Khan,0,0,"",""
ball,1,9.3,Melbourne Stars,GJ Maxwell,SE Gotch,Rashid Khan,2,0,"",""
ball,1,9.4,Melbourne Stars,GJ Maxwell,SE Gotch,Rashid Khan,1,0,"",""
ball,1,9.5,Melbourne Stars,SE Gotch,GJ Maxwell,Rashid Khan,1,0,"",""
ball,1,9.6,Melbourne Stars,GJ Maxwell,SE Gotch,Rashid Khan,0,0,"",""
ball,1,10.1,Melbourne Stars,SE Gotch,GJ Maxwell,PM Siddle,1,0,"",""
ball,1,10.2,Melbourne Stars,GJ Maxwell,SE Gotch,PM Siddle,0,0,"",""
ball,1,10.3,Melbourne Stars,GJ Maxwell,SE Gotch,PM Siddle,0,0,"",""
ball,1,10.4,Melbourne Stars,GJ Maxwell,SE Gotch,PM Siddle,0,0,"",""
ball,1,10.5,Melbourne Stars,GJ Maxwell,SE Gotch,PM Siddle,4,0,"",""
ball,1,10.6,Melbourne Stars,GJ Maxwell,SE Gotch,PM Siddle,1,0,"",""
ball,1,11.1,Melbourne Stars,GJ Maxwell,SE Gotch,MG Neser,1,0,"",""
ball,1,11.2,Melbourne Stars,SE Gotch,GJ Maxwell,MG Neser,0,0,"",""
ball,1,11.3,Melbourne Stars,SE Gotch,GJ Maxwell,MG Neser,1,0,"",""
ball,1,11.4,Melbourne Stars,GJ Maxwell,SE Gotch,MG Neser,4,0,"",""
ball,1,11.5,Melbourne Stars,GJ Maxwell,SE Gotch,MG Neser,6,0,"",""
ball,1,11.6,Melbourne Stars,GJ Maxwell,SE Gotch,MG Neser,1,0,"",""
ball,1,12.1,Melbourne Stars,GJ Maxwell,SE Gotch,Rashid Khan,2,0,"",""
ball,1,12.2,Melbourne Stars,GJ Maxwell,SE Gotch,Rashid Khan,4,0,"",""
ball,1,12.3,Melbourne Stars,GJ Maxwell,SE Gotch,Rashid Khan,1,0,"",""
ball,1,12.4,Melbourne Stars,SE Gotch,GJ Maxwell,Rashid Khan,1,0,"",""
ball,1,12.5,Melbourne Stars,GJ Maxwell,SE Gotch,Rashid Khan,1,0,"",""
ball,1,12.6,Melbourne Stars,SE Gotch,GJ Maxwell,Rashid Khan,0,0,"",""
ball,1,13.1,Melbourne Stars,GJ Maxwell,SE Gotch,PM Siddle,1,0,"",""
ball,1,13.2,Melbourne Stars,SE Gotch,GJ Maxwell,PM Siddle,0,1,"",""
ball,1,13.3,Melbourne Stars,GJ Maxwell,SE Gotch,PM Siddle,1,0,"",""
ball,1,13.4,Melbourne Stars,SE Gotch,GJ Maxwell,PM Siddle,1,0,"",""
ball,1,13.5,Melbourne Stars,GJ Maxwell,SE Gotch,PM Siddle,0,0,"",""
ball,1,13.6,Melbourne Stars,GJ Maxwell,SE Gotch,PM Siddle,0,0,"",""
ball,1,14.1,Melbourne Stars,SE Gotch,GJ Maxwell,B Stanlake,2,0,"",""
ball,1,14.2,Melbourne Stars,SE Gotch,GJ Maxwell,B Stanlake,0,0,"",""
ball,1,14.3,Melbourne Stars,SE Gotch,GJ Maxwell,B Stanlake,1,0,"",""
ball,1,14.4,Melbourne Stars,GJ Maxwell,SE Gotch,B Stanlake,0,1,"",""
ball,1,14.5,Melbourne Stars,GJ Maxwell,SE Gotch,B Stanlake,0,0,"",""
ball,1,14.6,Melbourne Stars,GJ Maxwell,SE Gotch,B Stanlake,4,0,"",""
ball,1,14.7,Melbourne Stars,GJ Maxwell,SE Gotch,B Stanlake,2,0,"",""
ball,1,15.1,Melbourne Stars,SE Gotch,GJ Maxwell,B Laughlin,1,0,"",""
ball,1,15.2,Melbourne Stars,GJ Maxwell,SE Gotch,B Laughlin,1,0,"",""
ball,1,15.3,Melbourne Stars,SE Gotch,GJ Maxwell,B Laughlin,2,0,"",""
ball,1,15.4,Melbourne Stars,SE Gotch,GJ Maxwell,B Laughlin,0,0,run out,SE Gotch
ball,1,15.5,Melbourne Stars,GJ Maxwell,JP Faulkner,B Laughlin,1,0,"",""
ball,1,15.6,Melbourne Stars,JP Faulkner,GJ Maxwell,B Laughlin,1,0,"",""
ball,1,16.1,Melbourne Stars,JP Faulkner,GJ Maxwell,Rashid Khan,0,0,"",""
ball,1,16.2,Melbourne Stars,JP Faulkner,GJ Maxwell,Rashid Khan,0,0,"",""
ball,1,16.3,Melbourne Stars,JP Faulkner,GJ Maxwell,Rashid Khan,0,0,"",""
ball,1,16.4,Melbourne Stars,JP Faulkner,GJ Maxwell,Rashid Khan,1,0,"",""
ball,1,16.5,Melbourne Stars,GJ Maxwell,JP Faulkner,Rashid Khan,3,0,"",""
ball,1,16.6,Melbourne Stars,JP Faulkner,GJ Maxwell,Rashid Khan,1,0,"",""
ball,1,17.1,Melbourne Stars,JP Faulkner,GJ Maxwell,PM Siddle,1,0,"",""
ball,1,17.2,Melbourne Stars,GJ Maxwell,JP Faulkner,PM Siddle,2,0,"",""
ball,1,17.3,Melbourne Stars,GJ Maxwell,JP Faulkner,PM Siddle,4,0,"",""
ball,1,17.4,Melbourne Stars,GJ Maxwell,JP Faulkner,PM Siddle,4,0,"",""
ball,1,17.5,Melbourne Stars,GJ Maxwell,JP Faulkner,PM Siddle,0,1,"",""
ball,1,17.6,Melbourne Stars,GJ Maxwell,JP Faulkner,PM Siddle,0,0,"",""
ball,1,17.7,Melbourne Stars,GJ Maxwell,JP Faulkner,PM Siddle,0,1,"",""
ball,1,17.8,Melbourne Stars,GJ Maxwell,JP Faulkner,PM Siddle,0,0,caught,GJ Maxwell
ball,1,18.1,Melbourne Stars,JW Hastings,JP Faulkner,MG Neser,1,0,"",""
ball,1,18.2,Melbourne Stars,JP Faulkner,JW Hastings,MG Neser,1,0,"",""
ball,1,18.3,Melbourne Stars,JW Hastings,JP Faulkner,MG Neser,2,0,"",""
ball,1,18.4,Melbourne Stars,JW Hastings,JP Faulkner,MG Neser,0,0,"",""
ball,1,18.5,Melbourne Stars,JW Hastings,JP Faulkner,MG Neser,0,0,"",""
ball,1,18.6,Melbourne Stars,JW Hastings,JP Faulkner,MG Neser,1,0,"",""
ball,1,19.1,Melbourne Stars,JW Hastings,JP Faulkner,B Laughlin,2,0,"",""
ball,1,19.2,Melbourne Stars,JW Hastings,JP Faulkner,B Laughlin,1,0,"",""
ball,1,19.3,Melbourne Stars,JP Faulkner,JW Hastings,B Laughlin,1,0,"",""
ball,1,19.4,Melbourne Stars,JW Hastings,JP Faulkner,B Laughlin,2,0,"",""
ball,1,19.5,Melbourne Stars,JW Hastings,JP Faulkner,B Laughlin,6,0,"",""
ball,1,19.6,Melbourne Stars,JW Hastings,JP Faulkner,B Laughlin,2,0,"",""
ball,2,0.1,Adelaide Strikers,AT Carey,J Weatherald,JP Faulkner,0,0,"",""
ball,2,0.2,Adelaide Strikers,AT Carey,J Weatherald,JP Faulkner,1,0,"",""
ball,2,0.3,Adelaide Strikers,J Weatherald,AT Carey,JP Faulkner,0,0,"",""
ball,2,0.4,Adelaide Strikers,J Weatherald,AT Carey,JP Faulkner,0,0,"",""
ball,2,0.5,Adelaide Strikers,J Weatherald,AT Carey,JP Faulkner,1,0,"",""
ball,2,0.6,Adelaide Strikers,AT Carey,J Weatherald,JP Faulkner,1,0,"",""
ball,2,1.1,Adelaide Strikers,AT Carey,J Weatherald,JR Coleman,0,0,"",""
ball,2,1.2,Adelaide Strikers,AT Carey,J Weatherald,JR Coleman,1,0,"",""
ball,2,1.3,Adelaide Strikers,J Weatherald,AT Carey,JR Coleman,1,0,"",""
ball,2,1.4,Adelaide Strikers,AT Carey,J Weatherald,JR Coleman,0,0,"",""
ball,2,1.5,Adelaide Strikers,AT Carey,J Weatherald,JR Coleman,1,0,"",""
ball,2,1.6,Adelaide Strikers,J Weatherald,AT Carey,JR Coleman,1,0,"",""
ball,2,2.1,Adelaide Strikers,J Weatherald,AT Carey,JP Faulkner,1,0,"",""
ball,2,2.2,Adelaide Strikers,AT Carey,J Weatherald,JP Faulkner,0,0,"",""
ball,2,2.3,Adelaide Strikers,AT Carey,J Weatherald,JP Faulkner,1,0,"",""
ball,2,2.4,Adelaide Strikers,J Weatherald,AT Carey,JP Faulkner,0,0,"",""
ball,2,2.5,Adelaide Strikers,J Weatherald,AT Carey,JP Faulkner,0,0,"",""
ball,2,2.6,Adelaide Strikers,J Weatherald,AT Carey,JP Faulkner,1,0,"",""
ball,2,3.1,Adelaide Strikers,J Weatherald,AT Carey,SM Boland,4,0,"",""
ball,2,3.2,Adelaide Strikers,J Weatherald,AT Carey,SM Boland,1,0,"",""
ball,2,3.3,Adelaide Strikers,AT Carey,J Weatherald,SM Boland,4,0,"",""
ball,2,3.4,Adelaide Strikers,AT Carey,J Weatherald,SM Boland,0,0,"",""
ball,2,3.5,Adelaide Strikers,AT Carey,J Weatherald,SM Boland,0,0,"",""
ball,2,3.6,Adelaide Strikers,AT Carey,J Weatherald,SM Boland,1,0,"",""
ball,2,4.1,Adelaide Strikers,AT Carey,J Weatherald,JR Coleman,0,0,"",""
ball,2,4.2,Adelaide Strikers,AT Carey,J Weatherald,JR Coleman,4,0,"",""
ball,2,4.3,Adelaide Strikers,AT Carey,J Weatherald,JR Coleman,1,0,"",""
ball,2,4.4,Adelaide Strikers,J Weatherald,AT Carey,JR Coleman,0,0,"",""
ball,2,4.5,Adelaide Strikers,J Weatherald,AT Carey,JR Coleman,1,0,"",""
ball,2,4.6,Adelaide Strikers,AT Carey,J Weatherald,JR Coleman,0,0,"",""
ball,2,5.1,Adelaide Strikers,J Weatherald,AT Carey,JW Hastings,6,0,"",""
ball,2,5.2,Adelaide Strikers,J Weatherald,AT Carey,JW Hastings,0,1,"",""
ball,2,5.3,Adelaide Strikers,AT Carey,J Weatherald,JW Hastings,1,0,"",""
ball,2,5.4,Adelaide Strikers,J Weatherald,AT Carey,JW Hastings,0,1,"",""
ball,2,5.5,Adelaide Strikers,AT Carey,J Weatherald,JW Hastings,4,0,"",""
ball,2,5.6,Adelaide Strikers,AT Carey,J Weatherald,JW Hastings,1,0,"",""
ball,2,6.1,Adelaide Strikers,AT Carey,J Weatherald,GJ Maxwell,4,0,"",""
ball,2,6.2,Adelaide Strikers,AT Carey,J Weatherald,GJ Maxwell,2,0,"",""
ball,2,6.3,Adelaide Strikers,AT Carey,J Weatherald,GJ Maxwell,1,0,"",""
ball,2,6.4,Adelaide Strikers,J Weatherald,AT Carey,GJ Maxwell,1,0,"",""
ball,2,6.5,Adelaide Strikers,AT Carey,J Weatherald,GJ Maxwell,1,0,"",""
ball,2,6.6,Adelaide Strikers,J Weatherald,AT Carey,GJ Maxwell,0,1,stumped,J Weatherald
ball,2,6.7,Adelaide Strikers,TM Head,AT Carey,GJ Maxwell,0,0,"",""
ball,2,7.1,Adelaide Strikers,AT Carey,TM Head,JW Hastings,0,0,"",""
ball,2,7.2,Adelaide Strikers,AT Carey,TM Head,JW Hastings,0,0,"",""
ball,2,7.3,Adelaide Strikers,AT Carey,TM Head,JW Hastings,0,0,"",""
ball,2,7.4,Adelaide Strikers,AT Carey,TM Head,JW Hastings,1,0,"",""
ball,2,7.5,Adelaide Strikers,TM Head,AT Carey,JW Hastings,0,0,"",""
ball,2,7.6,Adelaide Strikers,TM Head,AT Carey,JW Hastings,0,0,"",""
ball,2,8.1,Adelaide Strikers,AT Carey,TM Head,GJ Maxwell,1,0,"",""
ball,2,8.2,Adelaide Strikers,TM Head,AT Carey,GJ Maxwell,2,0,"",""
ball,2,8.3,Adelaide Strikers,TM Head,AT Carey,GJ Maxwell,0,0,"",""
ball,2,8.4,Adelaide Strikers,TM Head,AT Carey,GJ Maxwell,1,0,"",""
ball,2,8.5,Adelaide Strikers,AT Carey,TM Head,GJ Maxwell,1,0,"",""
ball,2,8.6,Adelaide Strikers,TM Head,AT Carey,GJ Maxwell,1,0,"",""
ball,2,9.1,Adelaide Strikers,TM Head,AT Carey,MP Stoinis,1,0,"",""
ball,2,9.2,Adelaide Strikers,AT Carey,TM Head,MP Stoinis,0,1,"",""
ball,2,9.3,Adelaide Strikers,AT Carey,TM Head,MP Stoinis,1,0,"",""
ball,2,9.4,Adelaide Strikers,TM Head,AT Carey,MP Stoinis,1,0,"",""
ball,2,9.5,Adelaide Strikers,AT Carey,TM Head,MP Stoinis,1,0,"",""
ball,2,9.6,Adelaide Strikers,TM Head,AT Carey,MP Stoinis,0,0,"",""
ball,2,9.7,Adelaide Strikers,TM Head,AT Carey,MP Stoinis,4,0,"",""
ball,2,10.1,Adelaide Strikers,AT Carey,TM Head,GJ Maxwell,1,0,"",""
ball,2,10.2,Adelaide Strikers,TM Head,AT Carey,GJ Maxwell,2,0,"",""
ball,2,10.3,Adelaide Strikers,TM Head,AT Carey,GJ Maxwell,1,0,"",""
ball,2,10.4,Adelaide Strikers,AT Carey,TM Head,GJ Maxwell,0,0,"",""
ball,2,10.5,Adelaide Strikers,AT Carey,TM Head,GJ Maxwell,2,0,"",""
ball,2,10.6,Adelaide Strikers,AT Carey,TM Head,GJ Maxwell,2,0,"",""
ball,2,11.1,Adelaide Strikers,TM Head,AT Carey,MP Stoinis,4,0,"",""
ball,2,11.2,Adelaide Strikers,TM Head,AT Carey,MP Stoinis,0,0,"",""
ball,2,11.3,Adelaide Strikers,TM Head,AT Carey,MP Stoinis,6,0,"",""
ball,2,11.4,Adelaide Strikers,TM Head,AT Carey,MP Stoinis,0,0,"",""
ball,2,11.5,Adelaide Strikers,TM Head,AT Carey,MP Stoinis,0,0,"",""
ball,2,11.6,Adelaide Strikers,TM Head,AT Carey,MP Stoinis,1,0,"",""
ball,2,12.1,Adelaide Strikers,TM Head,AT Carey,A Zampa,1,0,"",""
ball,2,12.2,Adelaide Strikers,AT Carey,TM Head,A Zampa,0,0,"",""
ball,2,12.3,Adelaide Strikers,AT Carey,TM Head,A Zampa,1,0,"",""
ball,2,12.4,Adelaide Strikers,TM Head,AT Carey,A Zampa,1,0,"",""
ball,2,12.5,Adelaide Strikers,AT Carey,TM Head,A Zampa,2,0,"",""
ball,2,12.6,Adelaide Strikers,AT Carey,TM Head,A Zampa,0,0,"",""
ball,2,13.1,Adelaide Strikers,TM Head,AT Carey,SM Boland,1,0,"",""
ball,2,13.2,Adelaide Strikers,AT Carey,TM Head,SM Boland,1,0,"",""
ball,2,13.3,Adelaide Strikers,TM Head,AT Carey,SM Boland,4,0,"",""
ball,2,13.4,Adelaide Strikers,TM Head,AT Carey,SM Boland,4,0,"",""
ball,2,13.5,Adelaide Strikers,TM Head,AT Carey,SM Boland,6,0,"",""
ball,2,13.6,Adelaide Strikers,TM Head,AT Carey,SM Boland,0,0,"",""
ball,2,14.1,Adelaide Strikers,AT Carey,TM Head,A Zampa,3,0,"",""
ball,2,14.2,Adelaide Strikers,TM Head,AT Carey,A Zampa,1,0,"",""
ball,2,14.3,Adelaide Strikers,AT Carey,TM Head,A Zampa,1,0,"",""
ball,2,14.4,Adelaide Strikers,TM Head,AT Carey,A Zampa,1,0,"",""
ball,2,14.5,Adelaide Strikers,AT Carey,TM Head,A Zampa,2,0,"",""
ball,2,14.6,Adelaide Strikers,AT Carey,TM Head,A Zampa,0,0,"",""
ball,2,15.1,Adelaide Strikers,TM Head,AT Carey,MP Stoinis,6,0,"",""
ball,2,15.2,Adelaide Strikers,TM Head,AT Carey,MP Stoinis,4,0,"",""
ball,2,15.3,Adelaide Strikers,TM Head,AT Carey,MP Stoinis,0,0,"",""
ball,2,15.4,Adelaide Strikers,TM Head,AT Carey,MP Stoinis,0,0,caught,TM Head
ball,2,15.5,Adelaide Strikers,AT Carey,CA Ingram,MP Stoinis,0,0,"",""
ball,2,15.6,Adelaide Strikers,AT Carey,CA Ingram,MP Stoinis,1,0,"",""
ball,2,16.1,Adelaide Strikers,AT Carey,CA Ingram,A Zampa,1,0,"",""
ball,2,16.2,Adelaide Strikers,CA Ingram,AT Carey,A Zampa,0,0,"",""
ball,2,16.3,Adelaide Strikers,CA Ingram,AT Carey,A Zampa,0,0,"",""
ball,2,16.4,Adelaide Strikers,CA Ingram,AT Carey,A Zampa,0,1,"",""
ball,2,16.5,Adelaide Strikers,CA Ingram,AT Carey,A Zampa,0,0,"",""
ball,2,16.6,Adelaide Strikers,CA Ingram,AT Carey,A Zampa,1,0,"",""
ball,2,16.7,Adelaide Strikers,AT Carey,CA Ingram,A Zampa,0,0,"",""
ball,2,17.1,Adelaide Strikers,CA Ingram,AT Carey,MP Stoinis,6,0,"",""
ball,2,17.2,Adelaide Strikers,CA Ingram,AT Carey,MP Stoinis,1,0,"",""
ball,2,17.3,Adelaide Strikers,AT Carey,CA Ingram,MP Stoinis,1,0,"",""
ball,2,17.4,Adelaide Strikers,CA Ingram,AT Carey,MP Stoinis,0,1,"",""
ball,2,17.5,Adelaide Strikers,CA Ingram,AT Carey,MP Stoinis,4,0,"",""
ball,2,17.6,Adelaide Strikers,CA Ingram,AT Carey,MP Stoinis,0,0,"",""
ball,2,17.7,Adelaide Strikers,CA Ingram,AT Carey,MP Stoinis,0,1,"",""
ball,2,17.8,Adelaide Strikers,CA Ingram,AT Carey,MP Stoinis,2,0,"",""
ball,2,18.1,Adelaide Strikers,AT Carey,CA Ingram,A Zampa,1,0,"",""
ball,2,18.2,Adelaide Strikers,CA Ingram,AT Carey,A Zampa,0,0,"",""
ball,2,18.3,Adelaide Strikers,CA Ingram,AT Carey,A Zampa,1,0,"",""
ball,2,18.4,Adelaide Strikers,AT Carey,CA Ingram,A Zampa,6,0,"",""
