version,1.3.0
info,team,Sydney Thunder
info,team,Brisbane Heat
info,gender,male
info,season,2018/19
info,date,2019/01/08
info,competition,Big Bash League
info,match_number,24
info,venue,Sydney Showground Stadium
info,city,Sydney
info,toss_winner,Sydney Thunder
info,toss_decision,field
info,player_of_match,CA Lynn
info,umpire,GJ Davidson
info,umpire,SAJ Craig
info,reserve_umpire,Berend du Plessis
info,tv_umpire,GC Joshua
info,match_referee,SR Bernard
info,winner,Brisbane Heat
info,winner_runs,15
info,method,D/L
ball,1,0.1,Brisbane Heat,M Bryant,BB McCullum,SL Rainbird,0,0,"",""
ball,1,0.2,Brisbane Heat,M Bryant,BB McCullum,SL Rainbird,0,1,"",""
ball,1,0.3,Brisbane Heat,BB McCullum,M Bryant,SL Rainbird,0,0,"",""
ball,1,0.4,Brisbane Heat,BB McCullum,M Bryant,SL Rainbird,1,0,"",""
ball,1,0.5,Brisbane Heat,M Bryant,BB McCullum,SL Rainbird,0,0,"",""
ball,1,0.6,Brisbane Heat,M Bryant,BB McCullum,SL Rainbird,4,0,"",""
ball,1,1.1,Brisbane Heat,BB McCullum,M Bryant,JD Cook,1,0,"",""
ball,1,1.2,Brisbane Heat,M Bryant,BB McCullum,JD Cook,1,0,"",""
ball,1,1.3,Brisbane Heat,BB McCullum,M Bryant,JD Cook,0,0,"",""
ball,1,1.4,Brisbane Heat,BB McCullum,M Bryant,JD Cook,1,0,"",""
ball,1,1.5,Brisbane Heat,M Bryant,BB McCullum,JD Cook,2,0,"",""
ball,1,1.6,Brisbane Heat,M Bryant,BB McCullum,JD Cook,1,0,"",""
ball,1,2.1,Brisbane Heat,M Bryant,BB McCullum,DR Sams,0,0,"",""
ball,1,2.2,Brisbane Heat,M Bryant,BB McCullum,DR Sams,1,0,"",""
ball,1,2.3,Brisbane Heat,BB McCullum,M Bryant,DR Sams,1,0,"",""
ball,1,2.4,Brisbane Heat,M Bryant,BB McCullum,DR Sams,4,0,"",""
ball,1,2.5,Brisbane Heat,M Bryant,BB McCullum,DR Sams,0,0,"",""
ball,1,2.6,Brisbane Heat,M Bryant,BB McCullum,DR Sams,4,0,"",""
ball,1,3.1,Brisbane Heat,BB McCullum,M Bryant,GS Sandhu,0,0,"",""
ball,1,3.2,Brisbane Heat,BB McCullum,M Bryant,GS Sandhu,0,0,"",""
ball,1,3.3,Brisbane Heat,BB McCullum,M Bryant,GS Sandhu,1,0,"",""
ball,1,3.4,Brisbane Heat,M Bryant,BB McCullum,GS Sandhu,0,0,"",""
ball,1,3.5,Brisbane Heat,M Bryant,BB McCullum,GS Sandhu,0,0,"",""
ball,1,3.6,Brisbane Heat,M Bryant,BB McCullum,GS Sandhu,6,0,"",""
ball,1,4.1,Brisbane Heat,BB McCullum,M Bryant,CJ Green,0,0,"",""
ball,1,4.2,Brisbane Heat,BB McCullum,M Bryant,CJ Green,1,0,"",""
ball,1,4.3,Brisbane Heat,M Bryant,BB McCullum,CJ Green,0,0,"",""
ball,1,4.4,Brisbane Heat,M Bryant,BB McCullum,CJ Green,1,0,"",""
ball,1,4.5,Brisbane Heat,BB McCullum,M Bryant,CJ Green,0,0,"",""
ball,1,4.6,Brisbane Heat,BB McCullum,M Bryant,CJ Green,6,0,"",""
ball,1,5.1,Brisbane Heat,M Bryant,BB McCullum,DR Sams,1,0,"",""
ball,1,5.2,Brisbane Heat,BB McCullum,M Bryant,DR Sams,6,0,"",""
ball,1,5.3,Brisbane Heat,BB McCullum,M Bryant,DR Sams,0,0,"",""
ball,1,5.4,Brisbane Heat,BB McCullum,M Bryant,DR Sams,4,0,"",""
ball,1,5.5,Brisbane Heat,BB McCullum,M Bryant,DR Sams,1,0,"",""
ball,1,5.6,Brisbane Heat,M Bryant,BB McCullum,DR Sams,0,1,"",""
ball,1,5.7,Brisbane Heat,M Bryant,BB McCullum,DR Sams,4,0,"",""
ball,1,6.1,Brisbane Heat,BB McCullum,M Bryant,Fawad Ahmed,4,0,"",""
ball,1,6.2,Brisbane Heat,BB McCullum,M Bryant,Fawad Ahmed,2,0,"",""
ball,1,6.3,Brisbane Heat,BB McCullum,M Bryant,Fawad Ahmed,1,0,"",""
ball,1,6.4,Brisbane Heat,M Bryant,BB McCullum,Fawad Ahmed,1,0,"",""
ball,1,6.5,Brisbane Heat,BB McCullum,M Bryant,Fawad Ahmed,6,0,"",""
ball,1,6.6,Brisbane Heat,BB McCullum,M Bryant,Fawad Ahmed,1,0,"",""
ball,1,7.1,Brisbane Heat,BB McCullum,M Bryant,JD Cook,1,0,"",""
ball,1,7.2,Brisbane Heat,M Bryant,BB McCullum,JD Cook,0,0,"",""
ball,1,7.3,Brisbane Heat,M Bryant,BB McCullum,JD Cook,6,0,"",""
ball,1,7.4,Brisbane Heat,M Bryant,BB McCullum,JD Cook,0,0,bowled,M Bryant
ball,1,7.5,Brisbane Heat,CA Lynn,BB McCullum,JD Cook,0,0,"",""
ball,1,7.6,Brisbane Heat,CA Lynn,BB McCullum,JD Cook,0,0,"",""
ball,1,8.1,Brisbane Heat,BB McCullum,CA Lynn,Fawad Ahmed,0,0,"",""
ball,1,8.2,Brisbane Heat,BB McCullum,CA Lynn,Fawad Ahmed,1,0,"",""
ball,1,8.3,Brisbane Heat,CA Lynn,BB McCullum,Fawad Ahmed,0,0,"",""
ball,1,8.4,Brisbane Heat,CA Lynn,BB McCullum,Fawad Ahmed,0,0,"",""
ball,1,8.5,Brisbane Heat,CA Lynn,BB McCullum,Fawad Ahmed,1,0,"",""
ball,1,8.6,Brisbane Heat,BB McCullum,CA Lynn,Fawad Ahmed,4,0,"",""
ball,1,9.1,Brisbane Heat,CA Lynn,BB McCullum,JD Cook,1,0,"",""
ball,1,9.2,Brisbane Heat,BB McCullum,CA Lynn,JD Cook,1,0,"",""
ball,1,9.3,Brisbane Heat,CA Lynn,BB McCullum,JD Cook,1,0,"",""
ball,1,9.4,Brisbane Heat,BB McCullum,CA Lynn,JD Cook,1,0,"",""
ball,1,9.5,Brisbane Heat,CA Lynn,BB McCullum,JD Cook,0,0,"",""
ball,1,9.6,Brisbane Heat,CA Lynn,BB McCullum,JD Cook,1,0,"",""
ball,1,10.1,Brisbane Heat,CA Lynn,BB McCullum,Fawad Ahmed,0,0,"",""
ball,1,10.2,Brisbane Heat,CA Lynn,BB McCullum,Fawad Ahmed,2,0,"",""
ball,1,10.3,Brisbane Heat,CA Lynn,BB McCullum,Fawad Ahmed,4,0,"",""
ball,1,10.4,Brisbane Heat,CA Lynn,BB McCullum,Fawad Ahmed,1,0,"",""
ball,1,10.5,Brisbane Heat,BB McCullum,CA Lynn,Fawad Ahmed,6,0,"",""
ball,1,10.6,Brisbane Heat,BB McCullum,CA Lynn,Fawad Ahmed,1,0,"",""
ball,1,11.1,Brisbane Heat,BB McCullum,CA Lynn,CJ Green,1,0,"",""
ball,1,11.2,Brisbane Heat,CA Lynn,BB McCullum,CJ Green,6,0,"",""
ball,1,11.3,Brisbane Heat,CA Lynn,BB McCullum,CJ Green,6,0,"",""
ball,1,11.4,Brisbane Heat,CA Lynn,BB McCullum,CJ Green,1,0,"",""
ball,1,11.5,Brisbane Heat,BB McCullum,CA Lynn,CJ Green,2,0,"",""
ball,1,11.6,Brisbane Heat,BB McCullum,CA Lynn,CJ Green,0,0,"",""
ball,1,12.1,Brisbane Heat,CA Lynn,BB McCullum,SL Rainbird,1,0,"",""
ball,1,12.2,Brisbane Heat,BB McCullum,CA Lynn,SL Rainbird,0,1,"",""
ball,1,12.3,Brisbane Heat,BB McCullum,CA Lynn,SL Rainbird,1,1,"",""
ball,1,12.4,Brisbane Heat,CA Lynn,BB McCullum,SL Rainbird,2,1,"",""
ball,1,12.5,Brisbane Heat,CA Lynn,BB McCullum,SL Rainbird,4,0,"",""
ball,1,12.6,Brisbane Heat,CA Lynn,BB McCullum,SL Rainbird,0,0,"",""
ball,1,12.7,Brisbane Heat,CA Lynn,BB McCullum,SL Rainbird,4,0,"",""
ball,1,12.8,Brisbane Heat,CA Lynn,BB McCullum,SL Rainbird,6,0,"",""
ball,1,12.9,Brisbane Heat,CA Lynn,BB McCullum,SL Rainbird,1,0,"",""
ball,1,13.1,Brisbane Heat,CA Lynn,BB McCullum,GS Sandhu,0,1,"",""
ball,1,13.2,Brisbane Heat,CA Lynn,BB McCullum,GS Sandhu,1,0,"",""
ball,1,13.3,Brisbane Heat,BB McCullum,CA Lynn,GS Sandhu,0,0,caught,BB McCullum
ball,1,13.4,Brisbane Heat,BCJ Cutting,CA Lynn,GS Sandhu,1,0,"",""
ball,1,13.5,Brisbane Heat,CA Lynn,BCJ Cutting,GS Sandhu,0,0,"",""
ball,1,13.6,Brisbane Heat,CA Lynn,BCJ Cutting,GS Sandhu,4,0,"",""
ball,1,13.7,Brisbane Heat,CA Lynn,BCJ Cutting,GS Sandhu,0,0,"",""
ball,1,14.1,Brisbane Heat,BCJ Cutting,CA Lynn,JD Cook,1,0,"",""
ball,1,14.2,Brisbane Heat,CA Lynn,BCJ Cutting,JD Cook,1,0,"",""
ball,1,14.3,Brisbane Heat,BCJ Cutting,CA Lynn,JD Cook,1,0,"",""
ball,1,14.4,Brisbane Heat,CA Lynn,BCJ Cutting,JD Cook,6,0,"",""
ball,1,14.5,Brisbane Heat,CA Lynn,BCJ Cutting,JD Cook,0,0,caught,CA Lynn
ball,1,14.6,Brisbane Heat,BCJ Cutting,MT Renshaw,JD Cook,0,0,lbw,BCJ Cutting
ball,1,15.1,Brisbane Heat,MT Renshaw,JJ Peirson,Fawad Ahmed,0,0,"",""
ball,1,15.2,Brisbane Heat,MT Renshaw,JJ Peirson,Fawad Ahmed,0,0,caught,MT Renshaw
ball,1,15.3,Brisbane Heat,JJ Peirson,M Labuschagne,Fawad Ahmed,1,0,"",""
ball,1,15.4,Brisbane Heat,M Labuschagne,JJ Peirson,Fawad Ahmed,0,0,"",""
ball,1,15.5,Brisbane Heat,M Labuschagne,JJ Peirson,Fawad Ahmed,0,0,caught,M Labuschagne
ball,1,15.6,Brisbane Heat,JL Pattinson,JJ Peirson,Fawad Ahmed,0,0,"",""
ball,1,16.1,Brisbane Heat,JJ Peirson,JL Pattinson,CJ Green,1,0,"",""
ball,1,16.2,Brisbane Heat,JL Pattinson,JJ Peirson,CJ Green,0,0,"",""
ball,1,16.3,Brisbane Heat,JL Pattinson,JJ Peirson,CJ Green,0,0,"",""
ball,1,16.4,Brisbane Heat,JL Pattinson,JJ Peirson,CJ Green,0,0,lbw,JL Pattinson
ball,1,16.5,Brisbane Heat,B Doggett,JJ Peirson,CJ Green,0,1,"",""
ball,1,16.6,Brisbane Heat,B Doggett,JJ Peirson,CJ Green,1,0,"",""
ball,1,16.7,Brisbane Heat,JJ Peirson,B Doggett,CJ Green,0,0,"",""
ball,1,17.1,Brisbane Heat,B Doggett,JJ Peirson,JE Root,1,0,"",""
ball,1,17.2,Brisbane Heat,JJ Peirson,B Doggett,JE Root,2,0,"",""
ball,1,17.3,Brisbane Heat,JJ Peirson,B Doggett,JE Root,1,0,"",""
ball,1,17.4,Brisbane Heat,B Doggett,JJ Peirson,JE Root,1,0,"",""
ball,1,17.5,Brisbane Heat,JJ Peirson,B Doggett,JE Root,1,0,"",""
ball,1,17.6,Brisbane Heat,B Doggett,JJ Peirson,JE Root,1,0,"",""
ball,1,18.1,Brisbane Heat,B Doggett,JJ Peirson,DR Sams,0,0,caught,B Doggett
ball,1,18.2,Brisbane Heat,JJ Peirson,MJ Swepson,DR Sams,1,0,"",""
ball,1,18.3,Brisbane Heat,MJ Swepson,JJ Peirson,DR Sams,0,0,"",""
ball,1,18.4,Brisbane Heat,MJ Swepson,JJ Peirson,DR Sams,4,0,"",""
ball,1,18.5,Brisbane Heat,MJ Swepson,JJ Peirson,DR Sams,0,1,"",""
ball,1,18.6,Brisbane Heat,MJ Swepson,JJ Peirson,DR Sams,1,0,"",""
ball,1,18.7,Brisbane Heat,JJ Peirson,MJ Swepson,DR Sams,4,0,"",""
ball,1,19.1,Brisbane Heat,MJ Swepson,JJ Peirson,GS Sandhu,0,0,"",""
ball,1,19.2,Brisbane Heat,MJ Swepson,JJ Peirson,GS Sandhu,1,0,"",""
ball,1,19.3,Brisbane Heat,JJ Peirson,MJ Swepson,GS Sandhu,4,0,"",""
ball,1,19.4,Brisbane Heat,JJ Peirson,MJ Swepson,GS Sandhu,1,0,"",""
ball,1,19.5,Brisbane Heat,MJ Swepson,JJ Peirson,GS Sandhu,2,0,"",""
ball,1,19.6,Brisbane Heat,MJ Swepson,JJ Peirson,GS Sandhu,1,0,"",""
ball,2,0.1,Sydney Thunder,JC Buttler,SR Watson,Mujeeb Ur Rahman,4,0,"",""
ball,2,0.2,Sydney Thunder,JC Buttler,SR Watson,Mujeeb Ur Rahman,0,0,"",""
ball,2,0.3,Sydney Thunder,JC Buttler,SR Watson,Mujeeb Ur Rahman,0,0,"",""
ball,2,0.4,Sydney Thunder,JC Buttler,SR Watson,Mujeeb Ur Rahman,1,0,"",""
ball,2,0.5,Sydney Thunder,SR Watson,JC Buttler,Mujeeb Ur Rahman,0,0,"",""
ball,2,0.6,Sydney Thunder,SR Watson,JC Buttler,Mujeeb Ur Rahman,0,0,"",""
ball,2,1.1,Sydney Thunder,JC Buttler,SR Watson,JL Pattinson,0,0,"",""
ball,2,1.2,Sydney Thunder,JC Buttler,SR Watson,JL Pattinson,0,0,"",""
ball,2,1.3,Sydney Thunder,JC Buttler,SR Watson,JL Pattinson,0,0,lbw,JC Buttler
ball,2,1.4,Sydney Thunder,CJ Ferguson,SR Watson,JL Pattinson,1,0,"",""
ball,2,1.5,Sydney Thunder,SR Watson,CJ Ferguson,JL Pattinson,0,0,"",""
ball,2,1.6,Sydney Thunder,SR Watson,CJ Ferguson,JL Pattinson,0,0,"",""
ball,2,2.1,Sydney Thunder,CJ Ferguson,SR Watson,Mujeeb Ur Rahman,0,0,"",""
ball,2,2.2,Sydney Thunder,CJ Ferguson,SR Watson,Mujeeb Ur Rahman,1,0,"",""
ball,2,2.3,Sydney Thunder,SR Watson,CJ Ferguson,Mujeeb Ur Rahman,1,0,"",""
ball,2,2.4,Sydney Thunder,CJ Ferguson,SR Watson,Mujeeb Ur Rahman,6,0,"",""
ball,2,2.5,Sydney Thunder,CJ Ferguson,SR Watson,Mujeeb Ur Rahman,1,0,"",""
ball,2,2.6,Sydney Thunder,SR Watson,CJ Ferguson,Mujeeb Ur Rahman,0,0,"",""
ball,2,3.1,Sydney Thunder,CJ Ferguson,SR Watson,JL Pattinson,0,0,"",""
ball,2,3.2,Sydney Thunder,CJ Ferguson,SR Watson,JL Pattinson,1,0,"",""
ball,2,3.3,Sydney Thunder,SR Watson,CJ Ferguson,JL Pattinson,2,0,"",""
ball,2,3.4,Sydney Thunder,SR Watson,CJ Ferguson,JL Pattinson,1,0,"",""
ball,2,3.5,Sydney Thunder,CJ Ferguson,SR Watson,JL Pattinson,1,0,"",""
ball,2,3.6,Sydney Thunder,SR Watson,CJ Ferguson,JL Pattinson,0,0,"",""
ball,2,4.1,Sydney Thunder,CJ Ferguson,SR Watson,B Doggett,0,0,"",""
ball,2,4.2,Sydney Thunder,CJ Ferguson,SR Watson,B Doggett,1,0,"",""
ball,2,4.3,Sydney Thunder,SR Watson,CJ Ferguson,B Doggett,2,0,"",""
ball,2,4.4,Sydney Thunder,SR Watson,CJ Ferguson,B Doggett,1,0,"",""
ball,2,4.5,Sydney Thunder,CJ Ferguson,SR Watson,B Doggett,4,0,"",""
ball,2,4.6,Sydney Thunder,CJ Ferguson,SR Watson,B Doggett,0,0,caught,CJ Ferguson
ball,2,5.1,Sydney Thunder,SR Watson,JE Root,Mujeeb Ur Rahman,0,0,"",""
ball,2,5.2,Sydney Thunder,SR Watson,JE Root,Mujeeb Ur Rahman,0,0,"",""
ball,2,5.3,Sydney Thunder,SR Watson,JE Root,Mujeeb Ur Rahman,6,0,"",""
