version,1.3.0
info,team,Melbourne Renegades
info,team,Sydney Thunder
info,gender,male
info,season,2018/19
info,date,2019/01/30
info,competition,Big Bash League
info,match_number,46
info,venue,Docklands Stadium
info,city,Melbourne
info,toss_winner,Melbourne Renegades
info,toss_decision,bat
info,player_of_match,CJ Boyce
info,umpire,PJ Gillespie
info,umpire,GC Joshua
info,reserve_umpire,D Brigham
info,tv_umpire,DJ Shepard
info,match_referee,D Talalla
info,winner,Melbourne Renegades
info,winner_runs,27
ball,1,0.1,Melbourne Renegades,MW Harvey,AJ Finch,DR Sams,0,0,"",""
ball,1,0.2,Melbourne Renegades,MW Harvey,AJ Finch,DR Sams,0,0,"",""
ball,1,0.3,Melbourne Renegades,MW Harvey,AJ Finch,DR Sams,0,0,"",""
ball,1,0.4,Melbourne Renegades,MW Harvey,AJ Finch,DR Sams,4,0,"",""
ball,1,0.5,Melbourne Renegades,MW Harvey,AJ Finch,DR Sams,4,0,"",""
ball,1,0.6,Melbourne Renegades,MW Harvey,AJ Finch,DR Sams,0,0,"",""
ball,1,1.1,Melbourne Renegades,AJ Finch,MW Harvey,JD Cook,6,0,"",""
ball,1,1.2,Melbourne Renegades,AJ Finch,MW Harvey,JD Cook,1,0,"",""
ball,1,1.3,Melbourne Renegades,MW Harvey,AJ Finch,JD Cook,0,0,"",""
ball,1,1.4,Melbourne Renegades,MW Harvey,AJ Finch,JD Cook,0,0,"",""
ball,1,1.5,Melbourne Renegades,MW Harvey,AJ Finch,JD Cook,0,0,caught,MW Harvey
ball,1,1.6,Melbourne Renegades,SB Harper,AJ Finch,JD Cook,1,0,"",""
ball,1,2.1,Melbourne Renegades,SB Harper,AJ Finch,GS Sandhu,0,0,"",""
ball,1,2.2,Melbourne Renegades,SB Harper,AJ Finch,GS Sandhu,0,0,"",""
ball,1,2.3,Melbourne Renegades,SB Harper,AJ Finch,GS Sandhu,2,0,"",""
ball,1,2.4,Melbourne Renegades,SB Harper,AJ Finch,GS Sandhu,0,0,"",""
ball,1,2.5,Melbourne Renegades,SB Harper,AJ Finch,GS Sandhu,1,0,"",""
ball,1,2.6,Melbourne Renegades,AJ Finch,SB Harper,GS Sandhu,0,0,"",""
ball,1,3.1,Melbourne Renegades,SB Harper,AJ Finch,CJ Jordan,4,0,"",""
ball,1,3.2,Melbourne Renegades,SB Harper,AJ Finch,CJ Jordan,2,0,"",""
ball,1,3.3,Melbourne Renegades,SB Harper,AJ Finch,CJ Jordan,0,0,bowled,SB Harper
ball,1,3.4,Melbourne Renegades,TLW Cooper,AJ Finch,CJ Jordan,1,0,"",""
ball,1,3.5,Melbourne Renegades,AJ Finch,TLW Cooper,CJ Jordan,1,0,"",""
ball,1,3.6,Melbourne Renegades,TLW Cooper,AJ Finch,CJ Jordan,0,0,"",""
ball,1,4.1,Melbourne Renegades,AJ Finch,TLW Cooper,GS Sandhu,1,0,"",""
ball,1,4.2,Melbourne Renegades,TLW Cooper,AJ Finch,GS Sandhu,0,1,"",""
ball,1,4.3,Melbourne Renegades,TLW Cooper,AJ Finch,GS Sandhu,1,0,"",""
ball,1,4.4,Melbourne Renegades,AJ Finch,TLW Cooper,GS Sandhu,0,0,"",""
ball,1,4.5,Melbourne Renegades,AJ Finch,TLW Cooper,GS Sandhu,0,0,"",""
ball,1,4.6,Melbourne Renegades,AJ Finch,TLW Cooper,GS Sandhu,1,0,"",""
ball,1,4.7,Melbourne Renegades,TLW Cooper,AJ Finch,GS Sandhu,0,0,"",""
ball,1,5.1,Melbourne Renegades,AJ Finch,TLW Cooper,CJ Jordan,0,0,"",""
ball,1,5.2,Melbourne Renegades,AJ Finch,TLW Cooper,CJ Jordan,0,0,caught,AJ Finch
ball,1,5.3,Melbourne Renegades,Mohammad Nabi,TLW Cooper,CJ Jordan,0,1,"",""
ball,1,5.4,Melbourne Renegades,Mohammad Nabi,TLW Cooper,CJ Jordan,0,1,"",""
ball,1,5.5,Melbourne Renegades,Mohammad Nabi,TLW Cooper,CJ Jordan,4,0,"",""
ball,1,5.6,Melbourne Renegades,Mohammad Nabi,TLW Cooper,CJ Jordan,1,0,"",""
ball,1,5.7,Melbourne Renegades,TLW Cooper,Mohammad Nabi,CJ Jordan,0,0,"",""
ball,1,5.8,Melbourne Renegades,TLW Cooper,Mohammad Nabi,CJ Jordan,0,0,"",""
ball,1,6.1,Melbourne Renegades,Mohammad Nabi,TLW Cooper,JD Cook,2,0,"",""
ball,1,6.2,Melbourne Renegades,Mohammad Nabi,TLW Cooper,JD Cook,2,0,"",""
ball,1,6.3,Melbourne Renegades,Mohammad Nabi,TLW Cooper,JD Cook,0,0,"",""
ball,1,6.4,Melbourne Renegades,Mohammad Nabi,TLW Cooper,JD Cook,0,0,"",""
ball,1,6.5,Melbourne Renegades,Mohammad Nabi,TLW Cooper,JD Cook,2,0,"",""
ball,1,6.6,Melbourne Renegades,Mohammad Nabi,TLW Cooper,JD Cook,1,0,"",""
ball,1,7.1,Melbourne Renegades,Mohammad Nabi,TLW Cooper,Fawad Ahmed,0,0,"",""
ball,1,7.2,Melbourne Renegades,Mohammad Nabi,TLW Cooper,Fawad Ahmed,1,0,"",""
ball,1,7.3,Melbourne Renegades,TLW Cooper,Mohammad Nabi,Fawad Ahmed,1,0,"",""
ball,1,7.4,Melbourne Renegades,Mohammad Nabi,TLW Cooper,Fawad Ahmed,1,0,"",""
ball,1,7.5,Melbourne Renegades,TLW Cooper,Mohammad Nabi,Fawad Ahmed,0,0,"",""
ball,1,7.6,Melbourne Renegades,TLW Cooper,Mohammad Nabi,Fawad Ahmed,0,0,"",""
ball,1,8.1,Melbourne Renegades,Mohammad Nabi,TLW Cooper,CJ Green,0,0,"",""
ball,1,8.2,Melbourne Renegades,Mohammad Nabi,TLW Cooper,CJ Green,0,0,"",""
ball,1,8.3,Melbourne Renegades,Mohammad Nabi,TLW Cooper,CJ Green,0,0,"",""
ball,1,8.4,Melbourne Renegades,Mohammad Nabi,TLW Cooper,CJ Green,1,0,"",""
ball,1,8.5,Melbourne Renegades,TLW Cooper,Mohammad Nabi,CJ Green,0,0,"",""
ball,1,8.6,Melbourne Renegades,TLW Cooper,Mohammad Nabi,CJ Green,1,0,"",""
ball,1,9.1,Melbourne Renegades,TLW Cooper,Mohammad Nabi,Fawad Ahmed,0,0,caught and bowled,TLW Cooper
ball,1,9.2,Melbourne Renegades,DT Christian,Mohammad Nabi,Fawad Ahmed,0,0,"",""
ball,1,9.3,Melbourne Renegades,DT Christian,Mohammad Nabi,Fawad Ahmed,1,0,"",""
ball,1,9.4,Melbourne Renegades,Mohammad Nabi,DT Christian,Fawad Ahmed,1,0,"",""
ball,1,9.5,Melbourne Renegades,DT Christian,Mohammad Nabi,Fawad Ahmed,0,1,"",""
ball,1,9.6,Melbourne Renegades,DT Christian,Mohammad Nabi,Fawad Ahmed,1,0,"",""
ball,1,9.7,Melbourne Renegades,Mohammad Nabi,DT Christian,Fawad Ahmed,1,0,"",""
ball,1,10.1,Melbourne Renegades,Mohammad Nabi,DT Christian,CJ Green,0,0,"",""
ball,1,10.2,Melbourne Renegades,Mohammad Nabi,DT Christian,CJ Green,1,0,"",""
ball,1,10.3,Melbourne Renegades,DT Christian,Mohammad Nabi,CJ Green,1,0,"",""
ball,1,10.4,Melbourne Renegades,Mohammad Nabi,DT Christian,CJ Green,0,0,"",""
ball,1,10.5,Melbourne Renegades,Mohammad Nabi,DT Christian,CJ Green,6,0,"",""
ball,1,10.6,Melbourne Renegades,Mohammad Nabi,DT Christian,CJ Green,1,0,"",""
ball,1,11.1,Melbourne Renegades,Mohammad Nabi,DT Christian,Fawad Ahmed,2,0,"",""
ball,1,11.2,Melbourne Renegades,Mohammad Nabi,DT Christian,Fawad Ahmed,4,0,"",""
ball,1,11.3,Melbourne Renegades,Mohammad Nabi,DT Christian,Fawad Ahmed,0,0,"",""
ball,1,11.4,Melbourne Renegades,Mohammad Nabi,DT Christian,Fawad Ahmed,1,0,"",""
ball,1,11.5,Melbourne Renegades,DT Christian,Mohammad Nabi,Fawad Ahmed,1,0,"",""
ball,1,11.6,Melbourne Renegades,Mohammad Nabi,DT Christian,Fawad Ahmed,1,0,"",""
ball,1,12.1,Melbourne Renegades,Mohammad Nabi,DT Christian,DR Sams,1,0,"",""
ball,1,12.2,Melbourne Renegades,DT Christian,Mohammad Nabi,DR Sams,0,0,caught,DT Christian
ball,1,12.3,Melbourne Renegades,BJ Webster,Mohammad Nabi,DR Sams,0,0,"",""
ball,1,12.4,Melbourne Renegades,BJ Webster,Mohammad Nabi,DR Sams,0,0,"",""
ball,1,12.5,Melbourne Renegades,BJ Webster,Mohammad Nabi,DR Sams,1,0,"",""
ball,1,12.6,Melbourne Renegades,Mohammad Nabi,BJ Webster,DR Sams,0,0,"",""
ball,1,13.1,Melbourne Renegades,BJ Webster,Mohammad Nabi,JD Cook,0,0,"",""
ball,1,13.2,Melbourne Renegades,BJ Webster,Mohammad Nabi,JD Cook,1,0,"",""
ball,1,13.3,Melbourne Renegades,Mohammad Nabi,BJ Webster,JD Cook,1,0,"",""
ball,1,13.4,Melbourne Renegades,BJ Webster,Mohammad Nabi,JD Cook,0,0,stumped,BJ Webster
ball,1,13.5,Melbourne Renegades,CJ Boyce,Mohammad Nabi,JD Cook,0,0,"",""
ball,1,13.6,Melbourne Renegades,CJ Boyce,Mohammad Nabi,JD Cook,1,0,"",""
ball,1,14.1,Melbourne Renegades,CJ Boyce,Mohammad Nabi,GS Sandhu,4,0,"",""
ball,1,14.2,Melbourne Renegades,CJ Boyce,Mohammad Nabi,GS Sandhu,1,0,"",""
ball,1,14.3,Melbourne Renegades,Mohammad Nabi,CJ Boyce,GS Sandhu,0,0,"",""
ball,1,14.4,Melbourne Renegades,Mohammad Nabi,CJ Boyce,GS Sandhu,1,0,"",""
ball,1,14.5,Melbourne Renegades,CJ Boyce,Mohammad Nabi,GS Sandhu,1,0,"",""
ball,1,14.6,Melbourne Renegades,Mohammad Nabi,CJ Boyce,GS Sandhu,0,0,"",""
ball,1,15.1,Melbourne Renegades,CJ Boyce,Mohammad Nabi,Fawad Ahmed,4,0,"",""
ball,1,15.2,Melbourne Renegades,CJ Boyce,Mohammad Nabi,Fawad Ahmed,1,0,"",""
ball,1,15.3,Melbourne Renegades,Mohammad Nabi,CJ Boyce,Fawad Ahmed,0,0,caught,Mohammad Nabi
ball,1,15.4,Melbourne Renegades,KW Richardson,CJ Boyce,Fawad Ahmed,0,0,"",""
ball,1,15.5,Melbourne Renegades,KW Richardson,CJ Boyce,Fawad Ahmed,0,0,"",""
ball,1,15.6,Melbourne Renegades,KW Richardson,CJ Boyce,Fawad Ahmed,0,0,"",""
ball,1,16.1,Melbourne Renegades,CJ Boyce,KW Richardson,CJ Jordan,6,0,"",""
ball,1,16.2,Melbourne Renegades,CJ Boyce,KW Richardson,CJ Jordan,0,1,"",""
ball,1,16.3,Melbourne Renegades,KW Richardson,CJ Boyce,CJ Jordan,1,0,"",""
ball,1,16.4,Melbourne Renegades,CJ Boyce,KW Richardson,CJ Jordan,0,0,"",""
ball,1,16.5,Melbourne Renegades,CJ Boyce,KW Richardson,CJ Jordan,0,0,"",""
ball,1,16.6,Melbourne Renegades,CJ Boyce,KW Richardson,CJ Jordan,0,0,"",""
ball,1,17.1,Melbourne Renegades,KW Richardson,CJ Boyce,DR Sams,0,0,"",""
ball,1,17.2,Melbourne Renegades,KW Richardson,CJ Boyce,DR Sams,1,0,"",""
ball,1,17.3,Melbourne Renegades,CJ Boyce,KW Richardson,DR Sams,1,0,"",""
ball,1,17.4,Melbourne Renegades,KW Richardson,CJ Boyce,DR Sams,0,0,"",""
ball,1,17.5,Melbourne Renegades,KW Richardson,CJ Boyce,DR Sams,1,0,"",""
ball,1,17.6,Melbourne Renegades,CJ Boyce,KW Richardson,DR Sams,0,0,"",""
ball,1,18.1,Melbourne Renegades,KW Richardson,CJ Boyce,GS Sandhu,0,0,"",""
ball,1,18.2,Melbourne Renegades,KW Richardson,CJ Boyce,GS Sandhu,0,0,"",""
ball,1,18.3,Melbourne Renegades,KW Richardson,CJ Boyce,GS Sandhu,1,0,"",""
ball,1,18.4,Melbourne Renegades,CJ Boyce,KW Richardson,GS Sandhu,6,0,"",""
ball,1,18.5,Melbourne Renegades,CJ Boyce,KW Richardson,GS Sandhu,6,0,"",""
ball,1,18.6,Melbourne Renegades,CJ Boyce,KW Richardson,GS Sandhu,4,0,"",""
ball,1,19.1,Melbourne Renegades,KW Richardson,CJ Boyce,CJ Jordan,1,0,"",""
ball,1,19.2,Melbourne Renegades,CJ Boyce,KW Richardson,CJ Jordan,0,0,"",""
ball,1,19.3,Melbourne Renegades,CJ Boyce,KW Richardson,CJ Jordan,0,5,"",""
ball,1,19.4,Melbourne Renegades,CJ Boyce,KW Richardson,CJ Jordan,6,0,"",""
ball,1,19.5,Melbourne Renegades,CJ Boyce,KW Richardson,CJ Jordan,0,0,"",""
ball,1,19.6,Melbourne Renegades,CJ Boyce,KW Richardson,CJ Jordan,6,0,"",""
ball,1,19.7,Melbourne Renegades,CJ Boyce,KW Richardson,CJ Jordan,4,0,"",""
ball,2,0.1,Sydney Thunder,SR Watson,JJS Sangha,KW Richardson,0,0,"",""
ball,2,0.2,Sydney Thunder,SR Watson,JJS Sangha,KW Richardson,4,0,"",""
ball,2,0.3,Sydney Thunder,SR Watson,JJS Sangha,KW Richardson,0,0,"",""
ball,2,0.4,Sydney Thunder,SR Watson,JJS Sangha,KW Richardson,0,0,caught,SR Watson
ball,2,0.5,Sydney Thunder,CJ Ferguson,JJS Sangha,KW Richardson,0,0,"",""
ball,2,0.6,Sydney Thunder,CJ Ferguson,JJS Sangha,KW Richardson,4,0,"",""
ball,2,1.1,Sydney Thunder,JJS Sangha,CJ Ferguson,CP Tremain,0,0,"",""
ball,2,1.2,Sydney Thunder,JJS Sangha,CJ Ferguson,CP Tremain,0,0,"",""
ball,2,1.3,Sydney Thunder,JJS Sangha,CJ Ferguson,CP Tremain,1,0,"",""
ball,2,1.4,Sydney Thunder,CJ Ferguson,JJS Sangha,CP Tremain,2,0,"",""
ball,2,1.5,Sydney Thunder,CJ Ferguson,JJS Sangha,CP Tremain,0,0,"",""
ball,2,1.6,Sydney Thunder,CJ Ferguson,JJS Sangha,CP Tremain,0,0,"",""
ball,2,2.1,Sydney Thunder,JJS Sangha,CJ Ferguson,KW Richardson,0,0,"",""
ball,2,2.2,Sydney Thunder,JJS Sangha,CJ Ferguson,KW Richardson,1,0,"",""
ball,2,2.3,Sydney Thunder,CJ Ferguson,JJS Sangha,KW Richardson,2,0,"",""
ball,2,2.4,Sydney Thunder,CJ Ferguson,JJS Sangha,KW Richardson,1,0,"",""
ball,2,2.5,Sydney Thunder,JJS Sangha,CJ Ferguson,KW Richardson,0,0,caught,JJS Sangha
ball,2,2.6,Sydney Thunder,CJ Ferguson,AP Devcich,KW Richardson,0,0,"",""
ball,2,3.1,Sydney Thunder,AP Devcich,CJ Ferguson,CP Tremain,0,0,"",""
ball,2,3.2,Sydney Thunder,AP Devcich,CJ Ferguson,CP Tremain,1,0,"",""
ball,2,3.3,Sydney Thunder,CJ Ferguson,AP Devcich,CP Tremain,0,0,"",""
ball,2,3.4,Sydney Thunder,CJ Ferguson,AP Devcich,CP Tremain,0,0,"",""
ball,2,3.5,Sydney Thunder,CJ Ferguson,AP Devcich,CP Tremain,0,0,"",""
ball,2,3.6,Sydney Thunder,CJ Ferguson,AP Devcich,CP Tremain,4,0,"",""
ball,2,4.1,Sydney Thunder,AP Devcich,CJ Ferguson,KW Richardson,2,0,"",""
ball,2,4.2,Sydney Thunder,AP Devcich,CJ Ferguson,KW Richardson,4,0,"",""
ball,2,4.3,Sydney Thunder,AP Devcich,CJ Ferguson,KW Richardson,1,0,"",""
ball,2,4.4,Sydney Thunder,CJ Ferguson,AP Devcich,KW Richardson,0,0,"",""
ball,2,4.5,Sydney Thunder,CJ Ferguson,AP Devcich,KW Richardson,1,0,"",""
ball,2,4.6,Sydney Thunder,AP Devcich,CJ Ferguson,KW Richardson,0,0,"",""
ball,2,5.1,Sydney Thunder,CJ Ferguson,AP Devcich,HF Gurney,1,0,"",""
ball,2,5.2,Sydney Thunder,AP Devcich,CJ Ferguson,HF Gurney,1,0,"",""
ball,2,5.3,Sydney Thunder,CJ Ferguson,AP Devcich,HF Gurney,1,0,"",""
ball,2,5.4,Sydney Thunder,AP Devcich,CJ Ferguson,HF Gurney,0,0,"",""
ball,2,5.5,Sydney Thunder,AP Devcich,CJ Ferguson,HF Gurney,4,0,"",""
ball,2,5.6,Sydney Thunder,AP Devcich,CJ Ferguson,HF Gurney,1,0,"",""
ball,2,6.1,Sydney Thunder,AP Devcich,CJ Ferguson,CJ Boyce,1,0,"",""
ball,2,6.2,Sydney Thunder,CJ Ferguson,AP Devcich,CJ Boyce,0,0,"",""
ball,2,6.3,Sydney Thunder,CJ Ferguson,AP Devcich,CJ Boyce,1,0,"",""
ball,2,6.4,Sydney Thunder,AP Devcich,CJ Ferguson,CJ Boyce,1,0,"",""
ball,2,6.5,Sydney Thunder,CJ Ferguson,AP Devcich,CJ Boyce,1,0,"",""
ball,2,6.6,Sydney Thunder,AP Devcich,CJ Ferguson,CJ Boyce,0,0,"",""
ball,2,7.1,Sydney Thunder,CJ Ferguson,AP Devcich,DT Christian,1,0,"",""
ball,2,7.2,Sydney Thunder,AP Devcich,CJ Ferguson,DT Christian,0,0,"",""
ball,2,7.3,Sydney Thunder,AP Devcich,CJ Ferguson,DT Christian,0,0,"",""
ball,2,7.4,Sydney Thunder,AP Devcich,CJ Ferguson,DT Christian,1,0,"",""
ball,2,7.5,Sydney Thunder,CJ Ferguson,AP Devcich,DT Christian,0,0,"",""
ball,2,7.6,Sydney Thunder,CJ Ferguson,AP Devcich,DT Christian,1,0,"",""
ball,2,8.1,Sydney Thunder,CJ Ferguson,AP Devcich,CJ Boyce,1,0,"",""
ball,2,8.2,Sydney Thunder,AP Devcich,CJ Ferguson,CJ Boyce,0,0,caught,AP Devcich
ball,2,8.3,Sydney Thunder,CJ Green,CJ Ferguson,CJ Boyce,1,0,run out,CJ Green
ball,2,8.4,Sydney Thunder,BJ Holt,CJ Ferguson,CJ Boyce,0,0,"",""
ball,2,8.5,Sydney Thunder,BJ Holt,CJ Ferguson,CJ Boyce,1,0,"",""
ball,2,8.6,Sydney Thunder,CJ Ferguson,BJ Holt,CJ Boyce,0,0,"",""
ball,2,9.1,Sydney Thunder,BJ Holt,CJ Ferguson,DT Christian,0,0,"",""
ball,2,9.2,Sydney Thunder,BJ Holt,CJ Ferguson,DT Christian,0,0,"",""
ball,2,9.3,Sydney Thunder,BJ Holt,CJ Ferguson,DT Christian,0,0,"",""
ball,2,9.4,Sydney Thunder,BJ Holt,CJ Ferguson,DT Christian,0,1,"",""
ball,2,9.5,Sydney Thunder,CJ Ferguson,BJ Holt,DT Christian,1,0,"",""
ball,2,9.6,Sydney Thunder,BJ Holt,CJ Ferguson,DT Christian,1,0,"",""
ball,2,10.1,Sydney Thunder,BJ Holt,CJ Ferguson,CJ Boyce,2,0,"",""
ball,2,10.2,Sydney Thunder,BJ Holt,CJ Ferguson,CJ Boyce,1,0,"",""
ball,2,10.3,Sydney Thunder,CJ Ferguson,BJ Holt,CJ Boyce,1,0,"",""
ball,2,10.4,Sydney Thunder,BJ Holt,CJ Ferguson,CJ Boyce,0,1,"",""
ball,2,10.5,Sydney Thunder,BJ Holt,CJ Ferguson,CJ Boyce,1,0,"",""
ball,2,10.6,Sydney Thunder,CJ Ferguson,BJ Holt,CJ Boyce,0,0,"",""
ball,2,10.7,Sydney Thunder,CJ Ferguson,BJ Holt,CJ Boyce,4,0,"",""
ball,2,11.1,Sydney Thunder,BJ Holt,CJ Ferguson,CP Tremain,6,0,"",""
ball,2,11.2,Sydney Thunder,BJ Holt,CJ Ferguson,CP Tremain,1,0,"",""
ball,2,11.3,Sydney Thunder,CJ Ferguson,BJ Holt,CP Tremain,1,0,"",""
ball,2,11.4,Sydney Thunder,BJ Holt,CJ Ferguson,CP Tremain,1,0,"",""
ball,2,11.5,Sydney Thunder,CJ Ferguson,BJ Holt,CP Tremain,0,0,caught,CJ Ferguson
ball,2,11.6,Sydney Thunder,DR Sams,BJ Holt,CP Tremain,0,0,"",""
ball,2,12.1,Sydney Thunder,BJ Holt,DR Sams,DT Christian,1,0,"",""
ball,2,12.2,Sydney Thunder,DR Sams,BJ Holt,DT Christian,1,0,"",""
ball,2,12.3,Sydney Thunder,BJ Holt,DR Sams,DT Christian,0,0,"",""
ball,2,12.4,Sydney Thunder,BJ Holt,DR Sams,DT Christian,0,0,"",""
ball,2,12.5,Sydney Thunder,BJ Holt,DR Sams,DT Christian,1,0,"",""
ball,2,12.6,Sydney Thunder,DR Sams,BJ Holt,DT Christian,0,0,"",""
ball,2,13.1,Sydney Thunder,BJ Holt,DR Sams,CP Tremain,6,0,"",""
ball,2,13.2,Sydney Thunder,BJ Holt,DR Sams,CP Tremain,6,0,"",""
ball,2,13.3,Sydney Thunder,BJ Holt,DR Sams,CP Tremain,4,0,"",""
ball,2,13.4,Sydney Thunder,BJ Holt,DR Sams,CP Tremain,2,0,"",""
ball,2,13.5,Sydney Thunder,BJ Holt,DR Sams,CP Tremain,1,0,"",""
ball,2,13.6,Sydney Thunder,DR Sams,BJ Holt,CP Tremain,0,0,"",""
ball,2,14.1,Sydney Thunder,BJ Holt,DR Sams,HF Gurney,0,1,"",""
ball,2,14.2,Sydney Thunder,BJ Holt,DR Sams,HF Gurney,0,0,"",""
ball,2,14.3,Sydney Thunder,BJ Holt,DR Sams,HF Gurney,1,0,"",""
ball,2,14.4,Sydney Thunder,DR Sams,BJ Holt,HF Gurney,1,0,"",""
ball,2,14.5,Sydney Thunder,BJ Holt,DR Sams,HF Gurney,1,0,"",""
ball,2,14.6,Sydney Thunder,DR Sams,BJ Holt,HF Gurney,1,0,"",""
ball,2,14.7,Sydney Thunder,BJ Holt,DR Sams,HF Gurney,0,0,"",""
ball,2,15.1,Sydney Thunder,DR Sams,BJ Holt,KW Richardson,1,0,"",""
ball,2,15.2,Sydney Thunder,BJ Holt,DR Sams,KW Richardson,0,0,"",""
ball,2,15.3,Sydney Thunder,BJ Holt,DR Sams,KW Richardson,0,0,caught,BJ Holt
ball,2,15.4,Sydney Thunder,DR Sams,CJ Jordan,KW Richardson,1,0,"",""
ball,2,15.5,Sydney Thunder,CJ Jordan,DR Sams,KW Richardson,1,0,"",""
ball,2,15.6,Sydney Thunder,DR Sams,CJ Jordan,KW Richardson,4,0,"",""
ball,2,16.1,Sydney Thunder,CJ Jordan,DR Sams,HF Gurney,0,0,caught,CJ Jordan
ball,2,16.2,Sydney Thunder,DR Sams,GS Sandhu,HF Gurney,1,0,"",""
ball,2,16.3,Sydney Thunder,GS Sandhu,DR Sams,HF Gurney,2,0,"",""
ball,2,16.4,Sydney Thunder,GS Sandhu,DR Sams,HF Gurney,0,1,"",""
ball,2,16.5,Sydney Thunder,GS Sandhu,DR Sams,HF Gurney,1,0,"",""
ball,2,16.6,Sydney Thunder,DR Sams,GS Sandhu,HF Gurney,0,0,"",""
ball,2,16.7,Sydney Thunder,DR Sams,GS Sandhu,HF Gurney,0,0,"",""
ball,2,17.1,Sydney Thunder,GS Sandhu,DR Sams,DT Christian,0,0,"",""
ball,2,17.2,Sydney Thunder,GS Sandhu,DR Sams,DT Christian,0,0,"",""
ball,2,17.3,Sydney Thunder,GS Sandhu,DR Sams,DT Christian,0,1,"",""
ball,2,17.4,Sydney Thunder,DR Sams,GS Sandhu,DT Christian,0,0,bowled,DR Sams
ball,2,17.5,Sydney Thunder,JD Cook,GS Sandhu,DT Christian,0,0,"",""
ball,2,17.6,Sydney Thunder,JD Cook,GS Sandhu,DT Christian,1,0,"",""
ball,2,18.1,Sydney Thunder,JD Cook,GS Sandhu,HF Gurney,0,0,"",""
ball,2,18.2,Sydney Thunder,JD Cook,GS Sandhu,HF Gurney,1,0,"",""
ball,2,18.3,Sydney Thunder,GS Sandhu,JD Cook,HF Gurney,0,0,run out,JD Cook
ball,2,18.4,Sydney Thunder,Fawad Ahmed,GS Sandhu,HF Gurney,0,1,"",""
ball,2,18.5,Sydney Thunder,GS Sandhu,Fawad Ahmed,HF Gurney,1,0,"",""
ball,2,18.6,Sydney Thunder,Fawad Ahmed,GS Sandhu,HF Gurney,1,0,"",""
ball,2,19.1,Sydney Thunder,Fawad Ahmed,GS Sandhu,CJ Boyce,0,0,stumped,Fawad Ahmed
