version,1.3.0
info,team,Brisbane Heat
info,team,Melbourne Stars
info,gender,male
info,season,2018/19
info,date,2019/02/08
info,competition,Big Bash League
info,match_number,53
info,venue,"Brisbane Cricket Ground, Woolloongabba"
info,city,Brisbane
info,toss_winner,Brisbane Heat
info,toss_decision,field
info,player_of_match,BCJ Cutting
info,umpire,GJ Davidson
info,umpire,AK Wilds
info,reserve_umpire,SE Dionysius
info,tv_umpire,DM Koch
info,match_referee,RL Parry
info,winner,Brisbane Heat
info,winner_wickets,10
ball,1,0.1,Melbourne Stars,MP Stoinis,BR Dunk,MT Renshaw,1,0,"",""
ball,1,0.2,Melbourne Stars,BR Dunk,MP Stoinis,MT Renshaw,1,0,"",""
ball,1,0.3,Melbourne Stars,MP Stoinis,BR Dunk,MT Renshaw,2,0,"",""
ball,1,0.4,Melbourne Stars,MP Stoinis,BR Dunk,MT Renshaw,1,0,"",""
ball,1,0.5,Melbourne Stars,BR Dunk,MP Stoinis,MT Renshaw,0,0,"",""
ball,1,0.6,Melbourne Stars,BR Dunk,MP Stoinis,MT Renshaw,0,0,"",""
ball,1,1.1,Melbourne Stars,MP Stoinis,BR Dunk,JK Lalor,0,0,"",""
ball,1,1.2,Melbourne Stars,MP Stoinis,BR Dunk,JK Lalor,0,0,"",""
ball,1,1.3,Melbourne Stars,MP Stoinis,BR Dunk,JK Lalor,2,0,"",""
ball,1,1.4,Melbourne Stars,MP Stoinis,BR Dunk,JK Lalor,0,0,"",""
ball,1,1.5,Melbourne Stars,MP Stoinis,BR Dunk,JK Lalor,4,0,"",""
ball,1,1.6,Melbourne Stars,MP Stoinis,BR Dunk,JK Lalor,4,0,"",""
ball,1,2.1,Melbourne Stars,BR Dunk,MP Stoinis,MP Kuhnemann,4,0,"",""
ball,1,2.2,Melbourne Stars,BR Dunk,MP Stoinis,MP Kuhnemann,0,0,"",""
ball,1,2.3,Melbourne Stars,BR Dunk,MP Stoinis,MP Kuhnemann,6,0,"",""
ball,1,2.4,Melbourne Stars,BR Dunk,MP Stoinis,MP Kuhnemann,1,0,"",""
ball,1,2.5,Melbourne Stars,MP Stoinis,BR Dunk,MP Kuhnemann,0,0,"",""
ball,1,2.6,Melbourne Stars,MP Stoinis,BR Dunk,MP Kuhnemann,1,0,"",""
ball,1,3.1,Melbourne Stars,MP Stoinis,BR Dunk,JA Prestwidge,1,0,"",""
ball,1,3.2,Melbourne Stars,BR Dunk,MP Stoinis,JA Prestwidge,1,0,"",""
ball,1,3.3,Melbourne Stars,MP Stoinis,BR Dunk,JA Prestwidge,1,0,"",""
ball,1,3.4,Melbourne Stars,BR Dunk,MP Stoinis,JA Prestwidge,1,0,"",""
ball,1,3.5,Melbourne Stars,MP Stoinis,BR Dunk,JA Prestwidge,0,0,"",""
ball,1,3.6,Melbourne Stars,MP Stoinis,BR Dunk,JA Prestwidge,1,0,"",""
ball,1,4.1,Melbourne Stars,MP Stoinis,BR Dunk,MT Renshaw,1,0,"",""
ball,1,4.2,Melbourne Stars,BR Dunk,MP Stoinis,MT Renshaw,0,0,caught,BR Dunk
ball,1,4.3,Melbourne Stars,PSP Handscomb,MP Stoinis,MT Renshaw,1,0,"",""
ball,1,4.4,Melbourne Stars,MP Stoinis,PSP Handscomb,MT Renshaw,4,0,"",""
ball,1,4.5,Melbourne Stars,MP Stoinis,PSP Handscomb,MT Renshaw,6,0,"",""
ball,1,4.6,Melbourne Stars,MP Stoinis,PSP Handscomb,MT Renshaw,4,0,"",""
ball,1,5.1,Melbourne Stars,PSP Handscomb,MP Stoinis,JK Lalor,0,0,caught,PSP Handscomb
ball,1,5.2,Melbourne Stars,GJ Maxwell,MP Stoinis,JK Lalor,4,0,"",""
ball,1,5.3,Melbourne Stars,GJ Maxwell,MP Stoinis,JK Lalor,1,0,"",""
ball,1,5.4,Melbourne Stars,MP Stoinis,GJ Maxwell,JK Lalor,6,0,"",""
ball,1,5.5,Melbourne Stars,MP Stoinis,GJ Maxwell,JK Lalor,1,0,"",""
ball,1,5.6,Melbourne Stars,GJ Maxwell,MP Stoinis,JK Lalor,0,0,caught and bowled,GJ Maxwell
ball,1,6.1,Melbourne Stars,MP Stoinis,NJ Maddinson,JA Prestwidge,1,0,"",""
ball,1,6.2,Melbourne Stars,NJ Maddinson,MP Stoinis,JA Prestwidge,0,0,"",""
ball,1,6.3,Melbourne Stars,NJ Maddinson,MP Stoinis,JA Prestwidge,0,0,"",""
ball,1,6.4,Melbourne Stars,NJ Maddinson,MP Stoinis,JA Prestwidge,0,0,"",""
ball,1,6.5,Melbourne Stars,NJ Maddinson,MP Stoinis,JA Prestwidge,0,0,"",""
ball,1,6.6,Melbourne Stars,NJ Maddinson,MP Stoinis,JA Prestwidge,1,0,"",""
ball,1,7.1,Melbourne Stars,NJ Maddinson,MP Stoinis,BCJ Cutting,0,0,"",""
ball,1,7.2,Melbourne Stars,NJ Maddinson,MP Stoinis,BCJ Cutting,0,1,"",""
ball,1,7.3,Melbourne Stars,NJ Maddinson,MP Stoinis,BCJ Cutting,1,0,"",""
ball,1,7.4,Melbourne Stars,MP Stoinis,NJ Maddinson,BCJ Cutting,1,0,"",""
ball,1,7.5,Melbourne Stars,NJ Maddinson,MP Stoinis,BCJ Cutting,0,0,"",""
ball,1,7.6,Melbourne Stars,NJ Maddinson,MP Stoinis,BCJ Cutting,1,0,"",""
ball,1,7.7,Melbourne Stars,MP Stoinis,NJ Maddinson,BCJ Cutting,1,0,"",""
ball,1,8.1,Melbourne Stars,MP Stoinis,NJ Maddinson,MP Kuhnemann,1,0,"",""
ball,1,8.2,Melbourne Stars,NJ Maddinson,MP Stoinis,MP Kuhnemann,1,0,"",""
ball,1,8.3,Melbourne Stars,MP Stoinis,NJ Maddinson,MP Kuhnemann,1,0,"",""
ball,1,8.4,Melbourne Stars,NJ Maddinson,MP Stoinis,MP Kuhnemann,1,0,"",""
ball,1,8.5,Melbourne Stars,MP Stoinis,NJ Maddinson,MP Kuhnemann,0,0,"",""
ball,1,8.6,Melbourne Stars,MP Stoinis,NJ Maddinson,MP Kuhnemann,0,0,"",""
ball,1,9.1,Melbourne Stars,NJ Maddinson,MP Stoinis,JA Prestwidge,4,0,"",""
ball,1,9.2,Melbourne Stars,NJ Maddinson,MP Stoinis,JA Prestwidge,0,0,"",""
ball,1,9.3,Melbourne Stars,NJ Maddinson,MP Stoinis,JA Prestwidge,0,0,"",""
ball,1,9.4,Melbourne Stars,NJ Maddinson,MP Stoinis,JA Prestwidge,0,1,"",""
ball,1,9.5,Melbourne Stars,NJ Maddinson,MP Stoinis,JA Prestwidge,0,0,"",""
ball,1,9.6,Melbourne Stars,NJ Maddinson,MP Stoinis,JA Prestwidge,1,0,"",""
ball,1,9.7,Melbourne Stars,MP Stoinis,NJ Maddinson,JA Prestwidge,0,0,"",""
ball,1,10.1,Melbourne Stars,NJ Maddinson,MP Stoinis,MJ Swepson,0,0,"",""
ball,1,10.2,Melbourne Stars,NJ Maddinson,MP Stoinis,MJ Swepson,2,0,"",""
ball,1,10.3,Melbourne Stars,NJ Maddinson,MP Stoinis,MJ Swepson,0,0,caught,NJ Maddinson
ball,1,10.4,Melbourne Stars,SE Gotch,MP Stoinis,MJ Swepson,1,0,"",""
ball,1,10.5,Melbourne Stars,MP Stoinis,SE Gotch,MJ Swepson,1,0,"",""
ball,1,10.6,Melbourne Stars,SE Gotch,MP Stoinis,MJ Swepson,1,0,"",""
ball,1,11.1,Melbourne Stars,SE Gotch,MP Stoinis,BCJ Cutting,0,1,"",""
ball,1,11.2,Melbourne Stars,SE Gotch,MP Stoinis,BCJ Cutting,1,0,"",""
ball,1,11.3,Melbourne Stars,MP Stoinis,SE Gotch,BCJ Cutting,0,1,"",""
ball,1,11.4,Melbourne Stars,MP Stoinis,SE Gotch,BCJ Cutting,2,0,"",""
ball,1,11.5,Melbourne Stars,MP Stoinis,SE Gotch,BCJ Cutting,1,0,"",""
ball,1,11.6,Melbourne Stars,SE Gotch,MP Stoinis,BCJ Cutting,1,0,"",""
ball,1,11.7,Melbourne Stars,MP Stoinis,SE Gotch,BCJ Cutting,2,0,"",""
ball,1,11.8,Melbourne Stars,MP Stoinis,SE Gotch,BCJ Cutting,2,0,"",""
ball,1,12.1,Melbourne Stars,SE Gotch,MP Stoinis,MJ Swepson,1,0,"",""
ball,1,12.2,Melbourne Stars,MP Stoinis,SE Gotch,MJ Swepson,1,0,"",""
ball,1,12.3,Melbourne Stars,SE Gotch,MP Stoinis,MJ Swepson,1,0,"",""
ball,1,12.4,Melbourne Stars,MP Stoinis,SE Gotch,MJ Swepson,1,0,"",""
ball,1,12.5,Melbourne Stars,SE Gotch,MP Stoinis,MJ Swepson,0,0,"",""
ball,1,12.6,Melbourne Stars,SE Gotch,MP Stoinis,MJ Swepson,1,0,"",""
ball,1,13.1,Melbourne Stars,SE Gotch,MP Stoinis,MP Kuhnemann,0,0,"",""
ball,1,13.2,Melbourne Stars,SE Gotch,MP Stoinis,MP Kuhnemann,1,0,"",""
ball,1,13.3,Melbourne Stars,MP Stoinis,SE Gotch,MP Kuhnemann,1,0,"",""
ball,1,13.4,Melbourne Stars,SE Gotch,MP Stoinis,MP Kuhnemann,1,0,"",""
ball,1,13.5,Melbourne Stars,MP Stoinis,SE Gotch,MP Kuhnemann,4,0,"",""
ball,1,13.6,Melbourne Stars,MP Stoinis,SE Gotch,MP Kuhnemann,0,0,"",""
ball,1,14.1,Melbourne Stars,SE Gotch,MP Stoinis,MJ Swepson,1,0,"",""
ball,1,14.2,Melbourne Stars,MP Stoinis,SE Gotch,MJ Swepson,1,0,"",""
ball,1,14.3,Melbourne Stars,SE Gotch,MP Stoinis,MJ Swepson,1,0,"",""
ball,1,14.4,Melbourne Stars,MP Stoinis,SE Gotch,MJ Swepson,4,0,"",""
ball,1,14.5,Melbourne Stars,MP Stoinis,SE Gotch,MJ Swepson,4,0,"",""
ball,1,14.6,Melbourne Stars,MP Stoinis,SE Gotch,MJ Swepson,1,0,"",""
ball,1,15.1,Melbourne Stars,MP Stoinis,SE Gotch,JA Prestwidge,2,0,"",""
ball,1,15.2,Melbourne Stars,MP Stoinis,SE Gotch,JA Prestwidge,2,0,"",""
ball,1,15.3,Melbourne Stars,MP Stoinis,SE Gotch,JA Prestwidge,1,0,"",""
ball,1,15.4,Melbourne Stars,SE Gotch,MP Stoinis,JA Prestwidge,0,1,"",""
ball,1,15.5,Melbourne Stars,SE Gotch,MP Stoinis,JA Prestwidge,0,0,caught,SE Gotch
ball,1,15.6,Melbourne Stars,DJ Bravo,MP Stoinis,JA Prestwidge,0,0,"",""
ball,1,15.7,Melbourne Stars,DJ Bravo,MP Stoinis,JA Prestwidge,1,0,"",""
ball,1,16.1,Melbourne Stars,DJ Bravo,MP Stoinis,MP Kuhnemann,1,0,"",""
ball,1,16.2,Melbourne Stars,MP Stoinis,DJ Bravo,MP Kuhnemann,1,0,"",""
ball,1,16.3,Melbourne Stars,DJ Bravo,MP Stoinis,MP Kuhnemann,1,0,"",""
ball,1,16.4,Melbourne Stars,MP Stoinis,DJ Bravo,MP Kuhnemann,1,0,"",""
ball,1,16.5,Melbourne Stars,DJ Bravo,MP Stoinis,MP Kuhnemann,0,1,"",""
ball,1,16.6,Melbourne Stars,DJ Bravo,MP Stoinis,MP Kuhnemann,1,0,"",""
ball,1,16.7,Melbourne Stars,MP Stoinis,DJ Bravo,MP Kuhnemann,1,0,"",""
ball,1,17.1,Melbourne Stars,MP Stoinis,DJ Bravo,JK Lalor,2,0,"",""
ball,1,17.2,Melbourne Stars,MP Stoinis,DJ Bravo,JK Lalor,1,0,run out,MP Stoinis
ball,1,17.3,Melbourne Stars,JM Bird,DJ Bravo,JK Lalor,1,0,"",""
ball,1,17.4,Melbourne Stars,DJ Bravo,JM Bird,JK Lalor,0,0,"",""
ball,1,17.5,Melbourne Stars,DJ Bravo,JM Bird,JK Lalor,2,0,"",""
ball,1,17.6,Melbourne Stars,DJ Bravo,JM Bird,JK Lalor,4,0,"",""
ball,1,18.1,Melbourne Stars,JM Bird,DJ Bravo,BCJ Cutting,1,0,"",""
ball,1,18.2,Melbourne Stars,DJ Bravo,JM Bird,BCJ Cutting,0,0,"",""
ball,1,18.3,Melbourne Stars,DJ Bravo,JM Bird,BCJ Cutting,0,1,"",""
ball,1,18.4,Melbourne Stars,JM Bird,DJ Bravo,BCJ Cutting,1,0,"",""
ball,1,18.5,Melbourne Stars,DJ Bravo,JM Bird,BCJ Cutting,1,0,"",""
ball,1,18.6,Melbourne Stars,JM Bird,DJ Bravo,BCJ Cutting,0,0,"",""
ball,1,19.1,Melbourne Stars,DJ Bravo,JM Bird,JK Lalor,0,0,"",""
ball,1,19.2,Melbourne Stars,DJ Bravo,JM Bird,JK Lalor,2,0,"",""
ball,1,19.3,Melbourne Stars,DJ Bravo,JM Bird,JK Lalor,6,0,"",""
ball,1,19.4,Melbourne Stars,DJ Bravo,JM Bird,JK Lalor,1,0,"",""
ball,1,19.5,Melbourne Stars,JM Bird,DJ Bravo,JK Lalor,0,0,caught,JM Bird
ball,1,19.6,Melbourne Stars,DJ Bravo,A Zampa,JK Lalor,0,1,"",""
ball,1,19.7,Melbourne Stars,DJ Bravo,A Zampa,JK Lalor,1,0,run out,DJ Bravo
ball,2,0.1,Brisbane Heat,M Bryant,BCJ Cutting,DJ Worrall,0,0,"",""
ball,2,0.2,Brisbane Heat,M Bryant,BCJ Cutting,DJ Worrall,2,0,"",""
ball,2,0.3,Brisbane Heat,M Bryant,BCJ Cutting,DJ Worrall,2,0,"",""
ball,2,0.4,Brisbane Heat,M Bryant,BCJ Cutting,DJ Worrall,4,0,"",""
ball,2,0.5,Brisbane Heat,M Bryant,BCJ Cutting,DJ Worrall,0,0,"",""
ball,2,0.6,Brisbane Heat,M Bryant,BCJ Cutting,DJ Worrall,2,0,"",""
ball,2,1.1,Brisbane Heat,BCJ Cutting,M Bryant,JM Bird,1,0,"",""
ball,2,1.2,Brisbane Heat,M Bryant,BCJ Cutting,JM Bird,0,2,"",""
ball,2,1.3,Brisbane Heat,BCJ Cutting,M Bryant,JM Bird,0,1,"",""
ball,2,1.4,Brisbane Heat,BCJ Cutting,M Bryant,JM Bird,0,0,"",""
ball,2,1.5,Brisbane Heat,BCJ Cutting,M Bryant,JM Bird,0,0,"",""
ball,2,1.6,Brisbane Heat,BCJ Cutting,M Bryant,JM Bird,4,0,"",""
ball,2,1.7,Brisbane Heat,BCJ Cutting,M Bryant,JM Bird,4,0,"",""
ball,2,1.8,Brisbane Heat,BCJ Cutting,M Bryant,JM Bird,4,0,"",""
ball,2,2.1,Brisbane Heat,M Bryant,BCJ Cutting,DJ Worrall,0,0,"",""
ball,2,2.2,Brisbane Heat,M Bryant,BCJ Cutting,DJ Worrall,4,0,"",""
ball,2,2.3,Brisbane Heat,M Bryant,BCJ Cutting,DJ Worrall,0,0,"",""
ball,2,2.4,Brisbane Heat,M Bryant,BCJ Cutting,DJ Worrall,4,0,"",""
ball,2,2.5,Brisbane Heat,M Bryant,BCJ Cutting,DJ Worrall,0,0,"",""
ball,2,2.6,Brisbane Heat,M Bryant,BCJ Cutting,DJ Worrall,4,0,"",""
ball,2,3.1,Brisbane Heat,BCJ Cutting,M Bryant,A Zampa,1,0,"",""
ball,2,3.2,Brisbane Heat,M Bryant,BCJ Cutting,A Zampa,6,0,"",""
ball,2,3.3,Brisbane Heat,M Bryant,BCJ Cutting,A Zampa,1,0,"",""
ball,2,3.4,Brisbane Heat,BCJ Cutting,M Bryant,A Zampa,0,0,"",""
ball,2,3.5,Brisbane Heat,BCJ Cutting,M Bryant,A Zampa,2,0,"",""
ball,2,3.6,Brisbane Heat,BCJ Cutting,M Bryant,A Zampa,0,0,"",""
ball,2,4.1,Brisbane Heat,M Bryant,BCJ Cutting,MP Stoinis,0,0,"",""
ball,2,4.2,Brisbane Heat,M Bryant,BCJ Cutting,MP Stoinis,6,0,"",""
ball,2,4.3,Brisbane Heat,M Bryant,BCJ Cutting,MP Stoinis,1,0,"",""
ball,2,4.4,Brisbane Heat,BCJ Cutting,M Bryant,MP Stoinis,6,0,"",""
ball,2,4.5,Brisbane Heat,BCJ Cutting,M Bryant,MP Stoinis,0,1,"",""
ball,2,4.6,Brisbane Heat,BCJ Cutting,M Bryant,MP Stoinis,6,0,"",""
ball,2,4.7,Brisbane Heat,BCJ Cutting,M Bryant,MP Stoinis,4,0,"",""
ball,2,5.1,Brisbane Heat,M Bryant,BCJ Cutting,GJ Maxwell,6,0,"",""
ball,2,5.2,Brisbane Heat,M Bryant,BCJ Cutting,GJ Maxwell,6,0,"",""
ball,2,5.3,Brisbane Heat,M Bryant,BCJ Cutting,GJ Maxwell,4,0,"",""
ball,2,5.4,Brisbane Heat,M Bryant,BCJ Cutting,GJ Maxwell,0,0,"",""
ball,2,5.5,Brisbane Heat,M Bryant,BCJ Cutting,GJ Maxwell,4,0,"",""
ball,2,5.6,Brisbane Heat,M Bryant,BCJ Cutting,GJ Maxwell,2,0,"",""
ball,2,6.1,Brisbane Heat,BCJ Cutting,M Bryant,A Zampa,1,0,"",""
ball,2,6.2,Brisbane Heat,M Bryant,BCJ Cutting,A Zampa,1,0,"",""
ball,2,6.3,Brisbane Heat,BCJ Cutting,M Bryant,A Zampa,6,0,"",""
ball,2,6.4,Brisbane Heat,BCJ Cutting,M Bryant,A Zampa,6,0,"",""
ball,2,6.5,Brisbane Heat,BCJ Cutting,M Bryant,A Zampa,6,0,"",""
ball,2,6.6,Brisbane Heat,BCJ Cutting,M Bryant,A Zampa,1,0,"",""
ball,2,7.1,Brisbane Heat,BCJ Cutting,M Bryant,S Lamichhane,1,0,"",""
ball,2,7.2,Brisbane Heat,M Bryant,BCJ Cutting,S Lamichhane,1,0,"",""
ball,2,7.3,Brisbane Heat,BCJ Cutting,M Bryant,S Lamichhane,3,0,"",""
ball,2,7.4,Brisbane Heat,M Bryant,BCJ Cutting,S Lamichhane,2,0,"",""
ball,2,7.5,Brisbane Heat,M Bryant,BCJ Cutting,S Lamichhane,1,0,"",""
ball,2,7.6,Brisbane Heat,BCJ Cutting,M Bryant,S Lamichhane,0,0,"",""
ball,2,8.1,Brisbane Heat,M Bryant,BCJ Cutting,DJ Bravo,1,0,"",""
ball,2,8.2,Brisbane Heat,BCJ Cutting,M Bryant,DJ Bravo,0,1,"",""
ball,2,8.3,Brisbane Heat,BCJ Cutting,M Bryant,DJ Bravo,2,0,"",""
ball,2,8.4,Brisbane Heat,BCJ Cutting,M Bryant,DJ Bravo,2,0,"",""
ball,2,8.5,Brisbane Heat,BCJ Cutting,M Bryant,DJ Bravo,6,0,"",""
ball,2,8.6,Brisbane Heat,BCJ Cutting,M Bryant,DJ Bravo,0,1,"",""
ball,2,8.7,Brisbane Heat,BCJ Cutting,M Bryant,DJ Bravo,2,0,"",""
ball,2,8.8,Brisbane Heat,BCJ Cutting,M Bryant,DJ Bravo,0,0,"",""
ball,2,9.1,Brisbane Heat,M Bryant,BCJ Cutting,S Lamichhane,1,0,"",""
ball,2,9.2,Brisbane Heat,BCJ Cutting,M Bryant,S Lamichhane,6,0,"",""
ball,2,9.3,Brisbane Heat,BCJ Cutting,M Bryant,S Lamichhane,0,0,"",""
ball,2,9.4,Brisbane Heat,BCJ Cutting,M Bryant,S Lamichhane,6,0,"",""
ball,2,9.5,Brisbane Heat,BCJ Cutting,M Bryant,S Lamichhane,1,0,"",""
ball,2,9.6,Brisbane Heat,M Bryant,BCJ Cutting,S Lamichhane,6,0,"",""
