version,1.3.0
info,team,Melbourne Renegades
info,team,Perth Scorchers
info,gender,male
info,season,2018/19
info,date,2018/12/20
info,competition,Big Bash League
info,match_number,2
info,venue,Docklands Stadium
info,city,Melbourne
info,toss_winner,Melbourne Renegades
info,toss_decision,field
info,player_of_match,Usman Shinwari
info,umpire,GA Abood
info,umpire,SJ Nogajski
info,reserve_umpire,DJ Shepard
info,tv_umpire,SAJ Craig
info,match_referee,RL Parry
info,winner,Melbourne Renegades
info,winner_wickets,4
ball,1,0.1,Perth Scorchers,SM Whiteman,M Klinger,Usman Shinwari,0,0,"",""
ball,1,0.2,Perth Scorchers,SM Whiteman,M Klinger,Usman Shinwari,0,0,"",""
ball,1,0.3,Perth Scorchers,SM Whiteman,M Klinger,Usman Shinwari,1,0,"",""
ball,1,0.4,Perth Scorchers,M Klinger,SM Whiteman,Usman Shinwari,0,0,"",""
ball,1,0.5,Perth Scorchers,M Klinger,SM Whiteman,Usman Shinwari,0,0,"",""
ball,1,0.6,Perth Scorchers,M Klinger,SM Whiteman,Usman Shinwari,0,0,"",""
ball,1,1.1,Perth Scorchers,SM Whiteman,M Klinger,Mohammad Nabi,0,0,"",""
ball,1,1.2,Perth Scorchers,SM Whiteman,M Klinger,Mohammad Nabi,4,0,"",""
ball,1,1.3,Perth Scorchers,SM Whiteman,M Klinger,Mohammad Nabi,2,0,"",""
ball,1,1.4,Perth Scorchers,SM Whiteman,M Klinger,Mohammad Nabi,1,0,"",""
ball,1,1.5,Perth Scorchers,M Klinger,SM Whiteman,Mohammad Nabi,4,0,"",""
ball,1,1.6,Perth Scorchers,M Klinger,SM Whiteman,Mohammad Nabi,1,0,"",""
ball,1,2.1,Perth Scorchers,M Klinger,SM Whiteman,Usman Shinwari,1,0,"",""
ball,1,2.2,Perth Scorchers,SM Whiteman,M Klinger,Usman Shinwari,0,0,"",""
ball,1,2.3,Perth Scorchers,SM Whiteman,M Klinger,Usman Shinwari,0,0,bowled,SM Whiteman
ball,1,2.4,Perth Scorchers,DJ Willey,M Klinger,Usman Shinwari,1,0,"",""
ball,1,2.5,Perth Scorchers,M Klinger,DJ Willey,Usman Shinwari,4,0,"",""
ball,1,2.6,Perth Scorchers,M Klinger,DJ Willey,Usman Shinwari,0,0,"",""
ball,1,3.1,Perth Scorchers,DJ Willey,M Klinger,KW Richardson,1,0,"",""
ball,1,3.2,Perth Scorchers,M Klinger,DJ Willey,KW Richardson,0,0,"",""
ball,1,3.3,Perth Scorchers,M Klinger,DJ Willey,KW Richardson,4,0,"",""
ball,1,3.4,Perth Scorchers,M Klinger,DJ Willey,KW Richardson,1,0,"",""
ball,1,3.5,Perth Scorchers,DJ Willey,M Klinger,KW Richardson,0,0,"",""
ball,1,3.6,Perth Scorchers,DJ Willey,M Klinger,KW Richardson,4,0,"",""
ball,1,4.1,Perth Scorchers,M Klinger,DJ Willey,JD Wildermuth,2,0,"",""
ball,1,4.2,Perth Scorchers,M Klinger,DJ Willey,JD Wildermuth,0,0,"",""
ball,1,4.3,Perth Scorchers,M Klinger,DJ Willey,JD Wildermuth,0,0,"",""
ball,1,4.4,Perth Scorchers,M Klinger,DJ Willey,JD Wildermuth,1,0,"",""
ball,1,4.5,Perth Scorchers,DJ Willey,M Klinger,JD Wildermuth,4,0,"",""
ball,1,4.6,Perth Scorchers,DJ Willey,M Klinger,JD Wildermuth,1,0,"",""
ball,1,5.1,Perth Scorchers,DJ Willey,M Klinger,KW Richardson,1,0,"",""
ball,1,5.2,Perth Scorchers,M Klinger,DJ Willey,KW Richardson,4,0,"",""
ball,1,5.3,Perth Scorchers,M Klinger,DJ Willey,KW Richardson,0,0,"",""
ball,1,5.4,Perth Scorchers,M Klinger,DJ Willey,KW Richardson,1,0,"",""
ball,1,5.5,Perth Scorchers,DJ Willey,M Klinger,KW Richardson,0,0,caught,DJ Willey
ball,1,5.6,Perth Scorchers,M Klinger,MR Marsh,KW Richardson,0,0,"",""
ball,1,6.1,Perth Scorchers,MR Marsh,M Klinger,CJ Boyce,1,0,"",""
ball,1,6.2,Perth Scorchers,M Klinger,MR Marsh,CJ Boyce,0,0,"",""
ball,1,6.3,Perth Scorchers,M Klinger,MR Marsh,CJ Boyce,0,0,"",""
ball,1,6.4,Perth Scorchers,M Klinger,MR Marsh,CJ Boyce,1,0,"",""
ball,1,6.5,Perth Scorchers,MR Marsh,M Klinger,CJ Boyce,0,0,"",""
ball,1,6.6,Perth Scorchers,MR Marsh,M Klinger,CJ Boyce,1,0,"",""
ball,1,7.1,Perth Scorchers,MR Marsh,M Klinger,JD Wildermuth,1,0,"",""
ball,1,7.2,Perth Scorchers,M Klinger,MR Marsh,JD Wildermuth,0,0,"",""
ball,1,7.3,Perth Scorchers,M Klinger,MR Marsh,JD Wildermuth,1,0,"",""
ball,1,7.4,Perth Scorchers,MR Marsh,M Klinger,JD Wildermuth,0,0,caught,MR Marsh
ball,1,7.5,Perth Scorchers,M Klinger,AJ Turner,JD Wildermuth,0,0,"",""
ball,1,7.6,Perth Scorchers,M Klinger,AJ Turner,JD Wildermuth,0,0,"",""
ball,1,8.1,Perth Scorchers,AJ Turner,M Klinger,Usman Shinwari,1,0,"",""
ball,1,8.2,Perth Scorchers,M Klinger,AJ Turner,Usman Shinwari,0,0,"",""
ball,1,8.3,Perth Scorchers,M Klinger,AJ Turner,Usman Shinwari,1,0,"",""
ball,1,8.4,Perth Scorchers,AJ Turner,M Klinger,Usman Shinwari,0,0,"",""
ball,1,8.5,Perth Scorchers,AJ Turner,M Klinger,Usman Shinwari,1,0,"",""
ball,1,8.6,Perth Scorchers,M Klinger,AJ Turner,Usman Shinwari,1,0,"",""
ball,1,9.1,Perth Scorchers,M Klinger,AJ Turner,CJ Boyce,1,0,"",""
ball,1,9.2,Perth Scorchers,AJ Turner,M Klinger,CJ Boyce,1,0,"",""
ball,1,9.3,Perth Scorchers,M Klinger,AJ Turner,CJ Boyce,0,1,"",""
ball,1,9.4,Perth Scorchers,AJ Turner,M Klinger,CJ Boyce,2,0,"",""
ball,1,9.5,Perth Scorchers,AJ Turner,M Klinger,CJ Boyce,0,0,"",""
ball,1,9.6,Perth Scorchers,AJ Turner,M Klinger,CJ Boyce,0,0,"",""
ball,1,10.1,Perth Scorchers,M Klinger,AJ Turner,DT Christian,0,0,bowled,M Klinger
ball,1,10.2,Perth Scorchers,AC Agar,AJ Turner,DT Christian,0,0,"",""
ball,1,10.3,Perth Scorchers,AC Agar,AJ Turner,DT Christian,1,0,"",""
ball,1,10.4,Perth Scorchers,AJ Turner,AC Agar,DT Christian,0,0,"",""
ball,1,10.5,Perth Scorchers,AJ Turner,AC Agar,DT Christian,1,0,"",""
ball,1,10.6,Perth Scorchers,AC Agar,AJ Turner,DT Christian,1,0,"",""
ball,1,11.1,Perth Scorchers,AC Agar,AJ Turner,CJ Boyce,0,0,"",""
ball,1,11.2,Perth Scorchers,AC Agar,AJ Turner,CJ Boyce,0,0,"",""
ball,1,11.3,Perth Scorchers,AC Agar,AJ Turner,CJ Boyce,1,0,"",""
ball,1,11.4,Perth Scorchers,AJ Turner,AC Agar,CJ Boyce,1,0,"",""
ball,1,11.5,Perth Scorchers,AC Agar,AJ Turner,CJ Boyce,0,0,"",""
ball,1,11.6,Perth Scorchers,AC Agar,AJ Turner,CJ Boyce,2,0,"",""
ball,1,12.1,Perth Scorchers,AJ Turner,AC Agar,DT Christian,6,0,"",""
ball,1,12.2,Perth Scorchers,AJ Turner,AC Agar,DT Christian,0,0,caught,AJ Turner
ball,1,12.3,Perth Scorchers,AC Agar,HWR Cartwright,DT Christian,1,0,"",""
ball,1,12.4,Perth Scorchers,HWR Cartwright,AC Agar,DT Christian,0,0,"",""
ball,1,12.5,Perth Scorchers,HWR Cartwright,AC Agar,DT Christian,0,1,"",""
ball,1,12.6,Perth Scorchers,AC Agar,HWR Cartwright,DT Christian,0,0,caught,AC Agar
ball,1,13.1,Perth Scorchers,HWR Cartwright,NM Coulter-Nile,CJ Boyce,0,0,"",""
ball,1,13.2,Perth Scorchers,HWR Cartwright,NM Coulter-Nile,CJ Boyce,0,0,"",""
ball,1,13.3,Perth Scorchers,HWR Cartwright,NM Coulter-Nile,CJ Boyce,1,0,"",""
ball,1,13.4,Perth Scorchers,NM Coulter-Nile,HWR Cartwright,CJ Boyce,0,0,"",""
ball,1,13.5,Perth Scorchers,NM Coulter-Nile,HWR Cartwright,CJ Boyce,0,0,"",""
ball,1,13.6,Perth Scorchers,NM Coulter-Nile,HWR Cartwright,CJ Boyce,1,0,"",""
ball,1,14.1,Perth Scorchers,NM Coulter-Nile,HWR Cartwright,DT Christian,0,0,"",""
ball,1,14.2,Perth Scorchers,NM Coulter-Nile,HWR Cartwright,DT Christian,0,1,"",""
ball,1,14.3,Perth Scorchers,NM Coulter-Nile,HWR Cartwright,DT Christian,0,1,"",""
ball,1,14.4,Perth Scorchers,NM Coulter-Nile,HWR Cartwright,DT Christian,1,0,"",""
ball,1,14.5,Perth Scorchers,HWR Cartwright,NM Coulter-Nile,DT Christian,4,0,"",""
ball,1,14.6,Perth Scorchers,HWR Cartwright,NM Coulter-Nile,DT Christian,1,0,"",""
ball,1,14.7,Perth Scorchers,NM Coulter-Nile,HWR Cartwright,DT Christian,0,0,"",""
ball,1,14.8,Perth Scorchers,NM Coulter-Nile,HWR Cartwright,DT Christian,4,0,"",""
ball,1,15.1,Perth Scorchers,HWR Cartwright,NM Coulter-Nile,JD Wildermuth,1,0,"",""
ball,1,15.2,Perth Scorchers,NM Coulter-Nile,HWR Cartwright,JD Wildermuth,1,0,"",""
ball,1,15.3,Perth Scorchers,HWR Cartwright,NM Coulter-Nile,JD Wildermuth,1,0,"",""
ball,1,15.4,Perth Scorchers,NM Coulter-Nile,HWR Cartwright,JD Wildermuth,0,0,bowled,NM Coulter-Nile
ball,1,15.5,Perth Scorchers,AJ Tye,HWR Cartwright,JD Wildermuth,0,0,"",""
ball,1,15.6,Perth Scorchers,AJ Tye,HWR Cartwright,JD Wildermuth,0,1,"",""
ball,1,16.1,Perth Scorchers,AJ Tye,HWR Cartwright,KW Richardson,2,0,"",""
ball,1,16.2,Perth Scorchers,AJ Tye,HWR Cartwright,KW Richardson,0,0,"",""
ball,1,16.3,Perth Scorchers,AJ Tye,HWR Cartwright,KW Richardson,4,0,"",""
ball,1,16.4,Perth Scorchers,AJ Tye,HWR Cartwright,KW Richardson,0,0,caught,AJ Tye
ball,1,16.5,Perth Scorchers,JP Behrendorff,HWR Cartwright,KW Richardson,0,0,"",""
ball,1,16.6,Perth Scorchers,JP Behrendorff,HWR Cartwright,KW Richardson,0,0,"",""
ball,1,17.1,Perth Scorchers,HWR Cartwright,JP Behrendorff,Usman Shinwari,0,0,"",""
ball,1,17.2,Perth Scorchers,HWR Cartwright,JP Behrendorff,Usman Shinwari,4,0,"",""
ball,1,17.3,Perth Scorchers,HWR Cartwright,JP Behrendorff,Usman Shinwari,0,0,caught,HWR Cartwright
ball,1,17.4,Perth Scorchers,JP Behrendorff,Usman Qadir,Usman Shinwari,0,0,"",""
ball,1,17.5,Perth Scorchers,JP Behrendorff,Usman Qadir,Usman Shinwari,1,0,"",""
ball,1,17.6,Perth Scorchers,Usman Qadir,JP Behrendorff,Usman Shinwari,1,0,"",""
ball,1,18.1,Perth Scorchers,Usman Qadir,JP Behrendorff,KW Richardson,0,0,"",""
ball,1,18.2,Perth Scorchers,Usman Qadir,JP Behrendorff,KW Richardson,0,0,"",""
ball,1,18.3,Perth Scorchers,Usman Qadir,JP Behrendorff,KW Richardson,0,0,"",""
ball,1,18.4,Perth Scorchers,Usman Qadir,JP Behrendorff,KW Richardson,0,0,"",""
ball,1,18.5,Perth Scorchers,Usman Qadir,JP Behrendorff,KW Richardson,1,0,"",""
ball,1,18.6,Perth Scorchers,JP Behrendorff,Usman Qadir,KW Richardson,0,0,caught,JP Behrendorff
ball,2,0.1,Melbourne Renegades,TP Ludeman,JD Wildermuth,JP Behrendorff,0,0,"",""
ball,2,0.2,Melbourne Renegades,TP Ludeman,JD Wildermuth,JP Behrendorff,0,0,"",""
ball,2,0.3,Melbourne Renegades,TP Ludeman,JD Wildermuth,JP Behrendorff,2,0,"",""
ball,2,0.4,Melbourne Renegades,TP Ludeman,JD Wildermuth,JP Behrendorff,0,0,caught,TP Ludeman
ball,2,0.5,Melbourne Renegades,SB Harper,JD Wildermuth,JP Behrendorff,0,0,"",""
ball,2,0.6,Melbourne Renegades,SB Harper,JD Wildermuth,JP Behrendorff,4,0,"",""
ball,2,1.1,Melbourne Renegades,JD Wildermuth,SB Harper,NM Coulter-Nile,0,0,"",""
ball,2,1.2,Melbourne Renegades,JD Wildermuth,SB Harper,NM Coulter-Nile,0,0,bowled,JD Wildermuth
ball,2,1.3,Melbourne Renegades,CL White,SB Harper,NM Coulter-Nile,0,1,"",""
ball,2,1.4,Melbourne Renegades,CL White,SB Harper,NM Coulter-Nile,1,0,"",""
ball,2,1.5,Melbourne Renegades,SB Harper,CL White,NM Coulter-Nile,1,0,"",""
ball,2,1.6,Melbourne Renegades,CL White,SB Harper,NM Coulter-Nile,0,0,"",""
ball,2,1.7,Melbourne Renegades,CL White,SB Harper,NM Coulter-Nile,1,0,"",""
ball,2,2.1,Melbourne Renegades,CL White,SB Harper,JP Behrendorff,0,0,"",""
ball,2,2.2,Melbourne Renegades,CL White,SB Harper,JP Behrendorff,0,0,"",""
ball,2,2.3,Melbourne Renegades,CL White,SB Harper,JP Behrendorff,0,0,"",""
ball,2,2.4,Melbourne Renegades,CL White,SB Harper,JP Behrendorff,0,0,bowled,CL White
ball,2,2.5,Melbourne Renegades,TLW Cooper,SB Harper,JP Behrendorff,2,0,"",""
ball,2,2.6,Melbourne Renegades,TLW Cooper,SB Harper,JP Behrendorff,0,0,"",""
ball,2,3.1,Melbourne Renegades,SB Harper,TLW Cooper,NM Coulter-Nile,0,0,"",""
ball,2,3.2,Melbourne Renegades,SB Harper,TLW Cooper,NM Coulter-Nile,0,0,"",""
ball,2,3.3,Melbourne Renegades,SB Harper,TLW Cooper,NM Coulter-Nile,0,1,"",""
ball,2,3.4,Melbourne Renegades,TLW Cooper,SB Harper,NM Coulter-Nile,4,0,"",""
ball,2,3.5,Melbourne Renegades,TLW Cooper,SB Harper,NM Coulter-Nile,0,0,caught,TLW Cooper
ball,2,3.6,Melbourne Renegades,Mohammad Nabi,SB Harper,NM Coulter-Nile,0,0,"",""
ball,2,4.1,Melbourne Renegades,SB Harper,Mohammad Nabi,JP Behrendorff,1,0,"",""
ball,2,4.2,Melbourne Renegades,Mohammad Nabi,SB Harper,JP Behrendorff,0,0,"",""
ball,2,4.3,Melbourne Renegades,Mohammad Nabi,SB Harper,JP Behrendorff,0,0,"",""
ball,2,4.4,Melbourne Renegades,Mohammad Nabi,SB Harper,JP Behrendorff,0,0,"",""
ball,2,4.5,Melbourne Renegades,Mohammad Nabi,SB Harper,JP Behrendorff,0,0,"",""
ball,2,4.6,Melbourne Renegades,Mohammad Nabi,SB Harper,JP Behrendorff,1,0,"",""
ball,2,5.1,Melbourne Renegades,Mohammad Nabi,SB Harper,AJ Tye,0,1,"",""
ball,2,5.2,Melbourne Renegades,SB Harper,Mohammad Nabi,AJ Tye,0,0,"",""
ball,2,5.3,Melbourne Renegades,SB Harper,Mohammad Nabi,AJ Tye,2,0,"",""
ball,2,5.4,Melbourne Renegades,SB Harper,Mohammad Nabi,AJ Tye,0,0,"",""
ball,2,5.5,Melbourne Renegades,SB Harper,Mohammad Nabi,AJ Tye,4,0,"",""
ball,2,5.6,Melbourne Renegades,SB Harper,Mohammad Nabi,AJ Tye,6,0,"",""
ball,2,6.1,Melbourne Renegades,Mohammad Nabi,SB Harper,DJ Willey,0,0,"",""
ball,2,6.2,Melbourne Renegades,Mohammad Nabi,SB Harper,DJ Willey,0,0,"",""
ball,2,6.3,Melbourne Renegades,Mohammad Nabi,SB Harper,DJ Willey,4,0,"",""
ball,2,6.4,Melbourne Renegades,Mohammad Nabi,SB Harper,DJ Willey,0,0,"",""
ball,2,6.5,Melbourne Renegades,Mohammad Nabi,SB Harper,DJ Willey,6,0,"",""
ball,2,6.6,Melbourne Renegades,Mohammad Nabi,SB Harper,DJ Willey,0,0,"",""
ball,2,7.1,Melbourne Renegades,SB Harper,Mohammad Nabi,Usman Qadir,3,0,"",""
ball,2,7.2,Melbourne Renegades,Mohammad Nabi,SB Harper,Usman Qadir,1,0,"",""
ball,2,7.3,Melbourne Renegades,SB Harper,Mohammad Nabi,Usman Qadir,4,0,"",""
ball,2,7.4,Melbourne Renegades,SB Harper,Mohammad Nabi,Usman Qadir,1,0,"",""
ball,2,7.5,Melbourne Renegades,Mohammad Nabi,SB Harper,Usman Qadir,1,0,"",""
ball,2,7.6,Melbourne Renegades,SB Harper,Mohammad Nabi,Usman Qadir,6,0,"",""
ball,2,8.1,Melbourne Renegades,Mohammad Nabi,SB Harper,AJ Tye,4,0,"",""
ball,2,8.2,Melbourne Renegades,Mohammad Nabi,SB Harper,AJ Tye,1,0,"",""
ball,2,8.3,Melbourne Renegades,SB Harper,Mohammad Nabi,AJ Tye,1,0,"",""
ball,2,8.4,Melbourne Renegades,Mohammad Nabi,SB Harper,AJ Tye,0,0,"",""
ball,2,8.5,Melbourne Renegades,Mohammad Nabi,SB Harper,AJ Tye,1,0,"",""
ball,2,8.6,Melbourne Renegades,SB Harper,Mohammad Nabi,AJ Tye,0,0,"",""
ball,2,9.1,Melbourne Renegades,Mohammad Nabi,SB Harper,NM Coulter-Nile,6,0,"",""
ball,2,9.2,Melbourne Renegades,Mohammad Nabi,SB Harper,NM Coulter-Nile,4,0,"",""
ball,2,9.3,Melbourne Renegades,Mohammad Nabi,SB Harper,NM Coulter-Nile,1,0,"",""
ball,2,9.4,Melbourne Renegades,SB Harper,Mohammad Nabi,NM Coulter-Nile,0,0,"",""
ball,2,9.5,Melbourne Renegades,SB Harper,Mohammad Nabi,NM Coulter-Nile,0,0,"",""
ball,2,9.6,Melbourne Renegades,SB Harper,Mohammad Nabi,NM Coulter-Nile,1,0,"",""
ball,2,10.1,Melbourne Renegades,SB Harper,Mohammad Nabi,JP Behrendorff,1,0,"",""
ball,2,10.2,Melbourne Renegades,Mohammad Nabi,SB Harper,JP Behrendorff,0,0,"",""
ball,2,10.3,Melbourne Renegades,Mohammad Nabi,SB Harper,JP Behrendorff,0,0,"",""
ball,2,10.4,Melbourne Renegades,Mohammad Nabi,SB Harper,JP Behrendorff,1,0,"",""
ball,2,10.5,Melbourne Renegades,SB Harper,Mohammad Nabi,JP Behrendorff,1,0,"",""
ball,2,10.6,Melbourne Renegades,Mohammad Nabi,SB Harper,JP Behrendorff,4,0,"",""
ball,2,11.1,Melbourne Renegades,SB Harper,Mohammad Nabi,AC Agar,0,1,"",""
ball,2,11.2,Melbourne Renegades,Mohammad Nabi,SB Harper,AC Agar,0,0,caught,Mohammad Nabi
ball,2,11.3,Melbourne Renegades,DT Christian,SB Harper,AC Agar,0,0,"",""
ball,2,11.4,Melbourne Renegades,DT Christian,SB Harper,AC Agar,1,0,"",""
ball,2,11.5,Melbourne Renegades,SB Harper,DT Christian,AC Agar,0,0,run out,SB Harper
ball,2,11.6,Melbourne Renegades,W Sutherland,DT Christian,AC Agar,2,0,"",""
ball,2,12.1,Melbourne Renegades,DT Christian,W Sutherland,NM Coulter-Nile,1,0,"",""
ball,2,12.2,Melbourne Renegades,W Sutherland,DT Christian,NM Coulter-Nile,0,0,"",""
ball,2,12.3,Melbourne Renegades,W Sutherland,DT Christian,NM Coulter-Nile,0,0,"",""
ball,2,12.4,Melbourne Renegades,W Sutherland,DT Christian,NM Coulter-Nile,1,0,"",""
ball,2,12.5,Melbourne Renegades,DT Christian,W Sutherland,NM Coulter-Nile,0,0,"",""
ball,2,12.6,Melbourne Renegades,DT Christian,W Sutherland,NM Coulter-Nile,0,0,"",""
ball,2,13.1,Melbourne Renegades,W Sutherland,DT Christian,AC Agar,1,0,"",""
ball,2,13.2,Melbourne Renegades,DT Christian,W Sutherland,AC Agar,1,0,"",""
ball,2,13.3,Melbourne Renegades,W Sutherland,DT Christian,AC Agar,0,1,"",""
ball,2,13.4,Melbourne Renegades,W Sutherland,DT Christian,AC Agar,1,0,"",""
ball,2,13.5,Melbourne Renegades,DT Christian,W Sutherland,AC Agar,0,0,"",""
ball,2,13.6,Melbourne Renegades,DT Christian,W Sutherland,AC Agar,1,0,"",""
ball,2,13.7,Melbourne Renegades,W Sutherland,DT Christian,AC Agar,2,0,"",""
ball,2,14.1,Melbourne Renegades,DT Christian,W Sutherland,Usman Qadir,0,1,"",""
ball,2,14.2,Melbourne Renegades,DT Christian,W Sutherland,Usman Qadir,2,0,"",""
ball,2,14.3,Melbourne Renegades,DT Christian,W Sutherland,Usman Qadir,0,0,"",""
ball,2,14.4,Melbourne Renegades,DT Christian,W Sutherland,Usman Qadir,0,0,"",""
ball,2,14.5,Melbourne Renegades,DT Christian,W Sutherland,Usman Qadir,0,0,"",""
ball,2,14.6,Melbourne Renegades,DT Christian,W Sutherland,Usman Qadir,0,0,"",""
ball,2,14.7,Melbourne Renegades,DT Christian,W Sutherland,Usman Qadir,1,0,"",""
ball,2,15.1,Melbourne Renegades,DT Christian,W Sutherland,AJ Tye,0,0,"",""
ball,2,15.2,Melbourne Renegades,DT Christian,W Sutherland,AJ Tye,6,0,"",""
