version,1.3.0
info,team,Melbourne Renegades
info,team,Adelaide Strikers
info,gender,male
info,season,2018/19
info,date,2019/01/03
info,competition,Big Bash League
info,match_number,18
info,venue,"Simonds Stadium, South Geelong, Victoria"
info,city,Geelong
info,toss_winner,Melbourne Renegades
info,toss_decision,field
info,player_of_match,J Weatherald
info,umpire,MW Graham-Smith
info,umpire,GA Abood
info,reserve_umpire,D Brigham
info,tv_umpire,SJ Nogajski
info,match_referee,D Talalla
info,winner,Adelaide Strikers
info,winner_runs,32
ball,1,0.1,Adelaide Strikers,AT Carey,J Weatherald,TLW Cooper,4,0,"",""
ball,1,0.2,Adelaide Strikers,AT Carey,J Weatherald,TLW Cooper,1,0,"",""
ball,1,0.3,Adelaide Strikers,J Weatherald,AT Carey,TLW Cooper,0,0,"",""
ball,1,0.4,Adelaide Strikers,J Weatherald,AT Carey,TLW Cooper,0,0,"",""
ball,1,0.5,Adelaide Strikers,J Weatherald,AT Carey,TLW Cooper,4,0,"",""
ball,1,0.6,Adelaide Strikers,J Weatherald,AT Carey,TLW Cooper,4,0,"",""
ball,1,1.1,Adelaide Strikers,AT Carey,J Weatherald,Usman Shinwari,0,0,"",""
ball,1,1.2,Adelaide Strikers,AT Carey,J Weatherald,Usman Shinwari,1,0,"",""
ball,1,1.3,Adelaide Strikers,J Weatherald,AT Carey,Usman Shinwari,0,0,"",""
ball,1,1.4,Adelaide Strikers,J Weatherald,AT Carey,Usman Shinwari,1,0,"",""
ball,1,1.5,Adelaide Strikers,AT Carey,J Weatherald,Usman Shinwari,0,0,"",""
ball,1,1.6,Adelaide Strikers,AT Carey,J Weatherald,Usman Shinwari,0,0,"",""
ball,1,2.1,Adelaide Strikers,J Weatherald,AT Carey,KW Richardson,1,0,"",""
ball,1,2.2,Adelaide Strikers,AT Carey,J Weatherald,KW Richardson,0,0,"",""
ball,1,2.3,Adelaide Strikers,AT Carey,J Weatherald,KW Richardson,0,0,"",""
ball,1,2.4,Adelaide Strikers,AT Carey,J Weatherald,KW Richardson,1,0,"",""
ball,1,2.5,Adelaide Strikers,J Weatherald,AT Carey,KW Richardson,0,0,"",""
ball,1,2.6,Adelaide Strikers,J Weatherald,AT Carey,KW Richardson,3,0,"",""
ball,1,3.1,Adelaide Strikers,J Weatherald,AT Carey,Usman Shinwari,0,0,"",""
ball,1,3.2,Adelaide Strikers,J Weatherald,AT Carey,Usman Shinwari,1,0,"",""
ball,1,3.3,Adelaide Strikers,AT Carey,J Weatherald,Usman Shinwari,1,0,"",""
ball,1,3.4,Adelaide Strikers,J Weatherald,AT Carey,Usman Shinwari,4,0,"",""
ball,1,3.5,Adelaide Strikers,J Weatherald,AT Carey,Usman Shinwari,4,0,"",""
ball,1,3.6,Adelaide Strikers,J Weatherald,AT Carey,Usman Shinwari,4,0,"",""
ball,1,4.1,Adelaide Strikers,AT Carey,J Weatherald,JD Wildermuth,1,0,"",""
ball,1,4.2,Adelaide Strikers,J Weatherald,AT Carey,JD Wildermuth,1,0,"",""
ball,1,4.3,Adelaide Strikers,AT Carey,J Weatherald,JD Wildermuth,0,0,"",""
ball,1,4.4,Adelaide Strikers,AT Carey,J Weatherald,JD Wildermuth,1,0,"",""
ball,1,4.5,Adelaide Strikers,J Weatherald,AT Carey,JD Wildermuth,2,0,"",""
ball,1,4.6,Adelaide Strikers,J Weatherald,AT Carey,JD Wildermuth,4,0,"",""
ball,1,5.1,Adelaide Strikers,AT Carey,J Weatherald,KW Richardson,1,0,"",""
ball,1,5.2,Adelaide Strikers,J Weatherald,AT Carey,KW Richardson,1,0,"",""
ball,1,5.3,Adelaide Strikers,AT Carey,J Weatherald,KW Richardson,1,1,"",""
ball,1,5.4,Adelaide Strikers,J Weatherald,AT Carey,KW Richardson,1,0,"",""
ball,1,5.5,Adelaide Strikers,AT Carey,J Weatherald,KW Richardson,1,0,"",""
ball,1,5.6,Adelaide Strikers,J Weatherald,AT Carey,KW Richardson,1,0,"",""
ball,1,5.7,Adelaide Strikers,AT Carey,J Weatherald,KW Richardson,1,0,"",""
ball,1,6.1,Adelaide Strikers,AT Carey,J Weatherald,Mohammad Nabi,0,0,"",""
ball,1,6.2,Adelaide Strikers,AT Carey,J Weatherald,Mohammad Nabi,1,0,"",""
ball,1,6.3,Adelaide Strikers,J Weatherald,AT Carey,Mohammad Nabi,1,0,"",""
ball,1,6.4,Adelaide Strikers,AT Carey,J Weatherald,Mohammad Nabi,1,0,"",""
ball,1,6.5,Adelaide Strikers,J Weatherald,AT Carey,Mohammad Nabi,6,0,"",""
ball,1,6.6,Adelaide Strikers,J Weatherald,AT Carey,Mohammad Nabi,0,0,"",""
ball,1,7.1,Adelaide Strikers,AT Carey,J Weatherald,CJ Boyce,0,0,caught,AT Carey
ball,1,7.2,Adelaide Strikers,CA Ingram,J Weatherald,CJ Boyce,1,0,"",""
ball,1,7.3,Adelaide Strikers,J Weatherald,CA Ingram,CJ Boyce,1,0,"",""
ball,1,7.4,Adelaide Strikers,CA Ingram,J Weatherald,CJ Boyce,0,0,"",""
ball,1,7.5,Adelaide Strikers,CA Ingram,J Weatherald,CJ Boyce,1,0,"",""
ball,1,7.6,Adelaide Strikers,J Weatherald,CA Ingram,CJ Boyce,1,0,"",""
ball,1,8.1,Adelaide Strikers,J Weatherald,CA Ingram,JD Wildermuth,6,0,"",""
ball,1,8.2,Adelaide Strikers,J Weatherald,CA Ingram,JD Wildermuth,0,0,"",""
ball,1,8.3,Adelaide Strikers,J Weatherald,CA Ingram,JD Wildermuth,1,0,"",""
ball,1,8.4,Adelaide Strikers,CA Ingram,J Weatherald,JD Wildermuth,0,0,"",""
ball,1,8.5,Adelaide Strikers,CA Ingram,J Weatherald,JD Wildermuth,4,0,"",""
ball,1,8.6,Adelaide Strikers,CA Ingram,J Weatherald,JD Wildermuth,0,0,"",""
ball,1,9.1,Adelaide Strikers,J Weatherald,CA Ingram,CJ Boyce,1,0,"",""
ball,1,9.2,Adelaide Strikers,CA Ingram,J Weatherald,CJ Boyce,0,0,"",""
ball,1,9.3,Adelaide Strikers,CA Ingram,J Weatherald,CJ Boyce,0,0,"",""
ball,1,9.4,Adelaide Strikers,CA Ingram,J Weatherald,CJ Boyce,0,2,"",""
ball,1,9.5,Adelaide Strikers,CA Ingram,J Weatherald,CJ Boyce,0,0,caught,CA Ingram
ball,1,9.6,Adelaide Strikers,J Weatherald,MW Short,CJ Boyce,0,0,"",""
ball,1,10.1,Adelaide Strikers,MW Short,J Weatherald,Mohammad Nabi,0,0,"",""
ball,1,10.2,Adelaide Strikers,MW Short,J Weatherald,Mohammad Nabi,1,0,"",""
ball,1,10.3,Adelaide Strikers,J Weatherald,MW Short,Mohammad Nabi,6,0,"",""
ball,1,10.4,Adelaide Strikers,J Weatherald,MW Short,Mohammad Nabi,1,0,"",""
ball,1,10.5,Adelaide Strikers,MW Short,J Weatherald,Mohammad Nabi,0,0,"",""
ball,1,10.6,Adelaide Strikers,MW Short,J Weatherald,Mohammad Nabi,0,0,run out,MW Short
ball,1,11.1,Adelaide Strikers,J Weatherald,JW Wells,CJ Boyce,1,0,"",""
ball,1,11.2,Adelaide Strikers,JW Wells,J Weatherald,CJ Boyce,1,0,"",""
ball,1,11.3,Adelaide Strikers,J Weatherald,JW Wells,CJ Boyce,2,0,"",""
ball,1,11.4,Adelaide Strikers,J Weatherald,JW Wells,CJ Boyce,0,0,"",""
ball,1,11.5,Adelaide Strikers,J Weatherald,JW Wells,CJ Boyce,0,0,"",""
ball,1,11.6,Adelaide Strikers,J Weatherald,JW Wells,CJ Boyce,1,0,"",""
ball,1,12.1,Adelaide Strikers,J Weatherald,JW Wells,DT Christian,0,0,"",""
ball,1,12.2,Adelaide Strikers,J Weatherald,JW Wells,DT Christian,0,0,"",""
ball,1,12.3,Adelaide Strikers,J Weatherald,JW Wells,DT Christian,1,0,"",""
ball,1,12.4,Adelaide Strikers,JW Wells,J Weatherald,DT Christian,1,0,"",""
ball,1,12.5,Adelaide Strikers,J Weatherald,JW Wells,DT Christian,1,0,"",""
ball,1,12.6,Adelaide Strikers,JW Wells,J Weatherald,DT Christian,1,0,"",""
ball,1,13.1,Adelaide Strikers,JW Wells,J Weatherald,CJ Boyce,1,0,"",""
ball,1,13.2,Adelaide Strikers,J Weatherald,JW Wells,CJ Boyce,1,0,"",""
ball,1,13.3,Adelaide Strikers,JW Wells,J Weatherald,CJ Boyce,1,0,"",""
ball,1,13.4,Adelaide Strikers,J Weatherald,JW Wells,CJ Boyce,3,0,"",""
ball,1,13.5,Adelaide Strikers,JW Wells,J Weatherald,CJ Boyce,0,0,"",""
ball,1,13.6,Adelaide Strikers,JW Wells,J Weatherald,CJ Boyce,0,0,"",""
ball,1,14.1,Adelaide Strikers,J Weatherald,JW Wells,Mohammad Nabi,1,0,"",""
ball,1,14.2,Adelaide Strikers,JW Wells,J Weatherald,Mohammad Nabi,2,0,run out,J Weatherald
ball,1,14.3,Adelaide Strikers,JS Lehmann,JW Wells,Mohammad Nabi,1,0,"",""
ball,1,14.4,Adelaide Strikers,JW Wells,JS Lehmann,Mohammad Nabi,1,0,"",""
ball,1,14.5,Adelaide Strikers,JS Lehmann,JW Wells,Mohammad Nabi,0,0,"",""
ball,1,14.6,Adelaide Strikers,JS Lehmann,JW Wells,Mohammad Nabi,0,0,"",""
ball,1,15.1,Adelaide Strikers,JW Wells,JS Lehmann,DT Christian,1,0,"",""
ball,1,15.2,Adelaide Strikers,JS Lehmann,JW Wells,DT Christian,1,0,"",""
ball,1,15.3,Adelaide Strikers,JW Wells,JS Lehmann,DT Christian,0,0,"",""
ball,1,15.4,Adelaide Strikers,JW Wells,JS Lehmann,DT Christian,1,0,"",""
ball,1,15.5,Adelaide Strikers,JS Lehmann,JW Wells,DT Christian,0,0,"",""
ball,1,15.6,Adelaide Strikers,JS Lehmann,JW Wells,DT Christian,0,0,caught and bowled,JS Lehmann
ball,1,16.1,Adelaide Strikers,JW Wells,MG Neser,KW Richardson,0,0,"",""
ball,1,16.2,Adelaide Strikers,JW Wells,MG Neser,KW Richardson,1,0,"",""
ball,1,16.3,Adelaide Strikers,MG Neser,JW Wells,KW Richardson,1,0,"",""
ball,1,16.4,Adelaide Strikers,JW Wells,MG Neser,KW Richardson,1,0,"",""
ball,1,16.5,Adelaide Strikers,MG Neser,JW Wells,KW Richardson,2,0,"",""
ball,1,16.6,Adelaide Strikers,MG Neser,JW Wells,KW Richardson,0,0,"",""
ball,1,17.1,Adelaide Strikers,JW Wells,MG Neser,Usman Shinwari,2,0,"",""
ball,1,17.2,Adelaide Strikers,JW Wells,MG Neser,Usman Shinwari,1,0,"",""
ball,1,17.3,Adelaide Strikers,MG Neser,JW Wells,Usman Shinwari,4,0,"",""
ball,1,17.4,Adelaide Strikers,MG Neser,JW Wells,Usman Shinwari,4,0,"",""
ball,1,17.5,Adelaide Strikers,MG Neser,JW Wells,Usman Shinwari,2,0,"",""
ball,1,17.6,Adelaide Strikers,MG Neser,JW Wells,Usman Shinwari,0,0,lbw,MG Neser
ball,1,18.1,Adelaide Strikers,JW Wells,Rashid Khan,KW Richardson,2,0,"",""
ball,1,18.2,Adelaide Strikers,JW Wells,Rashid Khan,KW Richardson,1,0,"",""
ball,1,18.3,Adelaide Strikers,Rashid Khan,JW Wells,KW Richardson,6,0,"",""
ball,1,18.4,Adelaide Strikers,Rashid Khan,JW Wells,KW Richardson,0,0,"",""
ball,1,18.5,Adelaide Strikers,Rashid Khan,JW Wells,KW Richardson,4,0,"",""
ball,1,18.6,Adelaide Strikers,Rashid Khan,JW Wells,KW Richardson,4,0,"",""
ball,1,19.1,Adelaide Strikers,JW Wells,Rashid Khan,Usman Shinwari,0,1,"",""
ball,1,19.2,Adelaide Strikers,Rashid Khan,JW Wells,Usman Shinwari,1,0,"",""
ball,1,19.3,Adelaide Strikers,JW Wells,Rashid Khan,Usman Shinwari,0,1,"",""
ball,1,19.4,Adelaide Strikers,Rashid Khan,JW Wells,Usman Shinwari,6,0,"",""
ball,1,19.5,Adelaide Strikers,Rashid Khan,JW Wells,Usman Shinwari,0,1,"",""
ball,1,19.6,Adelaide Strikers,JW Wells,Rashid Khan,Usman Shinwari,4,0,"",""
ball,2,0.1,Melbourne Renegades,MW Harvey,CL White,LN O'Connor,0,0,"",""
ball,2,0.2,Melbourne Renegades,MW Harvey,CL White,LN O'Connor,1,0,"",""
ball,2,0.3,Melbourne Renegades,CL White,MW Harvey,LN O'Connor,0,0,"",""
ball,2,0.4,Melbourne Renegades,CL White,MW Harvey,LN O'Connor,0,0,"",""
ball,2,0.5,Melbourne Renegades,CL White,MW Harvey,LN O'Connor,2,0,"",""
ball,2,0.6,Melbourne Renegades,CL White,MW Harvey,LN O'Connor,1,0,"",""
ball,2,1.1,Melbourne Renegades,CL White,MW Harvey,MG Neser,0,0,"",""
ball,2,1.2,Melbourne Renegades,CL White,MW Harvey,MG Neser,0,0,"",""
ball,2,1.3,Melbourne Renegades,CL White,MW Harvey,MG Neser,0,0,"",""
ball,2,1.4,Melbourne Renegades,CL White,MW Harvey,MG Neser,1,0,"",""
ball,2,1.5,Melbourne Renegades,MW Harvey,CL White,MG Neser,0,0,"",""
ball,2,1.6,Melbourne Renegades,MW Harvey,CL White,MG Neser,0,0,"",""
ball,2,2.1,Melbourne Renegades,CL White,MW Harvey,B Stanlake,2,0,"",""
ball,2,2.2,Melbourne Renegades,CL White,MW Harvey,B Stanlake,1,0,"",""
ball,2,2.3,Melbourne Renegades,MW Harvey,CL White,B Stanlake,0,0,caught,MW Harvey
ball,2,2.4,Melbourne Renegades,SB Harper,CL White,B Stanlake,0,0,"",""
ball,2,2.5,Melbourne Renegades,SB Harper,CL White,B Stanlake,1,0,"",""
ball,2,2.6,Melbourne Renegades,CL White,SB Harper,B Stanlake,0,0,"",""
ball,2,3.1,Melbourne Renegades,SB Harper,CL White,MG Neser,0,0,caught,SB Harper
ball,2,3.2,Melbourne Renegades,CL White,TLW Cooper,MG Neser,1,0,"",""
ball,2,3.3,Melbourne Renegades,TLW Cooper,CL White,MG Neser,0,1,"",""
ball,2,3.4,Melbourne Renegades,TLW Cooper,CL White,MG Neser,0,0,"",""
ball,2,3.5,Melbourne Renegades,TLW Cooper,CL White,MG Neser,1,0,"",""
ball,2,3.6,Melbourne Renegades,CL White,TLW Cooper,MG Neser,0,0,"",""
ball,2,3.7,Melbourne Renegades,CL White,TLW Cooper,MG Neser,0,0,"",""
ball,2,4.1,Melbourne Renegades,TLW Cooper,CL White,B Stanlake,0,0,"",""
ball,2,4.2,Melbourne Renegades,TLW Cooper,CL White,B Stanlake,0,0,"",""
ball,2,4.3,Melbourne Renegades,TLW Cooper,CL White,B Stanlake,0,0,"",""
ball,2,4.4,Melbourne Renegades,TLW Cooper,CL White,B Stanlake,4,0,"",""
ball,2,4.5,Melbourne Renegades,TLW Cooper,CL White,B Stanlake,1,0,"",""
ball,2,4.6,Melbourne Renegades,CL White,TLW Cooper,B Stanlake,4,0,"",""
ball,2,5.1,Melbourne Renegades,TLW Cooper,CL White,B Laughlin,0,0,"",""
ball,2,5.2,Melbourne Renegades,TLW Cooper,CL White,B Laughlin,1,0,"",""
ball,2,5.3,Melbourne Renegades,CL White,TLW Cooper,B Laughlin,1,0,"",""
ball,2,5.4,Melbourne Renegades,TLW Cooper,CL White,B Laughlin,6,0,"",""
ball,2,5.5,Melbourne Renegades,TLW Cooper,CL White,B Laughlin,3,0,"",""
ball,2,5.6,Melbourne Renegades,CL White,TLW Cooper,B Laughlin,0,0,"",""
ball,2,6.1,Melbourne Renegades,TLW Cooper,CL White,LN O'Connor,0,0,caught,TLW Cooper
ball,2,6.2,Melbourne Renegades,BJ Webster,CL White,LN O'Connor,1,0,"",""
ball,2,6.3,Melbourne Renegades,CL White,BJ Webster,LN O'Connor,2,0,"",""
ball,2,6.4,Melbourne Renegades,CL White,BJ Webster,LN O'Connor,0,0,"",""
ball,2,6.5,Melbourne Renegades,CL White,BJ Webster,LN O'Connor,1,0,"",""
ball,2,6.6,Melbourne Renegades,BJ Webster,CL White,LN O'Connor,1,0,"",""
ball,2,7.1,Melbourne Renegades,BJ Webster,CL White,Rashid Khan,0,1,"",""
ball,2,7.2,Melbourne Renegades,CL White,BJ Webster,Rashid Khan,1,0,"",""
ball,2,7.3,Melbourne Renegades,BJ Webster,CL White,Rashid Khan,0,0,"",""
ball,2,7.4,Melbourne Renegades,BJ Webster,CL White,Rashid Khan,1,0,"",""
ball,2,7.5,Melbourne Renegades,CL White,BJ Webster,Rashid Khan,0,0,lbw,CL White
ball,2,7.6,Melbourne Renegades,Mohammad Nabi,BJ Webster,Rashid Khan,0,0,"",""
ball,2,8.1,Melbourne Renegades,BJ Webster,Mohammad Nabi,CA Ingram,1,0,"",""
ball,2,8.2,Melbourne Renegades,Mohammad Nabi,BJ Webster,CA Ingram,1,0,"",""
ball,2,8.3,Melbourne Renegades,BJ Webster,Mohammad Nabi,CA Ingram,0,0,"",""
ball,2,8.4,Melbourne Renegades,BJ Webster,Mohammad Nabi,CA Ingram,1,0,"",""
ball,2,8.5,Melbourne Renegades,Mohammad Nabi,BJ Webster,CA Ingram,1,0,"",""
ball,2,8.6,Melbourne Renegades,BJ Webster,Mohammad Nabi,CA Ingram,0,0,"",""
ball,2,9.1,Melbourne Renegades,Mohammad Nabi,BJ Webster,LN O'Connor,0,0,bowled,Mohammad Nabi
ball,2,9.2,Melbourne Renegades,DT Christian,BJ Webster,LN O'Connor,1,0,"",""
ball,2,9.3,Melbourne Renegades,BJ Webster,DT Christian,LN O'Connor,1,0,"",""
ball,2,9.4,Melbourne Renegades,DT Christian,BJ Webster,LN O'Connor,1,0,"",""
ball,2,9.5,Melbourne Renegades,BJ Webster,DT Christian,LN O'Connor,0,0,"",""
ball,2,9.6,Melbourne Renegades,BJ Webster,DT Christian,LN O'Connor,1,0,"",""
ball,2,10.1,Melbourne Renegades,BJ Webster,DT Christian,CA Ingram,0,0,"",""
ball,2,10.2,Melbourne Renegades,BJ Webster,DT Christian,CA Ingram,1,0,"",""
ball,2,10.3,Melbourne Renegades,DT Christian,BJ Webster,CA Ingram,1,0,"",""
ball,2,10.4,Melbourne Renegades,BJ Webster,DT Christian,CA Ingram,0,0,"",""
ball,2,10.5,Melbourne Renegades,BJ Webster,DT Christian,CA Ingram,1,0,"",""
ball,2,10.6,Melbourne Renegades,DT Christian,BJ Webster,CA Ingram,0,0,bowled,DT Christian
ball,2,11.1,Melbourne Renegades,BJ Webster,JD Wildermuth,LN O'Connor,1,0,"",""
ball,2,11.2,Melbourne Renegades,JD Wildermuth,BJ Webster,LN O'Connor,0,1,"",""
ball,2,11.3,Melbourne Renegades,JD Wildermuth,BJ Webster,LN O'Connor,2,0,"",""
ball,2,11.4,Melbourne Renegades,JD Wildermuth,BJ Webster,LN O'Connor,3,0,"",""
ball,2,11.5,Melbourne Renegades,BJ Webster,JD Wildermuth,LN O'Connor,0,0,"",""
ball,2,11.6,Melbourne Renegades,BJ Webster,JD Wildermuth,LN O'Connor,1,0,"",""
ball,2,11.7,Melbourne Renegades,JD Wildermuth,BJ Webster,LN O'Connor,0,0,"",""
ball,2,12.1,Melbourne Renegades,BJ Webster,JD Wildermuth,CA Ingram,1,0,"",""
ball,2,12.2,Melbourne Renegades,JD Wildermuth,BJ Webster,CA Ingram,1,0,"",""
ball,2,12.3,Melbourne Renegades,BJ Webster,JD Wildermuth,CA Ingram,4,0,"",""
ball,2,12.4,Melbourne Renegades,BJ Webster,JD Wildermuth,CA Ingram,1,0,"",""
ball,2,12.5,Melbourne Renegades,JD Wildermuth,BJ Webster,CA Ingram,6,0,"",""
ball,2,12.6,Melbourne Renegades,JD Wildermuth,BJ Webster,CA Ingram,0,0,"",""
ball,2,13.1,Melbourne Renegades,BJ Webster,JD Wildermuth,Rashid Khan,0,1,"",""
ball,2,13.2,Melbourne Renegades,BJ Webster,JD Wildermuth,Rashid Khan,0,0,"",""
ball,2,13.3,Melbourne Renegades,BJ Webster,JD Wildermuth,Rashid Khan,0,0,"",""
ball,2,13.4,Melbourne Renegades,BJ Webster,JD Wildermuth,Rashid Khan,1,0,"",""
ball,2,13.5,Melbourne Renegades,JD Wildermuth,BJ Webster,Rashid Khan,0,0,"",""
ball,2,13.6,Melbourne Renegades,JD Wildermuth,BJ Webster,Rashid Khan,2,0,"",""
ball,2,13.7,Melbourne Renegades,JD Wildermuth,BJ Webster,Rashid Khan,0,0,"",""
ball,2,14.1,Melbourne Renegades,BJ Webster,JD Wildermuth,B Stanlake,0,0,"",""
ball,2,14.2,Melbourne Renegades,BJ Webster,JD Wildermuth,B Stanlake,1,0,"",""
ball,2,14.3,Melbourne Renegades,JD Wildermuth,BJ Webster,B Stanlake,1,0,"",""
ball,2,14.4,Melbourne Renegades,BJ Webster,JD Wildermuth,B Stanlake,1,0,"",""
ball,2,14.5,Melbourne Renegades,JD Wildermuth,BJ Webster,B Stanlake,2,0,"",""
ball,2,14.6,Melbourne Renegades,JD Wildermuth,BJ Webster,B Stanlake,0,0,"",""
ball,2,15.1,Melbourne Renegades,BJ Webster,JD Wildermuth,Rashid Khan,2,0,"",""
ball,2,15.2,Melbourne Renegades,BJ Webster,JD Wildermuth,Rashid Khan,1,0,"",""
ball,2,15.3,Melbourne Renegades,JD Wildermuth,BJ Webster,Rashid Khan,0,0,"",""
ball,2,15.4,Melbourne Renegades,JD Wildermuth,BJ Webster,Rashid Khan,0,0,"",""
ball,2,15.5,Melbourne Renegades,JD Wildermuth,BJ Webster,Rashid Khan,0,0,"",""
ball,2,15.6,Melbourne Renegades,JD Wildermuth,BJ Webster,Rashid Khan,1,0,"",""
ball,2,16.1,Melbourne Renegades,JD Wildermuth,BJ Webster,B Stanlake,2,0,"",""
ball,2,16.2,Melbourne Renegades,JD Wildermuth,BJ Webster,B Stanlake,0,0,"",""
ball,2,16.3,Melbourne Renegades,JD Wildermuth,BJ Webster,B Stanlake,4,0,"",""
ball,2,16.4,Melbourne Renegades,JD Wildermuth,BJ Webster,B Stanlake,0,0,bowled,JD Wildermuth
ball,2,16.5,Melbourne Renegades,CJ Boyce,BJ Webster,B Stanlake,1,0,"",""
ball,2,16.6,Melbourne Renegades,BJ Webster,CJ Boyce,B Stanlake,2,0,"",""
ball,2,17.1,Melbourne Renegades,CJ Boyce,BJ Webster,Rashid Khan,0,0,"",""
ball,2,17.2,Melbourne Renegades,CJ Boyce,BJ Webster,Rashid Khan,0,0,"",""
ball,2,17.3,Melbourne Renegades,CJ Boyce,BJ Webster,Rashid Khan,4,0,"",""
ball,2,17.4,Melbourne Renegades,CJ Boyce,BJ Webster,Rashid Khan,1,0,"",""
ball,2,17.5,Melbourne Renegades,BJ Webster,CJ Boyce,Rashid Khan,2,0,"",""
ball,2,17.6,Melbourne Renegades,BJ Webster,CJ Boyce,Rashid Khan,1,0,"",""
ball,2,18.1,Melbourne Renegades,BJ Webster,CJ Boyce,B Laughlin,1,0,"",""
ball,2,18.2,Melbourne Renegades,CJ Boyce,BJ Webster,B Laughlin,6,0,"",""
ball,2,18.3,Melbourne Renegades,CJ Boyce,BJ Webster,B Laughlin,6,0,"",""
ball,2,18.4,Melbourne Renegades,CJ Boyce,BJ Webster,B Laughlin,0,0,lbw,CJ Boyce
ball,2,18.5,Melbourne Renegades,KW Richardson,BJ Webster,B Laughlin,1,0,"",""
ball,2,18.6,Melbourne Renegades,BJ Webster,KW Richardson,B Laughlin,4,0,"",""
ball,2,19.1,Melbourne Renegades,KW Richardson,BJ Webster,MG Neser,1,0,"",""
ball,2,19.2,Melbourne Renegades,BJ Webster,KW Richardson,MG Neser,0,0,caught,BJ Webster
ball,2,19.3,Melbourne Renegades,KW Richardson,Usman Shinwari,MG Neser,1,0,"",""
ball,2,19.4,Melbourne Renegades,Usman Shinwari,KW Richardson,MG Neser,2,0,"",""
ball,2,19.5,Melbourne Renegades,Usman Shinwari,KW Richardson,MG Neser,1,0,"",""
ball,2,19.6,Melbourne Renegades,KW Richardson,Usman Shinwari,MG Neser,1,0,"",""
