version,1.3.0
info,team,Melbourne Stars
info,team,Hobart Hurricanes
info,gender,male
info,season,2018/19
info,date,2019/01/14
info,competition,Big Bash League
info,match_number,31
info,venue,Melbourne Cricket Ground
info,city,Melbourne
info,toss_winner,Melbourne Stars
info,toss_decision,field
info,player_of_match,DJM Short
info,umpire,JD Ward
info,umpire,MW Graham-Smith
info,reserve_umpire,Greg Azzopardi
info,tv_umpire,AK Wilds
info,match_referee,PL Marshall
info,winner,Hobart Hurricanes
info,winner_runs,59
ball,1,0.1,Hobart Hurricanes,MS Wade,DJM Short,BR Dunk,0,0,"",""
ball,1,0.2,Hobart Hurricanes,MS Wade,DJM Short,BR Dunk,1,0,"",""
ball,1,0.3,Hobart Hurricanes,DJM Short,MS Wade,BR Dunk,1,0,"",""
ball,1,0.4,Hobart Hurricanes,MS Wade,DJM Short,BR Dunk,0,0,"",""
ball,1,0.5,Hobart Hurricanes,MS Wade,DJM Short,BR Dunk,0,0,"",""
ball,1,0.6,Hobart Hurricanes,MS Wade,DJM Short,BR Dunk,4,0,"",""
ball,1,1.1,Hobart Hurricanes,DJM Short,MS Wade,JM Bird,0,0,"",""
ball,1,1.2,Hobart Hurricanes,DJM Short,MS Wade,JM Bird,1,0,"",""
ball,1,1.3,Hobart Hurricanes,MS Wade,DJM Short,JM Bird,0,0,"",""
ball,1,1.4,Hobart Hurricanes,MS Wade,DJM Short,JM Bird,2,0,"",""
ball,1,1.5,Hobart Hurricanes,MS Wade,DJM Short,JM Bird,2,0,"",""
ball,1,1.6,Hobart Hurricanes,MS Wade,DJM Short,JM Bird,0,1,"",""
ball,1,1.7,Hobart Hurricanes,MS Wade,DJM Short,JM Bird,1,0,"",""
ball,1,2.1,Hobart Hurricanes,MS Wade,DJM Short,LE Plunkett,1,0,"",""
ball,1,2.2,Hobart Hurricanes,DJM Short,MS Wade,LE Plunkett,0,1,"",""
ball,1,2.3,Hobart Hurricanes,DJM Short,MS Wade,LE Plunkett,1,0,"",""
ball,1,2.4,Hobart Hurricanes,MS Wade,DJM Short,LE Plunkett,0,1,"",""
ball,1,2.5,Hobart Hurricanes,MS Wade,DJM Short,LE Plunkett,0,0,"",""
ball,1,2.6,Hobart Hurricanes,MS Wade,DJM Short,LE Plunkett,3,0,"",""
ball,1,2.7,Hobart Hurricanes,DJM Short,MS Wade,LE Plunkett,1,0,"",""
ball,1,2.8,Hobart Hurricanes,MS Wade,DJM Short,LE Plunkett,1,0,"",""
ball,1,3.1,Hobart Hurricanes,MS Wade,DJM Short,JM Bird,0,0,"",""
ball,1,3.2,Hobart Hurricanes,MS Wade,DJM Short,JM Bird,1,0,"",""
ball,1,3.3,Hobart Hurricanes,DJM Short,MS Wade,JM Bird,0,1,"",""
ball,1,3.4,Hobart Hurricanes,DJM Short,MS Wade,JM Bird,0,0,"",""
ball,1,3.5,Hobart Hurricanes,DJM Short,MS Wade,JM Bird,0,1,"",""
ball,1,3.6,Hobart Hurricanes,MS Wade,DJM Short,JM Bird,0,0,"",""
ball,1,3.7,Hobart Hurricanes,MS Wade,DJM Short,JM Bird,1,0,"",""
ball,1,4.1,Hobart Hurricanes,MS Wade,DJM Short,LE Plunkett,0,0,"",""
ball,1,4.2,Hobart Hurricanes,MS Wade,DJM Short,LE Plunkett,0,0,"",""
ball,1,4.3,Hobart Hurricanes,MS Wade,DJM Short,LE Plunkett,1,0,"",""
ball,1,4.4,Hobart Hurricanes,DJM Short,MS Wade,LE Plunkett,4,0,"",""
ball,1,4.5,Hobart Hurricanes,DJM Short,MS Wade,LE Plunkett,4,0,"",""
ball,1,4.6,Hobart Hurricanes,DJM Short,MS Wade,LE Plunkett,0,0,"",""
ball,1,5.1,Hobart Hurricanes,MS Wade,DJM Short,JM Bird,1,0,"",""
ball,1,5.2,Hobart Hurricanes,DJM Short,MS Wade,JM Bird,0,0,"",""
ball,1,5.3,Hobart Hurricanes,DJM Short,MS Wade,JM Bird,0,0,"",""
ball,1,5.4,Hobart Hurricanes,DJM Short,MS Wade,JM Bird,1,0,"",""
ball,1,5.5,Hobart Hurricanes,MS Wade,DJM Short,JM Bird,2,0,"",""
ball,1,5.6,Hobart Hurricanes,MS Wade,DJM Short,JM Bird,1,0,"",""
ball,1,6.1,Hobart Hurricanes,MS Wade,DJM Short,L Bowe,1,0,"",""
ball,1,6.2,Hobart Hurricanes,DJM Short,MS Wade,L Bowe,0,0,"",""
ball,1,6.3,Hobart Hurricanes,DJM Short,MS Wade,L Bowe,6,0,"",""
ball,1,6.4,Hobart Hurricanes,DJM Short,MS Wade,L Bowe,0,0,"",""
ball,1,6.5,Hobart Hurricanes,DJM Short,MS Wade,L Bowe,4,0,"",""
ball,1,6.6,Hobart Hurricanes,DJM Short,MS Wade,L Bowe,0,0,"",""
ball,1,7.1,Hobart Hurricanes,MS Wade,DJM Short,TL O'Connell,6,0,"",""
ball,1,7.2,Hobart Hurricanes,MS Wade,DJM Short,TL O'Connell,0,0,"",""
ball,1,7.3,Hobart Hurricanes,MS Wade,DJM Short,TL O'Connell,2,0,"",""
ball,1,7.4,Hobart Hurricanes,MS Wade,DJM Short,TL O'Connell,2,0,"",""
ball,1,7.5,Hobart Hurricanes,MS Wade,DJM Short,TL O'Connell,0,0,"",""
ball,1,7.6,Hobart Hurricanes,MS Wade,DJM Short,TL O'Connell,0,0,"",""
ball,1,8.1,Hobart Hurricanes,DJM Short,MS Wade,DJ Bravo,0,0,"",""
ball,1,8.2,Hobart Hurricanes,DJM Short,MS Wade,DJ Bravo,1,0,"",""
ball,1,8.3,Hobart Hurricanes,MS Wade,DJM Short,DJ Bravo,1,0,"",""
ball,1,8.4,Hobart Hurricanes,DJM Short,MS Wade,DJ Bravo,0,1,"",""
ball,1,8.5,Hobart Hurricanes,MS Wade,DJM Short,DJ Bravo,2,0,"",""
ball,1,8.6,Hobart Hurricanes,MS Wade,DJM Short,DJ Bravo,0,0,"",""
ball,1,9.1,Hobart Hurricanes,DJM Short,MS Wade,BR Dunk,6,0,"",""
ball,1,9.2,Hobart Hurricanes,DJM Short,MS Wade,BR Dunk,2,0,"",""
ball,1,9.3,Hobart Hurricanes,DJM Short,MS Wade,BR Dunk,1,0,"",""
ball,1,9.4,Hobart Hurricanes,MS Wade,DJM Short,BR Dunk,1,0,"",""
ball,1,9.5,Hobart Hurricanes,DJM Short,MS Wade,BR Dunk,1,0,"",""
ball,1,9.6,Hobart Hurricanes,MS Wade,DJM Short,BR Dunk,1,0,"",""
ball,1,10.1,Hobart Hurricanes,MS Wade,DJM Short,L Bowe,1,0,"",""
ball,1,10.2,Hobart Hurricanes,DJM Short,MS Wade,L Bowe,2,0,"",""
ball,1,10.3,Hobart Hurricanes,DJM Short,MS Wade,L Bowe,4,0,"",""
ball,1,10.4,Hobart Hurricanes,DJM Short,MS Wade,L Bowe,0,0,"",""
ball,1,10.5,Hobart Hurricanes,DJM Short,MS Wade,L Bowe,6,0,"",""
ball,1,10.6,Hobart Hurricanes,DJM Short,MS Wade,L Bowe,1,0,"",""
ball,1,11.1,Hobart Hurricanes,DJM Short,MS Wade,TL O'Connell,1,0,"",""
ball,1,11.2,Hobart Hurricanes,MS Wade,DJM Short,TL O'Connell,2,0,"",""
ball,1,11.3,Hobart Hurricanes,MS Wade,DJM Short,TL O'Connell,0,0,caught,MS Wade
ball,1,11.4,Hobart Hurricanes,JR Doran,DJM Short,TL O'Connell,1,0,"",""
ball,1,11.5,Hobart Hurricanes,DJM Short,JR Doran,TL O'Connell,1,0,"",""
ball,1,11.6,Hobart Hurricanes,JR Doran,DJM Short,TL O'Connell,2,0,"",""
ball,1,12.1,Hobart Hurricanes,DJM Short,JR Doran,JM Bird,1,0,"",""
ball,1,12.2,Hobart Hurricanes,JR Doran,DJM Short,JM Bird,1,0,"",""
ball,1,12.3,Hobart Hurricanes,DJM Short,JR Doran,JM Bird,4,0,"",""
ball,1,12.4,Hobart Hurricanes,DJM Short,JR Doran,JM Bird,4,1,"",""
ball,1,12.5,Hobart Hurricanes,DJM Short,JR Doran,JM Bird,1,0,"",""
ball,1,12.6,Hobart Hurricanes,JR Doran,DJM Short,JM Bird,0,0,"",""
ball,1,12.7,Hobart Hurricanes,JR Doran,DJM Short,JM Bird,0,0,"",""
ball,1,13.1,Hobart Hurricanes,DJM Short,JR Doran,DJ Bravo,4,0,"",""
ball,1,13.2,Hobart Hurricanes,DJM Short,JR Doran,DJ Bravo,2,0,"",""
ball,1,13.3,Hobart Hurricanes,DJM Short,JR Doran,DJ Bravo,4,0,"",""
ball,1,13.4,Hobart Hurricanes,DJM Short,JR Doran,DJ Bravo,2,0,"",""
ball,1,13.5,Hobart Hurricanes,DJM Short,JR Doran,DJ Bravo,1,0,"",""
ball,1,13.6,Hobart Hurricanes,JR Doran,DJM Short,DJ Bravo,2,0,"",""
ball,1,14.1,Hobart Hurricanes,DJM Short,JR Doran,L Bowe,1,0,"",""
ball,1,14.2,Hobart Hurricanes,JR Doran,DJM Short,L Bowe,1,1,"",""
ball,1,14.3,Hobart Hurricanes,DJM Short,JR Doran,L Bowe,2,0,"",""
ball,1,14.4,Hobart Hurricanes,DJM Short,JR Doran,L Bowe,6,0,"",""
ball,1,14.5,Hobart Hurricanes,DJM Short,JR Doran,L Bowe,1,0,"",""
ball,1,14.6,Hobart Hurricanes,JR Doran,DJM Short,L Bowe,0,0,caught and bowled,JR Doran
ball,1,14.7,Hobart Hurricanes,BR McDermott,DJM Short,L Bowe,1,0,"",""
ball,1,15.1,Hobart Hurricanes,BR McDermott,DJM Short,EP Gulbis,0,0,"",""
ball,1,15.2,Hobart Hurricanes,BR McDermott,DJM Short,EP Gulbis,0,0,"",""
ball,1,15.3,Hobart Hurricanes,BR McDermott,DJM Short,EP Gulbis,0,1,"",""
ball,1,15.4,Hobart Hurricanes,DJM Short,BR McDermott,EP Gulbis,1,0,"",""
ball,1,15.5,Hobart Hurricanes,BR McDermott,DJM Short,EP Gulbis,0,1,"",""
ball,1,15.6,Hobart Hurricanes,DJM Short,BR McDermott,EP Gulbis,0,0,"",""
ball,1,16.1,Hobart Hurricanes,BR McDermott,DJM Short,LE Plunkett,6,0,"",""
ball,1,16.2,Hobart Hurricanes,BR McDermott,DJM Short,LE Plunkett,2,0,"",""
ball,1,16.3,Hobart Hurricanes,BR McDermott,DJM Short,LE Plunkett,6,0,"",""
ball,1,16.4,Hobart Hurricanes,BR McDermott,DJM Short,LE Plunkett,2,0,"",""
ball,1,16.5,Hobart Hurricanes,BR McDermott,DJM Short,LE Plunkett,0,0,"",""
ball,1,16.6,Hobart Hurricanes,BR McDermott,DJM Short,LE Plunkett,1,0,"",""
ball,1,17.1,Hobart Hurricanes,BR McDermott,DJM Short,DJ Bravo,1,0,"",""
ball,1,17.2,Hobart Hurricanes,DJM Short,BR McDermott,DJ Bravo,1,0,"",""
ball,1,17.3,Hobart Hurricanes,BR McDermott,DJM Short,DJ Bravo,1,0,"",""
ball,1,17.4,Hobart Hurricanes,DJM Short,BR McDermott,DJ Bravo,2,0,"",""
ball,1,17.5,Hobart Hurricanes,DJM Short,BR McDermott,DJ Bravo,0,4,"",""
ball,1,17.6,Hobart Hurricanes,DJM Short,BR McDermott,DJ Bravo,0,0,"",""
ball,1,18.1,Hobart Hurricanes,BR McDermott,DJM Short,LE Plunkett,2,0,"",""
ball,1,18.2,Hobart Hurricanes,BR McDermott,DJM Short,LE Plunkett,1,0,"",""
ball,1,18.3,Hobart Hurricanes,DJM Short,BR McDermott,LE Plunkett,2,0,"",""
ball,1,18.4,Hobart Hurricanes,DJM Short,BR McDermott,LE Plunkett,1,0,"",""
ball,1,18.5,Hobart Hurricanes,BR McDermott,DJM Short,LE Plunkett,1,0,"",""
ball,1,18.6,Hobart Hurricanes,DJM Short,BR McDermott,LE Plunkett,2,0,"",""
ball,1,19.1,Hobart Hurricanes,BR McDermott,DJM Short,DJ Bravo,0,0,"",""
ball,1,19.2,Hobart Hurricanes,BR McDermott,DJM Short,DJ Bravo,2,0,"",""
ball,1,19.3,Hobart Hurricanes,BR McDermott,DJM Short,DJ Bravo,1,0,"",""
ball,1,19.4,Hobart Hurricanes,DJM Short,BR McDermott,DJ Bravo,2,0,"",""
ball,1,19.5,Hobart Hurricanes,DJM Short,BR McDermott,DJ Bravo,2,0,"",""
ball,1,19.6,Hobart Hurricanes,DJM Short,BR McDermott,DJ Bravo,1,0,"",""
ball,2,0.1,Melbourne Stars,EP Gulbis,BR Dunk,JP Faulkner,1,0,"",""
ball,2,0.2,Melbourne Stars,BR Dunk,EP Gulbis,JP Faulkner,1,0,"",""
ball,2,0.3,Melbourne Stars,EP Gulbis,BR Dunk,JP Faulkner,2,0,"",""
ball,2,0.4,Melbourne Stars,EP Gulbis,BR Dunk,JP Faulkner,0,0,"",""
ball,2,0.5,Melbourne Stars,EP Gulbis,BR Dunk,JP Faulkner,1,0,"",""
ball,2,0.6,Melbourne Stars,BR Dunk,EP Gulbis,JP Faulkner,0,0,"",""
ball,2,1.1,Melbourne Stars,EP Gulbis,BR Dunk,J Botha,0,0,bowled,EP Gulbis
ball,2,1.2,Melbourne Stars,NCR Larkin,BR Dunk,J Botha,4,0,"",""
ball,2,1.3,Melbourne Stars,NCR Larkin,BR Dunk,J Botha,1,0,"",""
ball,2,1.4,Melbourne Stars,BR Dunk,NCR Larkin,J Botha,0,0,"",""
ball,2,1.5,Melbourne Stars,BR Dunk,NCR Larkin,J Botha,1,0,"",""
ball,2,1.6,Melbourne Stars,NCR Larkin,BR Dunk,J Botha,0,0,"",""
ball,2,2.1,Melbourne Stars,BR Dunk,NCR Larkin,JP Faulkner,1,0,"",""
ball,2,2.2,Melbourne Stars,NCR Larkin,BR Dunk,JP Faulkner,4,0,"",""
ball,2,2.3,Melbourne Stars,NCR Larkin,BR Dunk,JP Faulkner,0,0,"",""
ball,2,2.4,Melbourne Stars,NCR Larkin,BR Dunk,JP Faulkner,0,0,"",""
ball,2,2.5,Melbourne Stars,NCR Larkin,BR Dunk,JP Faulkner,1,0,"",""
ball,2,2.6,Melbourne Stars,BR Dunk,NCR Larkin,JP Faulkner,1,0,"",""
ball,2,3.1,Melbourne Stars,BR Dunk,NCR Larkin,JC Archer,0,0,"",""
ball,2,3.2,Melbourne Stars,BR Dunk,NCR Larkin,JC Archer,4,0,"",""
ball,2,3.3,Melbourne Stars,BR Dunk,NCR Larkin,JC Archer,6,0,"",""
ball,2,3.4,Melbourne Stars,BR Dunk,NCR Larkin,JC Archer,1,0,"",""
ball,2,3.5,Melbourne Stars,NCR Larkin,BR Dunk,JC Archer,0,0,"",""
ball,2,3.6,Melbourne Stars,NCR Larkin,BR Dunk,JC Archer,1,0,"",""
ball,2,4.1,Melbourne Stars,NCR Larkin,BR Dunk,RP Meredith,4,0,"",""
ball,2,4.2,Melbourne Stars,NCR Larkin,BR Dunk,RP Meredith,0,0,"",""
ball,2,4.3,Melbourne Stars,NCR Larkin,BR Dunk,RP Meredith,1,0,"",""
ball,2,4.4,Melbourne Stars,BR Dunk,NCR Larkin,RP Meredith,4,0,"",""
ball,2,4.5,Melbourne Stars,BR Dunk,NCR Larkin,RP Meredith,0,1,"",""
ball,2,4.6,Melbourne Stars,NCR Larkin,BR Dunk,RP Meredith,0,0,caught,NCR Larkin
ball,2,5.1,Melbourne Stars,BR Dunk,NJ Maddinson,JC Archer,0,0,"",""
ball,2,5.2,Melbourne Stars,BR Dunk,NJ Maddinson,JC Archer,1,0,"",""
ball,2,5.3,Melbourne Stars,NJ Maddinson,BR Dunk,JC Archer,0,0,"",""
ball,2,5.4,Melbourne Stars,NJ Maddinson,BR Dunk,JC Archer,4,0,"",""
ball,2,5.5,Melbourne Stars,NJ Maddinson,BR Dunk,JC Archer,0,0,"",""
ball,2,5.6,Melbourne Stars,NJ Maddinson,BR Dunk,JC Archer,0,0,"",""
ball,2,6.1,Melbourne Stars,BR Dunk,NJ Maddinson,DJM Short,0,0,bowled,BR Dunk
ball,2,6.2,Melbourne Stars,SE Gotch,NJ Maddinson,DJM Short,1,0,"",""
ball,2,6.3,Melbourne Stars,NJ Maddinson,SE Gotch,DJM Short,1,0,"",""
ball,2,6.4,Melbourne Stars,SE Gotch,NJ Maddinson,DJM Short,1,0,"",""
ball,2,6.5,Melbourne Stars,NJ Maddinson,SE Gotch,DJM Short,1,0,"",""
ball,2,6.6,Melbourne Stars,SE Gotch,NJ Maddinson,DJM Short,1,0,"",""
ball,2,7.1,Melbourne Stars,SE Gotch,NJ Maddinson,J Botha,1,0,"",""
ball,2,7.2,Melbourne Stars,NJ Maddinson,SE Gotch,J Botha,0,0,lbw,NJ Maddinson
ball,2,7.3,Melbourne Stars,DJ Bravo,SE Gotch,J Botha,1,0,"",""
ball,2,7.4,Melbourne Stars,SE Gotch,DJ Bravo,J Botha,0,0,"",""
ball,2,7.5,Melbourne Stars,SE Gotch,DJ Bravo,J Botha,1,0,"",""
ball,2,7.6,Melbourne Stars,DJ Bravo,SE Gotch,J Botha,1,0,"",""
ball,2,8.1,Melbourne Stars,DJ Bravo,SE Gotch,DJM Short,1,0,"",""
ball,2,8.2,Melbourne Stars,SE Gotch,DJ Bravo,DJM Short,2,0,"",""
ball,2,8.3,Melbourne Stars,SE Gotch,DJ Bravo,DJM Short,2,0,"",""
ball,2,8.4,Melbourne Stars,SE Gotch,DJ Bravo,DJM Short,1,0,"",""
ball,2,8.5,Melbourne Stars,DJ Bravo,SE Gotch,DJM Short,1,0,"",""
ball,2,8.6,Melbourne Stars,SE Gotch,DJ Bravo,DJM Short,4,0,"",""
ball,2,9.1,Melbourne Stars,DJ Bravo,SE Gotch,J Botha,1,0,"",""
ball,2,9.2,Melbourne Stars,SE Gotch,DJ Bravo,J Botha,1,0,"",""
ball,2,9.3,Melbourne Stars,DJ Bravo,SE Gotch,J Botha,1,0,"",""
ball,2,9.4,Melbourne Stars,SE Gotch,DJ Bravo,J Botha,0,0,"",""
ball,2,9.5,Melbourne Stars,SE Gotch,DJ Bravo,J Botha,1,0,"",""
ball,2,9.6,Melbourne Stars,DJ Bravo,SE Gotch,J Botha,1,0,"",""
ball,2,10.1,Melbourne Stars,DJ Bravo,SE Gotch,RP Meredith,0,0,"",""
ball,2,10.2,Melbourne Stars,DJ Bravo,SE Gotch,RP Meredith,0,0,"",""
ball,2,10.3,Melbourne Stars,DJ Bravo,SE Gotch,RP Meredith,0,0,"",""
ball,2,10.4,Melbourne Stars,DJ Bravo,SE Gotch,RP Meredith,1,0,"",""
ball,2,10.5,Melbourne Stars,SE Gotch,DJ Bravo,RP Meredith,0,0,"",""
ball,2,10.6,Melbourne Stars,SE Gotch,DJ Bravo,RP Meredith,1,0,"",""
ball,2,11.1,Melbourne Stars,SE Gotch,DJ Bravo,CA Rose,6,0,"",""
ball,2,11.2,Melbourne Stars,SE Gotch,DJ Bravo,CA Rose,4,0,"",""
ball,2,11.3,Melbourne Stars,SE Gotch,DJ Bravo,CA Rose,1,0,"",""
ball,2,11.4,Melbourne Stars,DJ Bravo,SE Gotch,CA Rose,6,0,"",""
ball,2,11.5,Melbourne Stars,DJ Bravo,SE Gotch,CA Rose,0,0,"",""
ball,2,11.6,Melbourne Stars,DJ Bravo,SE Gotch,CA Rose,1,0,"",""
ball,2,12.1,Melbourne Stars,DJ Bravo,SE Gotch,RP Meredith,4,0,"",""
ball,2,12.2,Melbourne Stars,DJ Bravo,SE Gotch,RP Meredith,0,0,caught,DJ Bravo
ball,2,12.3,Melbourne Stars,SE Gotch,J Merlo,RP Meredith,1,0,"",""
ball,2,12.4,Melbourne Stars,J Merlo,SE Gotch,RP Meredith,1,0,"",""
ball,2,12.5,Melbourne Stars,SE Gotch,J Merlo,RP Meredith,1,0,"",""
ball,2,12.6,Melbourne Stars,J Merlo,SE Gotch,RP Meredith,2,0,"",""
ball,2,13.1,Melbourne Stars,SE Gotch,J Merlo,J Botha,0,0,"",""
ball,2,13.2,Melbourne Stars,SE Gotch,J Merlo,J Botha,0,0,"",""
ball,2,13.3,Melbourne Stars,SE Gotch,J Merlo,J Botha,2,0,"",""
ball,2,13.4,Melbourne Stars,SE Gotch,J Merlo,J Botha,1,0,"",""
ball,2,13.5,Melbourne Stars,J Merlo,SE Gotch,J Botha,1,0,"",""
ball,2,13.6,Melbourne Stars,SE Gotch,J Merlo,J Botha,2,0,"",""
ball,2,14.1,Melbourne Stars,J Merlo,SE Gotch,JC Archer,1,0,"",""
ball,2,14.2,Melbourne Stars,SE Gotch,J Merlo,JC Archer,0,0,caught,SE Gotch
ball,2,14.3,Melbourne Stars,J Merlo,LE Plunkett,JC Archer,1,0,"",""
ball,2,14.4,Melbourne Stars,LE Plunkett,J Merlo,JC Archer,0,1,"",""
ball,2,14.5,Melbourne Stars,LE Plunkett,J Merlo,JC Archer,2,0,"",""
ball,2,14.6,Melbourne Stars,LE Plunkett,J Merlo,JC Archer,0,0,"",""
ball,2,14.7,Melbourne Stars,LE Plunkett,J Merlo,JC Archer,1,0,"",""
ball,2,15.1,Melbourne Stars,LE Plunkett,J Merlo,JP Faulkner,4,0,"",""
ball,2,15.2,Melbourne Stars,LE Plunkett,J Merlo,JP Faulkner,1,0,"",""
ball,2,15.3,Melbourne Stars,J Merlo,LE Plunkett,JP Faulkner,4,0,"",""
ball,2,15.4,Melbourne Stars,J Merlo,LE Plunkett,JP Faulkner,1,0,"",""
ball,2,15.5,Melbourne Stars,LE Plunkett,J Merlo,JP Faulkner,2,0,"",""
ball,2,15.6,Melbourne Stars,LE Plunkett,J Merlo,JP Faulkner,1,0,"",""
ball,2,16.1,Melbourne Stars,LE Plunkett,J Merlo,RP Meredith,0,0,caught,LE Plunkett
ball,2,16.2,Melbourne Stars,J Merlo,JM Bird,RP Meredith,0,1,"",""
ball,2,16.3,Melbourne Stars,JM Bird,J Merlo,RP Meredith,1,0,"",""
ball,2,16.4,Melbourne Stars,J Merlo,JM Bird,RP Meredith,0,0,run out,J Merlo
ball,2,16.5,Melbourne Stars,JM Bird,TL O'Connell,RP Meredith,0,0,caught,JM Bird
ball,2,16.6,Melbourne Stars,TL O'Connell,L Bowe,RP Meredith,0,0,"",""
ball,2,17.1,Melbourne Stars,L Bowe,TL O'Connell,JC Archer,0,0,hit wicket,L Bowe
