version,1.3.0
info,team,Sydney Thunder
info,team,Perth Scorchers
info,gender,male
info,season,2018/19
info,date,2019/01/02
info,competition,Big Bash League
info,match_number,17
info,venue,Sydney Showground Stadium
info,city,Sydney
info,toss_winner,Sydney Thunder
info,toss_decision,bat
info,player_of_match,CJ Ferguson
info,umpire,P Wilson
info,umpire,AK Wilds
info,reserve_umpire,Troy Penman
info,tv_umpire,GJ Davidson
info,match_referee,PL Marshall
info,winner,Sydney Thunder
info,winner_runs,1
ball,1,0.1,Sydney Thunder,JC Buttler,SR Watson,JP Behrendorff,0,0,"",""
ball,1,0.2,Sydney Thunder,JC Buttler,SR Watson,JP Behrendorff,1,0,"",""
ball,1,0.3,Sydney Thunder,SR Watson,JC Buttler,JP Behrendorff,0,0,"",""
ball,1,0.4,Sydney Thunder,SR Watson,JC Buttler,JP Behrendorff,2,0,"",""
ball,1,0.5,Sydney Thunder,SR Watson,JC Buttler,JP Behrendorff,0,0,"",""
ball,1,0.6,Sydney Thunder,SR Watson,JC Buttler,JP Behrendorff,1,0,"",""
ball,1,1.1,Sydney Thunder,SR Watson,JC Buttler,NM Coulter-Nile,0,0,"",""
ball,1,1.2,Sydney Thunder,SR Watson,JC Buttler,NM Coulter-Nile,1,0,"",""
ball,1,1.3,Sydney Thunder,JC Buttler,SR Watson,NM Coulter-Nile,0,1,"",""
ball,1,1.4,Sydney Thunder,JC Buttler,SR Watson,NM Coulter-Nile,0,0,"",""
ball,1,1.5,Sydney Thunder,JC Buttler,SR Watson,NM Coulter-Nile,0,0,"",""
ball,1,1.6,Sydney Thunder,JC Buttler,SR Watson,NM Coulter-Nile,4,0,"",""
ball,1,1.7,Sydney Thunder,JC Buttler,SR Watson,NM Coulter-Nile,0,0,"",""
ball,1,2.1,Sydney Thunder,SR Watson,JC Buttler,JP Behrendorff,0,0,caught and bowled,SR Watson
ball,1,2.2,Sydney Thunder,CJ Ferguson,JC Buttler,JP Behrendorff,1,0,"",""
ball,1,2.3,Sydney Thunder,JC Buttler,CJ Ferguson,JP Behrendorff,0,0,"",""
ball,1,2.4,Sydney Thunder,JC Buttler,CJ Ferguson,JP Behrendorff,0,0,"",""
ball,1,2.5,Sydney Thunder,JC Buttler,CJ Ferguson,JP Behrendorff,1,0,"",""
ball,1,2.6,Sydney Thunder,CJ Ferguson,JC Buttler,JP Behrendorff,4,0,"",""
ball,1,3.1,Sydney Thunder,JC Buttler,CJ Ferguson,DJ Willey,1,0,"",""
ball,1,3.2,Sydney Thunder,CJ Ferguson,JC Buttler,DJ Willey,4,0,"",""
ball,1,3.3,Sydney Thunder,CJ Ferguson,JC Buttler,DJ Willey,1,0,"",""
ball,1,3.4,Sydney Thunder,JC Buttler,CJ Ferguson,DJ Willey,1,0,"",""
ball,1,3.5,Sydney Thunder,CJ Ferguson,JC Buttler,DJ Willey,0,0,"",""
ball,1,3.6,Sydney Thunder,CJ Ferguson,JC Buttler,DJ Willey,1,0,"",""
ball,1,4.1,Sydney Thunder,CJ Ferguson,JC Buttler,JP Behrendorff,4,0,"",""
ball,1,4.2,Sydney Thunder,CJ Ferguson,JC Buttler,JP Behrendorff,1,0,"",""
ball,1,4.3,Sydney Thunder,JC Buttler,CJ Ferguson,JP Behrendorff,6,0,"",""
ball,1,4.4,Sydney Thunder,JC Buttler,CJ Ferguson,JP Behrendorff,0,0,"",""
ball,1,4.5,Sydney Thunder,JC Buttler,CJ Ferguson,JP Behrendorff,0,0,"",""
ball,1,4.6,Sydney Thunder,JC Buttler,CJ Ferguson,JP Behrendorff,0,0,"",""
ball,1,5.1,Sydney Thunder,CJ Ferguson,JC Buttler,AJ Tye,1,0,"",""
ball,1,5.2,Sydney Thunder,JC Buttler,CJ Ferguson,AJ Tye,4,0,"",""
ball,1,5.3,Sydney Thunder,JC Buttler,CJ Ferguson,AJ Tye,1,0,"",""
ball,1,5.4,Sydney Thunder,CJ Ferguson,JC Buttler,AJ Tye,4,0,"",""
ball,1,5.5,Sydney Thunder,CJ Ferguson,JC Buttler,AJ Tye,1,0,"",""
ball,1,5.6,Sydney Thunder,JC Buttler,CJ Ferguson,AJ Tye,0,0,"",""
ball,1,6.1,Sydney Thunder,CJ Ferguson,JC Buttler,AC Agar,1,0,"",""
ball,1,6.2,Sydney Thunder,JC Buttler,CJ Ferguson,AC Agar,0,0,"",""
ball,1,6.3,Sydney Thunder,JC Buttler,CJ Ferguson,AC Agar,1,0,"",""
ball,1,6.4,Sydney Thunder,CJ Ferguson,JC Buttler,AC Agar,1,0,"",""
ball,1,6.5,Sydney Thunder,JC Buttler,CJ Ferguson,AC Agar,0,0,"",""
ball,1,6.6,Sydney Thunder,JC Buttler,CJ Ferguson,AC Agar,1,0,"",""
ball,1,7.1,Sydney Thunder,JC Buttler,CJ Ferguson,JA Richardson,0,0,"",""
ball,1,7.2,Sydney Thunder,JC Buttler,CJ Ferguson,JA Richardson,0,0,"",""
ball,1,7.3,Sydney Thunder,JC Buttler,CJ Ferguson,JA Richardson,1,0,"",""
ball,1,7.4,Sydney Thunder,CJ Ferguson,JC Buttler,JA Richardson,0,0,"",""
ball,1,7.5,Sydney Thunder,CJ Ferguson,JC Buttler,JA Richardson,0,0,"",""
ball,1,7.6,Sydney Thunder,CJ Ferguson,JC Buttler,JA Richardson,1,0,"",""
ball,1,8.1,Sydney Thunder,CJ Ferguson,JC Buttler,AC Agar,1,0,"",""
ball,1,8.2,Sydney Thunder,JC Buttler,CJ Ferguson,AC Agar,2,0,"",""
ball,1,8.3,Sydney Thunder,JC Buttler,CJ Ferguson,AC Agar,1,0,"",""
ball,1,8.4,Sydney Thunder,CJ Ferguson,JC Buttler,AC Agar,1,0,"",""
ball,1,8.5,Sydney Thunder,JC Buttler,CJ Ferguson,AC Agar,1,0,"",""
ball,1,8.6,Sydney Thunder,CJ Ferguson,JC Buttler,AC Agar,1,0,"",""
ball,1,9.1,Sydney Thunder,CJ Ferguson,JC Buttler,JA Richardson,1,0,"",""
ball,1,9.2,Sydney Thunder,JC Buttler,CJ Ferguson,JA Richardson,0,1,"",""
ball,1,9.3,Sydney Thunder,JC Buttler,CJ Ferguson,JA Richardson,4,0,"",""
ball,1,9.4,Sydney Thunder,JC Buttler,CJ Ferguson,JA Richardson,1,0,"",""
ball,1,9.5,Sydney Thunder,CJ Ferguson,JC Buttler,JA Richardson,0,0,"",""
ball,1,9.6,Sydney Thunder,CJ Ferguson,JC Buttler,JA Richardson,1,0,"",""
ball,1,9.7,Sydney Thunder,JC Buttler,CJ Ferguson,JA Richardson,1,0,"",""
ball,1,10.1,Sydney Thunder,JC Buttler,CJ Ferguson,NM Coulter-Nile,2,0,"",""
ball,1,10.2,Sydney Thunder,JC Buttler,CJ Ferguson,NM Coulter-Nile,0,0,"",""
ball,1,10.3,Sydney Thunder,JC Buttler,CJ Ferguson,NM Coulter-Nile,1,0,"",""
ball,1,10.4,Sydney Thunder,CJ Ferguson,JC Buttler,NM Coulter-Nile,0,0,"",""
ball,1,10.5,Sydney Thunder,CJ Ferguson,JC Buttler,NM Coulter-Nile,4,0,"",""
ball,1,10.6,Sydney Thunder,CJ Ferguson,JC Buttler,NM Coulter-Nile,0,0,"",""
ball,1,11.1,Sydney Thunder,JC Buttler,CJ Ferguson,AJ Tye,0,1,"",""
ball,1,11.2,Sydney Thunder,JC Buttler,CJ Ferguson,AJ Tye,1,0,"",""
ball,1,11.3,Sydney Thunder,CJ Ferguson,JC Buttler,AJ Tye,0,0,"",""
ball,1,11.4,Sydney Thunder,CJ Ferguson,JC Buttler,AJ Tye,1,0,"",""
ball,1,11.5,Sydney Thunder,JC Buttler,CJ Ferguson,AJ Tye,2,0,"",""
ball,1,11.6,Sydney Thunder,JC Buttler,CJ Ferguson,AJ Tye,2,0,"",""
ball,1,11.7,Sydney Thunder,JC Buttler,CJ Ferguson,AJ Tye,1,0,"",""
ball,1,12.1,Sydney Thunder,JC Buttler,CJ Ferguson,AC Agar,1,0,"",""
ball,1,12.2,Sydney Thunder,CJ Ferguson,JC Buttler,AC Agar,1,0,"",""
ball,1,12.3,Sydney Thunder,JC Buttler,CJ Ferguson,AC Agar,1,0,"",""
ball,1,12.4,Sydney Thunder,CJ Ferguson,JC Buttler,AC Agar,6,0,"",""
ball,1,12.5,Sydney Thunder,CJ Ferguson,JC Buttler,AC Agar,0,0,bowled,CJ Ferguson
ball,1,12.6,Sydney Thunder,JE Root,JC Buttler,AC Agar,0,0,"",""
ball,1,13.1,Sydney Thunder,JC Buttler,JE Root,JA Richardson,0,0,"",""
ball,1,13.2,Sydney Thunder,JC Buttler,JE Root,JA Richardson,0,0,"",""
ball,1,13.3,Sydney Thunder,JC Buttler,JE Root,JA Richardson,0,0,"",""
ball,1,13.4,Sydney Thunder,JC Buttler,JE Root,JA Richardson,0,0,"",""
ball,1,13.5,Sydney Thunder,JC Buttler,JE Root,JA Richardson,1,0,"",""
ball,1,13.6,Sydney Thunder,JE Root,JC Buttler,JA Richardson,1,0,"",""
ball,1,14.1,Sydney Thunder,JE Root,JC Buttler,AC Agar,4,0,"",""
ball,1,14.2,Sydney Thunder,JE Root,JC Buttler,AC Agar,0,0,bowled,JE Root
ball,1,14.3,Sydney Thunder,DR Sams,JC Buttler,AC Agar,1,0,"",""
ball,1,14.4,Sydney Thunder,JC Buttler,DR Sams,AC Agar,1,0,"",""
ball,1,14.5,Sydney Thunder,DR Sams,JC Buttler,AC Agar,0,0,"",""
ball,1,14.6,Sydney Thunder,DR Sams,JC Buttler,AC Agar,1,0,"",""
ball,1,15.1,Sydney Thunder,DR Sams,JC Buttler,AJ Tye,2,0,"",""
ball,1,15.2,Sydney Thunder,DR Sams,JC Buttler,AJ Tye,1,0,"",""
ball,1,15.3,Sydney Thunder,JC Buttler,DR Sams,AJ Tye,1,0,"",""
ball,1,15.4,Sydney Thunder,DR Sams,JC Buttler,AJ Tye,0,0,caught,DR Sams
ball,1,15.5,Sydney Thunder,JC Buttler,JJS Sangha,AJ Tye,1,0,"",""
ball,1,15.6,Sydney Thunder,JJS Sangha,JC Buttler,AJ Tye,0,0,"",""
ball,1,16.1,Sydney Thunder,JC Buttler,JJS Sangha,NM Coulter-Nile,0,0,"",""
ball,1,16.2,Sydney Thunder,JC Buttler,JJS Sangha,NM Coulter-Nile,4,0,"",""
ball,1,16.3,Sydney Thunder,JC Buttler,JJS Sangha,NM Coulter-Nile,1,0,"",""
ball,1,16.4,Sydney Thunder,JJS Sangha,JC Buttler,NM Coulter-Nile,1,0,"",""
ball,1,16.5,Sydney Thunder,JC Buttler,JJS Sangha,NM Coulter-Nile,2,0,"",""
ball,1,16.6,Sydney Thunder,JC Buttler,JJS Sangha,NM Coulter-Nile,1,0,"",""
ball,1,17.1,Sydney Thunder,JC Buttler,JJS Sangha,JA Richardson,0,0,hit wicket,JC Buttler
ball,1,17.2,Sydney Thunder,CJ Green,JJS Sangha,JA Richardson,0,0,"",""
ball,1,17.3,Sydney Thunder,CJ Green,JJS Sangha,JA Richardson,1,0,"",""
ball,1,17.4,Sydney Thunder,JJS Sangha,CJ Green,JA Richardson,0,0,"",""
ball,1,17.5,Sydney Thunder,JJS Sangha,CJ Green,JA Richardson,1,0,"",""
ball,1,17.6,Sydney Thunder,CJ Green,JJS Sangha,JA Richardson,4,0,"",""
ball,1,18.1,Sydney Thunder,JJS Sangha,CJ Green,NM Coulter-Nile,0,0,"",""
ball,1,18.2,Sydney Thunder,JJS Sangha,CJ Green,NM Coulter-Nile,0,0,caught,JJS Sangha
ball,1,18.3,Sydney Thunder,CJ Green,GS Sandhu,NM Coulter-Nile,2,0,"",""
ball,1,18.4,Sydney Thunder,CJ Green,GS Sandhu,NM Coulter-Nile,0,1,"",""
ball,1,18.5,Sydney Thunder,GS Sandhu,CJ Green,NM Coulter-Nile,1,0,"",""
ball,1,18.6,Sydney Thunder,CJ Green,GS Sandhu,NM Coulter-Nile,4,0,"",""
ball,1,19.1,Sydney Thunder,GS Sandhu,CJ Green,AJ Tye,4,0,"",""
ball,1,19.2,Sydney Thunder,GS Sandhu,CJ Green,AJ Tye,1,0,"",""
ball,1,19.3,Sydney Thunder,CJ Green,GS Sandhu,AJ Tye,4,0,"",""
ball,1,19.4,Sydney Thunder,CJ Green,GS Sandhu,AJ Tye,1,0,"",""
ball,1,19.5,Sydney Thunder,GS Sandhu,CJ Green,AJ Tye,0,1,"",""
ball,1,19.6,Sydney Thunder,CJ Green,GS Sandhu,AJ Tye,2,0,"",""
ball,2,0.1,Perth Scorchers,M Klinger,DJ Willey,SL Rainbird,0,0,"",""
ball,2,0.2,Perth Scorchers,M Klinger,DJ Willey,SL Rainbird,0,1,"",""
ball,2,0.3,Perth Scorchers,DJ Willey,M Klinger,SL Rainbird,1,0,"",""
ball,2,0.4,Perth Scorchers,M Klinger,DJ Willey,SL Rainbird,1,0,"",""
ball,2,0.5,Perth Scorchers,DJ Willey,M Klinger,SL Rainbird,0,0,"",""
ball,2,0.6,Perth Scorchers,DJ Willey,M Klinger,SL Rainbird,1,0,"",""
ball,2,1.1,Perth Scorchers,DJ Willey,M Klinger,JD Cook,0,0,"",""
ball,2,1.2,Perth Scorchers,DJ Willey,M Klinger,JD Cook,0,0,"",""
ball,2,1.3,Perth Scorchers,DJ Willey,M Klinger,JD Cook,1,0,"",""
ball,2,1.4,Perth Scorchers,M Klinger,DJ Willey,JD Cook,1,0,"",""
ball,2,1.5,Perth Scorchers,DJ Willey,M Klinger,JD Cook,0,0,"",""
ball,2,1.6,Perth Scorchers,DJ Willey,M Klinger,JD Cook,1,0,"",""
ball,2,2.1,Perth Scorchers,DJ Willey,M Klinger,DR Sams,1,0,"",""
ball,2,2.2,Perth Scorchers,M Klinger,DJ Willey,DR Sams,4,0,"",""
ball,2,2.3,Perth Scorchers,M Klinger,DJ Willey,DR Sams,0,0,"",""
ball,2,2.4,Perth Scorchers,M Klinger,DJ Willey,DR Sams,1,0,"",""
ball,2,2.5,Perth Scorchers,DJ Willey,M Klinger,DR Sams,1,0,"",""
ball,2,2.6,Perth Scorchers,M Klinger,DJ Willey,DR Sams,1,0,"",""
ball,2,3.1,Perth Scorchers,M Klinger,DJ Willey,CJ Green,1,0,"",""
ball,2,3.2,Perth Scorchers,DJ Willey,M Klinger,CJ Green,1,0,"",""
ball,2,3.3,Perth Scorchers,M Klinger,DJ Willey,CJ Green,1,0,"",""
ball,2,3.4,Perth Scorchers,DJ Willey,M Klinger,CJ Green,0,0,caught,DJ Willey
ball,2,3.5,Perth Scorchers,M Klinger,CT Bancroft,CJ Green,2,0,"",""
ball,2,3.6,Perth Scorchers,M Klinger,CT Bancroft,CJ Green,1,0,"",""
ball,2,4.1,Perth Scorchers,M Klinger,CT Bancroft,GS Sandhu,0,1,"",""
ball,2,4.2,Perth Scorchers,CT Bancroft,M Klinger,GS Sandhu,1,0,"",""
ball,2,4.3,Perth Scorchers,M Klinger,CT Bancroft,GS Sandhu,1,0,"",""
ball,2,4.4,Perth Scorchers,CT Bancroft,M Klinger,GS Sandhu,0,0,"",""
ball,2,4.5,Perth Scorchers,CT Bancroft,M Klinger,GS Sandhu,2,0,"",""
ball,2,4.6,Perth Scorchers,CT Bancroft,M Klinger,GS Sandhu,1,0,"",""
ball,2,5.1,Perth Scorchers,CT Bancroft,M Klinger,JD Cook,1,0,"",""
ball,2,5.2,Perth Scorchers,M Klinger,CT Bancroft,JD Cook,1,0,"",""
ball,2,5.3,Perth Scorchers,CT Bancroft,M Klinger,JD Cook,1,0,"",""
ball,2,5.4,Perth Scorchers,M Klinger,CT Bancroft,JD Cook,1,0,"",""
ball,2,5.5,Perth Scorchers,CT Bancroft,M Klinger,JD Cook,0,0,"",""
ball,2,5.6,Perth Scorchers,CT Bancroft,M Klinger,JD Cook,0,1,"",""
ball,2,6.1,Perth Scorchers,CT Bancroft,M Klinger,Fawad Ahmed,0,1,"",""
ball,2,6.2,Perth Scorchers,CT Bancroft,M Klinger,Fawad Ahmed,0,0,"",""
ball,2,6.3,Perth Scorchers,CT Bancroft,M Klinger,Fawad Ahmed,1,0,"",""
ball,2,6.4,Perth Scorchers,M Klinger,CT Bancroft,Fawad Ahmed,1,0,"",""
ball,2,6.5,Perth Scorchers,CT Bancroft,M Klinger,Fawad Ahmed,1,0,"",""
ball,2,6.6,Perth Scorchers,M Klinger,CT Bancroft,Fawad Ahmed,1,0,"",""
ball,2,6.7,Perth Scorchers,CT Bancroft,M Klinger,Fawad Ahmed,1,0,"",""
ball,2,7.1,Perth Scorchers,CT Bancroft,M Klinger,CJ Green,1,0,"",""
ball,2,7.2,Perth Scorchers,M Klinger,CT Bancroft,CJ Green,1,0,"",""
ball,2,7.3,Perth Scorchers,CT Bancroft,M Klinger,CJ Green,0,0,"",""
ball,2,7.4,Perth Scorchers,CT Bancroft,M Klinger,CJ Green,0,0,"",""
ball,2,7.5,Perth Scorchers,CT Bancroft,M Klinger,CJ Green,6,0,"",""
ball,2,7.6,Perth Scorchers,CT Bancroft,M Klinger,CJ Green,1,0,"",""
ball,2,8.1,Perth Scorchers,CT Bancroft,M Klinger,Fawad Ahmed,1,0,"",""
ball,2,8.2,Perth Scorchers,M Klinger,CT Bancroft,Fawad Ahmed,0,0,"",""
ball,2,8.3,Perth Scorchers,M Klinger,CT Bancroft,Fawad Ahmed,1,0,"",""
ball,2,8.4,Perth Scorchers,CT Bancroft,M Klinger,Fawad Ahmed,1,0,"",""
ball,2,8.5,Perth Scorchers,M Klinger,CT Bancroft,Fawad Ahmed,0,0,lbw,M Klinger
ball,2,8.6,Perth Scorchers,AC Agar,CT Bancroft,Fawad Ahmed,0,0,"",""
ball,2,9.1,Perth Scorchers,CT Bancroft,AC Agar,JD Cook,0,0,"",""
ball,2,9.2,Perth Scorchers,CT Bancroft,AC Agar,JD Cook,0,0,"",""
ball,2,9.3,Perth Scorchers,CT Bancroft,AC Agar,JD Cook,0,0,"",""
ball,2,9.4,Perth Scorchers,CT Bancroft,AC Agar,JD Cook,0,0,lbw,CT Bancroft
ball,2,9.5,Perth Scorchers,AJ Turner,AC Agar,JD Cook,0,0,"",""
ball,2,9.6,Perth Scorchers,AJ Turner,AC Agar,JD Cook,1,0,"",""
ball,2,10.1,Perth Scorchers,AJ Turner,AC Agar,Fawad Ahmed,0,0,"",""
ball,2,10.2,Perth Scorchers,AJ Turner,AC Agar,Fawad Ahmed,1,0,"",""
ball,2,10.3,Perth Scorchers,AC Agar,AJ Turner,Fawad Ahmed,0,0,caught,AC Agar
ball,2,10.4,Perth Scorchers,HWR Cartwright,AJ Turner,Fawad Ahmed,0,0,"",""
ball,2,10.5,Perth Scorchers,HWR Cartwright,AJ Turner,Fawad Ahmed,0,0,"",""
ball,2,10.6,Perth Scorchers,HWR Cartwright,AJ Turner,Fawad Ahmed,1,0,"",""
ball,2,11.1,Perth Scorchers,HWR Cartwright,AJ Turner,CJ Green,1,0,run out,HWR Cartwright
ball,2,11.2,Perth Scorchers,WG Bosisto,AJ Turner,CJ Green,1,0,"",""
ball,2,11.3,Perth Scorchers,AJ Turner,WG Bosisto,CJ Green,0,0,"",""
ball,2,11.4,Perth Scorchers,AJ Turner,WG Bosisto,CJ Green,1,0,"",""
ball,2,11.5,Perth Scorchers,WG Bosisto,AJ Turner,CJ Green,1,0,"",""
ball,2,11.6,Perth Scorchers,AJ Turner,WG Bosisto,CJ Green,0,0,"",""
ball,2,12.1,Perth Scorchers,WG Bosisto,AJ Turner,Fawad Ahmed,4,0,"",""
ball,2,12.2,Perth Scorchers,WG Bosisto,AJ Turner,Fawad Ahmed,4,0,"",""
ball,2,12.3,Perth Scorchers,WG Bosisto,AJ Turner,Fawad Ahmed,1,0,"",""
ball,2,12.4,Perth Scorchers,AJ Turner,WG Bosisto,Fawad Ahmed,1,0,"",""
ball,2,12.5,Perth Scorchers,WG Bosisto,AJ Turner,Fawad Ahmed,0,0,"",""
ball,2,12.6,Perth Scorchers,WG Bosisto,AJ Turner,Fawad Ahmed,1,0,"",""
ball,2,13.1,Perth Scorchers,WG Bosisto,AJ Turner,JD Cook,0,0,"",""
ball,2,13.2,Perth Scorchers,WG Bosisto,AJ Turner,JD Cook,1,0,"",""
ball,2,13.3,Perth Scorchers,AJ Turner,WG Bosisto,JD Cook,2,0,"",""
ball,2,13.4,Perth Scorchers,AJ Turner,WG Bosisto,JD Cook,1,0,"",""
ball,2,13.5,Perth Scorchers,WG Bosisto,AJ Turner,JD Cook,0,0,"",""
ball,2,13.6,Perth Scorchers,WG Bosisto,AJ Turner,JD Cook,1,0,"",""
ball,2,14.1,Perth Scorchers,WG Bosisto,AJ Turner,SL Rainbird,1,0,"",""
ball,2,14.2,Perth Scorchers,AJ Turner,WG Bosisto,SL Rainbird,2,0,"",""
ball,2,14.3,Perth Scorchers,AJ Turner,WG Bosisto,SL Rainbird,4,0,"",""
ball,2,14.4,Perth Scorchers,AJ Turner,WG Bosisto,SL Rainbird,0,0,"",""
ball,2,14.5,Perth Scorchers,AJ Turner,WG Bosisto,SL Rainbird,0,0,"",""
ball,2,14.6,Perth Scorchers,AJ Turner,WG Bosisto,SL Rainbird,2,0,"",""
ball,2,15.1,Perth Scorchers,WG Bosisto,AJ Turner,DR Sams,1,0,"",""
ball,2,15.2,Perth Scorchers,AJ Turner,WG Bosisto,DR Sams,1,0,"",""
ball,2,15.3,Perth Scorchers,WG Bosisto,AJ Turner,DR Sams,1,0,"",""
ball,2,15.4,Perth Scorchers,AJ Turner,WG Bosisto,DR Sams,4,0,"",""
ball,2,15.5,Perth Scorchers,AJ Turner,WG Bosisto,DR Sams,2,0,"",""
ball,2,15.6,Perth Scorchers,AJ Turner,WG Bosisto,DR Sams,1,0,"",""
ball,2,16.1,Perth Scorchers,AJ Turner,WG Bosisto,GS Sandhu,0,0,"",""
ball,2,16.2,Perth Scorchers,AJ Turner,WG Bosisto,GS Sandhu,2,0,"",""
ball,2,16.3,Perth Scorchers,AJ Turner,WG Bosisto,GS Sandhu,2,0,"",""
ball,2,16.4,Perth Scorchers,AJ Turner,WG Bosisto,GS Sandhu,1,0,"",""
ball,2,16.5,Perth Scorchers,WG Bosisto,AJ Turner,GS Sandhu,1,0,"",""
ball,2,16.6,Perth Scorchers,AJ Turner,WG Bosisto,GS Sandhu,2,0,"",""
ball,2,17.1,Perth Scorchers,WG Bosisto,AJ Turner,CJ Green,0,1,"",""
ball,2,17.2,Perth Scorchers,AJ Turner,WG Bosisto,CJ Green,1,0,"",""
ball,2,17.3,Perth Scorchers,WG Bosisto,AJ Turner,CJ Green,0,1,"",""
ball,2,17.4,Perth Scorchers,AJ Turner,WG Bosisto,CJ Green,2,0,"",""
ball,2,17.5,Perth Scorchers,AJ Turner,WG Bosisto,CJ Green,4,0,"",""
ball,2,17.6,Perth Scorchers,AJ Turner,WG Bosisto,CJ Green,6,0,"",""
ball,2,18.1,Perth Scorchers,WG Bosisto,AJ Turner,SL Rainbird,2,0,"",""
ball,2,18.2,Perth Scorchers,WG Bosisto,AJ Turner,SL Rainbird,1,0,"",""
ball,2,18.3,Perth Scorchers,AJ Turner,WG Bosisto,SL Rainbird,1,0,"",""
ball,2,18.4,Perth Scorchers,WG Bosisto,AJ Turner,SL Rainbird,0,1,"",""
ball,2,18.5,Perth Scorchers,AJ Turner,WG Bosisto,SL Rainbird,0,1,"",""
ball,2,18.6,Perth Scorchers,WG Bosisto,AJ Turner,SL Rainbird,2,0,"",""
ball,2,19.1,Perth Scorchers,AJ Turner,WG Bosisto,DR Sams,2,0,"",""
ball,2,19.2,Perth Scorchers,AJ Turner,WG Bosisto,DR Sams,4,0,"",""
ball,2,19.3,Perth Scorchers,AJ Turner,WG Bosisto,DR Sams,2,0,"",""
ball,2,19.4,Perth Scorchers,AJ Turner,WG Bosisto,DR Sams,4,0,"",""
ball,2,19.5,Perth Scorchers,AJ Turner,WG Bosisto,DR Sams,0,1,"",""
ball,2,19.6,Perth Scorchers,AJ Turner,WG Bosisto,DR Sams,0,1,"",""
ball,2,19.7,Perth Scorchers,AJ Turner,WG Bosisto,DR Sams,2,0,"",""
ball,2,19.8,Perth Scorchers,AJ Turner,WG Bosisto,DR Sams,2,0,"",""
