version,1.3.0
info,team,Sydney Sixers
info,team,Sydney Thunder
info,gender,male
info,season,2019/20
info,date,2019/12/28
info,competition,Big Bash League
info,match_number,14
info,venue,Sydney Cricket Ground
info,city,Sydney
info,toss_winner,Sydney Thunder
info,toss_decision,bat
info,player_of_match,TK Curran
info,umpire,AK Wilds
info,umpire,MW Graham-Smith
info,reserve_umpire,Troy Penman
info,tv_umpire,SA Lightbody
info,match_referee,RL Parry
info,outcome,tie
info,eliminator,Sydney Sixers
ball,1,0.1,Sydney Thunder,UT Khawaja,AD Hales,BJ Dwarshuis,1,0,"",""
ball,1,0.2,Sydney Thunder,AD Hales,UT Khawaja,BJ Dwarshuis,0,0,"",""
ball,1,0.3,Sydney Thunder,AD Hales,UT Khawaja,BJ Dwarshuis,0,0,"",""
ball,1,0.4,Sydney Thunder,AD Hales,UT Khawaja,BJ Dwarshuis,0,0,"",""
ball,1,0.5,Sydney Thunder,AD Hales,UT Khawaja,BJ Dwarshuis,4,0,"",""
ball,1,0.6,Sydney Thunder,AD Hales,UT Khawaja,BJ Dwarshuis,4,0,"",""
ball,1,1.1,Sydney Thunder,UT Khawaja,AD Hales,JM Bird,1,0,"",""
ball,1,1.2,Sydney Thunder,AD Hales,UT Khawaja,JM Bird,0,0,"",""
ball,1,1.3,Sydney Thunder,AD Hales,UT Khawaja,JM Bird,0,0,"",""
ball,1,1.4,Sydney Thunder,AD Hales,UT Khawaja,JM Bird,0,0,"",""
ball,1,1.5,Sydney Thunder,AD Hales,UT Khawaja,JM Bird,4,0,"",""
ball,1,1.6,Sydney Thunder,AD Hales,UT Khawaja,JM Bird,4,0,"",""
ball,1,2.1,Sydney Thunder,UT Khawaja,AD Hales,BJ Dwarshuis,0,0,"",""
ball,1,2.2,Sydney Thunder,UT Khawaja,AD Hales,BJ Dwarshuis,0,0,"",""
ball,1,2.3,Sydney Thunder,UT Khawaja,AD Hales,BJ Dwarshuis,1,0,"",""
ball,1,2.4,Sydney Thunder,AD Hales,UT Khawaja,BJ Dwarshuis,6,0,"",""
ball,1,2.5,Sydney Thunder,AD Hales,UT Khawaja,BJ Dwarshuis,4,0,"",""
ball,1,2.6,Sydney Thunder,AD Hales,UT Khawaja,BJ Dwarshuis,1,0,"",""
ball,1,3.1,Sydney Thunder,AD Hales,UT Khawaja,JM Bird,0,0,"",""
ball,1,3.2,Sydney Thunder,AD Hales,UT Khawaja,JM Bird,1,0,"",""
ball,1,3.3,Sydney Thunder,UT Khawaja,AD Hales,JM Bird,1,0,"",""
ball,1,3.4,Sydney Thunder,AD Hales,UT Khawaja,JM Bird,1,0,"",""
ball,1,3.5,Sydney Thunder,UT Khawaja,AD Hales,JM Bird,6,0,"",""
ball,1,3.6,Sydney Thunder,UT Khawaja,AD Hales,JM Bird,1,0,"",""
ball,1,4.1,Sydney Thunder,UT Khawaja,AD Hales,TK Curran,2,0,"",""
ball,1,4.2,Sydney Thunder,UT Khawaja,AD Hales,TK Curran,1,0,"",""
ball,1,4.3,Sydney Thunder,AD Hales,UT Khawaja,TK Curran,1,0,"",""
ball,1,4.4,Sydney Thunder,UT Khawaja,AD Hales,TK Curran,1,0,"",""
ball,1,4.5,Sydney Thunder,AD Hales,UT Khawaja,TK Curran,1,0,"",""
ball,1,4.6,Sydney Thunder,UT Khawaja,AD Hales,TK Curran,1,0,"",""
ball,1,5.1,Sydney Thunder,UT Khawaja,AD Hales,SA Abbott,0,1,"",""
ball,1,5.2,Sydney Thunder,UT Khawaja,AD Hales,SA Abbott,0,0,caught,UT Khawaja
ball,1,5.3,Sydney Thunder,CJ Ferguson,AD Hales,SA Abbott,0,0,"",""
ball,1,5.4,Sydney Thunder,CJ Ferguson,AD Hales,SA Abbott,1,0,"",""
ball,1,5.5,Sydney Thunder,AD Hales,CJ Ferguson,SA Abbott,0,0,"",""
ball,1,5.6,Sydney Thunder,AD Hales,CJ Ferguson,SA Abbott,1,0,"",""
ball,1,5.7,Sydney Thunder,CJ Ferguson,AD Hales,SA Abbott,0,0,"",""
ball,1,6.1,Sydney Thunder,AD Hales,CJ Ferguson,TK Curran,0,0,caught,AD Hales
ball,1,6.2,Sydney Thunder,CJ Ferguson,M Gilkes,TK Curran,0,0,"",""
ball,1,6.3,Sydney Thunder,CJ Ferguson,M Gilkes,TK Curran,0,0,"",""
ball,1,6.4,Sydney Thunder,CJ Ferguson,M Gilkes,TK Curran,1,0,"",""
ball,1,6.5,Sydney Thunder,M Gilkes,CJ Ferguson,TK Curran,0,0,"",""
ball,1,6.6,Sydney Thunder,M Gilkes,CJ Ferguson,TK Curran,0,0,"",""
ball,1,7.1,Sydney Thunder,CJ Ferguson,M Gilkes,L Pope,1,0,"",""
ball,1,7.2,Sydney Thunder,M Gilkes,CJ Ferguson,L Pope,0,0,"",""
ball,1,7.3,Sydney Thunder,M Gilkes,CJ Ferguson,L Pope,0,2,"",""
ball,1,7.4,Sydney Thunder,M Gilkes,CJ Ferguson,L Pope,0,0,"",""
ball,1,7.5,Sydney Thunder,M Gilkes,CJ Ferguson,L Pope,0,0,"",""
ball,1,7.6,Sydney Thunder,M Gilkes,CJ Ferguson,L Pope,0,0,stumped,M Gilkes
ball,1,8.1,Sydney Thunder,CJ Ferguson,AI Ross,JM Bird,0,0,"",""
ball,1,8.2,Sydney Thunder,CJ Ferguson,AI Ross,JM Bird,2,0,"",""
ball,1,8.3,Sydney Thunder,CJ Ferguson,AI Ross,JM Bird,2,0,"",""
ball,1,8.4,Sydney Thunder,CJ Ferguson,AI Ross,JM Bird,1,0,"",""
ball,1,8.5,Sydney Thunder,AI Ross,CJ Ferguson,JM Bird,0,0,"",""
ball,1,8.6,Sydney Thunder,AI Ross,CJ Ferguson,JM Bird,1,0,"",""
ball,1,9.1,Sydney Thunder,AI Ross,CJ Ferguson,L Pope,1,0,"",""
ball,1,9.2,Sydney Thunder,CJ Ferguson,AI Ross,L Pope,1,0,"",""
ball,1,9.3,Sydney Thunder,AI Ross,CJ Ferguson,L Pope,1,0,"",""
ball,1,9.4,Sydney Thunder,CJ Ferguson,AI Ross,L Pope,1,0,"",""
ball,1,9.5,Sydney Thunder,AI Ross,CJ Ferguson,L Pope,0,0,"",""
ball,1,9.6,Sydney Thunder,AI Ross,CJ Ferguson,L Pope,0,1,"",""
ball,1,9.7,Sydney Thunder,AI Ross,CJ Ferguson,L Pope,1,0,"",""
ball,1,10.1,Sydney Thunder,AI Ross,CJ Ferguson,SA Abbott,1,0,"",""
ball,1,10.2,Sydney Thunder,CJ Ferguson,AI Ross,SA Abbott,1,0,"",""
ball,1,10.3,Sydney Thunder,AI Ross,CJ Ferguson,SA Abbott,0,0,"",""
ball,1,10.4,Sydney Thunder,AI Ross,CJ Ferguson,SA Abbott,0,0,"",""
ball,1,10.5,Sydney Thunder,AI Ross,CJ Ferguson,SA Abbott,1,0,"",""
ball,1,10.6,Sydney Thunder,CJ Ferguson,AI Ross,SA Abbott,2,0,"",""
ball,1,11.1,Sydney Thunder,AI Ross,CJ Ferguson,L Pope,1,0,"",""
ball,1,11.2,Sydney Thunder,CJ Ferguson,AI Ross,L Pope,1,0,"",""
ball,1,11.3,Sydney Thunder,AI Ross,CJ Ferguson,L Pope,1,0,"",""
ball,1,11.4,Sydney Thunder,CJ Ferguson,AI Ross,L Pope,4,0,"",""
ball,1,11.5,Sydney Thunder,CJ Ferguson,AI Ross,L Pope,1,0,"",""
ball,1,11.6,Sydney Thunder,AI Ross,CJ Ferguson,L Pope,6,0,"",""
ball,1,12.1,Sydney Thunder,CJ Ferguson,AI Ross,BJ Dwarshuis,1,0,"",""
ball,1,12.2,Sydney Thunder,AI Ross,CJ Ferguson,BJ Dwarshuis,0,4,"",""
ball,1,12.3,Sydney Thunder,AI Ross,CJ Ferguson,BJ Dwarshuis,0,0,"",""
ball,1,12.4,Sydney Thunder,AI Ross,CJ Ferguson,BJ Dwarshuis,1,0,"",""
ball,1,12.5,Sydney Thunder,CJ Ferguson,AI Ross,BJ Dwarshuis,4,0,"",""
ball,1,12.6,Sydney Thunder,CJ Ferguson,AI Ross,BJ Dwarshuis,1,0,"",""
ball,1,13.1,Sydney Thunder,CJ Ferguson,AI Ross,JM Bird,1,0,"",""
ball,1,13.2,Sydney Thunder,AI Ross,CJ Ferguson,JM Bird,1,0,"",""
ball,1,13.3,Sydney Thunder,CJ Ferguson,AI Ross,JM Bird,1,0,"",""
ball,1,13.4,Sydney Thunder,AI Ross,CJ Ferguson,JM Bird,1,0,"",""
ball,1,13.5,Sydney Thunder,CJ Ferguson,AI Ross,JM Bird,1,0,"",""
ball,1,13.6,Sydney Thunder,AI Ross,CJ Ferguson,JM Bird,1,0,"",""
ball,1,14.1,Sydney Thunder,AI Ross,CJ Ferguson,TK Curran,6,0,"",""
ball,1,14.2,Sydney Thunder,AI Ross,CJ Ferguson,TK Curran,2,0,"",""
ball,1,14.3,Sydney Thunder,AI Ross,CJ Ferguson,TK Curran,0,0,caught,AI Ross
ball,1,14.4,Sydney Thunder,CJ Ferguson,CH Morris,TK Curran,0,0,"",""
ball,1,14.5,Sydney Thunder,CJ Ferguson,CH Morris,TK Curran,1,0,"",""
ball,1,14.6,Sydney Thunder,CH Morris,CJ Ferguson,TK Curran,1,0,"",""
ball,1,15.1,Sydney Thunder,CH Morris,CJ Ferguson,L Pope,0,0,caught,CH Morris
ball,1,15.2,Sydney Thunder,CJ Green,CJ Ferguson,L Pope,0,0,"",""
ball,1,15.3,Sydney Thunder,CJ Green,CJ Ferguson,L Pope,0,0,"",""
ball,1,15.4,Sydney Thunder,CJ Green,CJ Ferguson,L Pope,1,0,"",""
ball,1,15.5,Sydney Thunder,CJ Ferguson,CJ Green,L Pope,1,0,"",""
ball,1,15.6,Sydney Thunder,CJ Green,CJ Ferguson,L Pope,0,0,bowled,CJ Green
ball,1,16.1,Sydney Thunder,CJ Ferguson,DR Sams,SA Abbott,0,0,"",""
ball,1,16.2,Sydney Thunder,CJ Ferguson,DR Sams,SA Abbott,1,0,"",""
ball,1,16.3,Sydney Thunder,DR Sams,CJ Ferguson,SA Abbott,0,0,caught,DR Sams
ball,1,16.4,Sydney Thunder,CJ Ferguson,AJ Nair,SA Abbott,1,0,"",""
ball,1,16.5,Sydney Thunder,AJ Nair,CJ Ferguson,SA Abbott,1,0,"",""
ball,1,16.6,Sydney Thunder,CJ Ferguson,AJ Nair,SA Abbott,1,0,"",""
ball,1,17.1,Sydney Thunder,CJ Ferguson,AJ Nair,TK Curran,1,0,"",""
ball,1,17.2,Sydney Thunder,AJ Nair,CJ Ferguson,TK Curran,0,0,"",""
ball,1,17.3,Sydney Thunder,AJ Nair,CJ Ferguson,TK Curran,1,0,"",""
ball,1,17.4,Sydney Thunder,CJ Ferguson,AJ Nair,TK Curran,1,0,"",""
ball,1,17.5,Sydney Thunder,AJ Nair,CJ Ferguson,TK Curran,1,0,"",""
ball,1,17.6,Sydney Thunder,CJ Ferguson,AJ Nair,TK Curran,1,0,"",""
ball,1,18.1,Sydney Thunder,CJ Ferguson,AJ Nair,BJ Dwarshuis,4,0,"",""
ball,1,18.2,Sydney Thunder,CJ Ferguson,AJ Nair,BJ Dwarshuis,1,0,"",""
ball,1,18.3,Sydney Thunder,AJ Nair,CJ Ferguson,BJ Dwarshuis,0,1,"",""
ball,1,18.4,Sydney Thunder,AJ Nair,CJ Ferguson,BJ Dwarshuis,1,0,"",""
ball,1,18.5,Sydney Thunder,CJ Ferguson,AJ Nair,BJ Dwarshuis,2,0,"",""
ball,1,18.6,Sydney Thunder,CJ Ferguson,AJ Nair,BJ Dwarshuis,0,0,"",""
ball,1,18.7,Sydney Thunder,CJ Ferguson,AJ Nair,BJ Dwarshuis,1,0,"",""
ball,1,19.1,Sydney Thunder,CJ Ferguson,AJ Nair,SA Abbott,6,0,"",""
ball,1,19.2,Sydney Thunder,CJ Ferguson,AJ Nair,SA Abbott,1,0,"",""
ball,1,19.3,Sydney Thunder,AJ Nair,CJ Ferguson,SA Abbott,1,0,"",""
ball,1,19.4,Sydney Thunder,CJ Ferguson,AJ Nair,SA Abbott,1,1,"",""
ball,1,19.5,Sydney Thunder,AJ Nair,CJ Ferguson,SA Abbott,2,0,"",""
ball,1,19.6,Sydney Thunder,AJ Nair,CJ Ferguson,SA Abbott,4,0,"",""
ball,1,19.7,Sydney Thunder,AJ Nair,CJ Ferguson,SA Abbott,0,0,run out,CJ Ferguson
ball,2,0.1,Sydney Sixers,JR Philippe,H Kerr,JD Cook,1,0,"",""
ball,2,0.2,Sydney Sixers,H Kerr,JR Philippe,JD Cook,0,0,"",""
ball,2,0.3,Sydney Sixers,H Kerr,JR Philippe,JD Cook,0,0,"",""
ball,2,0.4,Sydney Sixers,H Kerr,JR Philippe,JD Cook,0,0,"",""
ball,2,0.5,Sydney Sixers,H Kerr,JR Philippe,JD Cook,0,0,bowled,H Kerr
ball,2,0.6,Sydney Sixers,DP Hughes,JR Philippe,JD Cook,1,0,"",""
ball,2,1.1,Sydney Sixers,DP Hughes,JR Philippe,CJ Green,1,0,"",""
ball,2,1.2,Sydney Sixers,JR Philippe,DP Hughes,CJ Green,0,0,"",""
ball,2,1.3,Sydney Sixers,JR Philippe,DP Hughes,CJ Green,1,0,"",""
ball,2,1.4,Sydney Sixers,DP Hughes,JR Philippe,CJ Green,1,0,"",""
ball,2,1.5,Sydney Sixers,JR Philippe,DP Hughes,CJ Green,4,0,"",""
ball,2,1.6,Sydney Sixers,JR Philippe,DP Hughes,CJ Green,1,0,"",""
ball,2,2.1,Sydney Sixers,JR Philippe,DP Hughes,DR Sams,0,0,"",""
ball,2,2.2,Sydney Sixers,JR Philippe,DP Hughes,DR Sams,0,0,"",""
ball,2,2.3,Sydney Sixers,JR Philippe,DP Hughes,DR Sams,0,0,"",""
ball,2,2.4,Sydney Sixers,JR Philippe,DP Hughes,DR Sams,0,0,"",""
ball,2,2.5,Sydney Sixers,JR Philippe,DP Hughes,DR Sams,1,0,"",""
ball,2,2.6,Sydney Sixers,DP Hughes,JR Philippe,DR Sams,1,0,"",""
ball,2,3.1,Sydney Sixers,DP Hughes,JR Philippe,CP Tremain,0,0,"",""
ball,2,3.2,Sydney Sixers,DP Hughes,JR Philippe,CP Tremain,4,0,"",""
ball,2,3.3,Sydney Sixers,DP Hughes,JR Philippe,CP Tremain,1,0,"",""
ball,2,3.4,Sydney Sixers,JR Philippe,DP Hughes,CP Tremain,1,0,"",""
ball,2,3.5,Sydney Sixers,DP Hughes,JR Philippe,CP Tremain,4,0,"",""
ball,2,3.6,Sydney Sixers,DP Hughes,JR Philippe,CP Tremain,0,0,"",""
ball,2,4.1,Sydney Sixers,JR Philippe,DP Hughes,CH Morris,0,0,"",""
ball,2,4.2,Sydney Sixers,JR Philippe,DP Hughes,CH Morris,0,0,"",""
ball,2,4.3,Sydney Sixers,JR Philippe,DP Hughes,CH Morris,1,0,"",""
ball,2,4.4,Sydney Sixers,DP Hughes,JR Philippe,CH Morris,0,0,"",""
ball,2,4.5,Sydney Sixers,DP Hughes,JR Philippe,CH Morris,4,0,"",""
ball,2,4.6,Sydney Sixers,DP Hughes,JR Philippe,CH Morris,1,0,"",""
ball,2,5.1,Sydney Sixers,DP Hughes,JR Philippe,DR Sams,0,0,"",""
ball,2,5.2,Sydney Sixers,DP Hughes,JR Philippe,DR Sams,1,0,"",""
ball,2,5.3,Sydney Sixers,JR Philippe,DP Hughes,DR Sams,0,0,"",""
ball,2,5.4,Sydney Sixers,JR Philippe,DP Hughes,DR Sams,1,0,"",""
ball,2,5.5,Sydney Sixers,DP Hughes,JR Philippe,DR Sams,4,0,"",""
ball,2,5.6,Sydney Sixers,DP Hughes,JR Philippe,DR Sams,4,0,"",""
ball,2,6.1,Sydney Sixers,JR Philippe,DP Hughes,CH Morris,0,0,lbw,JR Philippe
ball,2,6.2,Sydney Sixers,MC Henriques,DP Hughes,CH Morris,2,0,"",""
ball,2,6.3,Sydney Sixers,MC Henriques,DP Hughes,CH Morris,0,0,"",""
ball,2,6.4,Sydney Sixers,MC Henriques,DP Hughes,CH Morris,1,0,"",""
ball,2,6.5,Sydney Sixers,DP Hughes,MC Henriques,CH Morris,1,0,"",""
ball,2,6.6,Sydney Sixers,MC Henriques,DP Hughes,CH Morris,6,0,"",""
ball,2,7.1,Sydney Sixers,DP Hughes,MC Henriques,AJ Nair,1,0,"",""
ball,2,7.2,Sydney Sixers,MC Henriques,DP Hughes,AJ Nair,1,0,"",""
ball,2,7.3,Sydney Sixers,DP Hughes,MC Henriques,AJ Nair,4,0,"",""
ball,2,7.4,Sydney Sixers,DP Hughes,MC Henriques,AJ Nair,0,0,"",""
ball,2,7.5,Sydney Sixers,DP Hughes,MC Henriques,AJ Nair,2,0,"",""
ball,2,7.6,Sydney Sixers,DP Hughes,MC Henriques,AJ Nair,1,0,"",""
ball,2,8.1,Sydney Sixers,DP Hughes,MC Henriques,CJ Green,1,0,"",""
ball,2,8.2,Sydney Sixers,MC Henriques,DP Hughes,CJ Green,6,0,"",""
ball,2,8.3,Sydney Sixers,MC Henriques,DP Hughes,CJ Green,2,0,"",""
ball,2,8.4,Sydney Sixers,MC Henriques,DP Hughes,CJ Green,1,0,"",""
ball,2,8.5,Sydney Sixers,DP Hughes,MC Henriques,CJ Green,0,0,"",""
ball,2,8.6,Sydney Sixers,DP Hughes,MC Henriques,CJ Green,0,0,bowled,DP Hughes
ball,2,9.1,Sydney Sixers,MC Henriques,JC Silk,JD Cook,1,0,"",""
ball,2,9.2,Sydney Sixers,JC Silk,MC Henriques,JD Cook,0,0,"",""
ball,2,9.3,Sydney Sixers,JC Silk,MC Henriques,JD Cook,1,0,"",""
ball,2,9.4,Sydney Sixers,MC Henriques,JC Silk,JD Cook,1,0,"",""
ball,2,9.5,Sydney Sixers,JC Silk,MC Henriques,JD Cook,1,0,"",""
ball,2,9.6,Sydney Sixers,MC Henriques,JC Silk,JD Cook,1,0,run out,JC Silk
ball,2,10.1,Sydney Sixers,J Edwards,MC Henriques,CP Tremain,0,0,"",""
ball,2,10.2,Sydney Sixers,J Edwards,MC Henriques,CP Tremain,0,0,"",""
ball,2,10.3,Sydney Sixers,J Edwards,MC Henriques,CP Tremain,0,0,"",""
ball,2,10.4,Sydney Sixers,J Edwards,MC Henriques,CP Tremain,0,0,"",""
ball,2,10.5,Sydney Sixers,J Edwards,MC Henriques,CP Tremain,0,0,"",""
ball,2,10.6,Sydney Sixers,J Edwards,MC Henriques,CP Tremain,2,0,"",""
ball,2,11.1,Sydney Sixers,MC Henriques,J Edwards,AJ Nair,1,0,"",""
ball,2,11.2,Sydney Sixers,J Edwards,MC Henriques,AJ Nair,1,0,"",""
ball,2,11.3,Sydney Sixers,MC Henriques,J Edwards,AJ Nair,1,0,"",""
ball,2,11.4,Sydney Sixers,J Edwards,MC Henriques,AJ Nair,0,0,"",""
ball,2,11.5,Sydney Sixers,J Edwards,MC Henriques,AJ Nair,1,0,"",""
ball,2,11.6,Sydney Sixers,MC Henriques,J Edwards,AJ Nair,1,0,"",""
ball,2,12.1,Sydney Sixers,MC Henriques,J Edwards,CP Tremain,1,0,"",""
ball,2,12.2,Sydney Sixers,J Edwards,MC Henriques,CP Tremain,1,0,"",""
ball,2,12.3,Sydney Sixers,MC Henriques,J Edwards,CP Tremain,2,0,"",""
ball,2,12.4,Sydney Sixers,MC Henriques,J Edwards,CP Tremain,0,1,"",""
ball,2,12.5,Sydney Sixers,MC Henriques,J Edwards,CP Tremain,2,0,"",""
ball,2,12.6,Sydney Sixers,MC Henriques,J Edwards,CP Tremain,0,1,"",""
ball,2,12.7,Sydney Sixers,MC Henriques,J Edwards,CP Tremain,1,0,"",""
ball,2,12.8,Sydney Sixers,J Edwards,MC Henriques,CP Tremain,1,0,"",""
ball,2,13.1,Sydney Sixers,J Edwards,MC Henriques,JD Cook,1,0,"",""
ball,2,13.2,Sydney Sixers,MC Henriques,J Edwards,JD Cook,1,0,"",""
ball,2,13.3,Sydney Sixers,J Edwards,MC Henriques,JD Cook,1,0,"",""
ball,2,13.4,Sydney Sixers,MC Henriques,J Edwards,JD Cook,1,0,"",""
ball,2,13.5,Sydney Sixers,J Edwards,MC Henriques,JD Cook,0,0,"",""
ball,2,13.6,Sydney Sixers,J Edwards,MC Henriques,JD Cook,2,0,"",""
ball,2,14.1,Sydney Sixers,MC Henriques,J Edwards,DR Sams,1,0,"",""
ball,2,14.2,Sydney Sixers,J Edwards,MC Henriques,DR Sams,1,0,"",""
ball,2,14.3,Sydney Sixers,MC Henriques,J Edwards,DR Sams,1,0,"",""
ball,2,14.4,Sydney Sixers,J Edwards,MC Henriques,DR Sams,4,0,"",""
ball,2,14.5,Sydney Sixers,J Edwards,MC Henriques,DR Sams,1,0,"",""
ball,2,14.6,Sydney Sixers,MC Henriques,J Edwards,DR Sams,1,0,"",""
ball,2,15.1,Sydney Sixers,MC Henriques,J Edwards,JD Cook,1,0,"",""
ball,2,15.2,Sydney Sixers,J Edwards,MC Henriques,JD Cook,1,0,"",""
ball,2,15.3,Sydney Sixers,MC Henriques,J Edwards,JD Cook,2,0,"",""
ball,2,15.4,Sydney Sixers,MC Henriques,J Edwards,JD Cook,0,0,"",""
ball,2,15.5,Sydney Sixers,MC Henriques,J Edwards,JD Cook,0,0,"",""
ball,2,15.6,Sydney Sixers,MC Henriques,J Edwards,JD Cook,1,0,"",""
ball,2,16.1,Sydney Sixers,MC Henriques,J Edwards,CH Morris,1,0,"",""
ball,2,16.2,Sydney Sixers,J Edwards,MC Henriques,CH Morris,0,0,"",""
ball,2,16.3,Sydney Sixers,J Edwards,MC Henriques,CH Morris,0,0,caught,J Edwards
ball,2,16.4,Sydney Sixers,TK Curran,MC Henriques,CH Morris,4,0,"",""
ball,2,16.5,Sydney Sixers,TK Curran,MC Henriques,CH Morris,4,0,"",""
ball,2,16.6,Sydney Sixers,TK Curran,MC Henriques,CH Morris,4,0,"",""
ball,2,17.1,Sydney Sixers,MC Henriques,TK Curran,DR Sams,0,0,caught,MC Henriques
ball,2,17.2,Sydney Sixers,TK Curran,BJ Dwarshuis,DR Sams,1,0,"",""
ball,2,17.3,Sydney Sixers,BJ Dwarshuis,TK Curran,DR Sams,1,0,"",""
ball,2,17.4,Sydney Sixers,TK Curran,BJ Dwarshuis,DR Sams,0,2,"",""
ball,2,17.5,Sydney Sixers,TK Curran,BJ Dwarshuis,DR Sams,0,0,"",""
ball,2,17.6,Sydney Sixers,TK Curran,BJ Dwarshuis,DR Sams,1,0,"",""
ball,2,18.1,Sydney Sixers,TK Curran,BJ Dwarshuis,CH Morris,4,0,"",""
ball,2,18.2,Sydney Sixers,TK Curran,BJ Dwarshuis,CH Morris,1,0,"",""
ball,2,18.3,Sydney Sixers,BJ Dwarshuis,TK Curran,CH Morris,0,0,"",""
ball,2,18.4,Sydney Sixers,BJ Dwarshuis,TK Curran,CH Morris,1,0,"",""
ball,2,18.5,Sydney Sixers,TK Curran,BJ Dwarshuis,CH Morris,0,0,"",""
ball,2,18.6,Sydney Sixers,TK Curran,BJ Dwarshuis,CH Morris,1,0,"",""
ball,2,19.1,Sydney Sixers,TK Curran,BJ Dwarshuis,CP Tremain,6,0,"",""
ball,2,19.2,Sydney Sixers,TK Curran,BJ Dwarshuis,CP Tremain,0,0,"",""
ball,2,19.3,Sydney Sixers,TK Curran,BJ Dwarshuis,CP Tremain,2,0,"",""
ball,2,19.4,Sydney Sixers,TK Curran,BJ Dwarshuis,CP Tremain,2,0,"",""
ball,2,19.5,Sydney Sixers,TK Curran,BJ Dwarshuis,CP Tremain,4,0,"",""
ball,2,19.6,Sydney Sixers,TK Curran,BJ Dwarshuis,CP Tremain,1,0,run out,TK Curran
ball,3,0.1,Sydney Sixers,TK Curran,MC Henriques,CH Morris,0,0,caught,TK Curran
ball,3,0.2,Sydney Sixers,DP Hughes,MC Henriques,CH Morris,0,1,"",""
ball,3,0.3,Sydney Sixers,DP Hughes,MC Henriques,CH Morris,1,0,"",""
ball,3,0.4,Sydney Sixers,MC Henriques,DP Hughes,CH Morris,4,0,"",""
ball,3,0.5,Sydney Sixers,MC Henriques,DP Hughes,CH Morris,2,0,"",""
ball,3,0.6,Sydney Sixers,MC Henriques,DP Hughes,CH Morris,6,0,"",""
ball,3,0.7,Sydney Sixers,MC Henriques,DP Hughes,CH Morris,2,0,run out,MC Henriques
ball,4,0.1,Sydney Thunder,UT Khawaja,AD Hales,TK Curran,2,0,"",""
ball,4,0.2,Sydney Thunder,UT Khawaja,AD Hales,TK Curran,1,0,"",""
ball,4,0.3,Sydney Thunder,AD Hales,UT Khawaja,TK Curran,1,0,"",""
ball,4,0.4,Sydney Thunder,UT Khawaja,AD Hales,TK Curran,1,0,"",""
ball,4,0.5,Sydney Thunder,AD Hales,UT Khawaja,TK Curran,6,0,"",""
ball,4,0.6,Sydney Thunder,AD Hales,UT Khawaja,TK Curran,4,0,"",""
