version,1.3.0
info,team,Adelaide Strikers
info,team,Melbourne Renegades
info,gender,male
info,season,2019/20
info,date,2020/01/12
info,competition,Big Bash League
info,match_number,33
info,venue,Adelaide Oval
info,city,Adelaide
info,toss_winner,Adelaide Strikers
info,toss_decision,bat
info,player_of_match,JW Wells
info,umpire,GA Abood
info,umpire,SAJ Craig
info,reserve_umpire,MV Waldron
info,tv_umpire,SD Fry
info,match_referee,D Talalla
info,winner,Adelaide Strikers
info,winner_runs,63
ball,1,0.1,Adelaide Strikers,J Weatherald,PD Salt,SR Patel,4,0,"",""
ball,1,0.2,Adelaide Strikers,J Weatherald,PD Salt,SR Patel,0,0,"",""
ball,1,0.3,Adelaide Strikers,J Weatherald,PD Salt,SR Patel,1,0,"",""
ball,1,0.4,Adelaide Strikers,PD Salt,J Weatherald,SR Patel,0,0,"",""
ball,1,0.5,Adelaide Strikers,PD Salt,J Weatherald,SR Patel,0,0,"",""
ball,1,0.6,Adelaide Strikers,PD Salt,J Weatherald,SR Patel,1,0,"",""
ball,1,1.1,Adelaide Strikers,PD Salt,J Weatherald,Mohammad Nabi,4,0,"",""
ball,1,1.2,Adelaide Strikers,PD Salt,J Weatherald,Mohammad Nabi,0,0,"",""
ball,1,1.3,Adelaide Strikers,PD Salt,J Weatherald,Mohammad Nabi,2,0,"",""
ball,1,1.4,Adelaide Strikers,PD Salt,J Weatherald,Mohammad Nabi,6,0,"",""
ball,1,1.5,Adelaide Strikers,PD Salt,J Weatherald,Mohammad Nabi,0,0,"",""
ball,1,1.6,Adelaide Strikers,PD Salt,J Weatherald,Mohammad Nabi,0,0,"",""
ball,1,2.1,Adelaide Strikers,J Weatherald,PD Salt,JM Mennie,4,0,"",""
ball,1,2.2,Adelaide Strikers,J Weatherald,PD Salt,JM Mennie,4,0,"",""
ball,1,2.3,Adelaide Strikers,J Weatherald,PD Salt,JM Mennie,2,0,"",""
ball,1,2.4,Adelaide Strikers,J Weatherald,PD Salt,JM Mennie,6,0,"",""
ball,1,2.5,Adelaide Strikers,J Weatherald,PD Salt,JM Mennie,1,0,"",""
ball,1,2.6,Adelaide Strikers,PD Salt,J Weatherald,JM Mennie,1,0,"",""
ball,1,3.1,Adelaide Strikers,PD Salt,J Weatherald,JD Wildermuth,4,0,"",""
ball,1,3.2,Adelaide Strikers,PD Salt,J Weatherald,JD Wildermuth,0,0,caught,PD Salt
ball,1,3.3,Adelaide Strikers,TM Head,J Weatherald,JD Wildermuth,1,0,"",""
ball,1,3.4,Adelaide Strikers,J Weatherald,TM Head,JD Wildermuth,1,0,"",""
ball,1,3.5,Adelaide Strikers,TM Head,J Weatherald,JD Wildermuth,0,0,"",""
ball,1,3.6,Adelaide Strikers,TM Head,J Weatherald,JD Wildermuth,4,0,"",""
ball,1,4.1,Adelaide Strikers,J Weatherald,TM Head,Mohammad Nabi,0,0,"",""
ball,1,4.2,Adelaide Strikers,J Weatherald,TM Head,Mohammad Nabi,4,0,"",""
ball,1,4.3,Adelaide Strikers,J Weatherald,TM Head,Mohammad Nabi,0,0,caught,J Weatherald
ball,1,4.4,Adelaide Strikers,TM Head,JW Wells,Mohammad Nabi,0,0,"",""
ball,1,4.5,Adelaide Strikers,TM Head,JW Wells,Mohammad Nabi,2,0,"",""
ball,1,4.6,Adelaide Strikers,TM Head,JW Wells,Mohammad Nabi,1,0,"",""
ball,1,5.1,Adelaide Strikers,TM Head,JW Wells,JD Wildermuth,0,0,"",""
ball,1,5.2,Adelaide Strikers,TM Head,JW Wells,JD Wildermuth,4,0,"",""
ball,1,5.3,Adelaide Strikers,TM Head,JW Wells,JD Wildermuth,0,0,"",""
ball,1,5.4,Adelaide Strikers,TM Head,JW Wells,JD Wildermuth,2,0,"",""
ball,1,5.5,Adelaide Strikers,TM Head,JW Wells,JD Wildermuth,0,0,"",""
ball,1,5.6,Adelaide Strikers,TM Head,JW Wells,JD Wildermuth,0,0,"",""
ball,1,6.1,Adelaide Strikers,JW Wells,TM Head,CJ Boyce,1,0,"",""
ball,1,6.2,Adelaide Strikers,TM Head,JW Wells,CJ Boyce,1,0,"",""
ball,1,6.3,Adelaide Strikers,JW Wells,TM Head,CJ Boyce,2,0,"",""
ball,1,6.4,Adelaide Strikers,JW Wells,TM Head,CJ Boyce,1,0,"",""
ball,1,6.5,Adelaide Strikers,TM Head,JW Wells,CJ Boyce,0,0,"",""
ball,1,6.6,Adelaide Strikers,TM Head,JW Wells,CJ Boyce,1,0,"",""
ball,1,7.1,Adelaide Strikers,TM Head,JW Wells,DT Christian,1,0,"",""
ball,1,7.2,Adelaide Strikers,JW Wells,TM Head,DT Christian,1,0,"",""
ball,1,7.3,Adelaide Strikers,TM Head,JW Wells,DT Christian,1,0,"",""
ball,1,7.4,Adelaide Strikers,JW Wells,TM Head,DT Christian,1,0,"",""
ball,1,7.5,Adelaide Strikers,TM Head,JW Wells,DT Christian,4,0,"",""
ball,1,7.6,Adelaide Strikers,TM Head,JW Wells,DT Christian,0,0,"",""
ball,1,8.1,Adelaide Strikers,JW Wells,TM Head,CJ Boyce,1,0,"",""
ball,1,8.2,Adelaide Strikers,TM Head,JW Wells,CJ Boyce,0,0,caught,TM Head
ball,1,8.3,Adelaide Strikers,JW Wells,HJ Nielsen,CJ Boyce,0,0,"",""
ball,1,8.4,Adelaide Strikers,JW Wells,HJ Nielsen,CJ Boyce,1,0,"",""
ball,1,8.5,Adelaide Strikers,HJ Nielsen,JW Wells,CJ Boyce,0,0,"",""
ball,1,8.6,Adelaide Strikers,HJ Nielsen,JW Wells,CJ Boyce,1,0,"",""
ball,1,9.1,Adelaide Strikers,HJ Nielsen,JW Wells,Mohammad Nabi,0,0,"",""
ball,1,9.2,Adelaide Strikers,HJ Nielsen,JW Wells,Mohammad Nabi,1,0,"",""
ball,1,9.3,Adelaide Strikers,JW Wells,HJ Nielsen,Mohammad Nabi,1,0,"",""
ball,1,9.4,Adelaide Strikers,HJ Nielsen,JW Wells,Mohammad Nabi,0,0,"",""
ball,1,9.5,Adelaide Strikers,HJ Nielsen,JW Wells,Mohammad Nabi,1,0,"",""
ball,1,9.6,Adelaide Strikers,JW Wells,HJ Nielsen,Mohammad Nabi,0,0,"",""
ball,1,10.1,Adelaide Strikers,HJ Nielsen,JW Wells,SR Patel,0,0,"",""
ball,1,10.2,Adelaide Strikers,HJ Nielsen,JW Wells,SR Patel,1,0,"",""
ball,1,10.3,Adelaide Strikers,JW Wells,HJ Nielsen,SR Patel,1,0,"",""
ball,1,10.4,Adelaide Strikers,HJ Nielsen,JW Wells,SR Patel,0,0,caught,HJ Nielsen
ball,1,10.5,Adelaide Strikers,MW Short,JW Wells,SR Patel,0,0,"",""
ball,1,10.6,Adelaide Strikers,MW Short,JW Wells,SR Patel,1,0,"",""
ball,1,11.1,Adelaide Strikers,MW Short,JW Wells,CJ Boyce,1,0,"",""
ball,1,11.2,Adelaide Strikers,JW Wells,MW Short,CJ Boyce,0,0,"",""
ball,1,11.3,Adelaide Strikers,JW Wells,MW Short,CJ Boyce,1,0,"",""
ball,1,11.4,Adelaide Strikers,MW Short,JW Wells,CJ Boyce,1,0,"",""
ball,1,11.5,Adelaide Strikers,JW Wells,MW Short,CJ Boyce,0,0,"",""
ball,1,11.6,Adelaide Strikers,JW Wells,MW Short,CJ Boyce,0,0,"",""
ball,1,12.1,Adelaide Strikers,MW Short,JW Wells,SR Patel,0,0,"",""
ball,1,12.2,Adelaide Strikers,MW Short,JW Wells,SR Patel,1,0,"",""
ball,1,12.3,Adelaide Strikers,JW Wells,MW Short,SR Patel,2,0,"",""
ball,1,12.4,Adelaide Strikers,JW Wells,MW Short,SR Patel,2,0,"",""
ball,1,12.5,Adelaide Strikers,JW Wells,MW Short,SR Patel,1,0,"",""
ball,1,12.6,Adelaide Strikers,MW Short,JW Wells,SR Patel,1,0,"",""
ball,1,13.1,Adelaide Strikers,MW Short,JW Wells,DT Christian,0,0,"",""
ball,1,13.2,Adelaide Strikers,MW Short,JW Wells,DT Christian,1,0,"",""
ball,1,13.3,Adelaide Strikers,JW Wells,MW Short,DT Christian,2,0,"",""
ball,1,13.4,Adelaide Strikers,JW Wells,MW Short,DT Christian,1,0,"",""
ball,1,13.5,Adelaide Strikers,MW Short,JW Wells,DT Christian,0,0,"",""
ball,1,13.6,Adelaide Strikers,MW Short,JW Wells,DT Christian,1,0,"",""
ball,1,14.1,Adelaide Strikers,MW Short,JW Wells,CJ Boyce,1,0,"",""
ball,1,14.2,Adelaide Strikers,JW Wells,MW Short,CJ Boyce,1,0,"",""
ball,1,14.3,Adelaide Strikers,MW Short,JW Wells,CJ Boyce,1,0,"",""
ball,1,14.4,Adelaide Strikers,JW Wells,MW Short,CJ Boyce,1,0,"",""
ball,1,14.5,Adelaide Strikers,MW Short,JW Wells,CJ Boyce,0,0,"",""
ball,1,14.6,Adelaide Strikers,MW Short,JW Wells,CJ Boyce,6,0,"",""
ball,1,15.1,Adelaide Strikers,JW Wells,MW Short,DT Christian,1,0,"",""
ball,1,15.2,Adelaide Strikers,MW Short,JW Wells,DT Christian,1,0,"",""
ball,1,15.3,Adelaide Strikers,JW Wells,MW Short,DT Christian,4,0,"",""
ball,1,15.4,Adelaide Strikers,JW Wells,MW Short,DT Christian,1,0,"",""
ball,1,15.5,Adelaide Strikers,MW Short,JW Wells,DT Christian,0,1,"",""
ball,1,15.6,Adelaide Strikers,MW Short,JW Wells,DT Christian,1,0,"",""
ball,1,15.7,Adelaide Strikers,JW Wells,MW Short,DT Christian,1,0,"",""
ball,1,16.1,Adelaide Strikers,JW Wells,MW Short,SR Patel,1,0,"",""
ball,1,16.2,Adelaide Strikers,MW Short,JW Wells,SR Patel,0,0,"",""
ball,1,16.3,Adelaide Strikers,MW Short,JW Wells,SR Patel,3,0,"",""
ball,1,16.4,Adelaide Strikers,JW Wells,MW Short,SR Patel,4,0,"",""
ball,1,16.5,Adelaide Strikers,JW Wells,MW Short,SR Patel,1,0,"",""
ball,1,16.6,Adelaide Strikers,MW Short,JW Wells,SR Patel,1,0,"",""
ball,1,17.1,Adelaide Strikers,MW Short,JW Wells,Mohammad Nabi,1,0,"",""
ball,1,17.2,Adelaide Strikers,JW Wells,MW Short,Mohammad Nabi,1,0,"",""
ball,1,17.3,Adelaide Strikers,MW Short,JW Wells,Mohammad Nabi,1,0,"",""
ball,1,17.4,Adelaide Strikers,JW Wells,MW Short,Mohammad Nabi,4,0,"",""
ball,1,17.5,Adelaide Strikers,JW Wells,MW Short,Mohammad Nabi,2,0,"",""
ball,1,17.6,Adelaide Strikers,JW Wells,MW Short,Mohammad Nabi,2,0,"",""
ball,1,18.1,Adelaide Strikers,MW Short,JW Wells,JD Wildermuth,0,0,"",""
ball,1,18.2,Adelaide Strikers,MW Short,JW Wells,JD Wildermuth,2,0,"",""
ball,1,18.3,Adelaide Strikers,MW Short,JW Wells,JD Wildermuth,6,0,"",""
ball,1,18.4,Adelaide Strikers,MW Short,JW Wells,JD Wildermuth,0,0,"",""
ball,1,18.5,Adelaide Strikers,MW Short,JW Wells,JD Wildermuth,6,0,"",""
ball,1,18.6,Adelaide Strikers,MW Short,JW Wells,JD Wildermuth,4,0,"",""
ball,1,19.1,Adelaide Strikers,JW Wells,MW Short,JM Mennie,4,0,"",""
ball,1,19.2,Adelaide Strikers,JW Wells,MW Short,JM Mennie,1,0,run out,MW Short
ball,1,19.3,Adelaide Strikers,JW Wells,Rashid Khan,JM Mennie,6,0,"",""
ball,1,19.4,Adelaide Strikers,JW Wells,Rashid Khan,JM Mennie,4,0,"",""
ball,1,19.5,Adelaide Strikers,JW Wells,Rashid Khan,JM Mennie,0,0,caught,JW Wells
ball,1,19.6,Adelaide Strikers,Rashid Khan,MG Neser,JM Mennie,2,0,"",""
ball,2,0.1,Melbourne Renegades,SE Marsh,MS Harris,TM Head,1,0,"",""
ball,2,0.2,Melbourne Renegades,MS Harris,SE Marsh,TM Head,0,0,"",""
ball,2,0.3,Melbourne Renegades,MS Harris,SE Marsh,TM Head,4,0,"",""
ball,2,0.4,Melbourne Renegades,MS Harris,SE Marsh,TM Head,0,0,"",""
ball,2,0.5,Melbourne Renegades,MS Harris,SE Marsh,TM Head,0,0,bowled,MS Harris
ball,2,0.6,Melbourne Renegades,SB Harper,SE Marsh,TM Head,1,0,"",""
ball,2,1.1,Melbourne Renegades,SB Harper,SE Marsh,PM Siddle,4,0,"",""
ball,2,1.2,Melbourne Renegades,SB Harper,SE Marsh,PM Siddle,0,0,"",""
ball,2,1.3,Melbourne Renegades,SB Harper,SE Marsh,PM Siddle,0,0,bowled,SB Harper
ball,2,1.4,Melbourne Renegades,BJ Webster,SE Marsh,PM Siddle,0,0,"",""
ball,2,1.5,Melbourne Renegades,BJ Webster,SE Marsh,PM Siddle,1,0,"",""
ball,2,1.6,Melbourne Renegades,SE Marsh,BJ Webster,PM Siddle,0,0,"",""
ball,2,2.1,Melbourne Renegades,BJ Webster,SE Marsh,Rashid Khan,4,0,"",""
ball,2,2.2,Melbourne Renegades,BJ Webster,SE Marsh,Rashid Khan,1,0,"",""
ball,2,2.3,Melbourne Renegades,SE Marsh,BJ Webster,Rashid Khan,0,0,"",""
ball,2,2.4,Melbourne Renegades,SE Marsh,BJ Webster,Rashid Khan,0,0,"",""
ball,2,2.5,Melbourne Renegades,SE Marsh,BJ Webster,Rashid Khan,0,0,"",""
ball,2,2.6,Melbourne Renegades,SE Marsh,BJ Webster,Rashid Khan,1,0,"",""
ball,2,3.1,Melbourne Renegades,SE Marsh,BJ Webster,PM Siddle,0,0,"",""
ball,2,3.2,Melbourne Renegades,SE Marsh,BJ Webster,PM Siddle,0,0,"",""
ball,2,3.3,Melbourne Renegades,SE Marsh,BJ Webster,PM Siddle,0,0,"",""
ball,2,3.4,Melbourne Renegades,SE Marsh,BJ Webster,PM Siddle,0,0,"",""
ball,2,3.5,Melbourne Renegades,SE Marsh,BJ Webster,PM Siddle,4,0,"",""
ball,2,3.6,Melbourne Renegades,SE Marsh,BJ Webster,PM Siddle,4,0,"",""
ball,2,4.1,Melbourne Renegades,BJ Webster,SE Marsh,MG Neser,4,0,"",""
ball,2,4.2,Melbourne Renegades,BJ Webster,SE Marsh,MG Neser,6,0,"",""
ball,2,4.3,Melbourne Renegades,BJ Webster,SE Marsh,MG Neser,4,0,"",""
ball,2,4.4,Melbourne Renegades,BJ Webster,SE Marsh,MG Neser,1,0,"",""
ball,2,4.5,Melbourne Renegades,SE Marsh,BJ Webster,MG Neser,4,0,"",""
ball,2,4.6,Melbourne Renegades,SE Marsh,BJ Webster,MG Neser,1,0,"",""
ball,2,5.1,Melbourne Renegades,SE Marsh,BJ Webster,HNA Conway,1,0,"",""
ball,2,5.2,Melbourne Renegades,BJ Webster,SE Marsh,HNA Conway,2,0,"",""
ball,2,5.3,Melbourne Renegades,BJ Webster,SE Marsh,HNA Conway,0,0,"",""
ball,2,5.4,Melbourne Renegades,BJ Webster,SE Marsh,HNA Conway,1,0,"",""
ball,2,5.5,Melbourne Renegades,SE Marsh,BJ Webster,HNA Conway,0,0,"",""
ball,2,5.6,Melbourne Renegades,SE Marsh,BJ Webster,HNA Conway,0,2,"",""
ball,2,5.7,Melbourne Renegades,BJ Webster,SE Marsh,HNA Conway,0,0,"",""
ball,2,6.1,Melbourne Renegades,SE Marsh,BJ Webster,Rashid Khan,1,0,"",""
ball,2,6.2,Melbourne Renegades,BJ Webster,SE Marsh,Rashid Khan,1,0,"",""
ball,2,6.3,Melbourne Renegades,SE Marsh,BJ Webster,Rashid Khan,1,0,"",""
ball,2,6.4,Melbourne Renegades,BJ Webster,SE Marsh,Rashid Khan,0,0,"",""
ball,2,6.5,Melbourne Renegades,BJ Webster,SE Marsh,Rashid Khan,0,0,"",""
ball,2,6.6,Melbourne Renegades,BJ Webster,SE Marsh,Rashid Khan,1,0,"",""
ball,2,7.1,Melbourne Renegades,BJ Webster,SE Marsh,TM Head,1,0,"",""
ball,2,7.2,Melbourne Renegades,SE Marsh,BJ Webster,TM Head,1,0,"",""
ball,2,7.3,Melbourne Renegades,BJ Webster,SE Marsh,TM Head,1,0,"",""
ball,2,7.4,Melbourne Renegades,SE Marsh,BJ Webster,TM Head,0,0,"",""
ball,2,7.5,Melbourne Renegades,SE Marsh,BJ Webster,TM Head,1,0,"",""
ball,2,7.6,Melbourne Renegades,BJ Webster,SE Marsh,TM Head,0,0,"",""
ball,2,8.1,Melbourne Renegades,SE Marsh,BJ Webster,WA Agar,0,0,"",""
ball,2,8.2,Melbourne Renegades,SE Marsh,BJ Webster,WA Agar,0,0,"",""
ball,2,8.3,Melbourne Renegades,SE Marsh,BJ Webster,WA Agar,0,0,"",""
ball,2,8.4,Melbourne Renegades,SE Marsh,BJ Webster,WA Agar,0,0,"",""
ball,2,8.5,Melbourne Renegades,SE Marsh,BJ Webster,WA Agar,0,0,"",""
ball,2,8.6,Melbourne Renegades,SE Marsh,BJ Webster,WA Agar,1,0,"",""
ball,2,9.1,Melbourne Renegades,SE Marsh,BJ Webster,TM Head,0,0,"",""
ball,2,9.2,Melbourne Renegades,SE Marsh,BJ Webster,TM Head,0,0,bowled,SE Marsh
ball,2,9.3,Melbourne Renegades,Mohammad Nabi,BJ Webster,TM Head,1,0,"",""
ball,2,9.4,Melbourne Renegades,BJ Webster,Mohammad Nabi,TM Head,2,0,"",""
ball,2,9.5,Melbourne Renegades,BJ Webster,Mohammad Nabi,TM Head,1,0,"",""
ball,2,9.6,Melbourne Renegades,Mohammad Nabi,BJ Webster,TM Head,1,0,"",""
ball,2,10.1,Melbourne Renegades,Mohammad Nabi,BJ Webster,WA Agar,1,0,"",""
ball,2,10.2,Melbourne Renegades,BJ Webster,Mohammad Nabi,WA Agar,6,0,"",""
ball,2,10.3,Melbourne Renegades,BJ Webster,Mohammad Nabi,WA Agar,1,0,"",""
ball,2,10.4,Melbourne Renegades,Mohammad Nabi,BJ Webster,WA Agar,0,0,"",""
ball,2,10.5,Melbourne Renegades,Mohammad Nabi,BJ Webster,WA Agar,0,0,"",""
ball,2,10.6,Melbourne Renegades,Mohammad Nabi,BJ Webster,WA Agar,0,0,"",""
ball,2,11.1,Melbourne Renegades,BJ Webster,Mohammad Nabi,TM Head,1,0,"",""
ball,2,11.2,Melbourne Renegades,Mohammad Nabi,BJ Webster,TM Head,1,0,"",""
ball,2,11.3,Melbourne Renegades,BJ Webster,Mohammad Nabi,TM Head,0,5,"",""
ball,2,11.4,Melbourne Renegades,BJ Webster,Mohammad Nabi,TM Head,0,0,"",""
ball,2,11.5,Melbourne Renegades,BJ Webster,Mohammad Nabi,TM Head,2,0,"",""
ball,2,11.6,Melbourne Renegades,BJ Webster,Mohammad Nabi,TM Head,1,0,"",""
ball,2,11.7,Melbourne Renegades,Mohammad Nabi,BJ Webster,TM Head,1,0,"",""
ball,2,12.1,Melbourne Renegades,Mohammad Nabi,BJ Webster,Rashid Khan,0,0,"",""
ball,2,12.2,Melbourne Renegades,Mohammad Nabi,BJ Webster,Rashid Khan,1,0,"",""
ball,2,12.3,Melbourne Renegades,BJ Webster,Mohammad Nabi,Rashid Khan,1,0,"",""
ball,2,12.4,Melbourne Renegades,Mohammad Nabi,BJ Webster,Rashid Khan,0,0,caught,Mohammad Nabi
ball,2,12.5,Melbourne Renegades,BJ Webster,TLW Cooper,Rashid Khan,4,0,"",""
ball,2,12.6,Melbourne Renegades,BJ Webster,TLW Cooper,Rashid Khan,0,0,"",""
ball,2,13.1,Melbourne Renegades,TLW Cooper,BJ Webster,HNA Conway,0,0,"",""
ball,2,13.2,Melbourne Renegades,TLW Cooper,BJ Webster,HNA Conway,1,0,"",""
ball,2,13.3,Melbourne Renegades,BJ Webster,TLW Cooper,HNA Conway,1,0,"",""
ball,2,13.4,Melbourne Renegades,TLW Cooper,BJ Webster,HNA Conway,0,0,caught,TLW Cooper
ball,2,13.5,Melbourne Renegades,BJ Webster,DT Christian,HNA Conway,1,0,"",""
ball,2,13.6,Melbourne Renegades,DT Christian,BJ Webster,HNA Conway,0,0,"",""
ball,2,14.1,Melbourne Renegades,BJ Webster,DT Christian,Rashid Khan,0,0,lbw,BJ Webster
ball,2,14.2,Melbourne Renegades,SR Patel,DT Christian,Rashid Khan,1,0,"",""
ball,2,14.3,Melbourne Renegades,DT Christian,SR Patel,Rashid Khan,0,0,"",""
ball,2,14.4,Melbourne Renegades,DT Christian,SR Patel,Rashid Khan,1,0,"",""
ball,2,14.5,Melbourne Renegades,SR Patel,DT Christian,Rashid Khan,0,0,"",""
ball,2,14.6,Melbourne Renegades,SR Patel,DT Christian,Rashid Khan,1,0,"",""
ball,2,15.1,Melbourne Renegades,SR Patel,DT Christian,HNA Conway,4,0,"",""
ball,2,15.2,Melbourne Renegades,SR Patel,DT Christian,HNA Conway,0,0,"",""
ball,2,15.3,Melbourne Renegades,SR Patel,DT Christian,HNA Conway,1,0,"",""
ball,2,15.4,Melbourne Renegades,DT Christian,SR Patel,HNA Conway,1,0,"",""
ball,2,15.5,Melbourne Renegades,SR Patel,DT Christian,HNA Conway,0,0,"",""
ball,2,15.6,Melbourne Renegades,SR Patel,DT Christian,HNA Conway,1,0,"",""
ball,2,16.1,Melbourne Renegades,SR Patel,DT Christian,PM Siddle,0,0,"",""
ball,2,16.2,Melbourne Renegades,SR Patel,DT Christian,PM Siddle,0,0,caught,SR Patel
ball,2,16.3,Melbourne Renegades,JD Wildermuth,DT Christian,PM Siddle,1,0,"",""
ball,2,16.4,Melbourne Renegades,DT Christian,JD Wildermuth,PM Siddle,0,0,"",""
ball,2,16.5,Melbourne Renegades,DT Christian,JD Wildermuth,PM Siddle,0,0,"",""
ball,2,16.6,Melbourne Renegades,DT Christian,JD Wildermuth,PM Siddle,0,0,caught,DT Christian
ball,2,17.1,Melbourne Renegades,CJ Boyce,JD Wildermuth,MG Neser,1,0,"",""
ball,2,17.2,Melbourne Renegades,JD Wildermuth,CJ Boyce,MG Neser,0,0,lbw,JD Wildermuth
ball,2,17.3,Melbourne Renegades,JM Mennie,CJ Boyce,MG Neser,0,4,"",""
ball,2,17.4,Melbourne Renegades,JM Mennie,CJ Boyce,MG Neser,1,0,run out,JM Mennie
