version,1.3.0
info,team,Brisbane Heat
info,team,Melbourne Renegades
info,gender,male
info,season,2019/20
info,date,2020/01/19
info,competition,Big Bash League
info,match_number,44
info,venue,"Brisbane Cricket Ground, Woolloongabba"
info,city,Brisbane
info,toss_winner,Brisbane Heat
info,toss_decision,field
info,player_of_match,CJ Boyce
info,umpire,GJ Davidson
info,umpire,SA Lightbody
info,reserve_umpire,DM Koch
info,tv_umpire,Steven Farrell
info,match_referee,PL Marshall
info,winner,Melbourne Renegades
info,winner_runs,44
ball,1,0.1,Melbourne Renegades,SE Marsh,MS Harris,JK Lalor,0,0,"",""
ball,1,0.2,Melbourne Renegades,SE Marsh,MS Harris,JK Lalor,0,0,"",""
ball,1,0.3,Melbourne Renegades,SE Marsh,MS Harris,JK Lalor,1,0,"",""
ball,1,0.4,Melbourne Renegades,MS Harris,SE Marsh,JK Lalor,0,0,"",""
ball,1,0.5,Melbourne Renegades,MS Harris,SE Marsh,JK Lalor,0,0,"",""
ball,1,0.6,Melbourne Renegades,MS Harris,SE Marsh,JK Lalor,0,0,"",""
ball,1,1.1,Melbourne Renegades,SE Marsh,MS Harris,JL Pattinson,0,0,"",""
ball,1,1.2,Melbourne Renegades,SE Marsh,MS Harris,JL Pattinson,1,0,"",""
ball,1,1.3,Melbourne Renegades,MS Harris,SE Marsh,JL Pattinson,2,0,"",""
ball,1,1.4,Melbourne Renegades,MS Harris,SE Marsh,JL Pattinson,0,0,"",""
ball,1,1.5,Melbourne Renegades,MS Harris,SE Marsh,JL Pattinson,1,0,"",""
ball,1,1.6,Melbourne Renegades,SE Marsh,MS Harris,JL Pattinson,1,0,"",""
ball,1,2.1,Melbourne Renegades,SE Marsh,MS Harris,JK Lalor,0,0,"",""
ball,1,2.2,Melbourne Renegades,SE Marsh,MS Harris,JK Lalor,4,0,"",""
ball,1,2.3,Melbourne Renegades,SE Marsh,MS Harris,JK Lalor,4,0,"",""
ball,1,2.4,Melbourne Renegades,SE Marsh,MS Harris,JK Lalor,0,0,"",""
ball,1,2.5,Melbourne Renegades,SE Marsh,MS Harris,JK Lalor,0,0,"",""
ball,1,2.6,Melbourne Renegades,SE Marsh,MS Harris,JK Lalor,0,0,"",""
ball,1,3.1,Melbourne Renegades,MS Harris,SE Marsh,JL Pattinson,3,0,"",""
ball,1,3.2,Melbourne Renegades,SE Marsh,MS Harris,JL Pattinson,0,1,"",""
ball,1,3.3,Melbourne Renegades,MS Harris,SE Marsh,JL Pattinson,0,0,caught,MS Harris
ball,1,3.4,Melbourne Renegades,SB Harper,SE Marsh,JL Pattinson,1,0,"",""
ball,1,3.5,Melbourne Renegades,SE Marsh,SB Harper,JL Pattinson,0,0,"",""
ball,1,3.6,Melbourne Renegades,SE Marsh,SB Harper,JL Pattinson,2,0,"",""
ball,1,4.1,Melbourne Renegades,SB Harper,SE Marsh,Mujeeb Ur Rahman,1,0,"",""
ball,1,4.2,Melbourne Renegades,SE Marsh,SB Harper,Mujeeb Ur Rahman,1,0,"",""
ball,1,4.3,Melbourne Renegades,SB Harper,SE Marsh,Mujeeb Ur Rahman,0,0,"",""
ball,1,4.4,Melbourne Renegades,SB Harper,SE Marsh,Mujeeb Ur Rahman,6,0,"",""
ball,1,4.5,Melbourne Renegades,SB Harper,SE Marsh,Mujeeb Ur Rahman,0,0,"",""
ball,1,4.6,Melbourne Renegades,SB Harper,SE Marsh,Mujeeb Ur Rahman,0,0,"",""
ball,1,5.1,Melbourne Renegades,SE Marsh,SB Harper,JK Lalor,4,0,"",""
ball,1,5.2,Melbourne Renegades,SE Marsh,SB Harper,JK Lalor,0,0,"",""
ball,1,5.3,Melbourne Renegades,SE Marsh,SB Harper,JK Lalor,3,0,"",""
ball,1,5.4,Melbourne Renegades,SB Harper,SE Marsh,JK Lalor,0,0,"",""
ball,1,5.5,Melbourne Renegades,SB Harper,SE Marsh,JK Lalor,1,0,"",""
ball,1,5.6,Melbourne Renegades,SE Marsh,SB Harper,JK Lalor,2,0,"",""
ball,1,6.1,Melbourne Renegades,SB Harper,SE Marsh,Mujeeb Ur Rahman,4,0,"",""
ball,1,6.2,Melbourne Renegades,SB Harper,SE Marsh,Mujeeb Ur Rahman,1,0,"",""
ball,1,6.3,Melbourne Renegades,SE Marsh,SB Harper,Mujeeb Ur Rahman,2,0,"",""
ball,1,6.4,Melbourne Renegades,SE Marsh,SB Harper,Mujeeb Ur Rahman,1,0,"",""
ball,1,6.5,Melbourne Renegades,SB Harper,SE Marsh,Mujeeb Ur Rahman,1,0,"",""
ball,1,6.6,Melbourne Renegades,SE Marsh,SB Harper,Mujeeb Ur Rahman,1,0,"",""
ball,1,7.1,Melbourne Renegades,SE Marsh,SB Harper,B Laughlin,0,0,"",""
ball,1,7.2,Melbourne Renegades,SE Marsh,SB Harper,B Laughlin,0,0,caught and bowled,SE Marsh
ball,1,7.3,Melbourne Renegades,BJ Webster,SB Harper,B Laughlin,2,0,"",""
ball,1,7.4,Melbourne Renegades,BJ Webster,SB Harper,B Laughlin,4,0,"",""
ball,1,7.5,Melbourne Renegades,BJ Webster,SB Harper,B Laughlin,0,0,"",""
ball,1,7.6,Melbourne Renegades,BJ Webster,SB Harper,B Laughlin,0,0,"",""
ball,1,8.1,Melbourne Renegades,SB Harper,BJ Webster,Mujeeb Ur Rahman,0,1,"",""
ball,1,8.2,Melbourne Renegades,SB Harper,BJ Webster,Mujeeb Ur Rahman,1,0,"",""
ball,1,8.3,Melbourne Renegades,BJ Webster,SB Harper,Mujeeb Ur Rahman,0,0,"",""
ball,1,8.4,Melbourne Renegades,BJ Webster,SB Harper,Mujeeb Ur Rahman,1,0,"",""
ball,1,8.5,Melbourne Renegades,SB Harper,BJ Webster,Mujeeb Ur Rahman,0,0,"",""
ball,1,8.6,Melbourne Renegades,SB Harper,BJ Webster,Mujeeb Ur Rahman,0,0,"",""
ball,1,8.7,Melbourne Renegades,SB Harper,BJ Webster,Mujeeb Ur Rahman,1,0,"",""
ball,1,9.1,Melbourne Renegades,SB Harper,BJ Webster,BCJ Cutting,2,0,"",""
ball,1,9.2,Melbourne Renegades,SB Harper,BJ Webster,BCJ Cutting,2,0,"",""
ball,1,9.3,Melbourne Renegades,SB Harper,BJ Webster,BCJ Cutting,0,0,"",""
ball,1,9.4,Melbourne Renegades,SB Harper,BJ Webster,BCJ Cutting,0,0,caught,SB Harper
ball,1,9.5,Melbourne Renegades,W Sutherland,BJ Webster,BCJ Cutting,0,0,"",""
ball,1,9.6,Melbourne Renegades,W Sutherland,BJ Webster,BCJ Cutting,0,0,"",""
ball,1,10.1,Melbourne Renegades,BJ Webster,W Sutherland,JL Pattinson,4,0,"",""
ball,1,10.2,Melbourne Renegades,BJ Webster,W Sutherland,JL Pattinson,1,0,"",""
ball,1,10.3,Melbourne Renegades,W Sutherland,BJ Webster,JL Pattinson,2,0,"",""
ball,1,10.4,Melbourne Renegades,W Sutherland,BJ Webster,JL Pattinson,0,0,"",""
ball,1,10.5,Melbourne Renegades,W Sutherland,BJ Webster,JL Pattinson,0,0,"",""
ball,1,10.6,Melbourne Renegades,W Sutherland,BJ Webster,JL Pattinson,1,0,"",""
ball,1,11.1,Melbourne Renegades,W Sutherland,BJ Webster,BCJ Cutting,0,0,"",""
ball,1,11.2,Melbourne Renegades,W Sutherland,BJ Webster,BCJ Cutting,1,0,"",""
ball,1,11.3,Melbourne Renegades,BJ Webster,W Sutherland,BCJ Cutting,1,0,"",""
ball,1,11.4,Melbourne Renegades,W Sutherland,BJ Webster,BCJ Cutting,6,0,"",""
ball,1,11.5,Melbourne Renegades,W Sutherland,BJ Webster,BCJ Cutting,6,0,"",""
ball,1,11.6,Melbourne Renegades,W Sutherland,BJ Webster,BCJ Cutting,1,0,"",""
ball,1,12.1,Melbourne Renegades,W Sutherland,BJ Webster,JK Lalor,1,0,"",""
ball,1,12.2,Melbourne Renegades,BJ Webster,W Sutherland,JK Lalor,4,0,"",""
ball,1,12.3,Melbourne Renegades,BJ Webster,W Sutherland,JK Lalor,1,0,"",""
ball,1,12.4,Melbourne Renegades,W Sutherland,BJ Webster,JK Lalor,0,1,"",""
ball,1,12.5,Melbourne Renegades,W Sutherland,BJ Webster,JK Lalor,1,0,"",""
ball,1,12.6,Melbourne Renegades,BJ Webster,W Sutherland,JK Lalor,0,0,"",""
ball,1,12.7,Melbourne Renegades,BJ Webster,W Sutherland,JK Lalor,0,0,"",""
ball,1,13.1,Melbourne Renegades,W Sutherland,BJ Webster,B Laughlin,1,0,"",""
ball,1,13.2,Melbourne Renegades,BJ Webster,W Sutherland,B Laughlin,0,0,"",""
ball,1,13.3,Melbourne Renegades,BJ Webster,W Sutherland,B Laughlin,1,0,"",""
ball,1,13.4,Melbourne Renegades,W Sutherland,BJ Webster,B Laughlin,0,0,caught,W Sutherland
ball,1,13.5,Melbourne Renegades,BJ Webster,Mohammad Nabi,B Laughlin,0,0,"",""
ball,1,13.6,Melbourne Renegades,BJ Webster,Mohammad Nabi,B Laughlin,1,0,"",""
ball,1,14.1,Melbourne Renegades,BJ Webster,Mohammad Nabi,JL Pattinson,1,0,"",""
ball,1,14.2,Melbourne Renegades,Mohammad Nabi,BJ Webster,JL Pattinson,0,1,"",""
ball,1,14.3,Melbourne Renegades,Mohammad Nabi,BJ Webster,JL Pattinson,1,0,"",""
ball,1,14.4,Melbourne Renegades,BJ Webster,Mohammad Nabi,JL Pattinson,6,0,"",""
ball,1,14.5,Melbourne Renegades,BJ Webster,Mohammad Nabi,JL Pattinson,1,0,"",""
ball,1,14.6,Melbourne Renegades,Mohammad Nabi,BJ Webster,JL Pattinson,1,0,"",""
ball,1,14.7,Melbourne Renegades,BJ Webster,Mohammad Nabi,JL Pattinson,1,0,"",""
ball,1,15.1,Melbourne Renegades,BJ Webster,Mohammad Nabi,Mujeeb Ur Rahman,1,0,"",""
ball,1,15.2,Melbourne Renegades,Mohammad Nabi,BJ Webster,Mujeeb Ur Rahman,2,0,"",""
ball,1,15.3,Melbourne Renegades,Mohammad Nabi,BJ Webster,Mujeeb Ur Rahman,1,0,"",""
ball,1,15.4,Melbourne Renegades,BJ Webster,Mohammad Nabi,Mujeeb Ur Rahman,1,0,"",""
ball,1,15.5,Melbourne Renegades,Mohammad Nabi,BJ Webster,Mujeeb Ur Rahman,0,0,"",""
ball,1,15.6,Melbourne Renegades,Mohammad Nabi,BJ Webster,Mujeeb Ur Rahman,2,0,"",""
ball,1,16.1,Melbourne Renegades,BJ Webster,Mohammad Nabi,BCJ Cutting,1,0,"",""
ball,1,16.2,Melbourne Renegades,Mohammad Nabi,BJ Webster,BCJ Cutting,1,0,"",""
ball,1,16.3,Melbourne Renegades,BJ Webster,Mohammad Nabi,BCJ Cutting,4,0,"",""
ball,1,16.4,Melbourne Renegades,BJ Webster,Mohammad Nabi,BCJ Cutting,0,0,caught and bowled,BJ Webster
ball,1,16.5,Melbourne Renegades,Mohammad Nabi,DT Christian,BCJ Cutting,4,0,"",""
ball,1,16.6,Melbourne Renegades,Mohammad Nabi,DT Christian,BCJ Cutting,1,0,"",""
ball,1,17.1,Melbourne Renegades,Mohammad Nabi,DT Christian,B Laughlin,1,0,"",""
ball,1,17.2,Melbourne Renegades,DT Christian,Mohammad Nabi,B Laughlin,1,0,"",""
ball,1,17.3,Melbourne Renegades,Mohammad Nabi,DT Christian,B Laughlin,0,0,"",""
ball,1,17.4,Melbourne Renegades,Mohammad Nabi,DT Christian,B Laughlin,1,0,"",""
ball,1,17.5,Melbourne Renegades,DT Christian,Mohammad Nabi,B Laughlin,0,0,bowled,DT Christian
ball,1,17.6,Melbourne Renegades,SR Patel,Mohammad Nabi,B Laughlin,1,0,"",""
ball,1,18.1,Melbourne Renegades,SR Patel,Mohammad Nabi,BCJ Cutting,0,0,"",""
ball,1,18.2,Melbourne Renegades,SR Patel,Mohammad Nabi,BCJ Cutting,0,0,"",""
ball,1,18.3,Melbourne Renegades,SR Patel,Mohammad Nabi,BCJ Cutting,0,0,"",""
ball,1,18.4,Melbourne Renegades,SR Patel,Mohammad Nabi,BCJ Cutting,6,0,"",""
ball,1,18.5,Melbourne Renegades,SR Patel,Mohammad Nabi,BCJ Cutting,6,0,"",""
ball,1,18.6,Melbourne Renegades,SR Patel,Mohammad Nabi,BCJ Cutting,1,0,"",""
ball,1,19.1,Melbourne Renegades,SR Patel,Mohammad Nabi,B Laughlin,4,0,"",""
ball,1,19.2,Melbourne Renegades,SR Patel,Mohammad Nabi,B Laughlin,0,1,"",""
ball,1,19.3,Melbourne Renegades,SR Patel,Mohammad Nabi,B Laughlin,0,1,"",""
ball,1,19.4,Melbourne Renegades,SR Patel,Mohammad Nabi,B Laughlin,3,0,"",""
ball,1,19.5,Melbourne Renegades,Mohammad Nabi,SR Patel,B Laughlin,6,0,"",""
ball,1,19.6,Melbourne Renegades,Mohammad Nabi,SR Patel,B Laughlin,0,2,"",""
ball,1,19.7,Melbourne Renegades,Mohammad Nabi,SR Patel,B Laughlin,1,0,"",""
ball,1,19.8,Melbourne Renegades,SR Patel,Mohammad Nabi,B Laughlin,2,0,"",""
ball,2,0.1,Brisbane Heat,SD Heazlett,CA Lynn,AL Fekete,4,0,"",""
ball,2,0.2,Brisbane Heat,SD Heazlett,CA Lynn,AL Fekete,4,0,"",""
ball,2,0.3,Brisbane Heat,SD Heazlett,CA Lynn,AL Fekete,0,0,"",""
ball,2,0.4,Brisbane Heat,SD Heazlett,CA Lynn,AL Fekete,1,0,"",""
ball,2,0.5,Brisbane Heat,CA Lynn,SD Heazlett,AL Fekete,4,0,"",""
ball,2,0.6,Brisbane Heat,CA Lynn,SD Heazlett,AL Fekete,0,0,"",""
ball,2,1.1,Brisbane Heat,SD Heazlett,CA Lynn,SR Patel,0,0,"",""
ball,2,1.2,Brisbane Heat,SD Heazlett,CA Lynn,SR Patel,4,0,"",""
ball,2,1.3,Brisbane Heat,SD Heazlett,CA Lynn,SR Patel,4,0,"",""
ball,2,1.4,Brisbane Heat,SD Heazlett,CA Lynn,SR Patel,0,0,"",""
ball,2,1.5,Brisbane Heat,SD Heazlett,CA Lynn,SR Patel,4,0,"",""
ball,2,1.6,Brisbane Heat,SD Heazlett,CA Lynn,SR Patel,1,0,"",""
ball,2,2.1,Brisbane Heat,SD Heazlett,CA Lynn,JD Wildermuth,1,0,"",""
ball,2,2.2,Brisbane Heat,CA Lynn,SD Heazlett,JD Wildermuth,0,0,"",""
ball,2,2.3,Brisbane Heat,CA Lynn,SD Heazlett,JD Wildermuth,4,0,"",""
ball,2,2.4,Brisbane Heat,CA Lynn,SD Heazlett,JD Wildermuth,0,0,"",""
ball,2,2.5,Brisbane Heat,CA Lynn,SD Heazlett,JD Wildermuth,4,0,"",""
ball,2,2.6,Brisbane Heat,CA Lynn,SD Heazlett,JD Wildermuth,1,0,"",""
ball,2,3.1,Brisbane Heat,CA Lynn,SD Heazlett,Mohammad Nabi,6,0,"",""
ball,2,3.2,Brisbane Heat,CA Lynn,SD Heazlett,Mohammad Nabi,6,0,"",""
ball,2,3.3,Brisbane Heat,CA Lynn,SD Heazlett,Mohammad Nabi,0,0,"",""
ball,2,3.4,Brisbane Heat,CA Lynn,SD Heazlett,Mohammad Nabi,4,0,"",""
ball,2,3.5,Brisbane Heat,CA Lynn,SD Heazlett,Mohammad Nabi,6,0,"",""
ball,2,3.6,Brisbane Heat,CA Lynn,SD Heazlett,Mohammad Nabi,2,0,"",""
ball,2,4.1,Brisbane Heat,SD Heazlett,CA Lynn,JD Wildermuth,0,0,"",""
ball,2,4.2,Brisbane Heat,SD Heazlett,CA Lynn,JD Wildermuth,4,0,"",""
ball,2,4.3,Brisbane Heat,SD Heazlett,CA Lynn,JD Wildermuth,6,0,"",""
ball,2,4.4,Brisbane Heat,SD Heazlett,CA Lynn,JD Wildermuth,4,0,"",""
ball,2,4.5,Brisbane Heat,SD Heazlett,CA Lynn,JD Wildermuth,0,0,"",""
ball,2,4.6,Brisbane Heat,SD Heazlett,CA Lynn,JD Wildermuth,1,0,"",""
ball,2,5.1,Brisbane Heat,SD Heazlett,CA Lynn,AL Fekete,2,0,"",""
ball,2,5.2,Brisbane Heat,SD Heazlett,CA Lynn,AL Fekete,2,0,"",""
ball,2,5.3,Brisbane Heat,SD Heazlett,CA Lynn,AL Fekete,0,0,"",""
ball,2,5.4,Brisbane Heat,SD Heazlett,CA Lynn,AL Fekete,1,0,"",""
ball,2,5.5,Brisbane Heat,CA Lynn,SD Heazlett,AL Fekete,4,0,"",""
ball,2,5.6,Brisbane Heat,CA Lynn,SD Heazlett,AL Fekete,0,0,caught,CA Lynn
ball,2,6.1,Brisbane Heat,AB de Villiers,SD Heazlett,CJ Boyce,2,0,"",""
ball,2,6.2,Brisbane Heat,AB de Villiers,SD Heazlett,CJ Boyce,0,0,bowled,AB de Villiers
ball,2,6.3,Brisbane Heat,MT Renshaw,SD Heazlett,CJ Boyce,0,0,caught,MT Renshaw
ball,2,6.4,Brisbane Heat,JA Burns,SD Heazlett,CJ Boyce,1,0,"",""
ball,2,6.5,Brisbane Heat,SD Heazlett,JA Burns,CJ Boyce,1,0,"",""
ball,2,6.6,Brisbane Heat,JA Burns,SD Heazlett,CJ Boyce,0,0,"",""
ball,2,7.1,Brisbane Heat,SD Heazlett,JA Burns,JD Wildermuth,1,0,"",""
ball,2,7.2,Brisbane Heat,JA Burns,SD Heazlett,JD Wildermuth,1,0,"",""
ball,2,7.3,Brisbane Heat,SD Heazlett,JA Burns,JD Wildermuth,1,0,"",""
ball,2,7.4,Brisbane Heat,JA Burns,SD Heazlett,JD Wildermuth,0,0,"",""
ball,2,7.5,Brisbane Heat,JA Burns,SD Heazlett,JD Wildermuth,0,0,"",""
ball,2,7.6,Brisbane Heat,JA Burns,SD Heazlett,JD Wildermuth,0,0,"",""
ball,2,8.1,Brisbane Heat,SD Heazlett,JA Burns,CJ Boyce,1,0,"",""
ball,2,8.2,Brisbane Heat,JA Burns,SD Heazlett,CJ Boyce,2,0,"",""
ball,2,8.3,Brisbane Heat,JA Burns,SD Heazlett,CJ Boyce,0,0,"",""
ball,2,8.4,Brisbane Heat,JA Burns,SD Heazlett,CJ Boyce,1,0,"",""
ball,2,8.5,Brisbane Heat,SD Heazlett,JA Burns,CJ Boyce,0,0,"",""
ball,2,8.6,Brisbane Heat,SD Heazlett,JA Burns,CJ Boyce,1,0,"",""
ball,2,9.1,Brisbane Heat,SD Heazlett,JA Burns,SR Patel,0,0,"",""
ball,2,9.2,Brisbane Heat,SD Heazlett,JA Burns,SR Patel,1,0,"",""
ball,2,9.3,Brisbane Heat,JA Burns,SD Heazlett,SR Patel,1,0,"",""
ball,2,9.4,Brisbane Heat,SD Heazlett,JA Burns,SR Patel,2,0,"",""
ball,2,9.5,Brisbane Heat,SD Heazlett,JA Burns,SR Patel,1,0,"",""
ball,2,9.6,Brisbane Heat,JA Burns,SD Heazlett,SR Patel,2,0,"",""
ball,2,10.1,Brisbane Heat,SD Heazlett,JA Burns,CJ Boyce,2,0,"",""
ball,2,10.2,Brisbane Heat,SD Heazlett,JA Burns,CJ Boyce,0,0,"",""
ball,2,10.3,Brisbane Heat,SD Heazlett,JA Burns,CJ Boyce,0,0,"",""
ball,2,10.4,Brisbane Heat,SD Heazlett,JA Burns,CJ Boyce,1,0,"",""
ball,2,10.5,Brisbane Heat,JA Burns,SD Heazlett,CJ Boyce,0,0,"",""
ball,2,10.6,Brisbane Heat,JA Burns,SD Heazlett,CJ Boyce,1,0,"",""
ball,2,11.1,Brisbane Heat,JA Burns,SD Heazlett,DT Christian,2,0,"",""
ball,2,11.2,Brisbane Heat,JA Burns,SD Heazlett,DT Christian,1,0,"",""
ball,2,11.3,Brisbane Heat,SD Heazlett,JA Burns,DT Christian,1,0,"",""
ball,2,11.4,Brisbane Heat,JA Burns,SD Heazlett,DT Christian,0,0,"",""
ball,2,11.5,Brisbane Heat,JA Burns,SD Heazlett,DT Christian,0,0,"",""
ball,2,11.6,Brisbane Heat,JA Burns,SD Heazlett,DT Christian,1,0,"",""
ball,2,12.1,Brisbane Heat,JA Burns,SD Heazlett,SR Patel,0,0,"",""
ball,2,12.2,Brisbane Heat,JA Burns,SD Heazlett,SR Patel,1,0,"",""
ball,2,12.3,Brisbane Heat,SD Heazlett,JA Burns,SR Patel,0,0,caught,SD Heazlett
ball,2,12.4,Brisbane Heat,JJ Peirson,JA Burns,SR Patel,0,0,caught and bowled,JJ Peirson
ball,2,12.5,Brisbane Heat,BCJ Cutting,JA Burns,SR Patel,1,0,"",""
ball,2,12.6,Brisbane Heat,JA Burns,BCJ Cutting,SR Patel,0,0,run out,JA Burns
ball,2,13.1,Brisbane Heat,BCJ Cutting,JL Pattinson,DT Christian,0,0,"",""
ball,2,13.2,Brisbane Heat,BCJ Cutting,JL Pattinson,DT Christian,0,0,"",""
ball,2,13.3,Brisbane Heat,BCJ Cutting,JL Pattinson,DT Christian,4,0,"",""
ball,2,13.4,Brisbane Heat,BCJ Cutting,JL Pattinson,DT Christian,0,0,lbw,BCJ Cutting
ball,2,13.5,Brisbane Heat,JK Lalor,JL Pattinson,DT Christian,0,0,"",""
ball,2,13.6,Brisbane Heat,JK Lalor,JL Pattinson,DT Christian,0,0,caught,JK Lalor
ball,2,14.1,Brisbane Heat,JL Pattinson,B Laughlin,CJ Boyce,0,0,"",""
ball,2,14.2,Brisbane Heat,JL Pattinson,B Laughlin,CJ Boyce,1,0,"",""
ball,2,14.3,Brisbane Heat,B Laughlin,JL Pattinson,CJ Boyce,0,0,"",""
ball,2,14.4,Brisbane Heat,B Laughlin,JL Pattinson,CJ Boyce,1,0,"",""
ball,2,14.5,Brisbane Heat,JL Pattinson,B Laughlin,CJ Boyce,0,0,bowled,JL Pattinson
ball,2,14.6,Brisbane Heat,Mujeeb Ur Rahman,B Laughlin,CJ Boyce,0,0,lbw,Mujeeb Ur Rahman
