version,1.3.0
info,team,Brisbane Heat
info,team,Hobart Hurricanes
info,gender,male
info,season,2019/20
info,date,2020/01/09
info,competition,Big Bash League
info,match_number,29
info,venue,"Brisbane Cricket Ground, Woolloongabba"
info,city,Brisbane
info,toss_winner,Hobart Hurricanes
info,toss_decision,bat
info,player_of_match,BCJ Cutting
info,umpire,GA Abood
info,umpire,SAJ Craig
info,reserve_umpire,Steven Farrell
info,tv_umpire,SA Lightbody
info,match_referee,SR Bernard
info,winner,Brisbane Heat
info,winner_wickets,5
ball,1,0.1,Hobart Hurricanes,MS Wade,CP Jewell,JK Lalor,1,0,"",""
ball,1,0.2,Hobart Hurricanes,CP Jewell,MS Wade,JK Lalor,0,0,"",""
ball,1,0.3,Hobart Hurricanes,CP Jewell,MS Wade,JK Lalor,0,0,"",""
ball,1,0.4,Hobart Hurricanes,CP Jewell,MS Wade,JK Lalor,0,0,"",""
ball,1,0.5,Hobart Hurricanes,CP Jewell,MS Wade,JK Lalor,2,0,"",""
ball,1,0.6,Hobart Hurricanes,CP Jewell,MS Wade,JK Lalor,2,0,"",""
ball,1,1.1,Hobart Hurricanes,MS Wade,CP Jewell,MT Renshaw,0,0,"",""
ball,1,1.2,Hobart Hurricanes,MS Wade,CP Jewell,MT Renshaw,2,0,"",""
ball,1,1.3,Hobart Hurricanes,MS Wade,CP Jewell,MT Renshaw,1,0,"",""
ball,1,1.4,Hobart Hurricanes,CP Jewell,MS Wade,MT Renshaw,1,0,"",""
ball,1,1.5,Hobart Hurricanes,MS Wade,CP Jewell,MT Renshaw,1,0,"",""
ball,1,1.6,Hobart Hurricanes,CP Jewell,MS Wade,MT Renshaw,0,0,caught,CP Jewell
ball,1,2.1,Hobart Hurricanes,MS Wade,S Milenko,Zahir Khan,1,0,"",""
ball,1,2.2,Hobart Hurricanes,S Milenko,MS Wade,Zahir Khan,0,2,"",""
ball,1,2.3,Hobart Hurricanes,MS Wade,S Milenko,Zahir Khan,0,0,"",""
ball,1,2.4,Hobart Hurricanes,MS Wade,S Milenko,Zahir Khan,1,0,"",""
ball,1,2.5,Hobart Hurricanes,S Milenko,MS Wade,Zahir Khan,0,0,"",""
ball,1,2.6,Hobart Hurricanes,S Milenko,MS Wade,Zahir Khan,2,0,"",""
ball,1,2.7,Hobart Hurricanes,S Milenko,MS Wade,Zahir Khan,0,0,"",""
ball,1,3.1,Hobart Hurricanes,MS Wade,S Milenko,MT Renshaw,1,0,"",""
ball,1,3.2,Hobart Hurricanes,S Milenko,MS Wade,MT Renshaw,3,0,"",""
ball,1,3.3,Hobart Hurricanes,MS Wade,S Milenko,MT Renshaw,1,0,"",""
ball,1,3.4,Hobart Hurricanes,S Milenko,MS Wade,MT Renshaw,1,0,"",""
ball,1,3.5,Hobart Hurricanes,MS Wade,S Milenko,MT Renshaw,6,0,"",""
ball,1,3.6,Hobart Hurricanes,MS Wade,S Milenko,MT Renshaw,1,0,"",""
ball,1,4.1,Hobart Hurricanes,MS Wade,S Milenko,JK Lalor,2,0,"",""
ball,1,4.2,Hobart Hurricanes,MS Wade,S Milenko,JK Lalor,4,0,"",""
ball,1,4.3,Hobart Hurricanes,MS Wade,S Milenko,JK Lalor,1,0,"",""
ball,1,4.4,Hobart Hurricanes,S Milenko,MS Wade,JK Lalor,0,0,caught,S Milenko
ball,1,4.5,Hobart Hurricanes,MS Wade,GJ Bailey,JK Lalor,2,0,"",""
ball,1,4.6,Hobart Hurricanes,MS Wade,GJ Bailey,JK Lalor,1,0,"",""
ball,1,5.1,Hobart Hurricanes,MS Wade,GJ Bailey,Zahir Khan,1,0,"",""
ball,1,5.2,Hobart Hurricanes,GJ Bailey,MS Wade,Zahir Khan,0,0,lbw,GJ Bailey
ball,1,5.3,Hobart Hurricanes,DA Miller,MS Wade,Zahir Khan,0,0,"",""
ball,1,5.4,Hobart Hurricanes,DA Miller,MS Wade,Zahir Khan,1,0,"",""
ball,1,5.5,Hobart Hurricanes,MS Wade,DA Miller,Zahir Khan,1,0,"",""
ball,1,5.6,Hobart Hurricanes,DA Miller,MS Wade,Zahir Khan,0,1,"",""
ball,1,6.1,Hobart Hurricanes,DA Miller,MS Wade,B Laughlin,1,0,"",""
ball,1,6.2,Hobart Hurricanes,MS Wade,DA Miller,B Laughlin,2,0,"",""
ball,1,6.3,Hobart Hurricanes,MS Wade,DA Miller,B Laughlin,1,0,"",""
ball,1,6.4,Hobart Hurricanes,DA Miller,MS Wade,B Laughlin,0,0,"",""
ball,1,6.5,Hobart Hurricanes,DA Miller,MS Wade,B Laughlin,0,0,bowled,DA Miller
ball,1,6.6,Hobart Hurricanes,BR McDermott,MS Wade,B Laughlin,0,0,"",""
ball,1,7.1,Hobart Hurricanes,MS Wade,BR McDermott,MJ Swepson,1,0,"",""
ball,1,7.2,Hobart Hurricanes,BR McDermott,MS Wade,MJ Swepson,0,5,"",""
ball,1,7.3,Hobart Hurricanes,BR McDermott,MS Wade,MJ Swepson,1,0,"",""
ball,1,7.4,Hobart Hurricanes,MS Wade,BR McDermott,MJ Swepson,1,0,"",""
ball,1,7.5,Hobart Hurricanes,BR McDermott,MS Wade,MJ Swepson,1,0,"",""
ball,1,7.6,Hobart Hurricanes,MS Wade,BR McDermott,MJ Swepson,1,0,"",""
ball,1,7.7,Hobart Hurricanes,BR McDermott,MS Wade,MJ Swepson,0,0,"",""
ball,1,8.1,Hobart Hurricanes,MS Wade,BR McDermott,Zahir Khan,0,0,"",""
ball,1,8.2,Hobart Hurricanes,MS Wade,BR McDermott,Zahir Khan,2,0,"",""
ball,1,8.3,Hobart Hurricanes,MS Wade,BR McDermott,Zahir Khan,0,0,"",""
ball,1,8.4,Hobart Hurricanes,MS Wade,BR McDermott,Zahir Khan,0,0,run out,BR McDermott
ball,1,8.5,Hobart Hurricanes,TS Rogers,MS Wade,Zahir Khan,0,0,"",""
ball,1,8.6,Hobart Hurricanes,TS Rogers,MS Wade,Zahir Khan,0,0,"",""
ball,1,9.1,Hobart Hurricanes,MS Wade,TS Rogers,MJ Swepson,1,0,"",""
ball,1,9.2,Hobart Hurricanes,TS Rogers,MS Wade,MJ Swepson,0,0,"",""
ball,1,9.3,Hobart Hurricanes,TS Rogers,MS Wade,MJ Swepson,1,0,"",""
ball,1,9.4,Hobart Hurricanes,MS Wade,TS Rogers,MJ Swepson,0,0,"",""
ball,1,9.5,Hobart Hurricanes,MS Wade,TS Rogers,MJ Swepson,1,0,"",""
ball,1,9.6,Hobart Hurricanes,TS Rogers,MS Wade,MJ Swepson,2,0,"",""
ball,1,10.1,Hobart Hurricanes,MS Wade,TS Rogers,Zahir Khan,1,0,"",""
ball,1,10.2,Hobart Hurricanes,TS Rogers,MS Wade,Zahir Khan,1,0,"",""
ball,1,10.3,Hobart Hurricanes,MS Wade,TS Rogers,Zahir Khan,4,0,"",""
ball,1,10.4,Hobart Hurricanes,MS Wade,TS Rogers,Zahir Khan,1,0,"",""
ball,1,10.5,Hobart Hurricanes,TS Rogers,MS Wade,Zahir Khan,2,0,"",""
ball,1,10.6,Hobart Hurricanes,TS Rogers,MS Wade,Zahir Khan,0,0,"",""
ball,1,11.1,Hobart Hurricanes,MS Wade,TS Rogers,MJ Swepson,0,0,"",""
ball,1,11.2,Hobart Hurricanes,MS Wade,TS Rogers,MJ Swepson,1,0,"",""
ball,1,11.3,Hobart Hurricanes,TS Rogers,MS Wade,MJ Swepson,1,0,"",""
ball,1,11.4,Hobart Hurricanes,MS Wade,TS Rogers,MJ Swepson,1,0,"",""
ball,1,11.5,Hobart Hurricanes,TS Rogers,MS Wade,MJ Swepson,2,0,"",""
ball,1,11.6,Hobart Hurricanes,TS Rogers,MS Wade,MJ Swepson,0,0,"",""
ball,1,12.1,Hobart Hurricanes,MS Wade,TS Rogers,B Laughlin,1,0,"",""
ball,1,12.2,Hobart Hurricanes,TS Rogers,MS Wade,B Laughlin,0,0,"",""
ball,1,12.3,Hobart Hurricanes,TS Rogers,MS Wade,B Laughlin,0,0,"",""
ball,1,12.4,Hobart Hurricanes,TS Rogers,MS Wade,B Laughlin,0,0,"",""
ball,1,12.5,Hobart Hurricanes,TS Rogers,MS Wade,B Laughlin,1,0,"",""
ball,1,12.6,Hobart Hurricanes,MS Wade,TS Rogers,B Laughlin,0,0,"",""
ball,1,13.1,Hobart Hurricanes,TS Rogers,MS Wade,MJ Swepson,1,0,"",""
ball,1,13.2,Hobart Hurricanes,MS Wade,TS Rogers,MJ Swepson,1,0,"",""
ball,1,13.3,Hobart Hurricanes,TS Rogers,MS Wade,MJ Swepson,1,0,"",""
ball,1,13.4,Hobart Hurricanes,MS Wade,TS Rogers,MJ Swepson,6,0,"",""
ball,1,13.5,Hobart Hurricanes,MS Wade,TS Rogers,MJ Swepson,0,0,"",""
ball,1,13.6,Hobart Hurricanes,MS Wade,TS Rogers,MJ Swepson,4,0,"",""
ball,1,14.1,Hobart Hurricanes,TS Rogers,MS Wade,BCJ Cutting,1,0,"",""
ball,1,14.2,Hobart Hurricanes,MS Wade,TS Rogers,BCJ Cutting,1,0,"",""
ball,1,14.3,Hobart Hurricanes,TS Rogers,MS Wade,BCJ Cutting,1,0,"",""
ball,1,14.4,Hobart Hurricanes,MS Wade,TS Rogers,BCJ Cutting,2,0,"",""
ball,1,14.5,Hobart Hurricanes,MS Wade,TS Rogers,BCJ Cutting,0,0,caught,MS Wade
ball,1,14.6,Hobart Hurricanes,TS Rogers,CA Rose,BCJ Cutting,1,0,"",""
ball,1,15.1,Hobart Hurricanes,TS Rogers,CA Rose,JK Lalor,2,0,"",""
ball,1,15.2,Hobart Hurricanes,TS Rogers,CA Rose,JK Lalor,0,0,"",""
ball,1,15.3,Hobart Hurricanes,TS Rogers,CA Rose,JK Lalor,0,0,"",""
ball,1,15.4,Hobart Hurricanes,TS Rogers,CA Rose,JK Lalor,0,0,caught,TS Rogers
ball,1,15.5,Hobart Hurricanes,CA Rose,NT Ellis,JK Lalor,1,0,"",""
ball,1,15.6,Hobart Hurricanes,NT Ellis,CA Rose,JK Lalor,0,0,"",""
ball,1,16.1,Hobart Hurricanes,CA Rose,NT Ellis,B Laughlin,0,0,"",""
ball,1,16.2,Hobart Hurricanes,CA Rose,NT Ellis,B Laughlin,4,0,"",""
ball,1,16.3,Hobart Hurricanes,CA Rose,NT Ellis,B Laughlin,0,0,"",""
ball,1,16.4,Hobart Hurricanes,CA Rose,NT Ellis,B Laughlin,0,0,caught and bowled,CA Rose
ball,1,16.5,Hobart Hurricanes,Qais Ahmad,NT Ellis,B Laughlin,1,0,"",""
ball,1,16.6,Hobart Hurricanes,NT Ellis,Qais Ahmad,B Laughlin,1,0,"",""
ball,1,17.1,Hobart Hurricanes,NT Ellis,Qais Ahmad,JK Lalor,1,0,"",""
ball,1,17.2,Hobart Hurricanes,Qais Ahmad,NT Ellis,JK Lalor,1,0,"",""
ball,1,17.3,Hobart Hurricanes,NT Ellis,Qais Ahmad,JK Lalor,1,0,"",""
ball,1,17.4,Hobart Hurricanes,Qais Ahmad,NT Ellis,JK Lalor,0,0,"",""
ball,1,17.5,Hobart Hurricanes,Qais Ahmad,NT Ellis,JK Lalor,0,0,"",""
ball,1,17.6,Hobart Hurricanes,Qais Ahmad,NT Ellis,JK Lalor,0,0,caught,Qais Ahmad
ball,1,18.1,Hobart Hurricanes,SM Boland,NT Ellis,B Laughlin,1,0,"",""
ball,1,18.2,Hobart Hurricanes,NT Ellis,SM Boland,B Laughlin,0,0,"",""
ball,1,18.3,Hobart Hurricanes,NT Ellis,SM Boland,B Laughlin,0,0,"",""
ball,1,18.4,Hobart Hurricanes,NT Ellis,SM Boland,B Laughlin,4,0,"",""
ball,1,18.5,Hobart Hurricanes,NT Ellis,SM Boland,B Laughlin,4,0,"",""
ball,1,18.6,Hobart Hurricanes,NT Ellis,SM Boland,B Laughlin,0,0,"",""
ball,1,19.1,Hobart Hurricanes,SM Boland,NT Ellis,BCJ Cutting,1,0,"",""
ball,1,19.2,Hobart Hurricanes,NT Ellis,SM Boland,BCJ Cutting,1,0,"",""
ball,1,19.3,Hobart Hurricanes,SM Boland,NT Ellis,BCJ Cutting,0,0,"",""
ball,1,19.4,Hobart Hurricanes,SM Boland,NT Ellis,BCJ Cutting,2,0,"",""
ball,1,19.5,Hobart Hurricanes,SM Boland,NT Ellis,BCJ Cutting,1,0,"",""
ball,1,19.6,Hobart Hurricanes,NT Ellis,SM Boland,BCJ Cutting,1,0,"",""
ball,2,0.1,Brisbane Heat,T Banton,M Bryant,TS Rogers,0,0,"",""
ball,2,0.2,Brisbane Heat,T Banton,M Bryant,TS Rogers,0,0,"",""
ball,2,0.3,Brisbane Heat,T Banton,M Bryant,TS Rogers,0,0,"",""
ball,2,0.4,Brisbane Heat,T Banton,M Bryant,TS Rogers,1,0,"",""
ball,2,0.5,Brisbane Heat,M Bryant,T Banton,TS Rogers,0,0,"",""
ball,2,0.6,Brisbane Heat,M Bryant,T Banton,TS Rogers,1,0,"",""
ball,2,1.1,Brisbane Heat,M Bryant,T Banton,NT Ellis,4,0,"",""
ball,2,1.2,Brisbane Heat,M Bryant,T Banton,NT Ellis,1,0,"",""
ball,2,1.3,Brisbane Heat,T Banton,M Bryant,NT Ellis,4,0,"",""
ball,2,1.4,Brisbane Heat,T Banton,M Bryant,NT Ellis,0,0,"",""
ball,2,1.5,Brisbane Heat,T Banton,M Bryant,NT Ellis,0,0,"",""
ball,2,1.6,Brisbane Heat,T Banton,M Bryant,NT Ellis,0,0,"",""
ball,2,2.1,Brisbane Heat,M Bryant,T Banton,Qais Ahmad,1,0,"",""
ball,2,2.2,Brisbane Heat,T Banton,M Bryant,Qais Ahmad,0,0,"",""
ball,2,2.3,Brisbane Heat,T Banton,M Bryant,Qais Ahmad,1,0,"",""
ball,2,2.4,Brisbane Heat,M Bryant,T Banton,Qais Ahmad,1,0,"",""
ball,2,2.5,Brisbane Heat,T Banton,M Bryant,Qais Ahmad,1,0,"",""
ball,2,2.6,Brisbane Heat,M Bryant,T Banton,Qais Ahmad,1,0,"",""
ball,2,3.1,Brisbane Heat,M Bryant,T Banton,CA Rose,0,0,"",""
ball,2,3.2,Brisbane Heat,M Bryant,T Banton,CA Rose,6,0,"",""
ball,2,3.3,Brisbane Heat,M Bryant,T Banton,CA Rose,1,0,"",""
ball,2,3.4,Brisbane Heat,T Banton,M Bryant,CA Rose,2,0,"",""
ball,2,3.5,Brisbane Heat,T Banton,M Bryant,CA Rose,0,0,"",""
ball,2,3.6,Brisbane Heat,T Banton,M Bryant,CA Rose,0,0,"",""
ball,2,4.1,Brisbane Heat,M Bryant,T Banton,Qais Ahmad,0,0,"",""
ball,2,4.2,Brisbane Heat,M Bryant,T Banton,Qais Ahmad,1,0,"",""
ball,2,4.3,Brisbane Heat,T Banton,M Bryant,Qais Ahmad,2,0,"",""
ball,2,4.4,Brisbane Heat,T Banton,M Bryant,Qais Ahmad,6,0,"",""
ball,2,4.5,Brisbane Heat,T Banton,M Bryant,Qais Ahmad,0,0,caught,T Banton
ball,2,4.6,Brisbane Heat,M Bryant,CA Lynn,Qais Ahmad,4,0,"",""
ball,2,5.1,Brisbane Heat,CA Lynn,M Bryant,NT Ellis,0,0,"",""
ball,2,5.2,Brisbane Heat,CA Lynn,M Bryant,NT Ellis,0,0,"",""
ball,2,5.3,Brisbane Heat,CA Lynn,M Bryant,NT Ellis,1,0,"",""
ball,2,5.4,Brisbane Heat,M Bryant,CA Lynn,NT Ellis,1,0,"",""
ball,2,5.5,Brisbane Heat,CA Lynn,M Bryant,NT Ellis,0,0,"",""
ball,2,5.6,Brisbane Heat,CA Lynn,M Bryant,NT Ellis,4,0,"",""
ball,2,6.1,Brisbane Heat,M Bryant,CA Lynn,SM Boland,2,0,"",""
ball,2,6.2,Brisbane Heat,M Bryant,CA Lynn,SM Boland,4,0,"",""
ball,2,6.3,Brisbane Heat,M Bryant,CA Lynn,SM Boland,0,1,"",""
ball,2,6.4,Brisbane Heat,CA Lynn,M Bryant,SM Boland,1,0,"",""
ball,2,6.5,Brisbane Heat,M Bryant,CA Lynn,SM Boland,0,0,caught,M Bryant
ball,2,6.6,Brisbane Heat,CA Lynn,MT Renshaw,SM Boland,0,0,"",""
ball,2,7.1,Brisbane Heat,MT Renshaw,CA Lynn,Qais Ahmad,4,0,"",""
ball,2,7.2,Brisbane Heat,MT Renshaw,CA Lynn,Qais Ahmad,4,0,"",""
ball,2,7.3,Brisbane Heat,MT Renshaw,CA Lynn,Qais Ahmad,1,0,"",""
ball,2,7.4,Brisbane Heat,CA Lynn,MT Renshaw,Qais Ahmad,0,0,"",""
ball,2,7.5,Brisbane Heat,CA Lynn,MT Renshaw,Qais Ahmad,0,0,"",""
ball,2,7.6,Brisbane Heat,CA Lynn,MT Renshaw,Qais Ahmad,1,0,"",""
ball,2,8.1,Brisbane Heat,CA Lynn,MT Renshaw,SM Boland,1,0,"",""
ball,2,8.2,Brisbane Heat,MT Renshaw,CA Lynn,SM Boland,0,0,"",""
ball,2,8.3,Brisbane Heat,MT Renshaw,CA Lynn,SM Boland,0,0,"",""
ball,2,8.4,Brisbane Heat,MT Renshaw,CA Lynn,SM Boland,0,0,caught,MT Renshaw
ball,2,8.5,Brisbane Heat,JA Burns,CA Lynn,SM Boland,0,0,"",""
ball,2,8.6,Brisbane Heat,JA Burns,CA Lynn,SM Boland,0,0,caught,JA Burns
ball,2,9.1,Brisbane Heat,CA Lynn,JJ Peirson,Qais Ahmad,0,0,"",""
ball,2,9.2,Brisbane Heat,CA Lynn,JJ Peirson,Qais Ahmad,1,0,"",""
ball,2,9.3,Brisbane Heat,JJ Peirson,CA Lynn,Qais Ahmad,0,0,"",""
ball,2,9.4,Brisbane Heat,JJ Peirson,CA Lynn,Qais Ahmad,0,0,"",""
ball,2,9.5,Brisbane Heat,JJ Peirson,CA Lynn,Qais Ahmad,4,0,"",""
ball,2,9.6,Brisbane Heat,JJ Peirson,CA Lynn,Qais Ahmad,1,0,"",""
ball,2,10.1,Brisbane Heat,JJ Peirson,CA Lynn,SM Boland,0,0,"",""
ball,2,10.2,Brisbane Heat,JJ Peirson,CA Lynn,SM Boland,0,0,"",""
ball,2,10.3,Brisbane Heat,JJ Peirson,CA Lynn,SM Boland,2,0,"",""
ball,2,10.4,Brisbane Heat,JJ Peirson,CA Lynn,SM Boland,0,0,"",""
ball,2,10.5,Brisbane Heat,JJ Peirson,CA Lynn,SM Boland,0,0,run out,CA Lynn
ball,2,10.6,Brisbane Heat,JJ Peirson,BCJ Cutting,SM Boland,0,0,"",""
ball,2,11.1,Brisbane Heat,BCJ Cutting,JJ Peirson,TS Rogers,1,0,"",""
ball,2,11.2,Brisbane Heat,JJ Peirson,BCJ Cutting,TS Rogers,1,0,"",""
ball,2,11.3,Brisbane Heat,BCJ Cutting,JJ Peirson,TS Rogers,0,0,"",""
ball,2,11.4,Brisbane Heat,BCJ Cutting,JJ Peirson,TS Rogers,0,0,"",""
ball,2,11.5,Brisbane Heat,BCJ Cutting,JJ Peirson,TS Rogers,4,0,"",""
ball,2,11.6,Brisbane Heat,BCJ Cutting,JJ Peirson,TS Rogers,0,0,"",""
ball,2,12.1,Brisbane Heat,JJ Peirson,BCJ Cutting,SM Boland,1,0,"",""
ball,2,12.2,Brisbane Heat,BCJ Cutting,JJ Peirson,SM Boland,0,0,"",""
ball,2,12.3,Brisbane Heat,BCJ Cutting,JJ Peirson,SM Boland,1,0,"",""
ball,2,12.4,Brisbane Heat,JJ Peirson,BCJ Cutting,SM Boland,3,0,"",""
ball,2,12.5,Brisbane Heat,BCJ Cutting,JJ Peirson,SM Boland,0,0,"",""
ball,2,12.6,Brisbane Heat,BCJ Cutting,JJ Peirson,SM Boland,1,0,"",""
ball,2,13.1,Brisbane Heat,BCJ Cutting,JJ Peirson,CA Rose,4,0,"",""
ball,2,13.2,Brisbane Heat,BCJ Cutting,JJ Peirson,CA Rose,1,0,"",""
ball,2,13.3,Brisbane Heat,JJ Peirson,BCJ Cutting,CA Rose,0,0,"",""
ball,2,13.4,Brisbane Heat,JJ Peirson,BCJ Cutting,CA Rose,0,0,"",""
ball,2,13.5,Brisbane Heat,JJ Peirson,BCJ Cutting,CA Rose,1,0,"",""
ball,2,13.6,Brisbane Heat,BCJ Cutting,JJ Peirson,CA Rose,1,0,"",""
ball,2,14.1,Brisbane Heat,BCJ Cutting,JJ Peirson,NT Ellis,0,0,"",""
ball,2,14.2,Brisbane Heat,BCJ Cutting,JJ Peirson,NT Ellis,0,1,"",""
ball,2,14.3,Brisbane Heat,BCJ Cutting,JJ Peirson,NT Ellis,0,0,"",""
ball,2,14.4,Brisbane Heat,BCJ Cutting,JJ Peirson,NT Ellis,0,0,"",""
ball,2,14.5,Brisbane Heat,BCJ Cutting,JJ Peirson,NT Ellis,2,0,"",""
ball,2,14.6,Brisbane Heat,BCJ Cutting,JJ Peirson,NT Ellis,1,0,"",""
ball,2,14.7,Brisbane Heat,JJ Peirson,BCJ Cutting,NT Ellis,0,0,"",""
ball,2,15.1,Brisbane Heat,BCJ Cutting,JJ Peirson,TS Rogers,0,0,"",""
ball,2,15.2,Brisbane Heat,BCJ Cutting,JJ Peirson,TS Rogers,6,0,"",""
ball,2,15.3,Brisbane Heat,BCJ Cutting,JJ Peirson,TS Rogers,6,0,"",""
ball,2,15.4,Brisbane Heat,BCJ Cutting,JJ Peirson,TS Rogers,1,0,"",""
ball,2,15.5,Brisbane Heat,JJ Peirson,BCJ Cutting,TS Rogers,4,0,"",""
ball,2,15.6,Brisbane Heat,JJ Peirson,BCJ Cutting,TS Rogers,1,0,"",""
ball,2,16.1,Brisbane Heat,JJ Peirson,BCJ Cutting,NT Ellis,1,0,"",""
ball,2,16.2,Brisbane Heat,BCJ Cutting,JJ Peirson,NT Ellis,0,0,"",""
ball,2,16.3,Brisbane Heat,BCJ Cutting,JJ Peirson,NT Ellis,0,0,"",""
ball,2,16.4,Brisbane Heat,BCJ Cutting,JJ Peirson,NT Ellis,0,0,"",""
ball,2,16.5,Brisbane Heat,BCJ Cutting,JJ Peirson,NT Ellis,1,0,"",""
ball,2,16.6,Brisbane Heat,JJ Peirson,BCJ Cutting,NT Ellis,1,0,"",""
ball,2,17.1,Brisbane Heat,JJ Peirson,BCJ Cutting,CA Rose,0,0,"",""
ball,2,17.2,Brisbane Heat,JJ Peirson,BCJ Cutting,CA Rose,1,0,"",""
ball,2,17.3,Brisbane Heat,BCJ Cutting,JJ Peirson,CA Rose,0,0,"",""
ball,2,17.4,Brisbane Heat,BCJ Cutting,JJ Peirson,CA Rose,4,0,"",""
ball,2,17.5,Brisbane Heat,BCJ Cutting,JJ Peirson,CA Rose,3,0,"",""
ball,2,17.6,Brisbane Heat,JJ Peirson,BCJ Cutting,CA Rose,1,0,"",""
ball,2,18.1,Brisbane Heat,JJ Peirson,BCJ Cutting,TS Rogers,1,0,"",""
ball,2,18.2,Brisbane Heat,BCJ Cutting,JJ Peirson,TS Rogers,6,0,"",""
