version,1.3.0
info,team,Sydney Thunder
info,team,Melbourne Renegades
info,gender,male
info,season,2019/20
info,date,2020/01/15
info,competition,Big Bash League
info,match_number,37
info,venue,Manuka Oval
info,city,Canberra
info,toss_winner,Melbourne Renegades
info,toss_decision,bat
info,player_of_match,SB Harper
info,umpire,SD Fry
info,umpire,DM Koch
info,reserve_umpire,Troy Penman
info,tv_umpire,PJ Gillespie
info,match_referee,SR Bernard
info,winner,Melbourne Renegades
info,winner_runs,12
info,method,D/L
ball,1,0.1,Melbourne Renegades,SE Marsh,MS Harris,B Doggett,1,0,"",""
ball,1,0.2,Melbourne Renegades,MS Harris,SE Marsh,B Doggett,0,0,"",""
ball,1,0.3,Melbourne Renegades,MS Harris,SE Marsh,B Doggett,0,0,"",""
ball,1,0.4,Melbourne Renegades,MS Harris,SE Marsh,B Doggett,1,0,"",""
ball,1,0.5,Melbourne Renegades,SE Marsh,MS Harris,B Doggett,0,0,"",""
ball,1,0.6,Melbourne Renegades,SE Marsh,MS Harris,B Doggett,0,0,"",""
ball,1,1.1,Melbourne Renegades,MS Harris,SE Marsh,DR Sams,0,0,"",""
ball,1,1.2,Melbourne Renegades,MS Harris,SE Marsh,DR Sams,1,0,"",""
ball,1,1.3,Melbourne Renegades,SE Marsh,MS Harris,DR Sams,0,0,"",""
ball,1,1.4,Melbourne Renegades,SE Marsh,MS Harris,DR Sams,3,0,"",""
ball,1,1.5,Melbourne Renegades,MS Harris,SE Marsh,DR Sams,0,0,"",""
ball,1,1.6,Melbourne Renegades,MS Harris,SE Marsh,DR Sams,0,0,"",""
ball,1,2.1,Melbourne Renegades,SE Marsh,MS Harris,CH Morris,6,0,"",""
ball,1,2.2,Melbourne Renegades,SE Marsh,MS Harris,CH Morris,4,0,"",""
ball,1,2.3,Melbourne Renegades,SE Marsh,MS Harris,CH Morris,0,0,"",""
ball,1,2.4,Melbourne Renegades,SE Marsh,MS Harris,CH Morris,1,0,"",""
ball,1,2.5,Melbourne Renegades,MS Harris,SE Marsh,CH Morris,1,0,"",""
ball,1,2.6,Melbourne Renegades,SE Marsh,MS Harris,CH Morris,1,0,"",""
ball,1,3.1,Melbourne Renegades,SE Marsh,MS Harris,L Bowe,0,2,"",""
ball,1,3.2,Melbourne Renegades,MS Harris,SE Marsh,L Bowe,0,0,"",""
ball,1,3.3,Melbourne Renegades,MS Harris,SE Marsh,L Bowe,0,0,"",""
ball,1,3.4,Melbourne Renegades,MS Harris,SE Marsh,L Bowe,4,0,"",""
ball,1,3.5,Melbourne Renegades,MS Harris,SE Marsh,L Bowe,0,0,"",""
ball,1,3.6,Melbourne Renegades,MS Harris,SE Marsh,L Bowe,0,0,"",""
ball,1,3.7,Melbourne Renegades,MS Harris,SE Marsh,L Bowe,4,0,"",""
ball,1,4.1,Melbourne Renegades,SE Marsh,MS Harris,JD Cook,0,0,"",""
ball,1,4.2,Melbourne Renegades,SE Marsh,MS Harris,JD Cook,1,0,"",""
ball,1,4.3,Melbourne Renegades,MS Harris,SE Marsh,JD Cook,0,0,"",""
ball,1,4.4,Melbourne Renegades,MS Harris,SE Marsh,JD Cook,1,0,"",""
ball,1,4.5,Melbourne Renegades,SE Marsh,MS Harris,JD Cook,1,0,"",""
ball,1,4.6,Melbourne Renegades,MS Harris,SE Marsh,JD Cook,1,0,"",""
ball,1,5.1,Melbourne Renegades,MS Harris,SE Marsh,N McAndrew,2,0,"",""
ball,1,5.2,Melbourne Renegades,MS Harris,SE Marsh,N McAndrew,0,0,"",""
ball,1,5.3,Melbourne Renegades,MS Harris,SE Marsh,N McAndrew,4,0,"",""
ball,1,5.4,Melbourne Renegades,MS Harris,SE Marsh,N McAndrew,1,0,"",""
ball,1,5.5,Melbourne Renegades,SE Marsh,MS Harris,N McAndrew,4,0,"",""
ball,1,5.6,Melbourne Renegades,SE Marsh,MS Harris,N McAndrew,0,0,"",""
ball,1,6.1,Melbourne Renegades,MS Harris,SE Marsh,L Bowe,1,0,"",""
ball,1,6.2,Melbourne Renegades,SE Marsh,MS Harris,L Bowe,0,0,"",""
ball,1,6.3,Melbourne Renegades,SE Marsh,MS Harris,L Bowe,0,1,"",""
ball,1,6.4,Melbourne Renegades,SE Marsh,MS Harris,L Bowe,1,0,"",""
ball,1,6.5,Melbourne Renegades,MS Harris,SE Marsh,L Bowe,1,0,"",""
ball,1,6.6,Melbourne Renegades,SE Marsh,MS Harris,L Bowe,1,0,"",""
ball,1,6.7,Melbourne Renegades,MS Harris,SE Marsh,L Bowe,0,0,stumped,MS Harris
ball,1,7.1,Melbourne Renegades,SE Marsh,SB Harper,DR Sams,0,0,"",""
ball,1,7.2,Melbourne Renegades,SE Marsh,SB Harper,DR Sams,1,0,"",""
ball,1,7.3,Melbourne Renegades,SB Harper,SE Marsh,DR Sams,0,1,"",""
ball,1,7.4,Melbourne Renegades,SB Harper,SE Marsh,DR Sams,1,0,"",""
ball,1,7.5,Melbourne Renegades,SE Marsh,SB Harper,DR Sams,0,0,"",""
ball,1,7.6,Melbourne Renegades,SE Marsh,SB Harper,DR Sams,4,0,"",""
ball,1,7.7,Melbourne Renegades,SE Marsh,SB Harper,DR Sams,1,0,"",""
ball,1,8.1,Melbourne Renegades,SE Marsh,SB Harper,JD Cook,1,0,"",""
ball,1,8.2,Melbourne Renegades,SB Harper,SE Marsh,JD Cook,1,0,"",""
ball,1,8.3,Melbourne Renegades,SE Marsh,SB Harper,JD Cook,4,0,"",""
ball,1,8.4,Melbourne Renegades,SE Marsh,SB Harper,JD Cook,4,0,"",""
ball,1,8.5,Melbourne Renegades,SE Marsh,SB Harper,JD Cook,1,0,"",""
ball,1,8.6,Melbourne Renegades,SB Harper,SE Marsh,JD Cook,1,0,"",""
ball,1,9.1,Melbourne Renegades,SB Harper,SE Marsh,B Doggett,2,0,"",""
ball,1,9.2,Melbourne Renegades,SB Harper,SE Marsh,B Doggett,1,0,"",""
ball,1,9.3,Melbourne Renegades,SE Marsh,SB Harper,B Doggett,0,0,"",""
ball,1,9.4,Melbourne Renegades,SE Marsh,SB Harper,B Doggett,1,0,"",""
ball,1,9.5,Melbourne Renegades,SB Harper,SE Marsh,B Doggett,0,1,"",""
ball,1,9.6,Melbourne Renegades,SB Harper,SE Marsh,B Doggett,1,0,"",""
ball,1,9.7,Melbourne Renegades,SE Marsh,SB Harper,B Doggett,4,0,"",""
ball,1,10.1,Melbourne Renegades,SB Harper,SE Marsh,L Bowe,0,0,"",""
ball,1,10.2,Melbourne Renegades,SB Harper,SE Marsh,L Bowe,2,0,"",""
ball,1,10.3,Melbourne Renegades,SB Harper,SE Marsh,L Bowe,1,0,"",""
ball,1,10.4,Melbourne Renegades,SE Marsh,SB Harper,L Bowe,1,0,"",""
ball,1,10.5,Melbourne Renegades,SB Harper,SE Marsh,L Bowe,1,0,"",""
ball,1,10.6,Melbourne Renegades,SE Marsh,SB Harper,L Bowe,0,0,"",""
ball,1,11.1,Melbourne Renegades,SB Harper,SE Marsh,CH Morris,0,0,"",""
ball,1,11.2,Melbourne Renegades,SB Harper,SE Marsh,CH Morris,1,0,"",""
ball,1,11.3,Melbourne Renegades,SE Marsh,SB Harper,CH Morris,1,0,"",""
ball,1,11.4,Melbourne Renegades,SB Harper,SE Marsh,CH Morris,2,0,"",""
ball,1,11.5,Melbourne Renegades,SB Harper,SE Marsh,CH Morris,4,0,"",""
ball,1,11.6,Melbourne Renegades,SB Harper,SE Marsh,CH Morris,1,0,"",""
ball,1,12.1,Melbourne Renegades,SB Harper,SE Marsh,N McAndrew,4,0,"",""
ball,1,12.2,Melbourne Renegades,SB Harper,SE Marsh,N McAndrew,0,1,"",""
ball,1,12.3,Melbourne Renegades,SE Marsh,SB Harper,N McAndrew,0,0,caught,SE Marsh
ball,1,12.4,Melbourne Renegades,BJ Webster,SB Harper,N McAndrew,0,1,"",""
ball,1,12.5,Melbourne Renegades,BJ Webster,SB Harper,N McAndrew,0,0,"",""
ball,1,12.6,Melbourne Renegades,BJ Webster,SB Harper,N McAndrew,6,0,"",""
ball,1,12.7,Melbourne Renegades,BJ Webster,SB Harper,N McAndrew,0,1,"",""
ball,1,13.1,Melbourne Renegades,BJ Webster,SB Harper,JD Cook,1,0,"",""
ball,1,13.2,Melbourne Renegades,SB Harper,BJ Webster,JD Cook,1,0,"",""
ball,1,13.3,Melbourne Renegades,BJ Webster,SB Harper,JD Cook,0,0,"",""
ball,1,13.4,Melbourne Renegades,BJ Webster,SB Harper,JD Cook,1,0,"",""
ball,1,13.5,Melbourne Renegades,SB Harper,BJ Webster,JD Cook,1,0,"",""
ball,1,13.6,Melbourne Renegades,BJ Webster,SB Harper,JD Cook,0,0,"",""
ball,1,14.1,Melbourne Renegades,SB Harper,BJ Webster,L Bowe,2,0,"",""
ball,1,14.2,Melbourne Renegades,SB Harper,BJ Webster,L Bowe,0,0,"",""
ball,1,14.3,Melbourne Renegades,SB Harper,BJ Webster,L Bowe,1,0,"",""
ball,1,14.4,Melbourne Renegades,BJ Webster,SB Harper,L Bowe,0,0,"",""
ball,1,14.5,Melbourne Renegades,BJ Webster,SB Harper,L Bowe,0,0,caught,BJ Webster
ball,1,14.6,Melbourne Renegades,DT Christian,SB Harper,L Bowe,0,0,"",""
ball,1,15.1,Melbourne Renegades,SB Harper,DT Christian,JD Cook,1,0,"",""
ball,1,15.2,Melbourne Renegades,DT Christian,SB Harper,JD Cook,0,0,"",""
ball,1,15.3,Melbourne Renegades,DT Christian,SB Harper,JD Cook,1,0,"",""
ball,1,15.4,Melbourne Renegades,SB Harper,DT Christian,JD Cook,4,0,"",""
ball,1,15.5,Melbourne Renegades,SB Harper,DT Christian,JD Cook,0,0,"",""
ball,1,15.6,Melbourne Renegades,SB Harper,DT Christian,JD Cook,2,0,"",""
ball,1,16.1,Melbourne Renegades,DT Christian,SB Harper,B Doggett,1,0,"",""
ball,1,16.2,Melbourne Renegades,SB Harper,DT Christian,B Doggett,2,0,"",""
ball,1,16.3,Melbourne Renegades,SB Harper,DT Christian,B Doggett,0,0,"",""
ball,1,16.4,Melbourne Renegades,SB Harper,DT Christian,B Doggett,0,0,"",""
ball,1,16.5,Melbourne Renegades,SB Harper,DT Christian,B Doggett,0,0,"",""
ball,1,16.6,Melbourne Renegades,SB Harper,DT Christian,B Doggett,1,0,"",""
ball,1,17.1,Melbourne Renegades,SB Harper,DT Christian,DR Sams,6,0,"",""
ball,1,17.2,Melbourne Renegades,SB Harper,DT Christian,DR Sams,0,0,"",""
ball,1,17.3,Melbourne Renegades,SB Harper,DT Christian,DR Sams,0,1,"",""
ball,1,17.4,Melbourne Renegades,SB Harper,DT Christian,DR Sams,1,0,"",""
ball,1,17.5,Melbourne Renegades,DT Christian,SB Harper,DR Sams,2,0,"",""
ball,1,17.6,Melbourne Renegades,DT Christian,SB Harper,DR Sams,2,0,"",""
ball,1,17.7,Melbourne Renegades,DT Christian,SB Harper,DR Sams,1,0,"",""
ball,1,18.1,Melbourne Renegades,DT Christian,SB Harper,B Doggett,6,0,"",""
ball,1,18.2,Melbourne Renegades,DT Christian,SB Harper,B Doggett,2,0,"",""
ball,1,18.3,Melbourne Renegades,DT Christian,SB Harper,B Doggett,1,0,"",""
ball,1,18.4,Melbourne Renegades,SB Harper,DT Christian,B Doggett,0,2,"",""
ball,1,18.5,Melbourne Renegades,SB Harper,DT Christian,B Doggett,1,0,"",""
ball,1,18.6,Melbourne Renegades,DT Christian,SB Harper,B Doggett,4,0,"",""
ball,1,19.1,Melbourne Renegades,SB Harper,DT Christian,CH Morris,6,0,"",""
ball,1,19.2,Melbourne Renegades,SB Harper,DT Christian,CH Morris,0,0,lbw,SB Harper
ball,1,19.3,Melbourne Renegades,Mohammad Nabi,DT Christian,CH Morris,4,0,"",""
ball,1,19.4,Melbourne Renegades,Mohammad Nabi,DT Christian,CH Morris,1,0,"",""
ball,1,19.5,Melbourne Renegades,DT Christian,Mohammad Nabi,CH Morris,1,0,"",""
ball,1,19.6,Melbourne Renegades,Mohammad Nabi,DT Christian,CH Morris,6,0,"",""
ball,2,0.1,Sydney Thunder,UT Khawaja,AD Hales,AL Fekete,0,0,"",""
ball,2,0.2,Sydney Thunder,UT Khawaja,AD Hales,AL Fekete,0,3,"",""
ball,2,0.3,Sydney Thunder,AD Hales,UT Khawaja,AL Fekete,0,0,"",""
ball,2,0.4,Sydney Thunder,AD Hales,UT Khawaja,AL Fekete,1,0,"",""
ball,2,0.5,Sydney Thunder,UT Khawaja,AD Hales,AL Fekete,0,0,"",""
ball,2,0.6,Sydney Thunder,UT Khawaja,AD Hales,AL Fekete,0,0,caught,UT Khawaja
ball,2,1.1,Sydney Thunder,AD Hales,CJ Ferguson,JD Wildermuth,1,0,"",""
ball,2,1.2,Sydney Thunder,CJ Ferguson,AD Hales,JD Wildermuth,0,0,"",""
ball,2,1.3,Sydney Thunder,CJ Ferguson,AD Hales,JD Wildermuth,0,0,"",""
ball,2,1.4,Sydney Thunder,CJ Ferguson,AD Hales,JD Wildermuth,0,0,"",""
ball,2,1.5,Sydney Thunder,CJ Ferguson,AD Hales,JD Wildermuth,0,0,"",""
ball,2,1.6,Sydney Thunder,CJ Ferguson,AD Hales,JD Wildermuth,3,0,"",""
ball,2,2.1,Sydney Thunder,CJ Ferguson,AD Hales,AL Fekete,4,0,"",""
ball,2,2.2,Sydney Thunder,CJ Ferguson,AD Hales,AL Fekete,0,1,"",""
ball,2,2.3,Sydney Thunder,AD Hales,CJ Ferguson,AL Fekete,4,0,"",""
ball,2,2.4,Sydney Thunder,AD Hales,CJ Ferguson,AL Fekete,4,0,"",""
ball,2,2.5,Sydney Thunder,AD Hales,CJ Ferguson,AL Fekete,0,0,run out,CJ Ferguson
ball,2,2.6,Sydney Thunder,AD Hales,DR Sams,AL Fekete,0,0,"",""
ball,2,3.1,Sydney Thunder,DR Sams,AD Hales,SR Patel,0,0,"",""
ball,2,3.2,Sydney Thunder,DR Sams,AD Hales,SR Patel,1,0,"",""
ball,2,3.3,Sydney Thunder,AD Hales,DR Sams,SR Patel,0,0,"",""
ball,2,3.4,Sydney Thunder,AD Hales,DR Sams,SR Patel,2,0,"",""
ball,2,3.5,Sydney Thunder,AD Hales,DR Sams,SR Patel,1,0,"",""
ball,2,3.6,Sydney Thunder,DR Sams,AD Hales,SR Patel,1,0,"",""
ball,2,4.1,Sydney Thunder,DR Sams,AD Hales,Mohammad Nabi,1,0,"",""
ball,2,4.2,Sydney Thunder,AD Hales,DR Sams,Mohammad Nabi,1,0,"",""
ball,2,4.3,Sydney Thunder,DR Sams,AD Hales,Mohammad Nabi,0,0,"",""
ball,2,4.4,Sydney Thunder,DR Sams,AD Hales,Mohammad Nabi,1,0,"",""
ball,2,4.5,Sydney Thunder,AD Hales,DR Sams,Mohammad Nabi,1,0,"",""
ball,2,4.6,Sydney Thunder,DR Sams,AD Hales,Mohammad Nabi,0,0,lbw,DR Sams
ball,2,5.1,Sydney Thunder,AD Hales,AI Ross,JD Wildermuth,1,0,"",""
ball,2,5.2,Sydney Thunder,AI Ross,AD Hales,JD Wildermuth,0,0,"",""
ball,2,5.3,Sydney Thunder,AI Ross,AD Hales,JD Wildermuth,0,0,"",""
ball,2,5.4,Sydney Thunder,AI Ross,AD Hales,JD Wildermuth,0,0,"",""
ball,2,5.5,Sydney Thunder,AI Ross,AD Hales,JD Wildermuth,0,0,"",""
ball,2,5.6,Sydney Thunder,AI Ross,AD Hales,JD Wildermuth,0,0,"",""
ball,2,6.1,Sydney Thunder,AD Hales,AI Ross,SR Patel,1,0,"",""
ball,2,6.2,Sydney Thunder,AI Ross,AD Hales,SR Patel,1,0,"",""
ball,2,6.3,Sydney Thunder,AD Hales,AI Ross,SR Patel,1,0,"",""
ball,2,6.4,Sydney Thunder,AI Ross,AD Hales,SR Patel,1,0,"",""
ball,2,6.5,Sydney Thunder,AD Hales,AI Ross,SR Patel,6,0,"",""
ball,2,6.6,Sydney Thunder,AD Hales,AI Ross,SR Patel,1,0,"",""
ball,2,7.1,Sydney Thunder,AD Hales,AI Ross,Mohammad Nabi,1,0,"",""
ball,2,7.2,Sydney Thunder,AI Ross,AD Hales,Mohammad Nabi,0,0,"",""
ball,2,7.3,Sydney Thunder,AI Ross,AD Hales,Mohammad Nabi,2,0,"",""
ball,2,7.4,Sydney Thunder,AI Ross,AD Hales,Mohammad Nabi,1,0,"",""
ball,2,7.5,Sydney Thunder,AD Hales,AI Ross,Mohammad Nabi,0,0,"",""
ball,2,7.6,Sydney Thunder,AD Hales,AI Ross,Mohammad Nabi,1,0,"",""
ball,2,8.1,Sydney Thunder,AD Hales,AI Ross,CJ Boyce,1,0,"",""
ball,2,8.2,Sydney Thunder,AI Ross,AD Hales,CJ Boyce,1,0,"",""
ball,2,8.3,Sydney Thunder,AD Hales,AI Ross,CJ Boyce,1,0,"",""
ball,2,8.4,Sydney Thunder,AI Ross,AD Hales,CJ Boyce,2,0,"",""
ball,2,8.5,Sydney Thunder,AI Ross,AD Hales,CJ Boyce,6,0,"",""
ball,2,8.6,Sydney Thunder,AI Ross,AD Hales,CJ Boyce,4,0,"",""
ball,2,9.1,Sydney Thunder,AD Hales,AI Ross,DT Christian,0,0,"",""
ball,2,9.2,Sydney Thunder,AD Hales,AI Ross,DT Christian,2,0,"",""
ball,2,9.3,Sydney Thunder,AD Hales,AI Ross,DT Christian,0,0,caught,AD Hales
ball,2,9.4,Sydney Thunder,AI Ross,CH Morris,DT Christian,1,0,"",""
ball,2,9.5,Sydney Thunder,CH Morris,AI Ross,DT Christian,4,0,"",""
ball,2,9.6,Sydney Thunder,CH Morris,AI Ross,DT Christian,2,0,"",""
ball,2,10.1,Sydney Thunder,AI Ross,CH Morris,SR Patel,2,0,"",""
ball,2,10.2,Sydney Thunder,AI Ross,CH Morris,SR Patel,0,0,"",""
ball,2,10.3,Sydney Thunder,AI Ross,CH Morris,SR Patel,1,0,"",""
ball,2,10.4,Sydney Thunder,CH Morris,AI Ross,SR Patel,2,0,"",""
ball,2,10.5,Sydney Thunder,CH Morris,AI Ross,SR Patel,0,0,caught,CH Morris
ball,2,10.6,Sydney Thunder,JS Lenton,AI Ross,SR Patel,2,0,"",""
ball,2,11.1,Sydney Thunder,AI Ross,JS Lenton,Mohammad Nabi,4,0,"",""
ball,2,11.2,Sydney Thunder,AI Ross,JS Lenton,Mohammad Nabi,6,0,"",""
ball,2,11.3,Sydney Thunder,AI Ross,JS Lenton,Mohammad Nabi,6,0,"",""
ball,2,11.4,Sydney Thunder,AI Ross,JS Lenton,Mohammad Nabi,6,0,"",""
ball,2,11.5,Sydney Thunder,AI Ross,JS Lenton,Mohammad Nabi,4,0,"",""
ball,2,11.6,Sydney Thunder,AI Ross,JS Lenton,Mohammad Nabi,0,0,"",""
ball,2,12.1,Sydney Thunder,JS Lenton,AI Ross,DT Christian,0,0,bowled,JS Lenton
ball,2,12.2,Sydney Thunder,N McAndrew,AI Ross,DT Christian,1,0,"",""
ball,2,12.3,Sydney Thunder,AI Ross,N McAndrew,DT Christian,1,0,"",""
ball,2,12.4,Sydney Thunder,N McAndrew,AI Ross,DT Christian,1,0,"",""
ball,2,12.5,Sydney Thunder,AI Ross,N McAndrew,DT Christian,2,0,"",""
ball,2,12.6,Sydney Thunder,AI Ross,N McAndrew,DT Christian,0,0,caught,AI Ross
ball,2,13.1,Sydney Thunder,JD Cook,N McAndrew,JD Wildermuth,2,0,"",""
ball,2,13.2,Sydney Thunder,JD Cook,N McAndrew,JD Wildermuth,2,0,"",""
ball,2,13.3,Sydney Thunder,JD Cook,N McAndrew,JD Wildermuth,1,0,"",""
ball,2,13.4,Sydney Thunder,N McAndrew,JD Cook,JD Wildermuth,2,0,"",""
ball,2,13.5,Sydney Thunder,N McAndrew,JD Cook,JD Wildermuth,4,0,"",""
ball,2,13.6,Sydney Thunder,N McAndrew,JD Cook,JD Wildermuth,2,0,"",""
