version,1.3.0
info,team,Melbourne Renegades
info,team,Sydney Thunder
info,gender,male
info,season,2019/20
info,date,2019/12/19
info,competition,Big Bash League
info,match_number,3
info,venue,"Simonds Stadium, South Geelong, Victoria"
info,city,Geelong
info,toss_winner,Melbourne Renegades
info,toss_decision,bat
info,player_of_match,AD Hales
info,umpire,GJ Davidson
info,umpire,DM Koch
info,reserve_umpire,D Ireland
info,tv_umpire,SJ Nogajski
info,match_referee,RL Parry
info,winner,Sydney Thunder
info,winner_wickets,6
ball,1,0.1,Melbourne Renegades,SB Harper,AJ Finch,DR Sams,1,0,"",""
ball,1,0.2,Melbourne Renegades,AJ Finch,SB Harper,DR Sams,1,0,"",""
ball,1,0.3,Melbourne Renegades,SB Harper,AJ Finch,DR Sams,4,0,"",""
ball,1,0.4,Melbourne Renegades,SB Harper,AJ Finch,DR Sams,4,0,"",""
ball,1,0.5,Melbourne Renegades,SB Harper,AJ Finch,DR Sams,0,0,"",""
ball,1,0.6,Melbourne Renegades,SB Harper,AJ Finch,DR Sams,2,0,"",""
ball,1,1.1,Melbourne Renegades,AJ Finch,SB Harper,JD Cook,4,0,"",""
ball,1,1.2,Melbourne Renegades,AJ Finch,SB Harper,JD Cook,1,0,"",""
ball,1,1.3,Melbourne Renegades,SB Harper,AJ Finch,JD Cook,4,0,"",""
ball,1,1.4,Melbourne Renegades,SB Harper,AJ Finch,JD Cook,6,0,"",""
ball,1,1.5,Melbourne Renegades,SB Harper,AJ Finch,JD Cook,1,0,"",""
ball,1,1.6,Melbourne Renegades,AJ Finch,SB Harper,JD Cook,0,0,"",""
ball,1,2.1,Melbourne Renegades,SB Harper,AJ Finch,CP Tremain,1,0,"",""
ball,1,2.2,Melbourne Renegades,AJ Finch,SB Harper,CP Tremain,1,0,"",""
ball,1,2.3,Melbourne Renegades,SB Harper,AJ Finch,CP Tremain,2,0,"",""
ball,1,2.4,Melbourne Renegades,SB Harper,AJ Finch,CP Tremain,0,0,"",""
ball,1,2.5,Melbourne Renegades,SB Harper,AJ Finch,CP Tremain,6,0,"",""
ball,1,2.6,Melbourne Renegades,SB Harper,AJ Finch,CP Tremain,2,0,"",""
ball,1,3.1,Melbourne Renegades,AJ Finch,SB Harper,N McAndrew,0,0,"",""
ball,1,3.2,Melbourne Renegades,AJ Finch,SB Harper,N McAndrew,1,0,"",""
ball,1,3.3,Melbourne Renegades,SB Harper,AJ Finch,N McAndrew,0,0,"",""
ball,1,3.4,Melbourne Renegades,SB Harper,AJ Finch,N McAndrew,1,0,"",""
ball,1,3.5,Melbourne Renegades,AJ Finch,SB Harper,N McAndrew,4,0,"",""
ball,1,3.6,Melbourne Renegades,AJ Finch,SB Harper,N McAndrew,0,1,"",""
ball,1,4.1,Melbourne Renegades,AJ Finch,SB Harper,DR Sams,1,0,"",""
ball,1,4.2,Melbourne Renegades,SB Harper,AJ Finch,DR Sams,0,1,"",""
ball,1,4.3,Melbourne Renegades,SB Harper,AJ Finch,DR Sams,1,0,"",""
ball,1,4.4,Melbourne Renegades,AJ Finch,SB Harper,DR Sams,1,0,"",""
ball,1,4.5,Melbourne Renegades,SB Harper,AJ Finch,DR Sams,4,0,"",""
ball,1,4.6,Melbourne Renegades,SB Harper,AJ Finch,DR Sams,0,0,"",""
ball,1,4.7,Melbourne Renegades,SB Harper,AJ Finch,DR Sams,0,0,caught,SB Harper
ball,1,5.1,Melbourne Renegades,AJ Finch,SE Marsh,CJ Green,0,1,"",""
ball,1,5.2,Melbourne Renegades,SE Marsh,AJ Finch,CJ Green,0,0,"",""
ball,1,5.3,Melbourne Renegades,SE Marsh,AJ Finch,CJ Green,1,0,"",""
ball,1,5.4,Melbourne Renegades,AJ Finch,SE Marsh,CJ Green,1,0,"",""
ball,1,5.5,Melbourne Renegades,SE Marsh,AJ Finch,CJ Green,1,0,"",""
ball,1,5.6,Melbourne Renegades,AJ Finch,SE Marsh,CJ Green,0,1,"",""
ball,1,5.7,Melbourne Renegades,AJ Finch,SE Marsh,CJ Green,1,0,"",""
ball,1,6.1,Melbourne Renegades,AJ Finch,SE Marsh,N McAndrew,1,0,"",""
ball,1,6.2,Melbourne Renegades,SE Marsh,AJ Finch,N McAndrew,0,0,"",""
ball,1,6.3,Melbourne Renegades,SE Marsh,AJ Finch,N McAndrew,1,0,"",""
ball,1,6.4,Melbourne Renegades,AJ Finch,SE Marsh,N McAndrew,2,0,"",""
ball,1,6.5,Melbourne Renegades,AJ Finch,SE Marsh,N McAndrew,2,0,"",""
ball,1,6.6,Melbourne Renegades,AJ Finch,SE Marsh,N McAndrew,1,0,"",""
ball,1,7.1,Melbourne Renegades,AJ Finch,SE Marsh,AJ Nair,1,0,"",""
ball,1,7.2,Melbourne Renegades,SE Marsh,AJ Finch,AJ Nair,0,0,"",""
ball,1,7.3,Melbourne Renegades,SE Marsh,AJ Finch,AJ Nair,1,0,"",""
ball,1,7.4,Melbourne Renegades,AJ Finch,SE Marsh,AJ Nair,6,0,"",""
ball,1,7.5,Melbourne Renegades,AJ Finch,SE Marsh,AJ Nair,0,0,"",""
ball,1,7.6,Melbourne Renegades,AJ Finch,SE Marsh,AJ Nair,0,0,caught,AJ Finch
ball,1,8.1,Melbourne Renegades,SE Marsh,TLW Cooper,CJ Green,4,0,"",""
ball,1,8.2,Melbourne Renegades,SE Marsh,TLW Cooper,CJ Green,1,0,"",""
ball,1,8.3,Melbourne Renegades,TLW Cooper,SE Marsh,CJ Green,0,0,"",""
ball,1,8.4,Melbourne Renegades,TLW Cooper,SE Marsh,CJ Green,1,0,"",""
ball,1,8.5,Melbourne Renegades,SE Marsh,TLW Cooper,CJ Green,0,0,"",""
ball,1,8.6,Melbourne Renegades,SE Marsh,TLW Cooper,CJ Green,1,0,"",""
ball,1,9.1,Melbourne Renegades,SE Marsh,TLW Cooper,JD Cook,1,0,"",""
ball,1,9.2,Melbourne Renegades,TLW Cooper,SE Marsh,JD Cook,0,1,"",""
ball,1,9.3,Melbourne Renegades,SE Marsh,TLW Cooper,JD Cook,1,0,"",""
ball,1,9.4,Melbourne Renegades,TLW Cooper,SE Marsh,JD Cook,0,1,"",""
ball,1,9.5,Melbourne Renegades,TLW Cooper,SE Marsh,JD Cook,0,0,"",""
ball,1,9.6,Melbourne Renegades,TLW Cooper,SE Marsh,JD Cook,1,0,"",""
ball,1,9.7,Melbourne Renegades,SE Marsh,TLW Cooper,JD Cook,1,0,"",""
ball,1,10.1,Melbourne Renegades,SE Marsh,TLW Cooper,AJ Nair,6,0,"",""
ball,1,10.2,Melbourne Renegades,SE Marsh,TLW Cooper,AJ Nair,0,0,"",""
ball,1,10.3,Melbourne Renegades,SE Marsh,TLW Cooper,AJ Nair,4,0,"",""
ball,1,10.4,Melbourne Renegades,SE Marsh,TLW Cooper,AJ Nair,1,0,"",""
ball,1,10.5,Melbourne Renegades,TLW Cooper,SE Marsh,AJ Nair,0,0,"",""
ball,1,10.6,Melbourne Renegades,TLW Cooper,SE Marsh,AJ Nair,1,0,"",""
ball,1,11.1,Melbourne Renegades,TLW Cooper,SE Marsh,JD Cook,1,0,"",""
ball,1,11.2,Melbourne Renegades,SE Marsh,TLW Cooper,JD Cook,1,0,"",""
ball,1,11.3,Melbourne Renegades,TLW Cooper,SE Marsh,JD Cook,0,0,"",""
ball,1,11.4,Melbourne Renegades,TLW Cooper,SE Marsh,JD Cook,1,0,"",""
ball,1,11.5,Melbourne Renegades,SE Marsh,TLW Cooper,JD Cook,1,0,"",""
ball,1,11.6,Melbourne Renegades,TLW Cooper,SE Marsh,JD Cook,4,0,"",""
ball,1,12.1,Melbourne Renegades,SE Marsh,TLW Cooper,CP Tremain,4,0,"",""
ball,1,12.2,Melbourne Renegades,SE Marsh,TLW Cooper,CP Tremain,1,0,"",""
ball,1,12.3,Melbourne Renegades,TLW Cooper,SE Marsh,CP Tremain,0,1,"",""
ball,1,12.4,Melbourne Renegades,TLW Cooper,SE Marsh,CP Tremain,0,0,"",""
ball,1,12.5,Melbourne Renegades,TLW Cooper,SE Marsh,CP Tremain,2,0,"",""
ball,1,12.6,Melbourne Renegades,TLW Cooper,SE Marsh,CP Tremain,0,0,"",""
ball,1,12.7,Melbourne Renegades,TLW Cooper,SE Marsh,CP Tremain,1,0,"",""
ball,1,13.1,Melbourne Renegades,TLW Cooper,SE Marsh,N McAndrew,1,0,"",""
ball,1,13.2,Melbourne Renegades,SE Marsh,TLW Cooper,N McAndrew,0,0,"",""
ball,1,13.3,Melbourne Renegades,SE Marsh,TLW Cooper,N McAndrew,0,0,"",""
ball,1,13.4,Melbourne Renegades,SE Marsh,TLW Cooper,N McAndrew,1,0,"",""
ball,1,13.5,Melbourne Renegades,TLW Cooper,SE Marsh,N McAndrew,0,0,caught,TLW Cooper
ball,1,13.6,Melbourne Renegades,SE Marsh,DT Christian,N McAndrew,4,0,"",""
ball,1,14.1,Melbourne Renegades,DT Christian,SE Marsh,AJ Nair,1,0,"",""
ball,1,14.2,Melbourne Renegades,SE Marsh,DT Christian,AJ Nair,1,0,"",""
ball,1,14.3,Melbourne Renegades,DT Christian,SE Marsh,AJ Nair,0,0,"",""
ball,1,14.4,Melbourne Renegades,DT Christian,SE Marsh,AJ Nair,1,0,"",""
ball,1,14.5,Melbourne Renegades,SE Marsh,DT Christian,AJ Nair,0,0,"",""
ball,1,14.6,Melbourne Renegades,SE Marsh,DT Christian,AJ Nair,0,0,"",""
ball,1,15.1,Melbourne Renegades,DT Christian,SE Marsh,CJ Green,0,0,"",""
ball,1,15.2,Melbourne Renegades,DT Christian,SE Marsh,CJ Green,1,0,"",""
ball,1,15.3,Melbourne Renegades,SE Marsh,DT Christian,CJ Green,0,0,"",""
ball,1,15.4,Melbourne Renegades,SE Marsh,DT Christian,CJ Green,1,0,"",""
ball,1,15.5,Melbourne Renegades,DT Christian,SE Marsh,CJ Green,1,0,"",""
ball,1,15.6,Melbourne Renegades,SE Marsh,DT Christian,CJ Green,4,0,"",""
ball,1,16.1,Melbourne Renegades,DT Christian,SE Marsh,AJ Nair,1,0,"",""
ball,1,16.2,Melbourne Renegades,SE Marsh,DT Christian,AJ Nair,0,0,caught,SE Marsh
ball,1,16.3,Melbourne Renegades,BJ Webster,DT Christian,AJ Nair,1,0,"",""
ball,1,16.4,Melbourne Renegades,DT Christian,BJ Webster,AJ Nair,4,0,"",""
ball,1,16.5,Melbourne Renegades,DT Christian,BJ Webster,AJ Nair,2,0,"",""
ball,1,16.6,Melbourne Renegades,DT Christian,BJ Webster,AJ Nair,1,0,"",""
ball,1,17.1,Melbourne Renegades,DT Christian,BJ Webster,CP Tremain,1,0,"",""
ball,1,17.2,Melbourne Renegades,BJ Webster,DT Christian,CP Tremain,1,0,"",""
ball,1,17.3,Melbourne Renegades,DT Christian,BJ Webster,CP Tremain,2,0,"",""
ball,1,17.4,Melbourne Renegades,DT Christian,BJ Webster,CP Tremain,1,0,"",""
ball,1,17.5,Melbourne Renegades,BJ Webster,DT Christian,CP Tremain,2,0,"",""
ball,1,17.6,Melbourne Renegades,BJ Webster,DT Christian,CP Tremain,2,0,"",""
ball,1,18.1,Melbourne Renegades,DT Christian,BJ Webster,DR Sams,2,0,"",""
ball,1,18.2,Melbourne Renegades,DT Christian,BJ Webster,DR Sams,0,0,lbw,DT Christian
ball,1,18.3,Melbourne Renegades,JD Wildermuth,BJ Webster,DR Sams,1,0,"",""
ball,1,18.4,Melbourne Renegades,BJ Webster,JD Wildermuth,DR Sams,1,0,"",""
ball,1,18.5,Melbourne Renegades,JD Wildermuth,BJ Webster,DR Sams,1,0,"",""
ball,1,18.6,Melbourne Renegades,BJ Webster,JD Wildermuth,DR Sams,1,0,"",""
ball,1,19.1,Melbourne Renegades,BJ Webster,JD Wildermuth,CP Tremain,1,0,"",""
ball,1,19.2,Melbourne Renegades,JD Wildermuth,BJ Webster,CP Tremain,1,0,"",""
ball,1,19.3,Melbourne Renegades,BJ Webster,JD Wildermuth,CP Tremain,6,0,"",""
ball,1,19.4,Melbourne Renegades,BJ Webster,JD Wildermuth,CP Tremain,1,0,"",""
ball,1,19.5,Melbourne Renegades,JD Wildermuth,BJ Webster,CP Tremain,1,0,"",""
ball,1,19.6,Melbourne Renegades,BJ Webster,JD Wildermuth,CP Tremain,1,0,"",""
ball,2,0.1,Sydney Thunder,UT Khawaja,AD Hales,KW Richardson,0,0,"",""
ball,2,0.2,Sydney Thunder,UT Khawaja,AD Hales,KW Richardson,0,0,"",""
ball,2,0.3,Sydney Thunder,UT Khawaja,AD Hales,KW Richardson,0,0,"",""
ball,2,0.4,Sydney Thunder,UT Khawaja,AD Hales,KW Richardson,0,0,"",""
ball,2,0.5,Sydney Thunder,UT Khawaja,AD Hales,KW Richardson,2,0,"",""
ball,2,0.6,Sydney Thunder,UT Khawaja,AD Hales,KW Richardson,0,0,"",""
ball,2,1.1,Sydney Thunder,AD Hales,UT Khawaja,RJ Gleeson,1,0,"",""
ball,2,1.2,Sydney Thunder,UT Khawaja,AD Hales,RJ Gleeson,0,0,"",""
ball,2,1.3,Sydney Thunder,UT Khawaja,AD Hales,RJ Gleeson,2,0,"",""
ball,2,1.4,Sydney Thunder,UT Khawaja,AD Hales,RJ Gleeson,4,0,"",""
ball,2,1.5,Sydney Thunder,UT Khawaja,AD Hales,RJ Gleeson,0,0,"",""
ball,2,1.6,Sydney Thunder,UT Khawaja,AD Hales,RJ Gleeson,4,0,"",""
ball,2,2.1,Sydney Thunder,AD Hales,UT Khawaja,KW Richardson,4,0,"",""
ball,2,2.2,Sydney Thunder,AD Hales,UT Khawaja,KW Richardson,0,0,"",""
ball,2,2.3,Sydney Thunder,AD Hales,UT Khawaja,KW Richardson,1,0,"",""
ball,2,2.4,Sydney Thunder,UT Khawaja,AD Hales,KW Richardson,0,0,"",""
ball,2,2.5,Sydney Thunder,UT Khawaja,AD Hales,KW Richardson,0,1,"",""
ball,2,2.6,Sydney Thunder,AD Hales,UT Khawaja,KW Richardson,0,0,"",""
ball,2,3.1,Sydney Thunder,UT Khawaja,AD Hales,RJ Gleeson,4,0,"",""
ball,2,3.2,Sydney Thunder,UT Khawaja,AD Hales,RJ Gleeson,4,0,"",""
ball,2,3.3,Sydney Thunder,UT Khawaja,AD Hales,RJ Gleeson,4,0,"",""
ball,2,3.4,Sydney Thunder,UT Khawaja,AD Hales,RJ Gleeson,0,0,"",""
ball,2,3.5,Sydney Thunder,UT Khawaja,AD Hales,RJ Gleeson,1,0,"",""
ball,2,3.6,Sydney Thunder,AD Hales,UT Khawaja,RJ Gleeson,1,0,"",""
ball,2,4.1,Sydney Thunder,AD Hales,UT Khawaja,HF Gurney,1,0,"",""
ball,2,4.2,Sydney Thunder,UT Khawaja,AD Hales,HF Gurney,0,0,"",""
ball,2,4.3,Sydney Thunder,UT Khawaja,AD Hales,HF Gurney,1,0,"",""
ball,2,4.4,Sydney Thunder,AD Hales,UT Khawaja,HF Gurney,1,0,"",""
ball,2,4.5,Sydney Thunder,UT Khawaja,AD Hales,HF Gurney,2,0,"",""
ball,2,4.6,Sydney Thunder,UT Khawaja,AD Hales,HF Gurney,1,0,"",""
ball,2,5.1,Sydney Thunder,UT Khawaja,AD Hales,KW Richardson,0,0,"",""
ball,2,5.2,Sydney Thunder,UT Khawaja,AD Hales,KW Richardson,0,0,"",""
ball,2,5.3,Sydney Thunder,UT Khawaja,AD Hales,KW Richardson,2,0,"",""
ball,2,5.4,Sydney Thunder,UT Khawaja,AD Hales,KW Richardson,0,1,"",""
ball,2,5.5,Sydney Thunder,UT Khawaja,AD Hales,KW Richardson,1,0,"",""
ball,2,5.6,Sydney Thunder,AD Hales,UT Khawaja,KW Richardson,1,0,"",""
ball,2,5.7,Sydney Thunder,UT Khawaja,AD Hales,KW Richardson,1,0,"",""
ball,2,6.1,Sydney Thunder,UT Khawaja,AD Hales,CJ Boyce,0,0,"",""
ball,2,6.2,Sydney Thunder,UT Khawaja,AD Hales,CJ Boyce,1,0,"",""
ball,2,6.3,Sydney Thunder,AD Hales,UT Khawaja,CJ Boyce,1,0,"",""
ball,2,6.4,Sydney Thunder,UT Khawaja,AD Hales,CJ Boyce,1,0,"",""
ball,2,6.5,Sydney Thunder,AD Hales,UT Khawaja,CJ Boyce,1,0,"",""
ball,2,6.6,Sydney Thunder,UT Khawaja,AD Hales,CJ Boyce,1,0,"",""
ball,2,7.1,Sydney Thunder,UT Khawaja,AD Hales,JD Wildermuth,1,0,"",""
ball,2,7.2,Sydney Thunder,AD Hales,UT Khawaja,JD Wildermuth,1,0,"",""
ball,2,7.3,Sydney Thunder,UT Khawaja,AD Hales,JD Wildermuth,1,0,"",""
ball,2,7.4,Sydney Thunder,AD Hales,UT Khawaja,JD Wildermuth,0,0,"",""
ball,2,7.5,Sydney Thunder,AD Hales,UT Khawaja,JD Wildermuth,1,0,"",""
ball,2,7.6,Sydney Thunder,UT Khawaja,AD Hales,JD Wildermuth,4,0,"",""
ball,2,8.1,Sydney Thunder,AD Hales,UT Khawaja,CJ Boyce,0,0,"",""
ball,2,8.2,Sydney Thunder,AD Hales,UT Khawaja,CJ Boyce,1,0,"",""
ball,2,8.3,Sydney Thunder,UT Khawaja,AD Hales,CJ Boyce,0,0,"",""
ball,2,8.4,Sydney Thunder,UT Khawaja,AD Hales,CJ Boyce,1,0,"",""
ball,2,8.5,Sydney Thunder,AD Hales,UT Khawaja,CJ Boyce,2,0,"",""
ball,2,8.6,Sydney Thunder,AD Hales,UT Khawaja,CJ Boyce,1,0,"",""
ball,2,9.1,Sydney Thunder,AD Hales,UT Khawaja,DT Christian,1,0,"",""
ball,2,9.2,Sydney Thunder,UT Khawaja,AD Hales,DT Christian,1,0,"",""
ball,2,9.3,Sydney Thunder,AD Hales,UT Khawaja,DT Christian,0,1,"",""
ball,2,9.4,Sydney Thunder,AD Hales,UT Khawaja,DT Christian,1,0,"",""
ball,2,9.5,Sydney Thunder,UT Khawaja,AD Hales,DT Christian,4,0,"",""
ball,2,9.6,Sydney Thunder,UT Khawaja,AD Hales,DT Christian,2,0,"",""
ball,2,9.7,Sydney Thunder,UT Khawaja,AD Hales,DT Christian,1,0,"",""
ball,2,10.1,Sydney Thunder,UT Khawaja,AD Hales,CJ Boyce,2,0,"",""
ball,2,10.2,Sydney Thunder,UT Khawaja,AD Hales,CJ Boyce,2,0,"",""
ball,2,10.3,Sydney Thunder,UT Khawaja,AD Hales,CJ Boyce,6,0,"",""
ball,2,10.4,Sydney Thunder,UT Khawaja,AD Hales,CJ Boyce,4,0,"",""
ball,2,10.5,Sydney Thunder,UT Khawaja,AD Hales,CJ Boyce,1,0,"",""
ball,2,10.6,Sydney Thunder,AD Hales,UT Khawaja,CJ Boyce,1,0,"",""
ball,2,11.1,Sydney Thunder,AD Hales,UT Khawaja,HF Gurney,0,0,"",""
ball,2,11.2,Sydney Thunder,AD Hales,UT Khawaja,HF Gurney,4,0,"",""
ball,2,11.3,Sydney Thunder,AD Hales,UT Khawaja,HF Gurney,4,0,"",""
ball,2,11.4,Sydney Thunder,AD Hales,UT Khawaja,HF Gurney,1,0,"",""
ball,2,11.5,Sydney Thunder,UT Khawaja,AD Hales,HF Gurney,0,0,caught,UT Khawaja
ball,2,11.6,Sydney Thunder,CJ Ferguson,AD Hales,HF Gurney,0,0,"",""
ball,2,12.1,Sydney Thunder,AD Hales,CJ Ferguson,JD Wildermuth,2,0,"",""
ball,2,12.2,Sydney Thunder,AD Hales,CJ Ferguson,JD Wildermuth,1,0,"",""
ball,2,12.3,Sydney Thunder,CJ Ferguson,AD Hales,JD Wildermuth,1,0,"",""
ball,2,12.4,Sydney Thunder,AD Hales,CJ Ferguson,JD Wildermuth,1,0,"",""
ball,2,12.5,Sydney Thunder,CJ Ferguson,AD Hales,JD Wildermuth,0,0,"",""
ball,2,12.6,Sydney Thunder,CJ Ferguson,AD Hales,JD Wildermuth,1,0,"",""
ball,2,13.1,Sydney Thunder,CJ Ferguson,AD Hales,CJ Boyce,1,0,"",""
ball,2,13.2,Sydney Thunder,AD Hales,CJ Ferguson,CJ Boyce,4,0,"",""
ball,2,13.3,Sydney Thunder,AD Hales,CJ Ferguson,CJ Boyce,1,0,"",""
ball,2,13.4,Sydney Thunder,CJ Ferguson,AD Hales,CJ Boyce,1,0,"",""
ball,2,13.5,Sydney Thunder,AD Hales,CJ Ferguson,CJ Boyce,4,0,"",""
ball,2,13.6,Sydney Thunder,AD Hales,CJ Ferguson,CJ Boyce,6,0,"",""
ball,2,14.1,Sydney Thunder,CJ Ferguson,AD Hales,RJ Gleeson,0,0,lbw,CJ Ferguson
ball,2,14.2,Sydney Thunder,M Gilkes,AD Hales,RJ Gleeson,0,0,"",""
ball,2,14.3,Sydney Thunder,M Gilkes,AD Hales,RJ Gleeson,0,0,"",""
ball,2,14.4,Sydney Thunder,M Gilkes,AD Hales,RJ Gleeson,2,0,"",""
ball,2,14.5,Sydney Thunder,M Gilkes,AD Hales,RJ Gleeson,2,0,"",""
ball,2,14.6,Sydney Thunder,M Gilkes,AD Hales,RJ Gleeson,0,0,"",""
ball,2,15.1,Sydney Thunder,AD Hales,M Gilkes,DT Christian,1,0,"",""
ball,2,15.2,Sydney Thunder,M Gilkes,AD Hales,DT Christian,1,0,"",""
ball,2,15.3,Sydney Thunder,AD Hales,M Gilkes,DT Christian,6,0,"",""
ball,2,15.4,Sydney Thunder,AD Hales,M Gilkes,DT Christian,4,0,"",""
ball,2,15.5,Sydney Thunder,AD Hales,M Gilkes,DT Christian,4,0,"",""
ball,2,15.6,Sydney Thunder,AD Hales,M Gilkes,DT Christian,4,0,"",""
ball,2,16.1,Sydney Thunder,M Gilkes,AD Hales,HF Gurney,1,0,"",""
ball,2,16.2,Sydney Thunder,AD Hales,M Gilkes,HF Gurney,0,0,caught,AD Hales
ball,2,16.3,Sydney Thunder,AI Ross,M Gilkes,HF Gurney,0,0,"",""
ball,2,16.4,Sydney Thunder,AI Ross,M Gilkes,HF Gurney,0,1,"",""
ball,2,16.5,Sydney Thunder,AI Ross,M Gilkes,HF Gurney,1,0,"",""
ball,2,16.6,Sydney Thunder,M Gilkes,AI Ross,HF Gurney,0,0,"",""
ball,2,16.7,Sydney Thunder,M Gilkes,AI Ross,HF Gurney,0,1,"",""
ball,2,17.1,Sydney Thunder,M Gilkes,AI Ross,KW Richardson,2,0,"",""
ball,2,17.2,Sydney Thunder,M Gilkes,AI Ross,KW Richardson,0,0,"",""
ball,2,17.3,Sydney Thunder,M Gilkes,AI Ross,KW Richardson,0,0,"",""
ball,2,17.4,Sydney Thunder,M Gilkes,AI Ross,KW Richardson,2,0,"",""
ball,2,17.5,Sydney Thunder,M Gilkes,AI Ross,KW Richardson,0,0,"",""
ball,2,17.6,Sydney Thunder,M Gilkes,AI Ross,KW Richardson,1,0,"",""
ball,2,18.1,Sydney Thunder,M Gilkes,AI Ross,HF Gurney,0,1,"",""
ball,2,18.2,Sydney Thunder,AI Ross,M Gilkes,HF Gurney,4,0,"",""
ball,2,18.3,Sydney Thunder,AI Ross,M Gilkes,HF Gurney,0,0,"",""
ball,2,18.4,Sydney Thunder,AI Ross,M Gilkes,HF Gurney,1,0,"",""
ball,2,18.5,Sydney Thunder,M Gilkes,AI Ross,HF Gurney,2,0,"",""
ball,2,18.6,Sydney Thunder,M Gilkes,AI Ross,HF Gurney,1,0,"",""
ball,2,19.1,Sydney Thunder,M Gilkes,AI Ross,RJ Gleeson,1,0,"",""
ball,2,19.2,Sydney Thunder,AI Ross,M Gilkes,RJ Gleeson,0,1,"",""
ball,2,19.3,Sydney Thunder,AI Ross,M Gilkes,RJ Gleeson,1,0,"",""
ball,2,19.4,Sydney Thunder,M Gilkes,AI Ross,RJ Gleeson,0,0,run out,M Gilkes
ball,2,19.5,Sydney Thunder,AI Ross,DR Sams,RJ Gleeson,4,0,"",""
