version,1.3.0
info,team,Sydney Sixers
info,team,Melbourne Stars
info,gender,male
info,season,2019/20
info,date,2020/01/20
info,competition,Big Bash League
info,match_number,45
info,venue,Sydney Cricket Ground
info,city,Sydney
info,toss_winner,Melbourne Stars
info,toss_decision,field
info,player_of_match,MC Henriques
info,umpire,P Wilson
info,umpire,GA Abood
info,reserve_umpire,Roberto Howard
info,tv_umpire,CA Polosak
info,match_referee,DJ Harper
info,winner,Sydney Sixers
info,winner_runs,21
info,method,D/L
ball,1,0.1,Sydney Sixers,JR Philippe,DP Hughes,DJ Worrall,0,0,"",""
ball,1,0.2,Sydney Sixers,JR Philippe,DP Hughes,DJ Worrall,3,0,"",""
ball,1,0.3,Sydney Sixers,DP Hughes,JR Philippe,DJ Worrall,1,0,"",""
ball,1,0.4,Sydney Sixers,JR Philippe,DP Hughes,DJ Worrall,0,0,"",""
ball,1,0.5,Sydney Sixers,JR Philippe,DP Hughes,DJ Worrall,1,0,"",""
ball,1,0.6,Sydney Sixers,DP Hughes,JR Philippe,DJ Worrall,0,0,"",""
ball,1,1.1,Sydney Sixers,JR Philippe,DP Hughes,GJ Maxwell,1,0,"",""
ball,1,1.2,Sydney Sixers,DP Hughes,JR Philippe,GJ Maxwell,0,0,"",""
ball,1,1.3,Sydney Sixers,DP Hughes,JR Philippe,GJ Maxwell,0,0,"",""
ball,1,1.4,Sydney Sixers,DP Hughes,JR Philippe,GJ Maxwell,1,0,"",""
ball,1,1.5,Sydney Sixers,JR Philippe,DP Hughes,GJ Maxwell,0,0,"",""
ball,1,1.6,Sydney Sixers,JR Philippe,DP Hughes,GJ Maxwell,1,0,"",""
ball,1,2.1,Sydney Sixers,JR Philippe,DP Hughes,DJ Worrall,0,0,"",""
ball,1,2.2,Sydney Sixers,JR Philippe,DP Hughes,DJ Worrall,1,0,"",""
ball,1,2.3,Sydney Sixers,DP Hughes,JR Philippe,DJ Worrall,1,0,"",""
ball,1,2.4,Sydney Sixers,JR Philippe,DP Hughes,DJ Worrall,0,1,"",""
ball,1,2.5,Sydney Sixers,DP Hughes,JR Philippe,DJ Worrall,0,0,"",""
ball,1,2.6,Sydney Sixers,DP Hughes,JR Philippe,DJ Worrall,4,0,"",""
ball,1,3.1,Sydney Sixers,JR Philippe,DP Hughes,GJ Maxwell,1,0,"",""
ball,1,3.2,Sydney Sixers,DP Hughes,JR Philippe,GJ Maxwell,0,0,"",""
ball,1,3.3,Sydney Sixers,DP Hughes,JR Philippe,GJ Maxwell,4,0,"",""
ball,1,3.4,Sydney Sixers,DP Hughes,JR Philippe,GJ Maxwell,1,0,"",""
ball,1,3.5,Sydney Sixers,JR Philippe,DP Hughes,GJ Maxwell,1,0,"",""
ball,1,3.6,Sydney Sixers,DP Hughes,JR Philippe,GJ Maxwell,1,0,"",""
ball,1,4.1,Sydney Sixers,DP Hughes,JR Philippe,S Lamichhane,1,0,"",""
ball,1,4.2,Sydney Sixers,JR Philippe,DP Hughes,S Lamichhane,1,0,"",""
ball,1,4.3,Sydney Sixers,DP Hughes,JR Philippe,S Lamichhane,0,0,"",""
ball,1,4.4,Sydney Sixers,DP Hughes,JR Philippe,S Lamichhane,0,0,stumped,DP Hughes
ball,1,4.5,Sydney Sixers,JM Vince,JR Philippe,S Lamichhane,1,0,"",""
ball,1,4.6,Sydney Sixers,JR Philippe,JM Vince,S Lamichhane,0,0,caught,JR Philippe
ball,1,5.1,Sydney Sixers,JM Vince,MC Henriques,CD Hinchliffe,1,0,"",""
ball,1,5.2,Sydney Sixers,MC Henriques,JM Vince,CD Hinchliffe,1,0,"",""
ball,1,5.3,Sydney Sixers,JM Vince,MC Henriques,CD Hinchliffe,1,0,"",""
ball,1,5.4,Sydney Sixers,MC Henriques,JM Vince,CD Hinchliffe,1,0,"",""
ball,1,5.5,Sydney Sixers,JM Vince,MC Henriques,CD Hinchliffe,2,0,"",""
ball,1,5.6,Sydney Sixers,JM Vince,MC Henriques,CD Hinchliffe,2,0,"",""
ball,1,6.1,Sydney Sixers,MC Henriques,JM Vince,S Lamichhane,1,0,"",""
ball,1,6.2,Sydney Sixers,JM Vince,MC Henriques,S Lamichhane,1,0,"",""
ball,1,6.3,Sydney Sixers,MC Henriques,JM Vince,S Lamichhane,0,0,"",""
ball,1,6.4,Sydney Sixers,MC Henriques,JM Vince,S Lamichhane,6,0,"",""
ball,1,6.5,Sydney Sixers,MC Henriques,JM Vince,S Lamichhane,1,0,"",""
ball,1,6.6,Sydney Sixers,JM Vince,MC Henriques,S Lamichhane,2,0,"",""
ball,1,7.1,Sydney Sixers,MC Henriques,JM Vince,J Merlo,0,0,"",""
ball,1,7.2,Sydney Sixers,MC Henriques,JM Vince,J Merlo,0,0,"",""
ball,1,7.3,Sydney Sixers,MC Henriques,JM Vince,J Merlo,2,0,"",""
ball,1,7.4,Sydney Sixers,MC Henriques,JM Vince,J Merlo,2,0,"",""
ball,1,7.5,Sydney Sixers,MC Henriques,JM Vince,J Merlo,1,0,"",""
ball,1,7.6,Sydney Sixers,JM Vince,MC Henriques,J Merlo,1,0,"",""
ball,1,8.1,Sydney Sixers,JM Vince,MC Henriques,LR Morris,1,0,"",""
ball,1,8.2,Sydney Sixers,MC Henriques,JM Vince,LR Morris,0,1,"",""
ball,1,8.3,Sydney Sixers,MC Henriques,JM Vince,LR Morris,1,0,"",""
ball,1,8.4,Sydney Sixers,JM Vince,MC Henriques,LR Morris,1,0,"",""
ball,1,8.5,Sydney Sixers,MC Henriques,JM Vince,LR Morris,1,0,"",""
ball,1,8.6,Sydney Sixers,JM Vince,MC Henriques,LR Morris,1,0,"",""
ball,1,8.7,Sydney Sixers,MC Henriques,JM Vince,LR Morris,6,0,"",""
ball,1,9.1,Sydney Sixers,JM Vince,MC Henriques,CD Hinchliffe,1,0,"",""
ball,1,9.2,Sydney Sixers,MC Henriques,JM Vince,CD Hinchliffe,0,0,"",""
ball,1,9.3,Sydney Sixers,MC Henriques,JM Vince,CD Hinchliffe,1,0,"",""
ball,1,9.4,Sydney Sixers,JM Vince,MC Henriques,CD Hinchliffe,3,0,"",""
ball,1,9.5,Sydney Sixers,MC Henriques,JM Vince,CD Hinchliffe,6,0,"",""
ball,1,9.6,Sydney Sixers,MC Henriques,JM Vince,CD Hinchliffe,0,0,"",""
ball,1,10.1,Sydney Sixers,JM Vince,MC Henriques,S Lamichhane,6,0,"",""
ball,1,10.2,Sydney Sixers,JM Vince,MC Henriques,S Lamichhane,4,0,"",""
ball,1,10.3,Sydney Sixers,JM Vince,MC Henriques,S Lamichhane,1,0,"",""
ball,1,10.4,Sydney Sixers,MC Henriques,JM Vince,S Lamichhane,6,0,"",""
ball,1,10.5,Sydney Sixers,MC Henriques,JM Vince,S Lamichhane,6,0,"",""
ball,1,10.6,Sydney Sixers,MC Henriques,JM Vince,S Lamichhane,1,0,"",""
ball,1,11.1,Sydney Sixers,MC Henriques,JM Vince,J Merlo,6,0,"",""
ball,1,11.2,Sydney Sixers,MC Henriques,JM Vince,J Merlo,0,0,"",""
ball,1,11.3,Sydney Sixers,MC Henriques,JM Vince,J Merlo,1,0,"",""
ball,1,11.4,Sydney Sixers,JM Vince,MC Henriques,J Merlo,1,0,"",""
ball,1,11.5,Sydney Sixers,MC Henriques,JM Vince,J Merlo,6,0,"",""
ball,1,11.6,Sydney Sixers,MC Henriques,JM Vince,J Merlo,1,0,"",""
ball,1,12.1,Sydney Sixers,MC Henriques,JM Vince,LR Morris,6,1,"",""
ball,1,12.2,Sydney Sixers,MC Henriques,JM Vince,LR Morris,1,0,"",""
ball,1,12.3,Sydney Sixers,JM Vince,MC Henriques,LR Morris,6,0,"",""
ball,1,12.4,Sydney Sixers,JM Vince,MC Henriques,LR Morris,0,1,"",""
ball,1,12.5,Sydney Sixers,JM Vince,MC Henriques,LR Morris,2,0,"",""
ball,1,12.6,Sydney Sixers,JM Vince,MC Henriques,LR Morris,1,0,"",""
ball,1,12.7,Sydney Sixers,MC Henriques,JM Vince,LR Morris,4,0,"",""
ball,1,12.8,Sydney Sixers,MC Henriques,JM Vince,LR Morris,4,0,"",""
ball,1,13.1,Sydney Sixers,JM Vince,MC Henriques,DJ Worrall,1,0,"",""
ball,1,13.2,Sydney Sixers,MC Henriques,JM Vince,DJ Worrall,0,0,caught,MC Henriques
ball,1,13.3,Sydney Sixers,TK Curran,JM Vince,DJ Worrall,0,0,"",""
ball,1,13.4,Sydney Sixers,TK Curran,JM Vince,DJ Worrall,1,0,"",""
ball,1,13.5,Sydney Sixers,JM Vince,TK Curran,DJ Worrall,1,0,"",""
ball,1,13.6,Sydney Sixers,TK Curran,JM Vince,DJ Worrall,1,0,run out,TK Curran
ball,2,0.1,Melbourne Stars,MP Stoinis,HWR Cartwright,JM Bird,0,1,"",""
ball,2,0.2,Melbourne Stars,MP Stoinis,HWR Cartwright,JM Bird,0,0,"",""
ball,2,0.3,Melbourne Stars,MP Stoinis,HWR Cartwright,JM Bird,1,0,"",""
ball,2,0.4,Melbourne Stars,HWR Cartwright,MP Stoinis,JM Bird,4,0,"",""
ball,2,0.5,Melbourne Stars,HWR Cartwright,MP Stoinis,JM Bird,1,0,"",""
ball,2,0.6,Melbourne Stars,MP Stoinis,HWR Cartwright,JM Bird,0,0,"",""
ball,2,0.7,Melbourne Stars,MP Stoinis,HWR Cartwright,JM Bird,0,0,"",""
ball,2,1.1,Melbourne Stars,HWR Cartwright,MP Stoinis,SNJ O'Keefe,0,0,"",""
ball,2,1.2,Melbourne Stars,HWR Cartwright,MP Stoinis,SNJ O'Keefe,1,0,"",""
ball,2,1.3,Melbourne Stars,MP Stoinis,HWR Cartwright,SNJ O'Keefe,0,0,"",""
ball,2,1.4,Melbourne Stars,MP Stoinis,HWR Cartwright,SNJ O'Keefe,1,0,"",""
ball,2,1.5,Melbourne Stars,HWR Cartwright,MP Stoinis,SNJ O'Keefe,0,0,"",""
ball,2,1.6,Melbourne Stars,HWR Cartwright,MP Stoinis,SNJ O'Keefe,4,0,"",""
ball,2,2.1,Melbourne Stars,MP Stoinis,HWR Cartwright,JM Bird,1,0,"",""
ball,2,2.2,Melbourne Stars,HWR Cartwright,MP Stoinis,JM Bird,4,0,"",""
ball,2,2.3,Melbourne Stars,HWR Cartwright,MP Stoinis,JM Bird,6,0,"",""
ball,2,2.4,Melbourne Stars,HWR Cartwright,MP Stoinis,JM Bird,1,0,"",""
ball,2,2.5,Melbourne Stars,MP Stoinis,HWR Cartwright,JM Bird,4,0,"",""
ball,2,2.6,Melbourne Stars,MP Stoinis,HWR Cartwright,JM Bird,6,0,"",""
ball,2,3.1,Melbourne Stars,HWR Cartwright,MP Stoinis,BJ Dwarshuis,0,0,caught,HWR Cartwright
ball,2,3.2,Melbourne Stars,NJ Maddinson,MP Stoinis,BJ Dwarshuis,0,0,"",""
ball,2,3.3,Melbourne Stars,NJ Maddinson,MP Stoinis,BJ Dwarshuis,0,0,"",""
ball,2,3.4,Melbourne Stars,NJ Maddinson,MP Stoinis,BJ Dwarshuis,0,0,"",""
ball,2,3.5,Melbourne Stars,NJ Maddinson,MP Stoinis,BJ Dwarshuis,0,0,"",""
ball,2,3.6,Melbourne Stars,NJ Maddinson,MP Stoinis,BJ Dwarshuis,0,0,"",""
ball,2,4.1,Melbourne Stars,MP Stoinis,NJ Maddinson,SNJ O'Keefe,0,0,"",""
ball,2,4.2,Melbourne Stars,MP Stoinis,NJ Maddinson,SNJ O'Keefe,1,0,"",""
ball,2,4.3,Melbourne Stars,NJ Maddinson,MP Stoinis,SNJ O'Keefe,1,0,"",""
ball,2,4.4,Melbourne Stars,MP Stoinis,NJ Maddinson,SNJ O'Keefe,2,0,"",""
ball,2,4.5,Melbourne Stars,MP Stoinis,NJ Maddinson,SNJ O'Keefe,2,0,"",""
ball,2,4.6,Melbourne Stars,MP Stoinis,NJ Maddinson,SNJ O'Keefe,1,0,"",""
ball,2,5.1,Melbourne Stars,MP Stoinis,NJ Maddinson,NM Lyon,0,0,"",""
ball,2,5.2,Melbourne Stars,MP Stoinis,NJ Maddinson,NM Lyon,2,0,"",""
ball,2,5.3,Melbourne Stars,MP Stoinis,NJ Maddinson,NM Lyon,0,0,"",""
ball,2,5.4,Melbourne Stars,MP Stoinis,NJ Maddinson,NM Lyon,0,0,"",""
ball,2,5.5,Melbourne Stars,MP Stoinis,NJ Maddinson,NM Lyon,1,0,"",""
ball,2,5.6,Melbourne Stars,NJ Maddinson,MP Stoinis,NM Lyon,0,1,"",""
ball,2,6.1,Melbourne Stars,NJ Maddinson,MP Stoinis,TK Curran,3,0,"",""
ball,2,6.2,Melbourne Stars,MP Stoinis,NJ Maddinson,TK Curran,6,0,"",""
ball,2,6.3,Melbourne Stars,MP Stoinis,NJ Maddinson,TK Curran,1,0,"",""
ball,2,6.4,Melbourne Stars,NJ Maddinson,MP Stoinis,TK Curran,2,0,"",""
ball,2,6.5,Melbourne Stars,NJ Maddinson,MP Stoinis,TK Curran,2,0,"",""
ball,2,6.6,Melbourne Stars,NJ Maddinson,MP Stoinis,TK Curran,0,0,"",""
ball,2,7.1,Melbourne Stars,MP Stoinis,NJ Maddinson,NM Lyon,1,0,"",""
ball,2,7.2,Melbourne Stars,NJ Maddinson,MP Stoinis,NM Lyon,1,0,"",""
ball,2,7.3,Melbourne Stars,MP Stoinis,NJ Maddinson,NM Lyon,1,0,"",""
ball,2,7.4,Melbourne Stars,NJ Maddinson,MP Stoinis,NM Lyon,1,0,"",""
ball,2,7.5,Melbourne Stars,MP Stoinis,NJ Maddinson,NM Lyon,4,0,"",""
ball,2,7.6,Melbourne Stars,MP Stoinis,NJ Maddinson,NM Lyon,1,0,"",""
ball,2,8.1,Melbourne Stars,MP Stoinis,NJ Maddinson,SNJ O'Keefe,2,0,"",""
ball,2,8.2,Melbourne Stars,MP Stoinis,NJ Maddinson,SNJ O'Keefe,1,0,"",""
ball,2,8.3,Melbourne Stars,NJ Maddinson,MP Stoinis,SNJ O'Keefe,0,0,"",""
ball,2,8.4,Melbourne Stars,NJ Maddinson,MP Stoinis,SNJ O'Keefe,2,0,"",""
ball,2,8.5,Melbourne Stars,NJ Maddinson,MP Stoinis,SNJ O'Keefe,2,0,"",""
ball,2,8.6,Melbourne Stars,NJ Maddinson,MP Stoinis,SNJ O'Keefe,0,1,"",""
ball,2,8.7,Melbourne Stars,NJ Maddinson,MP Stoinis,SNJ O'Keefe,2,0,"",""
ball,2,9.1,Melbourne Stars,MP Stoinis,NJ Maddinson,BJ Dwarshuis,2,0,"",""
ball,2,9.2,Melbourne Stars,MP Stoinis,NJ Maddinson,BJ Dwarshuis,2,0,"",""
ball,2,9.3,Melbourne Stars,MP Stoinis,NJ Maddinson,BJ Dwarshuis,1,0,"",""
ball,2,9.4,Melbourne Stars,NJ Maddinson,MP Stoinis,BJ Dwarshuis,0,0,bowled,NJ Maddinson
ball,2,9.5,Melbourne Stars,GJ Maxwell,MP Stoinis,BJ Dwarshuis,0,0,"",""
ball,2,9.6,Melbourne Stars,GJ Maxwell,MP Stoinis,BJ Dwarshuis,0,1,"",""
ball,2,9.7,Melbourne Stars,GJ Maxwell,MP Stoinis,BJ Dwarshuis,4,0,"",""
ball,2,10.1,Melbourne Stars,MP Stoinis,GJ Maxwell,TK Curran,0,1,"",""
ball,2,10.2,Melbourne Stars,MP Stoinis,GJ Maxwell,TK Curran,0,0,"",""
ball,2,10.3,Melbourne Stars,MP Stoinis,GJ Maxwell,TK Curran,1,0,"",""
ball,2,10.4,Melbourne Stars,GJ Maxwell,MP Stoinis,TK Curran,0,0,"",""
ball,2,10.5,Melbourne Stars,GJ Maxwell,MP Stoinis,TK Curran,0,0,"",""
ball,2,10.6,Melbourne Stars,GJ Maxwell,MP Stoinis,TK Curran,1,0,"",""
ball,2,10.7,Melbourne Stars,MP Stoinis,GJ Maxwell,TK Curran,1,0,"",""
ball,2,11.1,Melbourne Stars,MP Stoinis,GJ Maxwell,NM Lyon,4,0,"",""
ball,2,11.2,Melbourne Stars,MP Stoinis,GJ Maxwell,NM Lyon,6,0,"",""
ball,2,11.3,Melbourne Stars,MP Stoinis,GJ Maxwell,NM Lyon,6,0,"",""
ball,2,11.4,Melbourne Stars,MP Stoinis,GJ Maxwell,NM Lyon,0,0,caught,MP Stoinis
ball,2,11.5,Melbourne Stars,GJ Maxwell,NCR Larkin,NM Lyon,0,0,"",""
ball,2,11.6,Melbourne Stars,GJ Maxwell,NCR Larkin,NM Lyon,0,1,"",""
ball,2,12.1,Melbourne Stars,GJ Maxwell,NCR Larkin,BJ Dwarshuis,1,0,"",""
ball,2,12.2,Melbourne Stars,NCR Larkin,GJ Maxwell,BJ Dwarshuis,2,0,"",""
ball,2,12.3,Melbourne Stars,NCR Larkin,GJ Maxwell,BJ Dwarshuis,1,0,"",""
ball,2,12.4,Melbourne Stars,GJ Maxwell,NCR Larkin,BJ Dwarshuis,2,0,"",""
ball,2,12.5,Melbourne Stars,GJ Maxwell,NCR Larkin,BJ Dwarshuis,4,0,"",""
ball,2,12.6,Melbourne Stars,GJ Maxwell,NCR Larkin,BJ Dwarshuis,0,0,"",""
ball,2,13.1,Melbourne Stars,NCR Larkin,GJ Maxwell,TK Curran,0,0,caught,NCR Larkin
ball,2,13.2,Melbourne Stars,GJ Maxwell,SE Gotch,TK Curran,0,0,caught,GJ Maxwell
ball,2,13.3,Melbourne Stars,SE Gotch,J Merlo,TK Curran,0,0,"",""
ball,2,13.4,Melbourne Stars,SE Gotch,J Merlo,TK Curran,2,0,"",""
ball,2,13.5,Melbourne Stars,SE Gotch,J Merlo,TK Curran,1,0,"",""
ball,2,13.6,Melbourne Stars,J Merlo,SE Gotch,TK Curran,2,0,"",""
