version,1.3.0
info,team,Melbourne Stars
info,team,Melbourne Renegades
info,gender,male
info,season,2019/20
info,date,2020/01/04
info,competition,Big Bash League
info,match_number,22
info,venue,Melbourne Cricket Ground
info,city,Melbourne
info,toss_winner,Melbourne Stars
info,toss_decision,field
info,player_of_match,A Zampa
info,umpire,PJ Gillespie
info,umpire,GA Abood
info,reserve_umpire,D Brigham
info,tv_umpire,GJ Davidson
info,match_referee,DJ Harper
info,winner,Melbourne Stars
info,winner_wickets,8
ball,1,0.1,Melbourne Renegades,SB Harper,AJ Finch,DW Steyn,0,0,"",""
ball,1,0.2,Melbourne Renegades,SB Harper,AJ Finch,DW Steyn,0,0,"",""
ball,1,0.3,Melbourne Renegades,SB Harper,AJ Finch,DW Steyn,3,0,"",""
ball,1,0.4,Melbourne Renegades,AJ Finch,SB Harper,DW Steyn,0,0,"",""
ball,1,0.5,Melbourne Renegades,AJ Finch,SB Harper,DW Steyn,1,0,"",""
ball,1,0.6,Melbourne Renegades,SB Harper,AJ Finch,DW Steyn,1,0,"",""
ball,1,1.1,Melbourne Renegades,SB Harper,AJ Finch,NM Coulter-Nile,4,0,"",""
ball,1,1.2,Melbourne Renegades,SB Harper,AJ Finch,NM Coulter-Nile,0,0,"",""
ball,1,1.3,Melbourne Renegades,SB Harper,AJ Finch,NM Coulter-Nile,4,0,"",""
ball,1,1.4,Melbourne Renegades,SB Harper,AJ Finch,NM Coulter-Nile,0,0,caught,SB Harper
ball,1,1.5,Melbourne Renegades,SE Marsh,AJ Finch,NM Coulter-Nile,0,0,"",""
ball,1,1.6,Melbourne Renegades,SE Marsh,AJ Finch,NM Coulter-Nile,0,0,"",""
ball,1,2.1,Melbourne Renegades,AJ Finch,SE Marsh,DJ Worrall,0,0,"",""
ball,1,2.2,Melbourne Renegades,AJ Finch,SE Marsh,DJ Worrall,0,0,"",""
ball,1,2.3,Melbourne Renegades,AJ Finch,SE Marsh,DJ Worrall,0,0,"",""
ball,1,2.4,Melbourne Renegades,AJ Finch,SE Marsh,DJ Worrall,2,0,"",""
ball,1,2.5,Melbourne Renegades,AJ Finch,SE Marsh,DJ Worrall,0,0,"",""
ball,1,2.6,Melbourne Renegades,AJ Finch,SE Marsh,DJ Worrall,0,0,"",""
ball,1,3.1,Melbourne Renegades,SE Marsh,AJ Finch,DW Steyn,0,0,"",""
ball,1,3.2,Melbourne Renegades,SE Marsh,AJ Finch,DW Steyn,0,4,"",""
ball,1,3.3,Melbourne Renegades,SE Marsh,AJ Finch,DW Steyn,0,0,"",""
ball,1,3.4,Melbourne Renegades,SE Marsh,AJ Finch,DW Steyn,3,0,"",""
ball,1,3.5,Melbourne Renegades,AJ Finch,SE Marsh,DW Steyn,1,0,"",""
ball,1,3.6,Melbourne Renegades,SE Marsh,AJ Finch,DW Steyn,2,0,"",""
ball,1,4.1,Melbourne Renegades,AJ Finch,SE Marsh,DJ Worrall,4,0,"",""
ball,1,4.2,Melbourne Renegades,AJ Finch,SE Marsh,DJ Worrall,0,0,"",""
ball,1,4.3,Melbourne Renegades,AJ Finch,SE Marsh,DJ Worrall,1,0,"",""
ball,1,4.4,Melbourne Renegades,SE Marsh,AJ Finch,DJ Worrall,0,0,"",""
ball,1,4.5,Melbourne Renegades,SE Marsh,AJ Finch,DJ Worrall,1,0,"",""
ball,1,4.6,Melbourne Renegades,AJ Finch,SE Marsh,DJ Worrall,1,0,"",""
ball,1,5.1,Melbourne Renegades,AJ Finch,SE Marsh,NM Coulter-Nile,6,0,"",""
ball,1,5.2,Melbourne Renegades,AJ Finch,SE Marsh,NM Coulter-Nile,0,0,"",""
ball,1,5.3,Melbourne Renegades,AJ Finch,SE Marsh,NM Coulter-Nile,0,0,"",""
ball,1,5.4,Melbourne Renegades,AJ Finch,SE Marsh,NM Coulter-Nile,0,1,"",""
ball,1,5.5,Melbourne Renegades,SE Marsh,AJ Finch,NM Coulter-Nile,0,1,"",""
ball,1,5.6,Melbourne Renegades,AJ Finch,SE Marsh,NM Coulter-Nile,1,0,"",""
ball,1,6.1,Melbourne Renegades,AJ Finch,SE Marsh,S Lamichhane,1,0,"",""
ball,1,6.2,Melbourne Renegades,SE Marsh,AJ Finch,S Lamichhane,1,0,"",""
ball,1,6.3,Melbourne Renegades,AJ Finch,SE Marsh,S Lamichhane,0,0,"",""
ball,1,6.4,Melbourne Renegades,AJ Finch,SE Marsh,S Lamichhane,1,0,"",""
ball,1,6.5,Melbourne Renegades,SE Marsh,AJ Finch,S Lamichhane,0,0,"",""
ball,1,6.6,Melbourne Renegades,SE Marsh,AJ Finch,S Lamichhane,4,0,"",""
ball,1,7.1,Melbourne Renegades,AJ Finch,SE Marsh,A Zampa,0,1,"",""
ball,1,7.2,Melbourne Renegades,AJ Finch,SE Marsh,A Zampa,6,0,"",""
ball,1,7.3,Melbourne Renegades,AJ Finch,SE Marsh,A Zampa,0,0,"",""
ball,1,7.4,Melbourne Renegades,AJ Finch,SE Marsh,A Zampa,0,0,bowled,AJ Finch
ball,1,7.5,Melbourne Renegades,BJ Webster,SE Marsh,A Zampa,0,0,"",""
ball,1,7.6,Melbourne Renegades,BJ Webster,SE Marsh,A Zampa,0,0,"",""
ball,1,7.7,Melbourne Renegades,BJ Webster,SE Marsh,A Zampa,0,0,"",""
ball,1,8.1,Melbourne Renegades,SE Marsh,BJ Webster,S Lamichhane,2,0,"",""
ball,1,8.2,Melbourne Renegades,SE Marsh,BJ Webster,S Lamichhane,1,0,"",""
ball,1,8.3,Melbourne Renegades,BJ Webster,SE Marsh,S Lamichhane,4,0,"",""
ball,1,8.4,Melbourne Renegades,BJ Webster,SE Marsh,S Lamichhane,1,0,"",""
ball,1,8.5,Melbourne Renegades,SE Marsh,BJ Webster,S Lamichhane,3,0,"",""
ball,1,8.6,Melbourne Renegades,BJ Webster,SE Marsh,S Lamichhane,1,0,"",""
ball,1,9.1,Melbourne Renegades,BJ Webster,SE Marsh,A Zampa,0,0,"",""
ball,1,9.2,Melbourne Renegades,BJ Webster,SE Marsh,A Zampa,1,0,"",""
ball,1,9.3,Melbourne Renegades,SE Marsh,BJ Webster,A Zampa,2,0,"",""
ball,1,9.4,Melbourne Renegades,SE Marsh,BJ Webster,A Zampa,1,0,"",""
ball,1,9.5,Melbourne Renegades,BJ Webster,SE Marsh,A Zampa,0,0,"",""
ball,1,9.6,Melbourne Renegades,BJ Webster,SE Marsh,A Zampa,1,0,"",""
ball,1,10.1,Melbourne Renegades,BJ Webster,SE Marsh,DJ Worrall,1,0,"",""
ball,1,10.2,Melbourne Renegades,SE Marsh,BJ Webster,DJ Worrall,4,0,"",""
ball,1,10.3,Melbourne Renegades,SE Marsh,BJ Webster,DJ Worrall,0,0,"",""
ball,1,10.4,Melbourne Renegades,SE Marsh,BJ Webster,DJ Worrall,2,0,"",""
ball,1,10.5,Melbourne Renegades,SE Marsh,BJ Webster,DJ Worrall,4,0,"",""
ball,1,10.6,Melbourne Renegades,SE Marsh,BJ Webster,DJ Worrall,2,0,"",""
ball,1,11.1,Melbourne Renegades,BJ Webster,SE Marsh,A Zampa,1,0,"",""
ball,1,11.2,Melbourne Renegades,SE Marsh,BJ Webster,A Zampa,0,0,"",""
ball,1,11.3,Melbourne Renegades,SE Marsh,BJ Webster,A Zampa,1,0,"",""
ball,1,11.4,Melbourne Renegades,BJ Webster,SE Marsh,A Zampa,2,0,"",""
ball,1,11.5,Melbourne Renegades,BJ Webster,SE Marsh,A Zampa,0,0,"",""
ball,1,11.6,Melbourne Renegades,BJ Webster,SE Marsh,A Zampa,1,0,"",""
ball,1,12.1,Melbourne Renegades,BJ Webster,SE Marsh,GJ Maxwell,0,0,"",""
ball,1,12.2,Melbourne Renegades,BJ Webster,SE Marsh,GJ Maxwell,1,0,"",""
ball,1,12.3,Melbourne Renegades,SE Marsh,BJ Webster,GJ Maxwell,2,0,"",""
ball,1,12.4,Melbourne Renegades,SE Marsh,BJ Webster,GJ Maxwell,0,0,"",""
ball,1,12.5,Melbourne Renegades,SE Marsh,BJ Webster,GJ Maxwell,1,0,"",""
ball,1,12.6,Melbourne Renegades,BJ Webster,SE Marsh,GJ Maxwell,4,0,"",""
ball,1,13.1,Melbourne Renegades,SE Marsh,BJ Webster,NM Coulter-Nile,6,0,"",""
ball,1,13.2,Melbourne Renegades,SE Marsh,BJ Webster,NM Coulter-Nile,0,1,"",""
ball,1,13.3,Melbourne Renegades,BJ Webster,SE Marsh,NM Coulter-Nile,4,0,"",""
ball,1,13.4,Melbourne Renegades,BJ Webster,SE Marsh,NM Coulter-Nile,4,0,"",""
ball,1,13.5,Melbourne Renegades,BJ Webster,SE Marsh,NM Coulter-Nile,1,0,"",""
ball,1,13.6,Melbourne Renegades,SE Marsh,BJ Webster,NM Coulter-Nile,0,1,"",""
ball,1,14.1,Melbourne Renegades,SE Marsh,BJ Webster,S Lamichhane,1,0,"",""
ball,1,14.2,Melbourne Renegades,BJ Webster,SE Marsh,S Lamichhane,1,0,"",""
ball,1,14.3,Melbourne Renegades,SE Marsh,BJ Webster,S Lamichhane,0,0,caught,SE Marsh
ball,1,14.4,Melbourne Renegades,BJ Webster,DT Christian,S Lamichhane,1,0,"",""
ball,1,14.5,Melbourne Renegades,DT Christian,BJ Webster,S Lamichhane,0,0,stumped,DT Christian
ball,1,14.6,Melbourne Renegades,TLW Cooper,BJ Webster,S Lamichhane,1,0,"",""
ball,1,15.1,Melbourne Renegades,TLW Cooper,BJ Webster,A Zampa,0,0,"",""
ball,1,15.2,Melbourne Renegades,TLW Cooper,BJ Webster,A Zampa,1,0,"",""
ball,1,15.3,Melbourne Renegades,BJ Webster,TLW Cooper,A Zampa,0,0,"",""
ball,1,15.4,Melbourne Renegades,BJ Webster,TLW Cooper,A Zampa,0,0,bowled,BJ Webster
ball,1,15.5,Melbourne Renegades,W Sutherland,TLW Cooper,A Zampa,0,0,"",""
ball,1,15.6,Melbourne Renegades,W Sutherland,TLW Cooper,A Zampa,1,0,"",""
ball,1,16.1,Melbourne Renegades,W Sutherland,TLW Cooper,S Lamichhane,1,0,"",""
ball,1,16.2,Melbourne Renegades,TLW Cooper,W Sutherland,S Lamichhane,1,0,"",""
ball,1,16.3,Melbourne Renegades,W Sutherland,TLW Cooper,S Lamichhane,1,0,"",""
ball,1,16.4,Melbourne Renegades,TLW Cooper,W Sutherland,S Lamichhane,0,0,"",""
ball,1,16.5,Melbourne Renegades,TLW Cooper,W Sutherland,S Lamichhane,0,0,"",""
ball,1,16.6,Melbourne Renegades,TLW Cooper,W Sutherland,S Lamichhane,0,0,lbw,TLW Cooper
ball,1,17.1,Melbourne Renegades,W Sutherland,CJ Boyce,DW Steyn,1,0,"",""
ball,1,17.2,Melbourne Renegades,CJ Boyce,W Sutherland,DW Steyn,0,0,caught,CJ Boyce
ball,1,17.3,Melbourne Renegades,TD Andrews,W Sutherland,DW Steyn,0,0,"",""
ball,1,17.4,Melbourne Renegades,TD Andrews,W Sutherland,DW Steyn,1,0,"",""
ball,1,17.5,Melbourne Renegades,W Sutherland,TD Andrews,DW Steyn,0,0,"",""
ball,1,17.6,Melbourne Renegades,W Sutherland,TD Andrews,DW Steyn,1,0,"",""
ball,1,18.1,Melbourne Renegades,W Sutherland,TD Andrews,NM Coulter-Nile,2,0,"",""
ball,1,18.2,Melbourne Renegades,W Sutherland,TD Andrews,NM Coulter-Nile,4,0,"",""
ball,1,18.3,Melbourne Renegades,W Sutherland,TD Andrews,NM Coulter-Nile,2,0,"",""
ball,1,18.4,Melbourne Renegades,W Sutherland,TD Andrews,NM Coulter-Nile,1,0,"",""
ball,1,18.5,Melbourne Renegades,TD Andrews,W Sutherland,NM Coulter-Nile,1,0,"",""
ball,1,18.6,Melbourne Renegades,W Sutherland,TD Andrews,NM Coulter-Nile,2,0,"",""
ball,1,19.1,Melbourne Renegades,TD Andrews,W Sutherland,DW Steyn,1,0,"",""
ball,1,19.2,Melbourne Renegades,W Sutherland,TD Andrews,DW Steyn,0,0,run out,TD Andrews
ball,1,19.3,Melbourne Renegades,W Sutherland,KW Richardson,DW Steyn,0,0,"",""
ball,1,19.4,Melbourne Renegades,W Sutherland,KW Richardson,DW Steyn,0,0,caught,W Sutherland
ball,1,19.5,Melbourne Renegades,RJ Gleeson,KW Richardson,DW Steyn,0,1,"",""
ball,1,19.6,Melbourne Renegades,KW Richardson,RJ Gleeson,DW Steyn,1,0,"",""
ball,2,0.1,Melbourne Stars,MP Stoinis,NJ Maddinson,TLW Cooper,4,0,"",""
ball,2,0.2,Melbourne Stars,MP Stoinis,NJ Maddinson,TLW Cooper,1,0,"",""
ball,2,0.3,Melbourne Stars,NJ Maddinson,MP Stoinis,TLW Cooper,1,0,"",""
ball,2,0.4,Melbourne Stars,MP Stoinis,NJ Maddinson,TLW Cooper,4,0,"",""
ball,2,0.5,Melbourne Stars,MP Stoinis,NJ Maddinson,TLW Cooper,0,0,"",""
ball,2,0.6,Melbourne Stars,MP Stoinis,NJ Maddinson,TLW Cooper,4,0,"",""
ball,2,1.1,Melbourne Stars,NJ Maddinson,MP Stoinis,KW Richardson,0,0,"",""
ball,2,1.2,Melbourne Stars,NJ Maddinson,MP Stoinis,KW Richardson,4,0,"",""
ball,2,1.3,Melbourne Stars,NJ Maddinson,MP Stoinis,KW Richardson,4,0,"",""
ball,2,1.4,Melbourne Stars,NJ Maddinson,MP Stoinis,KW Richardson,4,0,"",""
ball,2,1.5,Melbourne Stars,NJ Maddinson,MP Stoinis,KW Richardson,1,0,"",""
ball,2,1.6,Melbourne Stars,MP Stoinis,NJ Maddinson,KW Richardson,1,0,"",""
ball,2,2.1,Melbourne Stars,MP Stoinis,NJ Maddinson,RJ Gleeson,4,0,"",""
ball,2,2.2,Melbourne Stars,MP Stoinis,NJ Maddinson,RJ Gleeson,0,0,"",""
ball,2,2.3,Melbourne Stars,MP Stoinis,NJ Maddinson,RJ Gleeson,0,0,"",""
ball,2,2.4,Melbourne Stars,MP Stoinis,NJ Maddinson,RJ Gleeson,4,0,"",""
ball,2,2.5,Melbourne Stars,MP Stoinis,NJ Maddinson,RJ Gleeson,4,0,"",""
ball,2,2.6,Melbourne Stars,MP Stoinis,NJ Maddinson,RJ Gleeson,0,1,"",""
ball,2,2.7,Melbourne Stars,MP Stoinis,NJ Maddinson,RJ Gleeson,0,0,"",""
ball,2,3.1,Melbourne Stars,NJ Maddinson,MP Stoinis,KW Richardson,0,0,"",""
ball,2,3.2,Melbourne Stars,NJ Maddinson,MP Stoinis,KW Richardson,1,0,"",""
ball,2,3.3,Melbourne Stars,MP Stoinis,NJ Maddinson,KW Richardson,1,0,"",""
ball,2,3.4,Melbourne Stars,NJ Maddinson,MP Stoinis,KW Richardson,0,0,"",""
ball,2,3.5,Melbourne Stars,NJ Maddinson,MP Stoinis,KW Richardson,1,0,"",""
ball,2,3.6,Melbourne Stars,MP Stoinis,NJ Maddinson,KW Richardson,1,0,"",""
ball,2,4.1,Melbourne Stars,MP Stoinis,NJ Maddinson,W Sutherland,0,0,"",""
ball,2,4.2,Melbourne Stars,MP Stoinis,NJ Maddinson,W Sutherland,0,0,"",""
ball,2,4.3,Melbourne Stars,MP Stoinis,NJ Maddinson,W Sutherland,0,0,"",""
ball,2,4.4,Melbourne Stars,MP Stoinis,NJ Maddinson,W Sutherland,6,0,"",""
ball,2,4.5,Melbourne Stars,MP Stoinis,NJ Maddinson,W Sutherland,0,0,"",""
ball,2,4.6,Melbourne Stars,MP Stoinis,NJ Maddinson,W Sutherland,0,0,"",""
ball,2,5.1,Melbourne Stars,NJ Maddinson,MP Stoinis,KW Richardson,1,0,"",""
ball,2,5.2,Melbourne Stars,MP Stoinis,NJ Maddinson,KW Richardson,1,0,"",""
ball,2,5.3,Melbourne Stars,NJ Maddinson,MP Stoinis,KW Richardson,0,0,"",""
ball,2,5.4,Melbourne Stars,NJ Maddinson,MP Stoinis,KW Richardson,0,0,caught,NJ Maddinson
ball,2,5.5,Melbourne Stars,BR Dunk,MP Stoinis,KW Richardson,0,0,"",""
ball,2,5.6,Melbourne Stars,BR Dunk,MP Stoinis,KW Richardson,2,0,"",""
ball,2,6.1,Melbourne Stars,MP Stoinis,BR Dunk,CJ Boyce,1,0,"",""
ball,2,6.2,Melbourne Stars,BR Dunk,MP Stoinis,CJ Boyce,1,0,"",""
ball,2,6.3,Melbourne Stars,MP Stoinis,BR Dunk,CJ Boyce,0,0,"",""
ball,2,6.4,Melbourne Stars,MP Stoinis,BR Dunk,CJ Boyce,1,0,"",""
ball,2,6.5,Melbourne Stars,BR Dunk,MP Stoinis,CJ Boyce,1,0,"",""
ball,2,6.6,Melbourne Stars,MP Stoinis,BR Dunk,CJ Boyce,2,0,"",""
ball,2,7.1,Melbourne Stars,BR Dunk,MP Stoinis,W Sutherland,1,0,"",""
ball,2,7.2,Melbourne Stars,MP Stoinis,BR Dunk,W Sutherland,0,0,"",""
ball,2,7.3,Melbourne Stars,MP Stoinis,BR Dunk,W Sutherland,0,0,"",""
ball,2,7.4,Melbourne Stars,MP Stoinis,BR Dunk,W Sutherland,1,0,"",""
ball,2,7.5,Melbourne Stars,BR Dunk,MP Stoinis,W Sutherland,2,0,"",""
ball,2,7.6,Melbourne Stars,BR Dunk,MP Stoinis,W Sutherland,1,0,"",""
ball,2,8.1,Melbourne Stars,BR Dunk,MP Stoinis,CJ Boyce,1,0,"",""
ball,2,8.2,Melbourne Stars,MP Stoinis,BR Dunk,CJ Boyce,1,0,"",""
ball,2,8.3,Melbourne Stars,BR Dunk,MP Stoinis,CJ Boyce,2,0,"",""
ball,2,8.4,Melbourne Stars,BR Dunk,MP Stoinis,CJ Boyce,2,0,"",""
ball,2,8.5,Melbourne Stars,BR Dunk,MP Stoinis,CJ Boyce,1,0,"",""
ball,2,8.6,Melbourne Stars,MP Stoinis,BR Dunk,CJ Boyce,0,0,"",""
ball,2,9.1,Melbourne Stars,BR Dunk,MP Stoinis,RJ Gleeson,1,0,"",""
ball,2,9.2,Melbourne Stars,MP Stoinis,BR Dunk,RJ Gleeson,1,0,"",""
ball,2,9.3,Melbourne Stars,BR Dunk,MP Stoinis,RJ Gleeson,0,0,caught,BR Dunk
ball,2,9.4,Melbourne Stars,MP Stoinis,GJ Maxwell,RJ Gleeson,1,0,"",""
ball,2,9.5,Melbourne Stars,GJ Maxwell,MP Stoinis,RJ Gleeson,0,0,"",""
ball,2,9.6,Melbourne Stars,GJ Maxwell,MP Stoinis,RJ Gleeson,1,0,"",""
ball,2,10.1,Melbourne Stars,GJ Maxwell,MP Stoinis,CJ Boyce,0,0,"",""
ball,2,10.2,Melbourne Stars,GJ Maxwell,MP Stoinis,CJ Boyce,0,0,"",""
ball,2,10.3,Melbourne Stars,GJ Maxwell,MP Stoinis,CJ Boyce,2,0,"",""
ball,2,10.4,Melbourne Stars,GJ Maxwell,MP Stoinis,CJ Boyce,1,0,"",""
ball,2,10.5,Melbourne Stars,MP Stoinis,GJ Maxwell,CJ Boyce,0,0,"",""
ball,2,10.6,Melbourne Stars,MP Stoinis,GJ Maxwell,CJ Boyce,0,0,"",""
ball,2,11.1,Melbourne Stars,GJ Maxwell,MP Stoinis,RJ Gleeson,4,0,"",""
ball,2,11.2,Melbourne Stars,GJ Maxwell,MP Stoinis,RJ Gleeson,0,0,"",""
ball,2,11.3,Melbourne Stars,GJ Maxwell,MP Stoinis,RJ Gleeson,4,0,"",""
ball,2,11.4,Melbourne Stars,GJ Maxwell,MP Stoinis,RJ Gleeson,0,1,"",""
ball,2,11.5,Melbourne Stars,GJ Maxwell,MP Stoinis,RJ Gleeson,1,0,"",""
ball,2,11.6,Melbourne Stars,MP Stoinis,GJ Maxwell,RJ Gleeson,1,0,"",""
ball,2,11.7,Melbourne Stars,GJ Maxwell,MP Stoinis,RJ Gleeson,1,0,"",""
ball,2,12.1,Melbourne Stars,GJ Maxwell,MP Stoinis,TD Andrews,1,0,"",""
ball,2,12.2,Melbourne Stars,MP Stoinis,GJ Maxwell,TD Andrews,0,0,"",""
ball,2,12.3,Melbourne Stars,MP Stoinis,GJ Maxwell,TD Andrews,1,0,"",""
ball,2,12.4,Melbourne Stars,GJ Maxwell,MP Stoinis,TD Andrews,0,1,"",""
ball,2,12.5,Melbourne Stars,MP Stoinis,GJ Maxwell,TD Andrews,1,0,"",""
ball,2,12.6,Melbourne Stars,GJ Maxwell,MP Stoinis,TD Andrews,1,0,"",""
ball,2,13.1,Melbourne Stars,GJ Maxwell,MP Stoinis,W Sutherland,1,0,"",""
ball,2,13.2,Melbourne Stars,MP Stoinis,GJ Maxwell,W Sutherland,1,0,"",""
ball,2,13.3,Melbourne Stars,GJ Maxwell,MP Stoinis,W Sutherland,1,0,"",""
ball,2,13.4,Melbourne Stars,MP Stoinis,GJ Maxwell,W Sutherland,2,0,"",""
ball,2,13.5,Melbourne Stars,MP Stoinis,GJ Maxwell,W Sutherland,1,0,"",""
ball,2,13.6,Melbourne Stars,GJ Maxwell,MP Stoinis,W Sutherland,0,0,"",""
ball,2,14.1,Melbourne Stars,MP Stoinis,GJ Maxwell,TD Andrews,0,0,"",""
ball,2,14.2,Melbourne Stars,MP Stoinis,GJ Maxwell,TD Andrews,2,0,"",""
ball,2,14.3,Melbourne Stars,MP Stoinis,GJ Maxwell,TD Andrews,1,0,"",""
ball,2,14.4,Melbourne Stars,GJ Maxwell,MP Stoinis,TD Andrews,6,0,"",""
ball,2,14.5,Melbourne Stars,GJ Maxwell,MP Stoinis,TD Andrews,0,0,"",""
ball,2,14.6,Melbourne Stars,GJ Maxwell,MP Stoinis,TD Andrews,1,0,"",""
ball,2,15.1,Melbourne Stars,GJ Maxwell,MP Stoinis,KW Richardson,2,0,"",""
ball,2,15.2,Melbourne Stars,GJ Maxwell,MP Stoinis,KW Richardson,4,0,"",""
ball,2,15.3,Melbourne Stars,GJ Maxwell,MP Stoinis,KW Richardson,0,0,"",""
ball,2,15.4,Melbourne Stars,GJ Maxwell,MP Stoinis,KW Richardson,1,0,"",""
ball,2,15.5,Melbourne Stars,MP Stoinis,GJ Maxwell,KW Richardson,4,0,"",""
ball,2,15.6,Melbourne Stars,MP Stoinis,GJ Maxwell,KW Richardson,1,0,"",""
ball,2,16.1,Melbourne Stars,MP Stoinis,GJ Maxwell,CJ Boyce,1,0,"",""
ball,2,16.2,Melbourne Stars,GJ Maxwell,MP Stoinis,CJ Boyce,2,0,"",""
ball,2,16.3,Melbourne Stars,GJ Maxwell,MP Stoinis,CJ Boyce,1,0,"",""
ball,2,16.4,Melbourne Stars,MP Stoinis,GJ Maxwell,CJ Boyce,2,0,"",""
ball,2,16.5,Melbourne Stars,MP Stoinis,GJ Maxwell,CJ Boyce,1,0,"",""
ball,2,16.6,Melbourne Stars,GJ Maxwell,MP Stoinis,CJ Boyce,0,0,"",""
ball,2,17.1,Melbourne Stars,MP Stoinis,GJ Maxwell,W Sutherland,1,0,"",""
ball,2,17.2,Melbourne Stars,GJ Maxwell,MP Stoinis,W Sutherland,2,0,"",""
ball,2,17.3,Melbourne Stars,GJ Maxwell,MP Stoinis,W Sutherland,0,0,"",""
ball,2,17.4,Melbourne Stars,GJ Maxwell,MP Stoinis,W Sutherland,1,0,"",""
ball,2,17.5,Melbourne Stars,MP Stoinis,GJ Maxwell,W Sutherland,0,0,"",""
ball,2,17.6,Melbourne Stars,MP Stoinis,GJ Maxwell,W Sutherland,1,0,"",""
ball,2,18.1,Melbourne Stars,MP Stoinis,GJ Maxwell,RJ Gleeson,1,0,"",""
ball,2,18.2,Melbourne Stars,GJ Maxwell,MP Stoinis,RJ Gleeson,1,0,"",""
ball,2,18.3,Melbourne Stars,MP Stoinis,GJ Maxwell,RJ Gleeson,1,0,"",""
ball,2,18.4,Melbourne Stars,GJ Maxwell,MP Stoinis,RJ Gleeson,1,0,"",""
ball,2,18.5,Melbourne Stars,MP Stoinis,GJ Maxwell,RJ Gleeson,2,0,"",""
