version,1.3.0
info,team,Melbourne Renegades
info,team,Melbourne Stars
info,gender,male
info,season,2019/20
info,date,2020/01/10
info,competition,Big Bash League
info,match_number,30
info,venue,Docklands Stadium
info,city,Melbourne
info,toss_winner,Melbourne Stars
info,toss_decision,field
info,player_of_match,GJ Maxwell
info,umpire,SD Fry
info,umpire,MW Graham-Smith
info,reserve_umpire,D Brigham
info,tv_umpire,PJ Gillespie
info,match_referee,D Talalla
info,winner,Melbourne Stars
info,winner_wickets,7
ball,1,0.1,Melbourne Renegades,SE Marsh,MS Harris,GJ Maxwell,1,0,"",""
ball,1,0.2,Melbourne Renegades,MS Harris,SE Marsh,GJ Maxwell,0,0,"",""
ball,1,0.3,Melbourne Renegades,MS Harris,SE Marsh,GJ Maxwell,2,0,"",""
ball,1,0.4,Melbourne Renegades,MS Harris,SE Marsh,GJ Maxwell,0,0,"",""
ball,1,0.5,Melbourne Renegades,MS Harris,SE Marsh,GJ Maxwell,1,0,"",""
ball,1,0.6,Melbourne Renegades,SE Marsh,MS Harris,GJ Maxwell,0,0,"",""
ball,1,1.1,Melbourne Renegades,MS Harris,SE Marsh,NM Coulter-Nile,0,0,"",""
ball,1,1.2,Melbourne Renegades,MS Harris,SE Marsh,NM Coulter-Nile,0,0,"",""
ball,1,1.3,Melbourne Renegades,MS Harris,SE Marsh,NM Coulter-Nile,1,0,"",""
ball,1,1.4,Melbourne Renegades,SE Marsh,MS Harris,NM Coulter-Nile,0,0,"",""
ball,1,1.5,Melbourne Renegades,SE Marsh,MS Harris,NM Coulter-Nile,1,0,"",""
ball,1,1.6,Melbourne Renegades,MS Harris,SE Marsh,NM Coulter-Nile,4,0,"",""
ball,1,2.1,Melbourne Renegades,SE Marsh,MS Harris,GJ Maxwell,1,0,"",""
ball,1,2.2,Melbourne Renegades,MS Harris,SE Marsh,GJ Maxwell,0,0,"",""
ball,1,2.3,Melbourne Renegades,MS Harris,SE Marsh,GJ Maxwell,1,0,"",""
ball,1,2.4,Melbourne Renegades,SE Marsh,MS Harris,GJ Maxwell,0,0,"",""
ball,1,2.5,Melbourne Renegades,SE Marsh,MS Harris,GJ Maxwell,4,0,"",""
ball,1,2.6,Melbourne Renegades,SE Marsh,MS Harris,GJ Maxwell,0,0,"",""
ball,1,3.1,Melbourne Renegades,MS Harris,SE Marsh,LR Morris,1,0,"",""
ball,1,3.2,Melbourne Renegades,SE Marsh,MS Harris,LR Morris,1,0,"",""
ball,1,3.3,Melbourne Renegades,MS Harris,SE Marsh,LR Morris,0,0,"",""
ball,1,3.4,Melbourne Renegades,MS Harris,SE Marsh,LR Morris,6,0,"",""
ball,1,3.5,Melbourne Renegades,MS Harris,SE Marsh,LR Morris,1,0,"",""
ball,1,3.6,Melbourne Renegades,SE Marsh,MS Harris,LR Morris,0,0,"",""
ball,1,4.1,Melbourne Renegades,MS Harris,SE Marsh,Haris Rauf,0,0,"",""
ball,1,4.2,Melbourne Renegades,MS Harris,SE Marsh,Haris Rauf,1,0,"",""
ball,1,4.3,Melbourne Renegades,SE Marsh,MS Harris,Haris Rauf,1,0,"",""
ball,1,4.4,Melbourne Renegades,MS Harris,SE Marsh,Haris Rauf,2,0,"",""
ball,1,4.5,Melbourne Renegades,MS Harris,SE Marsh,Haris Rauf,4,0,"",""
ball,1,4.6,Melbourne Renegades,MS Harris,SE Marsh,Haris Rauf,0,0,"",""
ball,1,5.1,Melbourne Renegades,SE Marsh,MS Harris,GJ Maxwell,0,0,"",""
ball,1,5.2,Melbourne Renegades,SE Marsh,MS Harris,GJ Maxwell,0,0,"",""
ball,1,5.3,Melbourne Renegades,SE Marsh,MS Harris,GJ Maxwell,4,0,"",""
ball,1,5.4,Melbourne Renegades,SE Marsh,MS Harris,GJ Maxwell,1,0,"",""
ball,1,5.5,Melbourne Renegades,MS Harris,SE Marsh,GJ Maxwell,1,0,"",""
ball,1,5.6,Melbourne Renegades,SE Marsh,MS Harris,GJ Maxwell,4,0,"",""
ball,1,6.1,Melbourne Renegades,MS Harris,SE Marsh,CD Hinchliffe,1,0,"",""
ball,1,6.2,Melbourne Renegades,SE Marsh,MS Harris,CD Hinchliffe,4,0,"",""
ball,1,6.3,Melbourne Renegades,SE Marsh,MS Harris,CD Hinchliffe,1,0,"",""
ball,1,6.4,Melbourne Renegades,MS Harris,SE Marsh,CD Hinchliffe,1,0,"",""
ball,1,6.5,Melbourne Renegades,SE Marsh,MS Harris,CD Hinchliffe,1,0,"",""
ball,1,6.6,Melbourne Renegades,MS Harris,SE Marsh,CD Hinchliffe,0,0,"",""
ball,1,7.1,Melbourne Renegades,SE Marsh,MS Harris,LR Morris,4,0,"",""
ball,1,7.2,Melbourne Renegades,SE Marsh,MS Harris,LR Morris,0,1,"",""
ball,1,7.3,Melbourne Renegades,SE Marsh,MS Harris,LR Morris,0,0,"",""
ball,1,7.4,Melbourne Renegades,SE Marsh,MS Harris,LR Morris,1,0,"",""
ball,1,7.5,Melbourne Renegades,MS Harris,SE Marsh,LR Morris,1,0,"",""
ball,1,7.6,Melbourne Renegades,SE Marsh,MS Harris,LR Morris,1,0,"",""
ball,1,7.7,Melbourne Renegades,MS Harris,SE Marsh,LR Morris,6,0,"",""
ball,1,8.1,Melbourne Renegades,SE Marsh,MS Harris,S Lamichhane,6,0,"",""
ball,1,8.2,Melbourne Renegades,SE Marsh,MS Harris,S Lamichhane,1,0,"",""
ball,1,8.3,Melbourne Renegades,MS Harris,SE Marsh,S Lamichhane,1,0,"",""
ball,1,8.4,Melbourne Renegades,SE Marsh,MS Harris,S Lamichhane,0,0,"",""
ball,1,8.5,Melbourne Renegades,SE Marsh,MS Harris,S Lamichhane,2,0,"",""
ball,1,8.6,Melbourne Renegades,SE Marsh,MS Harris,S Lamichhane,1,0,"",""
ball,1,9.1,Melbourne Renegades,SE Marsh,MS Harris,Haris Rauf,1,0,"",""
ball,1,9.2,Melbourne Renegades,MS Harris,SE Marsh,Haris Rauf,0,0,"",""
ball,1,9.3,Melbourne Renegades,MS Harris,SE Marsh,Haris Rauf,1,0,"",""
ball,1,9.4,Melbourne Renegades,SE Marsh,MS Harris,Haris Rauf,0,1,"",""
ball,1,9.5,Melbourne Renegades,MS Harris,SE Marsh,Haris Rauf,4,0,"",""
ball,1,9.6,Melbourne Renegades,MS Harris,SE Marsh,Haris Rauf,2,0,"",""
ball,1,10.1,Melbourne Renegades,SE Marsh,MS Harris,NM Coulter-Nile,1,0,"",""
ball,1,10.2,Melbourne Renegades,MS Harris,SE Marsh,NM Coulter-Nile,0,0,"",""
ball,1,10.3,Melbourne Renegades,MS Harris,SE Marsh,NM Coulter-Nile,0,0,run out,MS Harris
ball,1,10.4,Melbourne Renegades,SE Marsh,BJ Webster,NM Coulter-Nile,1,0,"",""
ball,1,10.5,Melbourne Renegades,BJ Webster,SE Marsh,NM Coulter-Nile,0,0,"",""
ball,1,10.6,Melbourne Renegades,BJ Webster,SE Marsh,NM Coulter-Nile,0,0,"",""
ball,1,11.1,Melbourne Renegades,SE Marsh,BJ Webster,S Lamichhane,1,0,"",""
ball,1,11.2,Melbourne Renegades,BJ Webster,SE Marsh,S Lamichhane,1,0,"",""
ball,1,11.3,Melbourne Renegades,SE Marsh,BJ Webster,S Lamichhane,0,0,"",""
ball,1,11.4,Melbourne Renegades,SE Marsh,BJ Webster,S Lamichhane,6,0,"",""
ball,1,11.5,Melbourne Renegades,SE Marsh,BJ Webster,S Lamichhane,0,0,"",""
ball,1,11.6,Melbourne Renegades,SE Marsh,BJ Webster,S Lamichhane,4,0,"",""
ball,1,12.1,Melbourne Renegades,BJ Webster,SE Marsh,CD Hinchliffe,0,0,"",""
ball,1,12.2,Melbourne Renegades,BJ Webster,SE Marsh,CD Hinchliffe,2,0,"",""
ball,1,12.3,Melbourne Renegades,BJ Webster,SE Marsh,CD Hinchliffe,1,0,"",""
ball,1,12.4,Melbourne Renegades,SE Marsh,BJ Webster,CD Hinchliffe,2,0,"",""
ball,1,12.5,Melbourne Renegades,SE Marsh,BJ Webster,CD Hinchliffe,4,0,"",""
ball,1,12.6,Melbourne Renegades,SE Marsh,BJ Webster,CD Hinchliffe,1,0,"",""
ball,1,13.1,Melbourne Renegades,SE Marsh,BJ Webster,S Lamichhane,0,0,"",""
ball,1,13.2,Melbourne Renegades,SE Marsh,BJ Webster,S Lamichhane,2,0,"",""
ball,1,13.3,Melbourne Renegades,SE Marsh,BJ Webster,S Lamichhane,0,0,caught and bowled,SE Marsh
ball,1,13.4,Melbourne Renegades,DT Christian,BJ Webster,S Lamichhane,0,0,"",""
ball,1,13.5,Melbourne Renegades,DT Christian,BJ Webster,S Lamichhane,0,0,"",""
ball,1,13.6,Melbourne Renegades,DT Christian,BJ Webster,S Lamichhane,0,4,"",""
ball,1,13.7,Melbourne Renegades,BJ Webster,DT Christian,S Lamichhane,4,0,"",""
ball,1,14.1,Melbourne Renegades,DT Christian,BJ Webster,NM Coulter-Nile,6,0,"",""
ball,1,14.2,Melbourne Renegades,DT Christian,BJ Webster,NM Coulter-Nile,1,0,"",""
ball,1,14.3,Melbourne Renegades,BJ Webster,DT Christian,NM Coulter-Nile,6,0,"",""
ball,1,14.4,Melbourne Renegades,BJ Webster,DT Christian,NM Coulter-Nile,2,0,"",""
ball,1,14.5,Melbourne Renegades,BJ Webster,DT Christian,NM Coulter-Nile,1,0,"",""
ball,1,14.6,Melbourne Renegades,DT Christian,BJ Webster,NM Coulter-Nile,1,0,"",""
ball,1,15.1,Melbourne Renegades,DT Christian,BJ Webster,LR Morris,1,0,"",""
ball,1,15.2,Melbourne Renegades,BJ Webster,DT Christian,LR Morris,0,0,"",""
ball,1,15.3,Melbourne Renegades,BJ Webster,DT Christian,LR Morris,6,0,"",""
ball,1,15.4,Melbourne Renegades,BJ Webster,DT Christian,LR Morris,1,0,"",""
ball,1,15.5,Melbourne Renegades,DT Christian,BJ Webster,LR Morris,1,0,"",""
ball,1,15.6,Melbourne Renegades,BJ Webster,DT Christian,LR Morris,1,0,"",""
ball,1,16.1,Melbourne Renegades,BJ Webster,DT Christian,S Lamichhane,0,0,caught,BJ Webster
ball,1,16.2,Melbourne Renegades,DT Christian,TLW Cooper,S Lamichhane,1,0,"",""
ball,1,16.3,Melbourne Renegades,TLW Cooper,DT Christian,S Lamichhane,0,0,"",""
ball,1,16.4,Melbourne Renegades,TLW Cooper,DT Christian,S Lamichhane,4,0,"",""
ball,1,16.5,Melbourne Renegades,TLW Cooper,DT Christian,S Lamichhane,0,0,"",""
ball,1,16.6,Melbourne Renegades,TLW Cooper,DT Christian,S Lamichhane,1,0,"",""
ball,1,17.1,Melbourne Renegades,TLW Cooper,DT Christian,Haris Rauf,1,0,"",""
ball,1,17.2,Melbourne Renegades,DT Christian,TLW Cooper,Haris Rauf,1,0,"",""
ball,1,17.3,Melbourne Renegades,TLW Cooper,DT Christian,Haris Rauf,4,0,"",""
ball,1,17.4,Melbourne Renegades,TLW Cooper,DT Christian,Haris Rauf,1,0,"",""
ball,1,17.5,Melbourne Renegades,DT Christian,TLW Cooper,Haris Rauf,0,0,caught,DT Christian
ball,1,17.6,Melbourne Renegades,TLW Cooper,SB Harper,Haris Rauf,0,1,"",""
ball,1,18.1,Melbourne Renegades,TLW Cooper,SB Harper,NM Coulter-Nile,4,0,"",""
ball,1,18.2,Melbourne Renegades,TLW Cooper,SB Harper,NM Coulter-Nile,0,0,"",""
ball,1,18.3,Melbourne Renegades,TLW Cooper,SB Harper,NM Coulter-Nile,0,2,"",""
ball,1,18.4,Melbourne Renegades,TLW Cooper,SB Harper,NM Coulter-Nile,0,0,"",""
ball,1,18.5,Melbourne Renegades,TLW Cooper,SB Harper,NM Coulter-Nile,0,0,caught,TLW Cooper
ball,1,18.6,Melbourne Renegades,SB Harper,SR Patel,NM Coulter-Nile,0,0,caught,SB Harper
ball,1,19.1,Melbourne Renegades,SR Patel,W Sutherland,Haris Rauf,1,0,"",""
ball,1,19.2,Melbourne Renegades,W Sutherland,SR Patel,Haris Rauf,0,0,"",""
ball,1,19.3,Melbourne Renegades,W Sutherland,SR Patel,Haris Rauf,0,0,"",""
ball,1,19.4,Melbourne Renegades,W Sutherland,SR Patel,Haris Rauf,0,0,"",""
ball,1,19.5,Melbourne Renegades,W Sutherland,SR Patel,Haris Rauf,0,0,"",""
ball,1,19.6,Melbourne Renegades,W Sutherland,SR Patel,Haris Rauf,1,0,run out,W Sutherland
ball,2,0.1,Melbourne Stars,MP Stoinis,HWR Cartwright,SR Patel,0,0,"",""
ball,2,0.2,Melbourne Stars,MP Stoinis,HWR Cartwright,SR Patel,0,1,"",""
ball,2,0.3,Melbourne Stars,MP Stoinis,HWR Cartwright,SR Patel,0,0,"",""
ball,2,0.4,Melbourne Stars,MP Stoinis,HWR Cartwright,SR Patel,0,0,caught,MP Stoinis
ball,2,0.5,Melbourne Stars,BR Dunk,HWR Cartwright,SR Patel,1,0,"",""
ball,2,0.6,Melbourne Stars,HWR Cartwright,BR Dunk,SR Patel,1,0,"",""
ball,2,0.7,Melbourne Stars,BR Dunk,HWR Cartwright,SR Patel,0,0,"",""
ball,2,1.1,Melbourne Stars,HWR Cartwright,BR Dunk,TLW Cooper,1,0,"",""
ball,2,1.2,Melbourne Stars,BR Dunk,HWR Cartwright,TLW Cooper,2,0,"",""
ball,2,1.3,Melbourne Stars,BR Dunk,HWR Cartwright,TLW Cooper,0,0,"",""
ball,2,1.4,Melbourne Stars,BR Dunk,HWR Cartwright,TLW Cooper,0,0,"",""
ball,2,1.5,Melbourne Stars,BR Dunk,HWR Cartwright,TLW Cooper,1,0,"",""
ball,2,1.6,Melbourne Stars,HWR Cartwright,BR Dunk,TLW Cooper,1,0,"",""
ball,2,2.1,Melbourne Stars,HWR Cartwright,BR Dunk,JM Mennie,0,0,"",""
ball,2,2.2,Melbourne Stars,HWR Cartwright,BR Dunk,JM Mennie,1,0,"",""
ball,2,2.3,Melbourne Stars,BR Dunk,HWR Cartwright,JM Mennie,1,0,"",""
ball,2,2.4,Melbourne Stars,HWR Cartwright,BR Dunk,JM Mennie,1,0,"",""
ball,2,2.5,Melbourne Stars,BR Dunk,HWR Cartwright,JM Mennie,1,0,"",""
ball,2,2.6,Melbourne Stars,HWR Cartwright,BR Dunk,JM Mennie,1,0,"",""
ball,2,3.1,Melbourne Stars,HWR Cartwright,BR Dunk,TLW Cooper,1,0,"",""
ball,2,3.2,Melbourne Stars,BR Dunk,HWR Cartwright,TLW Cooper,4,0,"",""
ball,2,3.3,Melbourne Stars,BR Dunk,HWR Cartwright,TLW Cooper,1,0,"",""
ball,2,3.4,Melbourne Stars,HWR Cartwright,BR Dunk,TLW Cooper,1,0,"",""
ball,2,3.5,Melbourne Stars,BR Dunk,HWR Cartwright,TLW Cooper,1,0,"",""
ball,2,3.6,Melbourne Stars,HWR Cartwright,BR Dunk,TLW Cooper,4,0,"",""
ball,2,4.1,Melbourne Stars,BR Dunk,HWR Cartwright,JM Mennie,1,0,"",""
ball,2,4.2,Melbourne Stars,HWR Cartwright,BR Dunk,JM Mennie,1,0,"",""
ball,2,4.3,Melbourne Stars,BR Dunk,HWR Cartwright,JM Mennie,0,1,"",""
ball,2,4.4,Melbourne Stars,HWR Cartwright,BR Dunk,JM Mennie,4,0,"",""
ball,2,4.5,Melbourne Stars,HWR Cartwright,BR Dunk,JM Mennie,2,0,"",""
ball,2,4.6,Melbourne Stars,HWR Cartwright,BR Dunk,JM Mennie,0,0,"",""
ball,2,5.1,Melbourne Stars,BR Dunk,HWR Cartwright,RJ Gleeson,1,0,"",""
ball,2,5.2,Melbourne Stars,HWR Cartwright,BR Dunk,RJ Gleeson,0,1,"",""
ball,2,5.3,Melbourne Stars,BR Dunk,HWR Cartwright,RJ Gleeson,0,0,caught,BR Dunk
ball,2,5.4,Melbourne Stars,NCR Larkin,HWR Cartwright,RJ Gleeson,1,0,"",""
ball,2,5.5,Melbourne Stars,HWR Cartwright,NCR Larkin,RJ Gleeson,4,0,"",""
ball,2,5.6,Melbourne Stars,HWR Cartwright,NCR Larkin,RJ Gleeson,1,0,"",""
ball,2,6.1,Melbourne Stars,HWR Cartwright,NCR Larkin,CJ Boyce,4,0,"",""
ball,2,6.2,Melbourne Stars,HWR Cartwright,NCR Larkin,CJ Boyce,6,0,"",""
ball,2,6.3,Melbourne Stars,HWR Cartwright,NCR Larkin,CJ Boyce,1,0,"",""
ball,2,6.4,Melbourne Stars,NCR Larkin,HWR Cartwright,CJ Boyce,1,0,"",""
ball,2,6.5,Melbourne Stars,HWR Cartwright,NCR Larkin,CJ Boyce,0,0,bowled,HWR Cartwright
ball,2,6.6,Melbourne Stars,GJ Maxwell,NCR Larkin,CJ Boyce,1,0,"",""
ball,2,7.1,Melbourne Stars,GJ Maxwell,NCR Larkin,SR Patel,1,0,"",""
ball,2,7.2,Melbourne Stars,NCR Larkin,GJ Maxwell,SR Patel,1,0,"",""
ball,2,7.3,Melbourne Stars,GJ Maxwell,NCR Larkin,SR Patel,1,0,"",""
ball,2,7.4,Melbourne Stars,NCR Larkin,GJ Maxwell,SR Patel,1,0,"",""
ball,2,7.5,Melbourne Stars,GJ Maxwell,NCR Larkin,SR Patel,1,0,"",""
ball,2,7.6,Melbourne Stars,NCR Larkin,GJ Maxwell,SR Patel,0,0,"",""
ball,2,8.1,Melbourne Stars,GJ Maxwell,NCR Larkin,DT Christian,1,0,"",""
ball,2,8.2,Melbourne Stars,NCR Larkin,GJ Maxwell,DT Christian,1,0,"",""
ball,2,8.3,Melbourne Stars,GJ Maxwell,NCR Larkin,DT Christian,1,0,"",""
ball,2,8.4,Melbourne Stars,NCR Larkin,GJ Maxwell,DT Christian,1,0,"",""
ball,2,8.5,Melbourne Stars,GJ Maxwell,NCR Larkin,DT Christian,0,0,"",""
ball,2,8.6,Melbourne Stars,GJ Maxwell,NCR Larkin,DT Christian,4,0,"",""
ball,2,9.1,Melbourne Stars,NCR Larkin,GJ Maxwell,CJ Boyce,1,0,"",""
ball,2,9.2,Melbourne Stars,GJ Maxwell,NCR Larkin,CJ Boyce,1,0,"",""
ball,2,9.3,Melbourne Stars,NCR Larkin,GJ Maxwell,CJ Boyce,1,0,"",""
ball,2,9.4,Melbourne Stars,GJ Maxwell,NCR Larkin,CJ Boyce,0,0,"",""
ball,2,9.5,Melbourne Stars,GJ Maxwell,NCR Larkin,CJ Boyce,1,0,"",""
ball,2,9.6,Melbourne Stars,NCR Larkin,GJ Maxwell,CJ Boyce,1,0,"",""
ball,2,10.1,Melbourne Stars,NCR Larkin,GJ Maxwell,W Sutherland,4,0,"",""
ball,2,10.2,Melbourne Stars,NCR Larkin,GJ Maxwell,W Sutherland,0,0,"",""
ball,2,10.3,Melbourne Stars,NCR Larkin,GJ Maxwell,W Sutherland,1,0,"",""
ball,2,10.4,Melbourne Stars,GJ Maxwell,NCR Larkin,W Sutherland,6,0,"",""
ball,2,10.5,Melbourne Stars,GJ Maxwell,NCR Larkin,W Sutherland,1,0,"",""
ball,2,10.6,Melbourne Stars,NCR Larkin,GJ Maxwell,W Sutherland,0,0,"",""
ball,2,11.1,Melbourne Stars,GJ Maxwell,NCR Larkin,SR Patel,2,0,"",""
ball,2,11.2,Melbourne Stars,GJ Maxwell,NCR Larkin,SR Patel,0,0,"",""
ball,2,11.3,Melbourne Stars,GJ Maxwell,NCR Larkin,SR Patel,2,0,"",""
ball,2,11.4,Melbourne Stars,GJ Maxwell,NCR Larkin,SR Patel,1,0,"",""
ball,2,11.5,Melbourne Stars,NCR Larkin,GJ Maxwell,SR Patel,1,0,"",""
ball,2,11.6,Melbourne Stars,GJ Maxwell,NCR Larkin,SR Patel,1,0,"",""
ball,2,12.1,Melbourne Stars,GJ Maxwell,NCR Larkin,CJ Boyce,2,0,"",""
ball,2,12.2,Melbourne Stars,GJ Maxwell,NCR Larkin,CJ Boyce,1,0,"",""
ball,2,12.3,Melbourne Stars,NCR Larkin,GJ Maxwell,CJ Boyce,1,0,"",""
ball,2,12.4,Melbourne Stars,GJ Maxwell,NCR Larkin,CJ Boyce,1,0,"",""
ball,2,12.5,Melbourne Stars,NCR Larkin,GJ Maxwell,CJ Boyce,1,0,"",""
ball,2,12.6,Melbourne Stars,GJ Maxwell,NCR Larkin,CJ Boyce,0,0,"",""
ball,2,13.1,Melbourne Stars,NCR Larkin,GJ Maxwell,DT Christian,2,0,"",""
ball,2,13.2,Melbourne Stars,NCR Larkin,GJ Maxwell,DT Christian,1,0,"",""
ball,2,13.3,Melbourne Stars,GJ Maxwell,NCR Larkin,DT Christian,0,0,"",""
ball,2,13.4,Melbourne Stars,GJ Maxwell,NCR Larkin,DT Christian,2,0,"",""
ball,2,13.5,Melbourne Stars,GJ Maxwell,NCR Larkin,DT Christian,0,0,"",""
ball,2,13.6,Melbourne Stars,GJ Maxwell,NCR Larkin,DT Christian,0,0,"",""
ball,2,14.1,Melbourne Stars,NCR Larkin,GJ Maxwell,SR Patel,1,0,"",""
ball,2,14.2,Melbourne Stars,GJ Maxwell,NCR Larkin,SR Patel,1,0,"",""
ball,2,14.3,Melbourne Stars,NCR Larkin,GJ Maxwell,SR Patel,1,0,"",""
ball,2,14.4,Melbourne Stars,GJ Maxwell,NCR Larkin,SR Patel,1,0,"",""
ball,2,14.5,Melbourne Stars,NCR Larkin,GJ Maxwell,SR Patel,1,0,"",""
ball,2,14.6,Melbourne Stars,GJ Maxwell,NCR Larkin,SR Patel,1,0,"",""
ball,2,15.1,Melbourne Stars,GJ Maxwell,NCR Larkin,JM Mennie,6,0,"",""
ball,2,15.2,Melbourne Stars,GJ Maxwell,NCR Larkin,JM Mennie,1,0,"",""
ball,2,15.3,Melbourne Stars,NCR Larkin,GJ Maxwell,JM Mennie,6,0,"",""
ball,2,15.4,Melbourne Stars,NCR Larkin,GJ Maxwell,JM Mennie,0,0,"",""
ball,2,15.5,Melbourne Stars,NCR Larkin,GJ Maxwell,JM Mennie,1,0,"",""
ball,2,15.6,Melbourne Stars,GJ Maxwell,NCR Larkin,JM Mennie,1,0,"",""
ball,2,16.1,Melbourne Stars,GJ Maxwell,NCR Larkin,CJ Boyce,6,0,"",""
ball,2,16.2,Melbourne Stars,GJ Maxwell,NCR Larkin,CJ Boyce,2,0,"",""
ball,2,16.3,Melbourne Stars,GJ Maxwell,NCR Larkin,CJ Boyce,2,0,"",""
ball,2,16.4,Melbourne Stars,GJ Maxwell,NCR Larkin,CJ Boyce,1,0,"",""
ball,2,16.5,Melbourne Stars,NCR Larkin,GJ Maxwell,CJ Boyce,0,0,"",""
ball,2,16.6,Melbourne Stars,NCR Larkin,GJ Maxwell,CJ Boyce,2,0,"",""
ball,2,17.1,Melbourne Stars,GJ Maxwell,NCR Larkin,RJ Gleeson,6,0,"",""
ball,2,17.2,Melbourne Stars,GJ Maxwell,NCR Larkin,RJ Gleeson,6,0,"",""
ball,2,17.3,Melbourne Stars,GJ Maxwell,NCR Larkin,RJ Gleeson,2,0,"",""
ball,2,17.4,Melbourne Stars,GJ Maxwell,NCR Larkin,RJ Gleeson,1,0,"",""
ball,2,17.5,Melbourne Stars,NCR Larkin,GJ Maxwell,RJ Gleeson,1,0,"",""
ball,2,17.6,Melbourne Stars,GJ Maxwell,NCR Larkin,RJ Gleeson,1,0,"",""
ball,2,18.1,Melbourne Stars,GJ Maxwell,NCR Larkin,DT Christian,0,0,"",""
ball,2,18.2,Melbourne Stars,GJ Maxwell,NCR Larkin,DT Christian,6,0,"",""
ball,2,18.3,Melbourne Stars,GJ Maxwell,NCR Larkin,DT Christian,2,0,"",""
ball,2,18.4,Melbourne Stars,GJ Maxwell,NCR Larkin,DT Christian,0,1,"",""
ball,2,18.5,Melbourne Stars,GJ Maxwell,NCR Larkin,DT Christian,6,0,"",""
