version,1.3.0
info,team,Sydney Thunder
info,team,Adelaide Strikers
info,gender,male
info,season,2019/20
info,date,2019/12/21
info,competition,Big Bash League
info,match_number,6
info,venue,Manuka Oval
info,city,Canberra
info,toss_winner,Sydney Thunder
info,toss_decision,field
info,umpire,P Wilson
info,umpire,SJ Nogajski
info,reserve_umpire,Berend du Plessis
info,tv_umpire,NR Johnstone
info,match_referee,DJ Harper
info,outcome,no result
ball,1,0.1,Adelaide Strikers,PD Salt,J Weatherald,DR Sams,0,0,"",""
ball,1,0.2,Adelaide Strikers,PD Salt,J Weatherald,DR Sams,0,0,"",""
ball,1,0.3,Adelaide Strikers,PD Salt,J Weatherald,DR Sams,0,0,"",""
ball,1,0.4,Adelaide Strikers,PD Salt,J Weatherald,DR Sams,0,0,"",""
ball,1,0.5,Adelaide Strikers,PD Salt,J Weatherald,DR Sams,0,0,caught,PD Salt
ball,1,0.6,Adelaide Strikers,J Weatherald,MW Short,DR Sams,0,0,"",""
ball,1,1.1,Adelaide Strikers,MW Short,J Weatherald,JD Cook,1,0,"",""
ball,1,1.2,Adelaide Strikers,J Weatherald,MW Short,JD Cook,1,0,"",""
ball,1,1.3,Adelaide Strikers,MW Short,J Weatherald,JD Cook,6,0,"",""
ball,1,1.4,Adelaide Strikers,MW Short,J Weatherald,JD Cook,0,0,lbw,MW Short
ball,1,1.5,Adelaide Strikers,AT Carey,J Weatherald,JD Cook,0,0,"",""
ball,1,1.6,Adelaide Strikers,AT Carey,J Weatherald,JD Cook,1,0,"",""
ball,1,2.1,Adelaide Strikers,AT Carey,J Weatherald,DR Sams,0,0,"",""
ball,1,2.2,Adelaide Strikers,AT Carey,J Weatherald,DR Sams,1,0,"",""
ball,1,2.3,Adelaide Strikers,J Weatherald,AT Carey,DR Sams,4,0,"",""
ball,1,2.4,Adelaide Strikers,J Weatherald,AT Carey,DR Sams,0,0,"",""
ball,1,2.5,Adelaide Strikers,J Weatherald,AT Carey,DR Sams,0,0,"",""
ball,1,2.6,Adelaide Strikers,J Weatherald,AT Carey,DR Sams,1,0,"",""
ball,1,3.1,Adelaide Strikers,J Weatherald,AT Carey,CJ Green,0,0,"",""
ball,1,3.2,Adelaide Strikers,J Weatherald,AT Carey,CJ Green,4,0,"",""
ball,1,3.3,Adelaide Strikers,J Weatherald,AT Carey,CJ Green,4,0,"",""
ball,1,3.4,Adelaide Strikers,J Weatherald,AT Carey,CJ Green,4,0,"",""
ball,1,3.5,Adelaide Strikers,J Weatherald,AT Carey,CJ Green,0,0,"",""
ball,1,3.6,Adelaide Strikers,J Weatherald,AT Carey,CJ Green,1,0,"",""
ball,1,4.1,Adelaide Strikers,J Weatherald,AT Carey,CH Morris,0,0,"",""
ball,1,4.2,Adelaide Strikers,J Weatherald,AT Carey,CH Morris,1,0,"",""
ball,1,4.3,Adelaide Strikers,AT Carey,J Weatherald,CH Morris,0,0,"",""
ball,1,4.4,Adelaide Strikers,AT Carey,J Weatherald,CH Morris,0,0,"",""
ball,1,4.5,Adelaide Strikers,AT Carey,J Weatherald,CH Morris,2,0,"",""
ball,1,4.6,Adelaide Strikers,AT Carey,J Weatherald,CH Morris,0,0,"",""
ball,1,5.1,Adelaide Strikers,J Weatherald,AT Carey,JD Cook,0,0,"",""
ball,1,5.2,Adelaide Strikers,J Weatherald,AT Carey,JD Cook,4,0,"",""
ball,1,5.3,Adelaide Strikers,J Weatherald,AT Carey,JD Cook,4,0,"",""
ball,1,5.4,Adelaide Strikers,J Weatherald,AT Carey,JD Cook,1,0,"",""
ball,1,5.5,Adelaide Strikers,AT Carey,J Weatherald,JD Cook,0,0,"",""
ball,1,5.6,Adelaide Strikers,AT Carey,J Weatherald,JD Cook,1,0,"",""
ball,1,6.1,Adelaide Strikers,AT Carey,J Weatherald,CP Tremain,0,0,"",""
ball,1,6.2,Adelaide Strikers,AT Carey,J Weatherald,CP Tremain,0,0,"",""
ball,1,6.3,Adelaide Strikers,AT Carey,J Weatherald,CP Tremain,1,0,"",""
ball,1,6.4,Adelaide Strikers,J Weatherald,AT Carey,CP Tremain,1,0,"",""
ball,1,6.5,Adelaide Strikers,AT Carey,J Weatherald,CP Tremain,1,0,"",""
ball,1,6.6,Adelaide Strikers,J Weatherald,AT Carey,CP Tremain,1,0,"",""
ball,1,7.1,Adelaide Strikers,J Weatherald,AT Carey,AJ Nair,1,0,"",""
ball,1,7.2,Adelaide Strikers,AT Carey,J Weatherald,AJ Nair,0,0,"",""
ball,1,7.3,Adelaide Strikers,AT Carey,J Weatherald,AJ Nair,1,0,"",""
ball,1,7.4,Adelaide Strikers,J Weatherald,AT Carey,AJ Nair,0,0,"",""
ball,1,7.5,Adelaide Strikers,J Weatherald,AT Carey,AJ Nair,1,0,"",""
ball,1,7.6,Adelaide Strikers,AT Carey,J Weatherald,AJ Nair,2,0,"",""
ball,1,8.1,Adelaide Strikers,J Weatherald,AT Carey,CJ Green,1,0,"",""
ball,1,8.2,Adelaide Strikers,AT Carey,J Weatherald,CJ Green,4,0,"",""
ball,1,8.3,Adelaide Strikers,AT Carey,J Weatherald,CJ Green,0,0,"",""
ball,1,8.4,Adelaide Strikers,AT Carey,J Weatherald,CJ Green,1,0,"",""
ball,1,8.5,Adelaide Strikers,J Weatherald,AT Carey,CJ Green,1,0,"",""
ball,1,8.6,Adelaide Strikers,AT Carey,J Weatherald,CJ Green,1,0,"",""
ball,1,9.1,Adelaide Strikers,AT Carey,J Weatherald,AJ Nair,1,0,"",""
ball,1,9.2,Adelaide Strikers,J Weatherald,AT Carey,AJ Nair,1,0,"",""
ball,1,9.3,Adelaide Strikers,AT Carey,J Weatherald,AJ Nair,1,0,"",""
ball,1,9.4,Adelaide Strikers,J Weatherald,AT Carey,AJ Nair,0,0,"",""
ball,1,9.5,Adelaide Strikers,J Weatherald,AT Carey,AJ Nair,4,0,"",""
ball,1,9.6,Adelaide Strikers,J Weatherald,AT Carey,AJ Nair,1,0,"",""
ball,1,10.1,Adelaide Strikers,J Weatherald,AT Carey,DR Sams,0,0,"",""
ball,1,10.2,Adelaide Strikers,J Weatherald,AT Carey,DR Sams,0,0,"",""
ball,1,10.3,Adelaide Strikers,J Weatherald,AT Carey,DR Sams,1,0,"",""
ball,1,10.4,Adelaide Strikers,AT Carey,J Weatherald,DR Sams,1,0,"",""
ball,1,10.5,Adelaide Strikers,J Weatherald,AT Carey,DR Sams,0,0,bowled,J Weatherald
ball,1,10.6,Adelaide Strikers,JW Wells,AT Carey,DR Sams,1,0,"",""
ball,1,11.1,Adelaide Strikers,JW Wells,AT Carey,JD Cook,1,0,"",""
ball,1,11.2,Adelaide Strikers,AT Carey,JW Wells,JD Cook,0,0,"",""
ball,1,11.3,Adelaide Strikers,AT Carey,JW Wells,JD Cook,1,0,"",""
ball,1,11.4,Adelaide Strikers,JW Wells,AT Carey,JD Cook,0,0,"",""
ball,1,11.5,Adelaide Strikers,JW Wells,AT Carey,JD Cook,0,0,"",""
ball,1,11.6,Adelaide Strikers,JW Wells,AT Carey,JD Cook,1,0,"",""
ball,1,12.1,Adelaide Strikers,JW Wells,AT Carey,CH Morris,4,0,"",""
ball,1,12.2,Adelaide Strikers,JW Wells,AT Carey,CH Morris,1,0,"",""
ball,1,12.3,Adelaide Strikers,AT Carey,JW Wells,CH Morris,0,0,"",""
ball,1,12.4,Adelaide Strikers,AT Carey,JW Wells,CH Morris,2,0,"",""
ball,1,12.5,Adelaide Strikers,AT Carey,JW Wells,CH Morris,0,1,"",""
ball,1,12.6,Adelaide Strikers,AT Carey,JW Wells,CH Morris,2,0,"",""
ball,1,12.7,Adelaide Strikers,AT Carey,JW Wells,CH Morris,4,0,"",""
ball,1,13.1,Adelaide Strikers,JW Wells,AT Carey,AJ Nair,1,0,"",""
ball,1,13.2,Adelaide Strikers,AT Carey,JW Wells,AJ Nair,1,0,"",""
ball,1,13.3,Adelaide Strikers,JW Wells,AT Carey,AJ Nair,1,0,"",""
ball,1,13.4,Adelaide Strikers,AT Carey,JW Wells,AJ Nair,0,0,"",""
ball,1,13.5,Adelaide Strikers,AT Carey,JW Wells,AJ Nair,1,0,"",""
ball,1,13.6,Adelaide Strikers,JW Wells,AT Carey,AJ Nair,4,0,"",""
ball,1,14.1,Adelaide Strikers,AT Carey,JW Wells,CP Tremain,2,0,"",""
ball,1,14.2,Adelaide Strikers,AT Carey,JW Wells,CP Tremain,1,0,"",""
ball,1,14.3,Adelaide Strikers,JW Wells,AT Carey,CP Tremain,0,0,"",""
ball,1,14.4,Adelaide Strikers,JW Wells,AT Carey,CP Tremain,1,0,"",""
ball,1,14.5,Adelaide Strikers,AT Carey,JW Wells,CP Tremain,4,0,"",""
ball,1,14.6,Adelaide Strikers,AT Carey,JW Wells,CP Tremain,1,0,"",""
ball,1,15.1,Adelaide Strikers,AT Carey,JW Wells,JD Cook,6,0,"",""
ball,1,15.2,Adelaide Strikers,AT Carey,JW Wells,JD Cook,1,0,"",""
ball,1,15.3,Adelaide Strikers,JW Wells,AT Carey,JD Cook,2,0,"",""
ball,1,15.4,Adelaide Strikers,JW Wells,AT Carey,JD Cook,6,0,"",""
ball,1,15.5,Adelaide Strikers,JW Wells,AT Carey,JD Cook,2,0,"",""
ball,1,15.6,Adelaide Strikers,JW Wells,AT Carey,JD Cook,1,0,"",""
ball,1,16.1,Adelaide Strikers,JW Wells,AT Carey,CH Morris,1,0,"",""
ball,1,16.2,Adelaide Strikers,AT Carey,JW Wells,CH Morris,0,0,caught,AT Carey
ball,1,16.3,Adelaide Strikers,JW Wells,Rashid Khan,CH Morris,1,0,"",""
ball,1,16.4,Adelaide Strikers,Rashid Khan,JW Wells,CH Morris,0,0,caught,Rashid Khan
ball,1,16.5,Adelaide Strikers,JW Wells,CL White,CH Morris,1,0,"",""
ball,1,16.6,Adelaide Strikers,CL White,JW Wells,CH Morris,1,0,"",""
ball,1,17.1,Adelaide Strikers,CL White,JW Wells,CP Tremain,1,0,"",""
ball,1,17.2,Adelaide Strikers,JW Wells,CL White,CP Tremain,1,0,"",""
ball,1,17.3,Adelaide Strikers,CL White,JW Wells,CP Tremain,4,0,"",""
ball,1,17.4,Adelaide Strikers,CL White,JW Wells,CP Tremain,1,0,"",""
ball,1,17.5,Adelaide Strikers,JW Wells,CL White,CP Tremain,6,0,"",""
ball,1,17.6,Adelaide Strikers,JW Wells,CL White,CP Tremain,1,0,"",""
ball,1,18.1,Adelaide Strikers,JW Wells,CL White,DR Sams,2,0,"",""
ball,1,18.2,Adelaide Strikers,JW Wells,CL White,DR Sams,4,0,"",""
ball,1,18.3,Adelaide Strikers,JW Wells,CL White,DR Sams,4,0,"",""
ball,1,18.4,Adelaide Strikers,JW Wells,CL White,DR Sams,0,0,"",""
ball,1,18.5,Adelaide Strikers,JW Wells,CL White,DR Sams,1,0,"",""
ball,1,18.6,Adelaide Strikers,CL White,JW Wells,DR Sams,1,0,"",""
ball,1,19.1,Adelaide Strikers,CL White,JW Wells,CH Morris,1,0,"",""
ball,1,19.2,Adelaide Strikers,JW Wells,CL White,CH Morris,4,0,"",""
ball,1,19.3,Adelaide Strikers,JW Wells,CL White,CH Morris,0,0,"",""
ball,1,19.4,Adelaide Strikers,JW Wells,CL White,CH Morris,0,0,"",""
ball,1,19.5,Adelaide Strikers,JW Wells,CL White,CH Morris,1,0,"",""
ball,1,19.6,Adelaide Strikers,CL White,JW Wells,CH Morris,0,2,"",""
ball,1,19.7,Adelaide Strikers,JW Wells,CL White,CH Morris,2,0,"",""
ball,2,0.1,Sydney Thunder,UT Khawaja,AD Hales,B Stanlake,0,0,"",""
ball,2,0.2,Sydney Thunder,UT Khawaja,AD Hales,B Stanlake,0,0,caught,UT Khawaja
ball,2,0.3,Sydney Thunder,CJ Ferguson,AD Hales,B Stanlake,4,0,"",""
ball,2,0.4,Sydney Thunder,CJ Ferguson,AD Hales,B Stanlake,4,0,"",""
ball,2,0.5,Sydney Thunder,CJ Ferguson,AD Hales,B Stanlake,0,0,"",""
ball,2,0.6,Sydney Thunder,CJ Ferguson,AD Hales,B Stanlake,0,0,"",""
ball,2,1.1,Sydney Thunder,AD Hales,CJ Ferguson,PM Siddle,0,0,"",""
ball,2,1.2,Sydney Thunder,AD Hales,CJ Ferguson,PM Siddle,0,0,"",""
ball,2,1.3,Sydney Thunder,AD Hales,CJ Ferguson,PM Siddle,1,0,"",""
ball,2,1.4,Sydney Thunder,CJ Ferguson,AD Hales,PM Siddle,1,0,"",""
ball,2,1.5,Sydney Thunder,AD Hales,CJ Ferguson,PM Siddle,4,0,"",""
ball,2,1.6,Sydney Thunder,AD Hales,CJ Ferguson,PM Siddle,0,0,"",""
ball,2,2.1,Sydney Thunder,CJ Ferguson,AD Hales,WA Agar,4,0,"",""
ball,2,2.2,Sydney Thunder,CJ Ferguson,AD Hales,WA Agar,1,0,"",""
ball,2,2.3,Sydney Thunder,AD Hales,CJ Ferguson,WA Agar,0,0,"",""
ball,2,2.4,Sydney Thunder,AD Hales,CJ Ferguson,WA Agar,1,0,"",""
ball,2,2.5,Sydney Thunder,CJ Ferguson,AD Hales,WA Agar,4,0,"",""
ball,2,2.6,Sydney Thunder,CJ Ferguson,AD Hales,WA Agar,4,0,"",""
ball,2,3.1,Sydney Thunder,AD Hales,CJ Ferguson,PM Siddle,0,0,"",""
ball,2,3.2,Sydney Thunder,AD Hales,CJ Ferguson,PM Siddle,4,0,"",""
ball,2,3.3,Sydney Thunder,AD Hales,CJ Ferguson,PM Siddle,1,0,"",""
ball,2,3.4,Sydney Thunder,CJ Ferguson,AD Hales,PM Siddle,0,0,"",""
ball,2,3.5,Sydney Thunder,CJ Ferguson,AD Hales,PM Siddle,0,0,"",""
ball,2,3.6,Sydney Thunder,CJ Ferguson,AD Hales,PM Siddle,1,0,"",""
ball,2,4.1,Sydney Thunder,CJ Ferguson,AD Hales,Rashid Khan,0,0,"",""
ball,2,4.2,Sydney Thunder,CJ Ferguson,AD Hales,Rashid Khan,4,0,"",""
ball,2,4.3,Sydney Thunder,CJ Ferguson,AD Hales,Rashid Khan,0,2,"",""
