version,1.3.0
info,team,Adelaide Strikers
info,team,Hobart Hurricanes
info,gender,male
info,season,2019/20
info,date,2020/01/26
info,competition,Big Bash League
info,match_number,55
info,venue,Adelaide Oval
info,city,Adelaide
info,toss_winner,Hobart Hurricanes
info,toss_decision,bat
info,player_of_match,MS Wade
info,umpire,MW Graham-Smith
info,umpire,GC Joshua
info,reserve_umpire,MV Waldron
info,tv_umpire,AK Wilds
info,match_referee,RW Stratford
info,winner,Hobart Hurricanes
info,winner_runs,10
ball,1,0.1,Hobart Hurricanes,MS Wade,DJM Short,TM Head,0,0,"",""
ball,1,0.2,Hobart Hurricanes,MS Wade,DJM Short,TM Head,4,0,"",""
ball,1,0.3,Hobart Hurricanes,MS Wade,DJM Short,TM Head,2,0,"",""
ball,1,0.4,Hobart Hurricanes,MS Wade,DJM Short,TM Head,0,0,"",""
ball,1,0.5,Hobart Hurricanes,MS Wade,DJM Short,TM Head,1,0,"",""
ball,1,0.6,Hobart Hurricanes,DJM Short,MS Wade,TM Head,1,0,"",""
ball,1,1.1,Hobart Hurricanes,DJM Short,MS Wade,MG Neser,0,0,"",""
ball,1,1.2,Hobart Hurricanes,DJM Short,MS Wade,MG Neser,4,0,"",""
ball,1,1.3,Hobart Hurricanes,DJM Short,MS Wade,MG Neser,2,0,"",""
ball,1,1.4,Hobart Hurricanes,DJM Short,MS Wade,MG Neser,0,0,"",""
ball,1,1.5,Hobart Hurricanes,DJM Short,MS Wade,MG Neser,1,0,"",""
ball,1,1.6,Hobart Hurricanes,MS Wade,DJM Short,MG Neser,4,0,"",""
ball,1,2.1,Hobart Hurricanes,DJM Short,MS Wade,MW Short,0,0,"",""
ball,1,2.2,Hobart Hurricanes,DJM Short,MS Wade,MW Short,0,0,"",""
ball,1,2.3,Hobart Hurricanes,DJM Short,MS Wade,MW Short,1,0,"",""
ball,1,2.4,Hobart Hurricanes,MS Wade,DJM Short,MW Short,0,2,"",""
ball,1,2.5,Hobart Hurricanes,DJM Short,MS Wade,MW Short,4,0,"",""
ball,1,2.6,Hobart Hurricanes,DJM Short,MS Wade,MW Short,1,0,"",""
ball,1,2.7,Hobart Hurricanes,MS Wade,DJM Short,MW Short,4,0,"",""
ball,1,3.1,Hobart Hurricanes,DJM Short,MS Wade,PM Siddle,0,1,"",""
ball,1,3.2,Hobart Hurricanes,MS Wade,DJM Short,PM Siddle,1,0,"",""
ball,1,3.3,Hobart Hurricanes,DJM Short,MS Wade,PM Siddle,0,1,"",""
ball,1,3.4,Hobart Hurricanes,DJM Short,MS Wade,PM Siddle,1,0,"",""
ball,1,3.5,Hobart Hurricanes,MS Wade,DJM Short,PM Siddle,1,0,"",""
ball,1,3.6,Hobart Hurricanes,DJM Short,MS Wade,PM Siddle,0,1,"",""
ball,1,3.7,Hobart Hurricanes,MS Wade,DJM Short,PM Siddle,1,0,"",""
ball,1,4.1,Hobart Hurricanes,MS Wade,DJM Short,WA Agar,4,0,"",""
ball,1,4.2,Hobart Hurricanes,MS Wade,DJM Short,WA Agar,2,0,"",""
ball,1,4.3,Hobart Hurricanes,MS Wade,DJM Short,WA Agar,1,0,"",""
ball,1,4.4,Hobart Hurricanes,DJM Short,MS Wade,WA Agar,0,0,"",""
ball,1,4.5,Hobart Hurricanes,DJM Short,MS Wade,WA Agar,1,0,"",""
ball,1,4.6,Hobart Hurricanes,MS Wade,DJM Short,WA Agar,4,0,"",""
ball,1,5.1,Hobart Hurricanes,DJM Short,MS Wade,Rashid Khan,1,0,"",""
ball,1,5.2,Hobart Hurricanes,MS Wade,DJM Short,Rashid Khan,2,0,"",""
ball,1,5.3,Hobart Hurricanes,MS Wade,DJM Short,Rashid Khan,0,0,"",""
ball,1,5.4,Hobart Hurricanes,MS Wade,DJM Short,Rashid Khan,2,0,"",""
ball,1,5.5,Hobart Hurricanes,MS Wade,DJM Short,Rashid Khan,4,0,"",""
ball,1,5.6,Hobart Hurricanes,MS Wade,DJM Short,Rashid Khan,1,0,"",""
ball,1,6.1,Hobart Hurricanes,MS Wade,DJM Short,TM Head,1,0,"",""
ball,1,6.2,Hobart Hurricanes,DJM Short,MS Wade,TM Head,2,0,"",""
ball,1,6.3,Hobart Hurricanes,DJM Short,MS Wade,TM Head,0,0,"",""
ball,1,6.4,Hobart Hurricanes,DJM Short,MS Wade,TM Head,1,0,"",""
ball,1,6.5,Hobart Hurricanes,MS Wade,DJM Short,TM Head,1,0,"",""
ball,1,6.6,Hobart Hurricanes,DJM Short,MS Wade,TM Head,4,0,"",""
ball,1,7.1,Hobart Hurricanes,MS Wade,DJM Short,B Stanlake,0,1,"",""
ball,1,7.2,Hobart Hurricanes,MS Wade,DJM Short,B Stanlake,0,1,"",""
ball,1,7.3,Hobart Hurricanes,MS Wade,DJM Short,B Stanlake,6,0,"",""
ball,1,7.4,Hobart Hurricanes,MS Wade,DJM Short,B Stanlake,1,0,"",""
ball,1,7.5,Hobart Hurricanes,DJM Short,MS Wade,B Stanlake,1,0,"",""
ball,1,7.6,Hobart Hurricanes,MS Wade,DJM Short,B Stanlake,4,0,"",""
ball,1,7.7,Hobart Hurricanes,MS Wade,DJM Short,B Stanlake,0,1,"",""
ball,1,7.8,Hobart Hurricanes,MS Wade,DJM Short,B Stanlake,6,0,"",""
ball,1,7.9,Hobart Hurricanes,MS Wade,DJM Short,B Stanlake,1,0,"",""
ball,1,8.1,Hobart Hurricanes,MS Wade,DJM Short,MG Neser,1,0,"",""
ball,1,8.2,Hobart Hurricanes,DJM Short,MS Wade,MG Neser,1,0,"",""
ball,1,8.3,Hobart Hurricanes,MS Wade,DJM Short,MG Neser,0,0,"",""
ball,1,8.4,Hobart Hurricanes,MS Wade,DJM Short,MG Neser,4,0,"",""
ball,1,8.5,Hobart Hurricanes,MS Wade,DJM Short,MG Neser,0,0,"",""
ball,1,8.6,Hobart Hurricanes,MS Wade,DJM Short,MG Neser,4,0,"",""
ball,1,9.1,Hobart Hurricanes,DJM Short,MS Wade,PM Siddle,0,0,"",""
ball,1,9.2,Hobart Hurricanes,DJM Short,MS Wade,PM Siddle,1,0,"",""
ball,1,9.3,Hobart Hurricanes,MS Wade,DJM Short,PM Siddle,1,0,"",""
ball,1,9.4,Hobart Hurricanes,DJM Short,MS Wade,PM Siddle,0,0,"",""
ball,1,9.5,Hobart Hurricanes,DJM Short,MS Wade,PM Siddle,2,0,"",""
ball,1,9.6,Hobart Hurricanes,DJM Short,MS Wade,PM Siddle,0,0,"",""
ball,1,10.1,Hobart Hurricanes,MS Wade,DJM Short,MW Short,1,0,"",""
ball,1,10.2,Hobart Hurricanes,DJM Short,MS Wade,MW Short,1,0,"",""
ball,1,10.3,Hobart Hurricanes,MS Wade,DJM Short,MW Short,1,0,"",""
ball,1,10.4,Hobart Hurricanes,DJM Short,MS Wade,MW Short,0,0,"",""
ball,1,10.5,Hobart Hurricanes,DJM Short,MS Wade,MW Short,1,0,"",""
ball,1,10.6,Hobart Hurricanes,MS Wade,DJM Short,MW Short,1,0,"",""
ball,1,11.1,Hobart Hurricanes,MS Wade,DJM Short,Rashid Khan,6,0,"",""
ball,1,11.2,Hobart Hurricanes,MS Wade,DJM Short,Rashid Khan,6,0,"",""
ball,1,11.3,Hobart Hurricanes,MS Wade,DJM Short,Rashid Khan,1,0,"",""
ball,1,11.4,Hobart Hurricanes,DJM Short,MS Wade,Rashid Khan,1,0,"",""
ball,1,11.5,Hobart Hurricanes,MS Wade,DJM Short,Rashid Khan,1,0,"",""
ball,1,11.6,Hobart Hurricanes,DJM Short,MS Wade,Rashid Khan,0,0,"",""
ball,1,12.1,Hobart Hurricanes,MS Wade,DJM Short,MW Short,2,0,"",""
ball,1,12.2,Hobart Hurricanes,MS Wade,DJM Short,MW Short,1,0,"",""
ball,1,12.3,Hobart Hurricanes,DJM Short,MS Wade,MW Short,0,1,"",""
ball,1,12.4,Hobart Hurricanes,DJM Short,MS Wade,MW Short,4,0,"",""
ball,1,12.5,Hobart Hurricanes,DJM Short,MS Wade,MW Short,1,0,"",""
ball,1,12.6,Hobart Hurricanes,MS Wade,DJM Short,MW Short,1,0,"",""
ball,1,12.7,Hobart Hurricanes,DJM Short,MS Wade,MW Short,1,0,"",""
ball,1,13.1,Hobart Hurricanes,DJM Short,MS Wade,WA Agar,0,0,"",""
ball,1,13.2,Hobart Hurricanes,DJM Short,MS Wade,WA Agar,0,0,"",""
ball,1,13.3,Hobart Hurricanes,DJM Short,MS Wade,WA Agar,0,0,"",""
ball,1,13.4,Hobart Hurricanes,DJM Short,MS Wade,WA Agar,0,0,"",""
ball,1,13.5,Hobart Hurricanes,DJM Short,MS Wade,WA Agar,1,0,"",""
ball,1,13.6,Hobart Hurricanes,MS Wade,DJM Short,WA Agar,1,0,"",""
ball,1,14.1,Hobart Hurricanes,MS Wade,DJM Short,Rashid Khan,1,0,"",""
ball,1,14.2,Hobart Hurricanes,DJM Short,MS Wade,Rashid Khan,6,0,"",""
ball,1,14.3,Hobart Hurricanes,DJM Short,MS Wade,Rashid Khan,1,0,"",""
ball,1,14.4,Hobart Hurricanes,MS Wade,DJM Short,Rashid Khan,1,0,"",""
ball,1,14.5,Hobart Hurricanes,DJM Short,MS Wade,Rashid Khan,0,0,"",""
ball,1,14.6,Hobart Hurricanes,DJM Short,MS Wade,Rashid Khan,1,0,"",""
ball,1,15.1,Hobart Hurricanes,DJM Short,MS Wade,PM Siddle,1,0,"",""
ball,1,15.2,Hobart Hurricanes,MS Wade,DJM Short,PM Siddle,1,0,"",""
ball,1,15.3,Hobart Hurricanes,DJM Short,MS Wade,PM Siddle,1,0,"",""
ball,1,15.4,Hobart Hurricanes,MS Wade,DJM Short,PM Siddle,6,0,"",""
ball,1,15.5,Hobart Hurricanes,MS Wade,DJM Short,PM Siddle,1,0,"",""
ball,1,15.6,Hobart Hurricanes,DJM Short,MS Wade,PM Siddle,0,1,"",""
ball,1,15.7,Hobart Hurricanes,DJM Short,MS Wade,PM Siddle,1,0,"",""
ball,1,16.1,Hobart Hurricanes,DJM Short,MS Wade,WA Agar,1,0,"",""
ball,1,16.2,Hobart Hurricanes,MS Wade,DJM Short,WA Agar,6,0,"",""
ball,1,16.3,Hobart Hurricanes,MS Wade,DJM Short,WA Agar,6,0,"",""
ball,1,16.4,Hobart Hurricanes,MS Wade,DJM Short,WA Agar,4,0,"",""
ball,1,16.5,Hobart Hurricanes,MS Wade,DJM Short,WA Agar,0,1,"",""
ball,1,16.6,Hobart Hurricanes,MS Wade,DJM Short,WA Agar,1,0,"",""
ball,1,16.7,Hobart Hurricanes,DJM Short,MS Wade,WA Agar,6,0,"",""
ball,1,17.1,Hobart Hurricanes,MS Wade,DJM Short,PM Siddle,1,0,"",""
ball,1,17.2,Hobart Hurricanes,DJM Short,MS Wade,PM Siddle,1,0,"",""
ball,1,17.3,Hobart Hurricanes,MS Wade,DJM Short,PM Siddle,1,0,"",""
ball,1,17.4,Hobart Hurricanes,DJM Short,MS Wade,PM Siddle,6,0,"",""
ball,1,17.5,Hobart Hurricanes,DJM Short,MS Wade,PM Siddle,2,0,"",""
ball,1,17.6,Hobart Hurricanes,DJM Short,MS Wade,PM Siddle,6,0,"",""
ball,1,18.1,Hobart Hurricanes,MS Wade,DJM Short,MG Neser,1,0,"",""
ball,1,18.2,Hobart Hurricanes,DJM Short,MS Wade,MG Neser,0,0,caught,DJM Short
ball,1,18.3,Hobart Hurricanes,MS Wade,BR McDermott,MG Neser,1,0,"",""
ball,1,18.4,Hobart Hurricanes,BR McDermott,MS Wade,MG Neser,1,0,"",""
ball,1,18.5,Hobart Hurricanes,MS Wade,BR McDermott,MG Neser,1,0,"",""
ball,1,18.6,Hobart Hurricanes,BR McDermott,MS Wade,MG Neser,1,0,"",""
ball,1,19.1,Hobart Hurricanes,BR McDermott,MS Wade,WA Agar,1,0,"",""
ball,1,19.2,Hobart Hurricanes,MS Wade,BR McDermott,WA Agar,1,0,"",""
ball,1,19.3,Hobart Hurricanes,BR McDermott,MS Wade,WA Agar,1,0,"",""
ball,1,19.4,Hobart Hurricanes,MS Wade,BR McDermott,WA Agar,2,0,"",""
ball,1,19.5,Hobart Hurricanes,MS Wade,BR McDermott,WA Agar,4,0,"",""
ball,1,19.6,Hobart Hurricanes,MS Wade,BR McDermott,WA Agar,1,0,"",""
ball,2,0.1,Adelaide Strikers,PD Salt,J Weatherald,JP Faulkner,4,0,"",""
ball,2,0.2,Adelaide Strikers,PD Salt,J Weatherald,JP Faulkner,0,0,"",""
ball,2,0.3,Adelaide Strikers,PD Salt,J Weatherald,JP Faulkner,1,0,"",""
ball,2,0.4,Adelaide Strikers,J Weatherald,PD Salt,JP Faulkner,1,0,"",""
ball,2,0.5,Adelaide Strikers,PD Salt,J Weatherald,JP Faulkner,4,0,"",""
ball,2,0.6,Adelaide Strikers,PD Salt,J Weatherald,JP Faulkner,4,0,"",""
ball,2,1.1,Adelaide Strikers,J Weatherald,PD Salt,CA Rose,1,0,"",""
ball,2,1.2,Adelaide Strikers,PD Salt,J Weatherald,CA Rose,4,0,"",""
ball,2,1.3,Adelaide Strikers,PD Salt,J Weatherald,CA Rose,0,0,"",""
ball,2,1.4,Adelaide Strikers,PD Salt,J Weatherald,CA Rose,1,0,"",""
ball,2,1.5,Adelaide Strikers,J Weatherald,PD Salt,CA Rose,0,0,caught,J Weatherald
ball,2,1.6,Adelaide Strikers,PD Salt,TM Head,CA Rose,1,0,"",""
ball,2,2.1,Adelaide Strikers,PD Salt,TM Head,JP Faulkner,4,0,"",""
ball,2,2.2,Adelaide Strikers,PD Salt,TM Head,JP Faulkner,0,4,"",""
ball,2,2.3,Adelaide Strikers,PD Salt,TM Head,JP Faulkner,0,1,"",""
ball,2,2.4,Adelaide Strikers,PD Salt,TM Head,JP Faulkner,1,0,"",""
ball,2,2.5,Adelaide Strikers,TM Head,PD Salt,JP Faulkner,0,0,"",""
ball,2,2.6,Adelaide Strikers,TM Head,PD Salt,JP Faulkner,0,4,"",""
ball,2,2.7,Adelaide Strikers,TM Head,PD Salt,JP Faulkner,1,0,"",""
ball,2,3.1,Adelaide Strikers,TM Head,PD Salt,NT Ellis,1,0,"",""
ball,2,3.2,Adelaide Strikers,PD Salt,TM Head,NT Ellis,0,1,"",""
ball,2,3.3,Adelaide Strikers,TM Head,PD Salt,NT Ellis,0,0,"",""
ball,2,3.4,Adelaide Strikers,TM Head,PD Salt,NT Ellis,0,0,"",""
ball,2,3.5,Adelaide Strikers,TM Head,PD Salt,NT Ellis,1,0,"",""
ball,2,3.6,Adelaide Strikers,PD Salt,TM Head,NT Ellis,4,0,"",""
ball,2,4.1,Adelaide Strikers,TM Head,PD Salt,SM Boland,1,0,"",""
ball,2,4.2,Adelaide Strikers,PD Salt,TM Head,SM Boland,6,0,"",""
ball,2,4.3,Adelaide Strikers,PD Salt,TM Head,SM Boland,4,0,"",""
ball,2,4.4,Adelaide Strikers,PD Salt,TM Head,SM Boland,1,0,"",""
ball,2,4.5,Adelaide Strikers,TM Head,PD Salt,SM Boland,1,0,"",""
ball,2,4.6,Adelaide Strikers,PD Salt,TM Head,SM Boland,1,0,"",""
ball,2,5.1,Adelaide Strikers,PD Salt,TM Head,NT Ellis,0,0,"",""
ball,2,5.2,Adelaide Strikers,PD Salt,TM Head,NT Ellis,2,0,"",""
ball,2,5.3,Adelaide Strikers,PD Salt,TM Head,NT Ellis,1,0,"",""
ball,2,5.4,Adelaide Strikers,TM Head,PD Salt,NT Ellis,1,0,"",""
ball,2,5.5,Adelaide Strikers,PD Salt,TM Head,NT Ellis,4,0,"",""
ball,2,5.6,Adelaide Strikers,PD Salt,TM Head,NT Ellis,1,0,"",""
ball,2,6.1,Adelaide Strikers,PD Salt,TM Head,Qais Ahmad,1,0,"",""
ball,2,6.2,Adelaide Strikers,TM Head,PD Salt,Qais Ahmad,0,0,"",""
ball,2,6.3,Adelaide Strikers,TM Head,PD Salt,Qais Ahmad,0,0,"",""
ball,2,6.4,Adelaide Strikers,TM Head,PD Salt,Qais Ahmad,1,0,"",""
ball,2,6.5,Adelaide Strikers,PD Salt,TM Head,Qais Ahmad,1,0,"",""
ball,2,6.6,Adelaide Strikers,TM Head,PD Salt,Qais Ahmad,1,0,"",""
ball,2,7.1,Adelaide Strikers,TM Head,PD Salt,JP Faulkner,0,0,"",""
ball,2,7.2,Adelaide Strikers,TM Head,PD Salt,JP Faulkner,1,0,"",""
ball,2,7.3,Adelaide Strikers,PD Salt,TM Head,JP Faulkner,0,0,"",""
ball,2,7.4,Adelaide Strikers,PD Salt,TM Head,JP Faulkner,1,0,"",""
ball,2,7.5,Adelaide Strikers,TM Head,PD Salt,JP Faulkner,1,0,"",""
ball,2,7.6,Adelaide Strikers,PD Salt,TM Head,JP Faulkner,6,0,"",""
ball,2,8.1,Adelaide Strikers,TM Head,PD Salt,Qais Ahmad,0,0,"",""
ball,2,8.2,Adelaide Strikers,TM Head,PD Salt,Qais Ahmad,6,0,"",""
ball,2,8.3,Adelaide Strikers,TM Head,PD Salt,Qais Ahmad,3,0,"",""
ball,2,8.4,Adelaide Strikers,PD Salt,TM Head,Qais Ahmad,1,0,"",""
ball,2,8.5,Adelaide Strikers,TM Head,PD Salt,Qais Ahmad,1,0,"",""
ball,2,8.6,Adelaide Strikers,PD Salt,TM Head,Qais Ahmad,4,0,"",""
ball,2,9.1,Adelaide Strikers,TM Head,PD Salt,SM Boland,1,0,"",""
ball,2,9.2,Adelaide Strikers,PD Salt,TM Head,SM Boland,0,0,"",""
ball,2,9.3,Adelaide Strikers,PD Salt,TM Head,SM Boland,4,0,"",""
ball,2,9.4,Adelaide Strikers,PD Salt,TM Head,SM Boland,0,0,caught,PD Salt
ball,2,9.5,Adelaide Strikers,AT Carey,TM Head,SM Boland,2,0,"",""
ball,2,9.6,Adelaide Strikers,AT Carey,TM Head,SM Boland,0,0,"",""
ball,2,10.1,Adelaide Strikers,TM Head,AT Carey,DJM Short,0,0,"",""
ball,2,10.2,Adelaide Strikers,TM Head,AT Carey,DJM Short,4,0,"",""
ball,2,10.3,Adelaide Strikers,TM Head,AT Carey,DJM Short,0,0,"",""
ball,2,10.4,Adelaide Strikers,TM Head,AT Carey,DJM Short,0,1,"",""
ball,2,10.5,Adelaide Strikers,TM Head,AT Carey,DJM Short,6,0,"",""
ball,2,10.6,Adelaide Strikers,TM Head,AT Carey,DJM Short,0,0,"",""
ball,2,10.7,Adelaide Strikers,TM Head,AT Carey,DJM Short,0,0,"",""
ball,2,11.1,Adelaide Strikers,AT Carey,TM Head,Qais Ahmad,1,0,"",""
ball,2,11.2,Adelaide Strikers,TM Head,AT Carey,Qais Ahmad,1,0,"",""
ball,2,11.3,Adelaide Strikers,AT Carey,TM Head,Qais Ahmad,2,0,"",""
ball,2,11.4,Adelaide Strikers,AT Carey,TM Head,Qais Ahmad,6,0,"",""
ball,2,11.5,Adelaide Strikers,AT Carey,TM Head,Qais Ahmad,0,0,"",""
ball,2,11.6,Adelaide Strikers,AT Carey,TM Head,Qais Ahmad,2,0,"",""
ball,2,12.1,Adelaide Strikers,TM Head,AT Carey,SM Boland,1,0,"",""
ball,2,12.2,Adelaide Strikers,AT Carey,TM Head,SM Boland,0,0,"",""
ball,2,12.3,Adelaide Strikers,AT Carey,TM Head,SM Boland,0,0,"",""
ball,2,12.4,Adelaide Strikers,AT Carey,TM Head,SM Boland,1,0,"",""
ball,2,12.5,Adelaide Strikers,TM Head,AT Carey,SM Boland,4,0,"",""
ball,2,12.6,Adelaide Strikers,TM Head,AT Carey,SM Boland,1,0,"",""
ball,2,13.1,Adelaide Strikers,TM Head,AT Carey,DJM Short,4,0,"",""
ball,2,13.2,Adelaide Strikers,TM Head,AT Carey,DJM Short,3,0,"",""
ball,2,13.3,Adelaide Strikers,AT Carey,TM Head,DJM Short,1,0,"",""
ball,2,13.4,Adelaide Strikers,TM Head,AT Carey,DJM Short,1,0,"",""
ball,2,13.5,Adelaide Strikers,AT Carey,TM Head,DJM Short,1,0,"",""
ball,2,13.6,Adelaide Strikers,TM Head,AT Carey,DJM Short,1,0,"",""
ball,2,14.1,Adelaide Strikers,TM Head,AT Carey,SM Boland,0,0,bowled,TM Head
ball,2,14.2,Adelaide Strikers,JW Wells,AT Carey,SM Boland,1,0,"",""
ball,2,14.3,Adelaide Strikers,AT Carey,JW Wells,SM Boland,4,0,"",""
ball,2,14.4,Adelaide Strikers,AT Carey,JW Wells,SM Boland,4,0,"",""
ball,2,14.5,Adelaide Strikers,AT Carey,JW Wells,SM Boland,0,0,"",""
ball,2,14.6,Adelaide Strikers,AT Carey,JW Wells,SM Boland,4,0,"",""
ball,2,15.1,Adelaide Strikers,JW Wells,AT Carey,DJM Short,6,0,"",""
ball,2,15.2,Adelaide Strikers,JW Wells,AT Carey,DJM Short,0,0,"",""
ball,2,15.3,Adelaide Strikers,JW Wells,AT Carey,DJM Short,6,0,"",""
ball,2,15.4,Adelaide Strikers,JW Wells,AT Carey,DJM Short,1,0,"",""
ball,2,15.5,Adelaide Strikers,AT Carey,JW Wells,DJM Short,1,0,"",""
ball,2,15.6,Adelaide Strikers,JW Wells,AT Carey,DJM Short,1,0,"",""
ball,2,16.1,Adelaide Strikers,JW Wells,AT Carey,CA Rose,0,0,bowled,JW Wells
ball,2,16.2,Adelaide Strikers,Rashid Khan,AT Carey,CA Rose,1,0,"",""
ball,2,16.3,Adelaide Strikers,AT Carey,Rashid Khan,CA Rose,1,0,"",""
ball,2,16.4,Adelaide Strikers,Rashid Khan,AT Carey,CA Rose,1,0,"",""
ball,2,16.5,Adelaide Strikers,AT Carey,Rashid Khan,CA Rose,0,0,"",""
ball,2,16.6,Adelaide Strikers,AT Carey,Rashid Khan,CA Rose,6,0,"",""
ball,2,17.1,Adelaide Strikers,Rashid Khan,AT Carey,NT Ellis,6,0,"",""
ball,2,17.2,Adelaide Strikers,Rashid Khan,AT Carey,NT Ellis,0,0,lbw,Rashid Khan
ball,2,17.3,Adelaide Strikers,MW Short,AT Carey,NT Ellis,1,0,"",""
ball,2,17.4,Adelaide Strikers,AT Carey,MW Short,NT Ellis,2,0,"",""
ball,2,17.5,Adelaide Strikers,AT Carey,MW Short,NT Ellis,1,0,"",""
ball,2,17.6,Adelaide Strikers,MW Short,AT Carey,NT Ellis,2,0,"",""
ball,2,18.1,Adelaide Strikers,AT Carey,MW Short,JP Faulkner,0,0,"",""
ball,2,18.2,Adelaide Strikers,AT Carey,MW Short,JP Faulkner,0,0,caught,AT Carey
ball,2,18.3,Adelaide Strikers,MW Short,MG Neser,JP Faulkner,1,0,"",""
ball,2,18.4,Adelaide Strikers,MG Neser,MW Short,JP Faulkner,2,0,"",""
ball,2,18.5,Adelaide Strikers,MG Neser,MW Short,JP Faulkner,1,0,"",""
ball,2,18.6,Adelaide Strikers,MW Short,MG Neser,JP Faulkner,1,0,"",""
ball,2,19.1,Adelaide Strikers,MW Short,MG Neser,NT Ellis,1,0,"",""
ball,2,19.2,Adelaide Strikers,MG Neser,MW Short,NT Ellis,0,2,run out,MW Short
ball,2,19.3,Adelaide Strikers,PM Siddle,MG Neser,NT Ellis,1,0,"",""
ball,2,19.4,Adelaide Strikers,MG Neser,PM Siddle,NT Ellis,6,0,"",""
ball,2,19.5,Adelaide Strikers,MG Neser,PM Siddle,NT Ellis,0,0,lbw,MG Neser
ball,2,19.6,Adelaide Strikers,WA Agar,PM Siddle,NT Ellis,1,0,"",""
