version,1.3.0
info,team,Perth Scorchers
info,team,Sydney Thunder
info,gender,male
info,season,2019/20
info,date,2020/01/20
info,competition,Big Bash League
info,match_number,46
info,venue,Perth Stadium
info,city,Perth
info,toss_winner,Sydney Thunder
info,toss_decision,bat
info,player_of_match,LS Livingstone
info,umpire,PJ Gillespie
info,umpire,GC Joshua
info,reserve_umpire,T Steenholdt
info,tv_umpire,NR Johnstone
info,match_referee,SR Bernard
info,winner,Perth Scorchers
info,winner_wickets,8
ball,1,0.1,Sydney Thunder,UT Khawaja,AD Hales,JA Richardson,1,0,"",""
ball,1,0.2,Sydney Thunder,AD Hales,UT Khawaja,JA Richardson,0,1,"",""
ball,1,0.3,Sydney Thunder,UT Khawaja,AD Hales,JA Richardson,0,0,"",""
ball,1,0.4,Sydney Thunder,UT Khawaja,AD Hales,JA Richardson,4,0,"",""
ball,1,0.5,Sydney Thunder,UT Khawaja,AD Hales,JA Richardson,1,0,"",""
ball,1,0.6,Sydney Thunder,AD Hales,UT Khawaja,JA Richardson,0,0,"",""
ball,1,1.1,Sydney Thunder,UT Khawaja,AD Hales,M Kelly,0,1,"",""
ball,1,1.2,Sydney Thunder,UT Khawaja,AD Hales,M Kelly,0,0,"",""
ball,1,1.3,Sydney Thunder,UT Khawaja,AD Hales,M Kelly,1,0,"",""
ball,1,1.4,Sydney Thunder,AD Hales,UT Khawaja,M Kelly,4,0,"",""
ball,1,1.5,Sydney Thunder,AD Hales,UT Khawaja,M Kelly,1,0,"",""
ball,1,1.6,Sydney Thunder,UT Khawaja,AD Hales,M Kelly,1,0,"",""
ball,1,1.7,Sydney Thunder,AD Hales,UT Khawaja,M Kelly,0,0,"",""
ball,1,2.1,Sydney Thunder,UT Khawaja,AD Hales,JA Richardson,0,0,"",""
ball,1,2.2,Sydney Thunder,UT Khawaja,AD Hales,JA Richardson,0,0,"",""
ball,1,2.3,Sydney Thunder,UT Khawaja,AD Hales,JA Richardson,2,0,"",""
ball,1,2.4,Sydney Thunder,UT Khawaja,AD Hales,JA Richardson,1,0,"",""
ball,1,2.5,Sydney Thunder,AD Hales,UT Khawaja,JA Richardson,0,0,"",""
ball,1,2.6,Sydney Thunder,AD Hales,UT Khawaja,JA Richardson,0,0,"",""
ball,1,3.1,Sydney Thunder,UT Khawaja,AD Hales,MR Marsh,0,0,caught,UT Khawaja
ball,1,3.2,Sydney Thunder,CJ Ferguson,AD Hales,MR Marsh,1,0,"",""
ball,1,3.3,Sydney Thunder,AD Hales,CJ Ferguson,MR Marsh,4,0,"",""
ball,1,3.4,Sydney Thunder,AD Hales,CJ Ferguson,MR Marsh,2,0,"",""
ball,1,3.5,Sydney Thunder,AD Hales,CJ Ferguson,MR Marsh,0,0,"",""
ball,1,3.6,Sydney Thunder,AD Hales,CJ Ferguson,MR Marsh,0,0,"",""
ball,1,4.1,Sydney Thunder,CJ Ferguson,AD Hales,M Kelly,0,1,"",""
ball,1,4.2,Sydney Thunder,AD Hales,CJ Ferguson,M Kelly,1,0,"",""
ball,1,4.3,Sydney Thunder,CJ Ferguson,AD Hales,M Kelly,0,0,"",""
ball,1,4.4,Sydney Thunder,CJ Ferguson,AD Hales,M Kelly,0,0,"",""
ball,1,4.5,Sydney Thunder,CJ Ferguson,AD Hales,M Kelly,1,0,"",""
ball,1,4.6,Sydney Thunder,AD Hales,CJ Ferguson,M Kelly,0,0,"",""
ball,1,5.1,Sydney Thunder,CJ Ferguson,AD Hales,CJ Jordan,0,0,"",""
ball,1,5.2,Sydney Thunder,CJ Ferguson,AD Hales,CJ Jordan,0,0,"",""
ball,1,5.3,Sydney Thunder,CJ Ferguson,AD Hales,CJ Jordan,0,0,"",""
ball,1,5.4,Sydney Thunder,CJ Ferguson,AD Hales,CJ Jordan,0,1,"",""
ball,1,5.5,Sydney Thunder,CJ Ferguson,AD Hales,CJ Jordan,1,0,"",""
ball,1,5.6,Sydney Thunder,AD Hales,CJ Ferguson,CJ Jordan,1,0,"",""
ball,1,5.7,Sydney Thunder,CJ Ferguson,AD Hales,CJ Jordan,1,0,"",""
ball,1,6.1,Sydney Thunder,CJ Ferguson,AD Hales,Fawad Ahmed,0,0,caught,CJ Ferguson
ball,1,6.2,Sydney Thunder,AJ Nair,AD Hales,Fawad Ahmed,0,5,"",""
ball,1,6.3,Sydney Thunder,AJ Nair,AD Hales,Fawad Ahmed,1,0,"",""
ball,1,6.4,Sydney Thunder,AD Hales,AJ Nair,Fawad Ahmed,1,0,"",""
ball,1,6.5,Sydney Thunder,AJ Nair,AD Hales,Fawad Ahmed,0,0,"",""
ball,1,6.6,Sydney Thunder,AJ Nair,AD Hales,Fawad Ahmed,1,0,"",""
ball,1,6.7,Sydney Thunder,AD Hales,AJ Nair,Fawad Ahmed,1,0,"",""
ball,1,7.1,Sydney Thunder,AD Hales,AJ Nair,MR Marsh,0,0,"",""
ball,1,7.2,Sydney Thunder,AD Hales,AJ Nair,MR Marsh,0,0,"",""
ball,1,7.3,Sydney Thunder,AD Hales,AJ Nair,MR Marsh,4,0,"",""
ball,1,7.4,Sydney Thunder,AD Hales,AJ Nair,MR Marsh,4,0,"",""
ball,1,7.5,Sydney Thunder,AD Hales,AJ Nair,MR Marsh,1,0,"",""
ball,1,7.6,Sydney Thunder,AJ Nair,AD Hales,MR Marsh,3,0,"",""
ball,1,8.1,Sydney Thunder,AJ Nair,AD Hales,Fawad Ahmed,1,0,"",""
ball,1,8.2,Sydney Thunder,AD Hales,AJ Nair,Fawad Ahmed,0,0,"",""
ball,1,8.3,Sydney Thunder,AD Hales,AJ Nair,Fawad Ahmed,1,0,"",""
ball,1,8.4,Sydney Thunder,AJ Nair,AD Hales,Fawad Ahmed,1,0,"",""
ball,1,8.5,Sydney Thunder,AD Hales,AJ Nair,Fawad Ahmed,1,0,"",""
ball,1,8.6,Sydney Thunder,AJ Nair,AD Hales,Fawad Ahmed,1,0,"",""
ball,1,9.1,Sydney Thunder,AJ Nair,AD Hales,LS Livingstone,1,0,"",""
ball,1,9.2,Sydney Thunder,AD Hales,AJ Nair,LS Livingstone,1,0,"",""
ball,1,9.3,Sydney Thunder,AJ Nair,AD Hales,LS Livingstone,1,0,"",""
ball,1,9.4,Sydney Thunder,AD Hales,AJ Nair,LS Livingstone,4,0,"",""
ball,1,9.5,Sydney Thunder,AD Hales,AJ Nair,LS Livingstone,6,0,"",""
ball,1,9.6,Sydney Thunder,AD Hales,AJ Nair,LS Livingstone,1,0,"",""
ball,1,10.1,Sydney Thunder,AD Hales,AJ Nair,Fawad Ahmed,2,0,"",""
ball,1,10.2,Sydney Thunder,AD Hales,AJ Nair,Fawad Ahmed,1,0,"",""
ball,1,10.3,Sydney Thunder,AJ Nair,AD Hales,Fawad Ahmed,1,0,"",""
ball,1,10.4,Sydney Thunder,AD Hales,AJ Nair,Fawad Ahmed,0,0,"",""
ball,1,10.5,Sydney Thunder,AD Hales,AJ Nair,Fawad Ahmed,0,0,"",""
ball,1,10.6,Sydney Thunder,AD Hales,AJ Nair,Fawad Ahmed,4,0,"",""
ball,1,11.1,Sydney Thunder,AJ Nair,AD Hales,CJ Jordan,0,0,caught,AJ Nair
ball,1,11.2,Sydney Thunder,DR Sams,AD Hales,CJ Jordan,1,0,"",""
ball,1,11.3,Sydney Thunder,AD Hales,DR Sams,CJ Jordan,1,0,"",""
ball,1,11.4,Sydney Thunder,DR Sams,AD Hales,CJ Jordan,0,0,caught,DR Sams
ball,1,11.5,Sydney Thunder,AI Ross,AD Hales,CJ Jordan,1,0,"",""
ball,1,11.6,Sydney Thunder,AD Hales,AI Ross,CJ Jordan,1,0,"",""
ball,1,12.1,Sydney Thunder,AD Hales,AI Ross,Fawad Ahmed,1,0,"",""
ball,1,12.2,Sydney Thunder,AI Ross,AD Hales,Fawad Ahmed,1,0,"",""
ball,1,12.3,Sydney Thunder,AD Hales,AI Ross,Fawad Ahmed,0,0,"",""
ball,1,12.4,Sydney Thunder,AD Hales,AI Ross,Fawad Ahmed,0,0,"",""
ball,1,12.5,Sydney Thunder,AD Hales,AI Ross,Fawad Ahmed,1,0,"",""
ball,1,12.6,Sydney Thunder,AI Ross,AD Hales,Fawad Ahmed,2,0,"",""
ball,1,13.1,Sydney Thunder,AD Hales,AI Ross,JA Richardson,1,0,"",""
ball,1,13.2,Sydney Thunder,AI Ross,AD Hales,JA Richardson,0,0,"",""
ball,1,13.3,Sydney Thunder,AI Ross,AD Hales,JA Richardson,2,0,"",""
ball,1,13.4,Sydney Thunder,AI Ross,AD Hales,JA Richardson,0,0,"",""
ball,1,13.5,Sydney Thunder,AI Ross,AD Hales,JA Richardson,0,0,"",""
ball,1,13.6,Sydney Thunder,AI Ross,AD Hales,JA Richardson,0,0,"",""
ball,1,14.1,Sydney Thunder,AD Hales,AI Ross,M Kelly,4,0,"",""
ball,1,14.2,Sydney Thunder,AD Hales,AI Ross,M Kelly,1,0,"",""
ball,1,14.3,Sydney Thunder,AI Ross,AD Hales,M Kelly,0,0,"",""
ball,1,14.4,Sydney Thunder,AI Ross,AD Hales,M Kelly,0,0,"",""
ball,1,14.5,Sydney Thunder,AI Ross,AD Hales,M Kelly,0,1,"",""
ball,1,14.6,Sydney Thunder,AD Hales,AI Ross,M Kelly,0,0,"",""
ball,1,15.1,Sydney Thunder,AI Ross,AD Hales,MR Marsh,1,0,"",""
ball,1,15.2,Sydney Thunder,AD Hales,AI Ross,MR Marsh,1,0,"",""
ball,1,15.3,Sydney Thunder,AI Ross,AD Hales,MR Marsh,1,0,"",""
ball,1,15.4,Sydney Thunder,AI Ross,AD Hales,MR Marsh,1,1,"",""
ball,1,15.5,Sydney Thunder,AI Ross,AD Hales,MR Marsh,0,0,"",""
ball,1,15.6,Sydney Thunder,AD Hales,AI Ross,MR Marsh,1,0,"",""
ball,1,15.7,Sydney Thunder,AD Hales,AI Ross,MR Marsh,6,0,"",""
ball,1,16.1,Sydney Thunder,AI Ross,AD Hales,CJ Jordan,1,0,"",""
ball,1,16.2,Sydney Thunder,AD Hales,AI Ross,CJ Jordan,6,0,"",""
ball,1,16.3,Sydney Thunder,AD Hales,AI Ross,CJ Jordan,0,0,"",""
ball,1,16.4,Sydney Thunder,AD Hales,AI Ross,CJ Jordan,0,0,"",""
ball,1,16.5,Sydney Thunder,AD Hales,AI Ross,CJ Jordan,0,0,"",""
ball,1,16.6,Sydney Thunder,AD Hales,AI Ross,CJ Jordan,0,1,"",""
ball,1,16.7,Sydney Thunder,AD Hales,AI Ross,CJ Jordan,4,0,"",""
ball,1,17.1,Sydney Thunder,AI Ross,AD Hales,M Kelly,0,0,"",""
ball,1,17.2,Sydney Thunder,AI Ross,AD Hales,M Kelly,0,1,"",""
ball,1,17.3,Sydney Thunder,AI Ross,AD Hales,M Kelly,4,0,"",""
ball,1,17.4,Sydney Thunder,AI Ross,AD Hales,M Kelly,4,0,"",""
ball,1,17.5,Sydney Thunder,AI Ross,AD Hales,M Kelly,1,0,"",""
ball,1,17.6,Sydney Thunder,AD Hales,AI Ross,M Kelly,1,0,"",""
ball,1,17.7,Sydney Thunder,AI Ross,AD Hales,M Kelly,0,0,"",""
ball,1,18.1,Sydney Thunder,AD Hales,AI Ross,JA Richardson,2,0,"",""
ball,1,18.2,Sydney Thunder,AD Hales,AI Ross,JA Richardson,4,0,"",""
ball,1,18.3,Sydney Thunder,AD Hales,AI Ross,JA Richardson,0,0,"",""
ball,1,18.4,Sydney Thunder,AD Hales,AI Ross,JA Richardson,4,0,"",""
ball,1,18.5,Sydney Thunder,AD Hales,AI Ross,JA Richardson,1,0,"",""
ball,1,18.6,Sydney Thunder,AI Ross,AD Hales,JA Richardson,1,0,"",""
ball,1,19.1,Sydney Thunder,AI Ross,AD Hales,CJ Jordan,1,0,"",""
ball,1,19.2,Sydney Thunder,AD Hales,AI Ross,CJ Jordan,0,0,"",""
ball,1,19.3,Sydney Thunder,AD Hales,AI Ross,CJ Jordan,0,0,caught,AD Hales
ball,1,19.4,Sydney Thunder,AI Ross,CH Morris,CJ Jordan,1,0,"",""
ball,1,19.5,Sydney Thunder,CH Morris,AI Ross,CJ Jordan,4,0,"",""
ball,1,19.6,Sydney Thunder,CH Morris,AI Ross,CJ Jordan,2,0,"",""
ball,2,0.1,Perth Scorchers,JP Inglis,LS Livingstone,DR Sams,4,0,"",""
ball,2,0.2,Perth Scorchers,JP Inglis,LS Livingstone,DR Sams,0,1,"",""
ball,2,0.3,Perth Scorchers,JP Inglis,LS Livingstone,DR Sams,4,0,"",""
ball,2,0.4,Perth Scorchers,JP Inglis,LS Livingstone,DR Sams,4,0,"",""
ball,2,0.5,Perth Scorchers,JP Inglis,LS Livingstone,DR Sams,0,0,"",""
ball,2,0.6,Perth Scorchers,JP Inglis,LS Livingstone,DR Sams,4,0,"",""
ball,2,0.7,Perth Scorchers,JP Inglis,LS Livingstone,DR Sams,0,0,"",""
ball,2,1.1,Perth Scorchers,LS Livingstone,JP Inglis,GS Sandhu,1,0,"",""
ball,2,1.2,Perth Scorchers,JP Inglis,LS Livingstone,GS Sandhu,2,0,"",""
ball,2,1.3,Perth Scorchers,JP Inglis,LS Livingstone,GS Sandhu,0,0,"",""
ball,2,1.4,Perth Scorchers,JP Inglis,LS Livingstone,GS Sandhu,1,0,"",""
ball,2,1.5,Perth Scorchers,LS Livingstone,JP Inglis,GS Sandhu,1,0,"",""
ball,2,1.6,Perth Scorchers,JP Inglis,LS Livingstone,GS Sandhu,0,0,"",""
ball,2,2.1,Perth Scorchers,LS Livingstone,JP Inglis,CH Morris,4,0,"",""
ball,2,2.2,Perth Scorchers,LS Livingstone,JP Inglis,CH Morris,0,0,"",""
ball,2,2.3,Perth Scorchers,LS Livingstone,JP Inglis,CH Morris,4,0,"",""
ball,2,2.4,Perth Scorchers,LS Livingstone,JP Inglis,CH Morris,0,0,"",""
ball,2,2.5,Perth Scorchers,LS Livingstone,JP Inglis,CH Morris,4,0,"",""
ball,2,2.6,Perth Scorchers,LS Livingstone,JP Inglis,CH Morris,4,0,"",""
ball,2,3.1,Perth Scorchers,JP Inglis,LS Livingstone,B Doggett,6,0,"",""
ball,2,3.2,Perth Scorchers,JP Inglis,LS Livingstone,B Doggett,4,0,"",""
ball,2,3.3,Perth Scorchers,JP Inglis,LS Livingstone,B Doggett,0,1,"",""
ball,2,3.4,Perth Scorchers,JP Inglis,LS Livingstone,B Doggett,0,0,"",""
ball,2,3.5,Perth Scorchers,JP Inglis,LS Livingstone,B Doggett,0,0,"",""
ball,2,3.6,Perth Scorchers,JP Inglis,LS Livingstone,B Doggett,1,0,"",""
ball,2,3.7,Perth Scorchers,LS Livingstone,JP Inglis,B Doggett,0,0,"",""
ball,2,4.1,Perth Scorchers,JP Inglis,LS Livingstone,GS Sandhu,1,0,"",""
ball,2,4.2,Perth Scorchers,LS Livingstone,JP Inglis,GS Sandhu,2,0,"",""
ball,2,4.3,Perth Scorchers,LS Livingstone,JP Inglis,GS Sandhu,0,1,"",""
ball,2,4.4,Perth Scorchers,LS Livingstone,JP Inglis,GS Sandhu,1,0,"",""
ball,2,4.5,Perth Scorchers,JP Inglis,LS Livingstone,GS Sandhu,0,1,"",""
ball,2,4.6,Perth Scorchers,JP Inglis,LS Livingstone,GS Sandhu,6,0,"",""
ball,2,4.7,Perth Scorchers,JP Inglis,LS Livingstone,GS Sandhu,1,0,"",""
ball,2,4.8,Perth Scorchers,LS Livingstone,JP Inglis,GS Sandhu,1,0,"",""
ball,2,5.1,Perth Scorchers,LS Livingstone,JP Inglis,L Bowe,1,0,"",""
ball,2,5.2,Perth Scorchers,JP Inglis,LS Livingstone,L Bowe,1,0,"",""
ball,2,5.3,Perth Scorchers,LS Livingstone,JP Inglis,L Bowe,6,0,"",""
ball,2,5.4,Perth Scorchers,LS Livingstone,JP Inglis,L Bowe,0,0,"",""
ball,2,5.5,Perth Scorchers,LS Livingstone,JP Inglis,L Bowe,1,0,"",""
ball,2,5.6,Perth Scorchers,JP Inglis,LS Livingstone,L Bowe,2,0,"",""
ball,2,6.1,Perth Scorchers,LS Livingstone,JP Inglis,AJ Nair,1,0,"",""
ball,2,6.2,Perth Scorchers,JP Inglis,LS Livingstone,AJ Nair,1,0,"",""
ball,2,6.3,Perth Scorchers,LS Livingstone,JP Inglis,AJ Nair,1,0,"",""
ball,2,6.4,Perth Scorchers,JP Inglis,LS Livingstone,AJ Nair,1,0,"",""
ball,2,6.5,Perth Scorchers,LS Livingstone,JP Inglis,AJ Nair,2,0,"",""
ball,2,6.6,Perth Scorchers,LS Livingstone,JP Inglis,AJ Nair,1,0,"",""
ball,2,7.1,Perth Scorchers,LS Livingstone,JP Inglis,DR Sams,1,0,"",""
ball,2,7.2,Perth Scorchers,JP Inglis,LS Livingstone,DR Sams,2,0,"",""
ball,2,7.3,Perth Scorchers,JP Inglis,LS Livingstone,DR Sams,1,0,"",""
ball,2,7.4,Perth Scorchers,LS Livingstone,JP Inglis,DR Sams,0,0,"",""
ball,2,7.5,Perth Scorchers,LS Livingstone,JP Inglis,DR Sams,0,0,"",""
ball,2,7.6,Perth Scorchers,LS Livingstone,JP Inglis,DR Sams,1,0,"",""
ball,2,8.1,Perth Scorchers,LS Livingstone,JP Inglis,L Bowe,1,0,"",""
ball,2,8.2,Perth Scorchers,JP Inglis,LS Livingstone,L Bowe,0,0,"",""
ball,2,8.3,Perth Scorchers,JP Inglis,LS Livingstone,L Bowe,1,0,"",""
ball,2,8.4,Perth Scorchers,LS Livingstone,JP Inglis,L Bowe,6,0,"",""
ball,2,8.5,Perth Scorchers,LS Livingstone,JP Inglis,L Bowe,0,0,"",""
ball,2,8.6,Perth Scorchers,LS Livingstone,JP Inglis,L Bowe,6,0,"",""
ball,2,9.1,Perth Scorchers,JP Inglis,LS Livingstone,CH Morris,1,0,"",""
ball,2,9.2,Perth Scorchers,LS Livingstone,JP Inglis,CH Morris,1,0,"",""
ball,2,9.3,Perth Scorchers,JP Inglis,LS Livingstone,CH Morris,0,0,"",""
ball,2,9.4,Perth Scorchers,JP Inglis,LS Livingstone,CH Morris,1,0,"",""
ball,2,9.5,Perth Scorchers,LS Livingstone,JP Inglis,CH Morris,6,0,"",""
ball,2,9.6,Perth Scorchers,LS Livingstone,JP Inglis,CH Morris,0,2,"",""
ball,2,9.7,Perth Scorchers,JP Inglis,LS Livingstone,CH Morris,1,0,"",""
ball,2,10.1,Perth Scorchers,JP Inglis,LS Livingstone,B Doggett,0,5,"",""
ball,2,10.2,Perth Scorchers,JP Inglis,LS Livingstone,B Doggett,0,0,"",""
ball,2,10.3,Perth Scorchers,JP Inglis,LS Livingstone,B Doggett,1,0,"",""
ball,2,10.4,Perth Scorchers,LS Livingstone,JP Inglis,B Doggett,0,0,"",""
ball,2,10.5,Perth Scorchers,LS Livingstone,JP Inglis,B Doggett,1,0,"",""
ball,2,10.6,Perth Scorchers,JP Inglis,LS Livingstone,B Doggett,0,1,"",""
ball,2,10.7,Perth Scorchers,LS Livingstone,JP Inglis,B Doggett,1,0,"",""
ball,2,11.1,Perth Scorchers,LS Livingstone,JP Inglis,GS Sandhu,1,0,"",""
ball,2,11.2,Perth Scorchers,JP Inglis,LS Livingstone,GS Sandhu,1,0,"",""
ball,2,11.3,Perth Scorchers,LS Livingstone,JP Inglis,GS Sandhu,1,0,"",""
ball,2,11.4,Perth Scorchers,JP Inglis,LS Livingstone,GS Sandhu,1,0,"",""
ball,2,11.5,Perth Scorchers,LS Livingstone,JP Inglis,GS Sandhu,2,0,"",""
ball,2,11.6,Perth Scorchers,LS Livingstone,JP Inglis,GS Sandhu,0,0,"",""
ball,2,12.1,Perth Scorchers,JP Inglis,LS Livingstone,CH Morris,4,0,"",""
ball,2,12.2,Perth Scorchers,JP Inglis,LS Livingstone,CH Morris,0,0,"",""
ball,2,12.3,Perth Scorchers,JP Inglis,LS Livingstone,CH Morris,0,0,"",""
ball,2,12.4,Perth Scorchers,JP Inglis,LS Livingstone,CH Morris,1,0,"",""
ball,2,12.5,Perth Scorchers,LS Livingstone,JP Inglis,CH Morris,0,1,"",""
ball,2,12.6,Perth Scorchers,LS Livingstone,JP Inglis,CH Morris,0,0,"",""
ball,2,12.7,Perth Scorchers,LS Livingstone,JP Inglis,CH Morris,1,0,"",""
ball,2,13.1,Perth Scorchers,LS Livingstone,JP Inglis,GS Sandhu,1,0,"",""
ball,2,13.2,Perth Scorchers,JP Inglis,LS Livingstone,GS Sandhu,0,0,caught,JP Inglis
ball,2,13.3,Perth Scorchers,LS Livingstone,KR Patterson,GS Sandhu,2,0,"",""
ball,2,13.4,Perth Scorchers,LS Livingstone,KR Patterson,GS Sandhu,0,0,"",""
ball,2,13.5,Perth Scorchers,LS Livingstone,KR Patterson,GS Sandhu,4,0,"",""
ball,2,13.6,Perth Scorchers,LS Livingstone,KR Patterson,GS Sandhu,1,0,"",""
ball,2,14.1,Perth Scorchers,LS Livingstone,KR Patterson,DR Sams,0,1,"",""
ball,2,14.2,Perth Scorchers,LS Livingstone,KR Patterson,DR Sams,1,0,"",""
ball,2,14.3,Perth Scorchers,KR Patterson,LS Livingstone,DR Sams,0,0,"",""
ball,2,14.4,Perth Scorchers,KR Patterson,LS Livingstone,DR Sams,1,0,"",""
ball,2,14.5,Perth Scorchers,LS Livingstone,KR Patterson,DR Sams,0,0,"",""
ball,2,14.6,Perth Scorchers,LS Livingstone,KR Patterson,DR Sams,4,0,"",""
ball,2,14.7,Perth Scorchers,LS Livingstone,KR Patterson,DR Sams,1,0,"",""
ball,2,15.1,Perth Scorchers,LS Livingstone,KR Patterson,CH Morris,0,0,caught,LS Livingstone
ball,2,15.2,Perth Scorchers,KR Patterson,MR Marsh,CH Morris,1,0,"",""
ball,2,15.3,Perth Scorchers,MR Marsh,KR Patterson,CH Morris,2,0,"",""
