version,1.3.0
info,team,Sydney Thunder
info,team,Brisbane Heat
info,gender,male
info,season,2019/20
info,date,2020/01/06
info,competition,Big Bash League
info,match_number,25
info,venue,Sydney Showground Stadium
info,city,Sydney
info,toss_winner,Brisbane Heat
info,toss_decision,bat
info,player_of_match,T Banton
info,umpire,GJ Davidson
info,umpire,SD Fry
info,reserve_umpire,Troy Penman
info,tv_umpire,GA Abood
info,match_referee,RW Stratford
info,winner,Brisbane Heat
info,winner_runs,16
info,method,D/L
ball,1,0.1,Brisbane Heat,T Banton,CA Lynn,DR Sams,6,0,"",""
ball,1,0.2,Brisbane Heat,T Banton,CA Lynn,DR Sams,4,0,"",""
ball,1,0.3,Brisbane Heat,T Banton,CA Lynn,DR Sams,4,0,"",""
ball,1,0.4,Brisbane Heat,T Banton,CA Lynn,DR Sams,1,0,"",""
ball,1,0.5,Brisbane Heat,CA Lynn,T Banton,DR Sams,2,0,"",""
ball,1,0.6,Brisbane Heat,CA Lynn,T Banton,DR Sams,1,0,"",""
ball,1,1.1,Brisbane Heat,CA Lynn,T Banton,CH Morris,4,0,"",""
ball,1,1.2,Brisbane Heat,CA Lynn,T Banton,CH Morris,0,1,"",""
ball,1,1.3,Brisbane Heat,CA Lynn,T Banton,CH Morris,1,0,"",""
ball,1,1.4,Brisbane Heat,T Banton,CA Lynn,CH Morris,1,0,"",""
ball,1,1.5,Brisbane Heat,CA Lynn,T Banton,CH Morris,4,0,"",""
ball,1,1.6,Brisbane Heat,CA Lynn,T Banton,CH Morris,6,0,"",""
ball,1,1.7,Brisbane Heat,CA Lynn,T Banton,CH Morris,4,0,"",""
ball,1,2.1,Brisbane Heat,T Banton,CA Lynn,CJ Green,0,0,"",""
ball,1,2.2,Brisbane Heat,T Banton,CA Lynn,CJ Green,1,0,"",""
ball,1,2.3,Brisbane Heat,CA Lynn,T Banton,CJ Green,1,0,"",""
ball,1,2.4,Brisbane Heat,T Banton,CA Lynn,CJ Green,0,1,"",""
ball,1,2.5,Brisbane Heat,T Banton,CA Lynn,CJ Green,2,0,"",""
ball,1,2.6,Brisbane Heat,T Banton,CA Lynn,CJ Green,6,0,"",""
ball,1,2.7,Brisbane Heat,T Banton,CA Lynn,CJ Green,0,1,"",""
ball,1,3.1,Brisbane Heat,T Banton,CA Lynn,AJ Nair,0,0,"",""
ball,1,3.2,Brisbane Heat,T Banton,CA Lynn,AJ Nair,6,0,"",""
ball,1,3.3,Brisbane Heat,T Banton,CA Lynn,AJ Nair,6,0,"",""
ball,1,3.4,Brisbane Heat,T Banton,CA Lynn,AJ Nair,6,0,"",""
ball,1,3.5,Brisbane Heat,T Banton,CA Lynn,AJ Nair,6,0,"",""
ball,1,3.6,Brisbane Heat,T Banton,CA Lynn,AJ Nair,6,0,"",""
ball,1,4.1,Brisbane Heat,CA Lynn,T Banton,CP Tremain,1,0,"",""
ball,1,4.2,Brisbane Heat,T Banton,CA Lynn,CP Tremain,0,0,"",""
ball,1,4.3,Brisbane Heat,T Banton,CA Lynn,CP Tremain,1,0,"",""
ball,1,4.4,Brisbane Heat,CA Lynn,T Banton,CP Tremain,6,0,"",""
ball,1,4.5,Brisbane Heat,CA Lynn,T Banton,CP Tremain,1,0,"",""
ball,1,4.6,Brisbane Heat,T Banton,CA Lynn,CP Tremain,0,0,caught,T Banton
ball,1,5.1,Brisbane Heat,CA Lynn,BCJ Cutting,B Doggett,0,0,"",""
ball,1,5.2,Brisbane Heat,CA Lynn,BCJ Cutting,B Doggett,0,0,caught,CA Lynn
ball,1,5.3,Brisbane Heat,BCJ Cutting,M Bryant,B Doggett,1,0,"",""
ball,1,5.4,Brisbane Heat,M Bryant,BCJ Cutting,B Doggett,2,0,"",""
ball,1,5.5,Brisbane Heat,M Bryant,BCJ Cutting,B Doggett,4,0,"",""
ball,1,5.6,Brisbane Heat,M Bryant,BCJ Cutting,B Doggett,6,0,"",""
ball,1,6.1,Brisbane Heat,BCJ Cutting,M Bryant,DR Sams,4,0,"",""
ball,1,6.2,Brisbane Heat,BCJ Cutting,M Bryant,DR Sams,1,0,"",""
ball,1,6.3,Brisbane Heat,M Bryant,BCJ Cutting,DR Sams,0,0,caught,M Bryant
ball,1,6.4,Brisbane Heat,BCJ Cutting,MT Renshaw,DR Sams,1,0,"",""
ball,1,6.5,Brisbane Heat,MT Renshaw,BCJ Cutting,DR Sams,0,0,"",""
ball,1,6.6,Brisbane Heat,MT Renshaw,BCJ Cutting,DR Sams,0,0,caught,MT Renshaw
ball,1,7.1,Brisbane Heat,BCJ Cutting,JA Prestwidge,CH Morris,0,1,"",""
ball,1,7.2,Brisbane Heat,JA Prestwidge,BCJ Cutting,CH Morris,4,0,"",""
ball,1,7.3,Brisbane Heat,JA Prestwidge,BCJ Cutting,CH Morris,4,0,"",""
ball,1,7.4,Brisbane Heat,JA Prestwidge,BCJ Cutting,CH Morris,0,0,"",""
ball,1,7.5,Brisbane Heat,JA Prestwidge,BCJ Cutting,CH Morris,1,0,"",""
ball,1,7.6,Brisbane Heat,BCJ Cutting,JA Prestwidge,CH Morris,0,0,"",""
ball,2,0.1,Sydney Thunder,UT Khawaja,AD Hales,JK Lalor,0,0,"",""
ball,2,0.2,Sydney Thunder,UT Khawaja,AD Hales,JK Lalor,6,0,"",""
ball,2,0.3,Sydney Thunder,UT Khawaja,AD Hales,JK Lalor,2,0,"",""
ball,2,0.4,Sydney Thunder,UT Khawaja,AD Hales,JK Lalor,0,0,"",""
ball,2,0.5,Sydney Thunder,UT Khawaja,AD Hales,JK Lalor,0,0,"",""
ball,2,0.6,Sydney Thunder,UT Khawaja,AD Hales,JK Lalor,3,0,"",""
ball,2,1.1,Sydney Thunder,UT Khawaja,AD Hales,Zahir Khan,0,0,"",""
ball,2,1.2,Sydney Thunder,UT Khawaja,AD Hales,Zahir Khan,0,0,bowled,UT Khawaja
ball,2,1.3,Sydney Thunder,CJ Ferguson,AD Hales,Zahir Khan,0,0,"",""
ball,2,1.4,Sydney Thunder,CJ Ferguson,AD Hales,Zahir Khan,1,0,"",""
ball,2,1.5,Sydney Thunder,AD Hales,CJ Ferguson,Zahir Khan,6,0,"",""
ball,2,1.6,Sydney Thunder,AD Hales,CJ Ferguson,Zahir Khan,0,0,"",""
ball,2,2.1,Sydney Thunder,CJ Ferguson,AD Hales,B Laughlin,4,0,"",""
ball,2,2.2,Sydney Thunder,CJ Ferguson,AD Hales,B Laughlin,0,0,caught,CJ Ferguson
ball,2,2.3,Sydney Thunder,AD Hales,CH Morris,B Laughlin,2,0,"",""
ball,2,2.4,Sydney Thunder,AD Hales,CH Morris,B Laughlin,4,0,"",""
ball,2,2.5,Sydney Thunder,AD Hales,CH Morris,B Laughlin,4,0,"",""
ball,2,2.6,Sydney Thunder,AD Hales,CH Morris,B Laughlin,0,1,"",""
ball,2,2.7,Sydney Thunder,AD Hales,CH Morris,B Laughlin,1,0,"",""
ball,2,3.1,Sydney Thunder,AD Hales,CH Morris,JA Prestwidge,1,0,"",""
ball,2,3.2,Sydney Thunder,CH Morris,AD Hales,JA Prestwidge,4,0,"",""
ball,2,3.3,Sydney Thunder,CH Morris,AD Hales,JA Prestwidge,0,0,bowled,CH Morris
ball,2,3.4,Sydney Thunder,DR Sams,AD Hales,JA Prestwidge,6,0,"",""
ball,2,3.5,Sydney Thunder,DR Sams,AD Hales,JA Prestwidge,4,0,"",""
ball,2,3.6,Sydney Thunder,DR Sams,AD Hales,JA Prestwidge,0,0,caught,DR Sams
ball,2,4.1,Sydney Thunder,AI Ross,AD Hales,BCJ Cutting,1,0,"",""
ball,2,4.2,Sydney Thunder,AD Hales,AI Ross,BCJ Cutting,0,1,"",""
ball,2,4.3,Sydney Thunder,AD Hales,AI Ross,BCJ Cutting,1,0,"",""
ball,2,4.4,Sydney Thunder,AI Ross,AD Hales,BCJ Cutting,2,0,"",""
ball,2,4.5,Sydney Thunder,AI Ross,AD Hales,BCJ Cutting,4,0,"",""
ball,2,4.6,Sydney Thunder,AI Ross,AD Hales,BCJ Cutting,1,0,"",""
ball,2,4.7,Sydney Thunder,AD Hales,AI Ross,BCJ Cutting,1,0,"",""
