version,1.3.0
info,team,Melbourne Stars
info,team,Sydney Sixers
info,gender,male
info,season,2019/20
info,date,2020/01/31
info,competition,Big Bash League
info,venue,Melbourne Cricket Ground
info,city,Melbourne
info,toss_winner,Melbourne Stars
info,toss_decision,field
info,player_of_match,SNJ O'Keefe
info,umpire,PJ Gillespie
info,umpire,GA Abood
info,reserve_umpire,MW Graham-Smith
info,tv_umpire,SD Fry
info,match_referee,PL Marshall
info,winner,Sydney Sixers
info,winner_runs,43
ball,1,0.1,Sydney Sixers,JR Philippe,JM Vince,DJ Worrall,2,0,"",""
ball,1,0.2,Sydney Sixers,JR Philippe,JM Vince,DJ Worrall,0,0,"",""
ball,1,0.3,Sydney Sixers,JR Philippe,JM Vince,DJ Worrall,0,1,"",""
ball,1,0.4,Sydney Sixers,JR Philippe,JM Vince,DJ Worrall,0,0,"",""
ball,1,0.5,Sydney Sixers,JR Philippe,JM Vince,DJ Worrall,0,0,"",""
ball,1,0.6,Sydney Sixers,JR Philippe,JM Vince,DJ Worrall,0,0,"",""
ball,1,0.7,Sydney Sixers,JR Philippe,JM Vince,DJ Worrall,0,0,"",""
ball,1,1.1,Sydney Sixers,JM Vince,JR Philippe,GJ Maxwell,1,0,"",""
ball,1,1.2,Sydney Sixers,JR Philippe,JM Vince,GJ Maxwell,1,0,"",""
ball,1,1.3,Sydney Sixers,JM Vince,JR Philippe,GJ Maxwell,1,0,"",""
ball,1,1.4,Sydney Sixers,JR Philippe,JM Vince,GJ Maxwell,1,0,"",""
ball,1,1.5,Sydney Sixers,JM Vince,JR Philippe,GJ Maxwell,0,1,"",""
ball,1,1.6,Sydney Sixers,JM Vince,JR Philippe,GJ Maxwell,2,0,"",""
ball,1,1.7,Sydney Sixers,JM Vince,JR Philippe,GJ Maxwell,1,0,"",""
ball,1,2.1,Sydney Sixers,JM Vince,JR Philippe,DJ Worrall,1,0,"",""
ball,1,2.2,Sydney Sixers,JR Philippe,JM Vince,DJ Worrall,4,0,"",""
ball,1,2.3,Sydney Sixers,JR Philippe,JM Vince,DJ Worrall,4,0,"",""
ball,1,2.4,Sydney Sixers,JR Philippe,JM Vince,DJ Worrall,0,0,"",""
ball,1,2.5,Sydney Sixers,JR Philippe,JM Vince,DJ Worrall,0,0,"",""
ball,1,2.6,Sydney Sixers,JR Philippe,JM Vince,DJ Worrall,1,0,"",""
ball,1,3.1,Sydney Sixers,JR Philippe,JM Vince,Haris Rauf,4,0,"",""
ball,1,3.2,Sydney Sixers,JR Philippe,JM Vince,Haris Rauf,1,0,"",""
ball,1,3.3,Sydney Sixers,JM Vince,JR Philippe,Haris Rauf,1,0,"",""
ball,1,3.4,Sydney Sixers,JR Philippe,JM Vince,Haris Rauf,1,0,"",""
ball,1,3.5,Sydney Sixers,JM Vince,JR Philippe,Haris Rauf,1,0,"",""
ball,1,3.6,Sydney Sixers,JR Philippe,JM Vince,Haris Rauf,2,0,"",""
ball,1,4.1,Sydney Sixers,JM Vince,JR Philippe,NM Coulter-Nile,1,0,"",""
ball,1,4.2,Sydney Sixers,JR Philippe,JM Vince,NM Coulter-Nile,1,0,"",""
ball,1,4.3,Sydney Sixers,JM Vince,JR Philippe,NM Coulter-Nile,1,0,"",""
ball,1,4.4,Sydney Sixers,JR Philippe,JM Vince,NM Coulter-Nile,1,0,"",""
ball,1,4.5,Sydney Sixers,JM Vince,JR Philippe,NM Coulter-Nile,2,0,"",""
ball,1,4.6,Sydney Sixers,JM Vince,JR Philippe,NM Coulter-Nile,0,0,"",""
ball,1,5.1,Sydney Sixers,JR Philippe,JM Vince,DJ Worrall,2,0,"",""
ball,1,5.2,Sydney Sixers,JR Philippe,JM Vince,DJ Worrall,1,0,"",""
ball,1,5.3,Sydney Sixers,JM Vince,JR Philippe,DJ Worrall,0,1,"",""
ball,1,5.4,Sydney Sixers,JR Philippe,JM Vince,DJ Worrall,4,0,"",""
ball,1,5.5,Sydney Sixers,JR Philippe,JM Vince,DJ Worrall,0,0,"",""
ball,1,5.6,Sydney Sixers,JR Philippe,JM Vince,DJ Worrall,1,0,"",""
ball,1,6.1,Sydney Sixers,JR Philippe,JM Vince,A Zampa,1,0,"",""
ball,1,6.2,Sydney Sixers,JM Vince,JR Philippe,A Zampa,0,0,"",""
ball,1,6.3,Sydney Sixers,JM Vince,JR Philippe,A Zampa,0,0,caught,JM Vince
ball,1,6.4,Sydney Sixers,JR Philippe,SPD Smith,A Zampa,1,0,"",""
ball,1,6.5,Sydney Sixers,SPD Smith,JR Philippe,A Zampa,4,0,"",""
ball,1,6.6,Sydney Sixers,SPD Smith,JR Philippe,A Zampa,0,0,"",""
ball,1,7.1,Sydney Sixers,JR Philippe,SPD Smith,Haris Rauf,1,0,"",""
ball,1,7.2,Sydney Sixers,SPD Smith,JR Philippe,Haris Rauf,1,0,"",""
ball,1,7.3,Sydney Sixers,JR Philippe,SPD Smith,Haris Rauf,0,0,caught and bowled,JR Philippe
ball,1,7.4,Sydney Sixers,MC Henriques,SPD Smith,Haris Rauf,1,0,"",""
ball,1,7.5,Sydney Sixers,SPD Smith,MC Henriques,Haris Rauf,0,1,"",""
ball,1,7.6,Sydney Sixers,MC Henriques,SPD Smith,Haris Rauf,1,0,"",""
ball,1,8.1,Sydney Sixers,MC Henriques,SPD Smith,A Zampa,1,0,"",""
ball,1,8.2,Sydney Sixers,SPD Smith,MC Henriques,A Zampa,1,0,"",""
ball,1,8.3,Sydney Sixers,MC Henriques,SPD Smith,A Zampa,0,0,"",""
ball,1,8.4,Sydney Sixers,MC Henriques,SPD Smith,A Zampa,2,0,"",""
ball,1,8.5,Sydney Sixers,MC Henriques,SPD Smith,A Zampa,1,0,"",""
ball,1,8.6,Sydney Sixers,SPD Smith,MC Henriques,A Zampa,2,0,"",""
ball,1,9.1,Sydney Sixers,MC Henriques,SPD Smith,CD Hinchliffe,1,0,"",""
ball,1,9.2,Sydney Sixers,SPD Smith,MC Henriques,CD Hinchliffe,4,0,"",""
ball,1,9.3,Sydney Sixers,SPD Smith,MC Henriques,CD Hinchliffe,1,0,"",""
ball,1,9.4,Sydney Sixers,MC Henriques,SPD Smith,CD Hinchliffe,1,0,"",""
ball,1,9.5,Sydney Sixers,SPD Smith,MC Henriques,CD Hinchliffe,0,5,"",""
ball,1,9.6,Sydney Sixers,SPD Smith,MC Henriques,CD Hinchliffe,1,0,"",""
ball,1,9.7,Sydney Sixers,MC Henriques,SPD Smith,CD Hinchliffe,1,0,"",""
ball,1,10.1,Sydney Sixers,MC Henriques,SPD Smith,NM Coulter-Nile,2,0,"",""
ball,1,10.2,Sydney Sixers,MC Henriques,SPD Smith,NM Coulter-Nile,2,0,"",""
ball,1,10.3,Sydney Sixers,MC Henriques,SPD Smith,NM Coulter-Nile,1,0,"",""
ball,1,10.4,Sydney Sixers,SPD Smith,MC Henriques,NM Coulter-Nile,1,0,"",""
ball,1,10.5,Sydney Sixers,MC Henriques,SPD Smith,NM Coulter-Nile,1,0,"",""
ball,1,10.6,Sydney Sixers,SPD Smith,MC Henriques,NM Coulter-Nile,0,0,"",""
ball,1,11.1,Sydney Sixers,MC Henriques,SPD Smith,MP Stoinis,1,0,"",""
ball,1,11.2,Sydney Sixers,SPD Smith,MC Henriques,MP Stoinis,0,0,"",""
ball,1,11.3,Sydney Sixers,SPD Smith,MC Henriques,MP Stoinis,6,0,"",""
ball,1,11.4,Sydney Sixers,SPD Smith,MC Henriques,MP Stoinis,0,1,"",""
ball,1,11.5,Sydney Sixers,SPD Smith,MC Henriques,MP Stoinis,0,0,"",""
ball,1,11.6,Sydney Sixers,SPD Smith,MC Henriques,MP Stoinis,1,0,"",""
ball,1,11.7,Sydney Sixers,MC Henriques,SPD Smith,MP Stoinis,0,0,caught,MC Henriques
ball,1,12.1,Sydney Sixers,SPD Smith,DP Hughes,A Zampa,1,0,"",""
ball,1,12.2,Sydney Sixers,DP Hughes,SPD Smith,A Zampa,1,0,"",""
ball,1,12.3,Sydney Sixers,SPD Smith,DP Hughes,A Zampa,1,0,"",""
ball,1,12.4,Sydney Sixers,DP Hughes,SPD Smith,A Zampa,1,0,"",""
ball,1,12.5,Sydney Sixers,SPD Smith,DP Hughes,A Zampa,0,0,caught,SPD Smith
ball,1,12.6,Sydney Sixers,JC Silk,DP Hughes,A Zampa,1,0,"",""
ball,1,13.1,Sydney Sixers,JC Silk,DP Hughes,GJ Maxwell,1,0,"",""
ball,1,13.2,Sydney Sixers,DP Hughes,JC Silk,GJ Maxwell,1,0,"",""
ball,1,13.3,Sydney Sixers,JC Silk,DP Hughes,GJ Maxwell,1,0,"",""
ball,1,13.4,Sydney Sixers,DP Hughes,JC Silk,GJ Maxwell,0,0,stumped,DP Hughes
ball,1,13.5,Sydney Sixers,SA Abbott,JC Silk,GJ Maxwell,1,0,"",""
ball,1,13.6,Sydney Sixers,JC Silk,SA Abbott,GJ Maxwell,1,0,"",""
ball,1,14.1,Sydney Sixers,JC Silk,SA Abbott,NJ Maddinson,2,0,"",""
ball,1,14.2,Sydney Sixers,JC Silk,SA Abbott,NJ Maddinson,1,0,"",""
ball,1,14.3,Sydney Sixers,SA Abbott,JC Silk,NJ Maddinson,1,0,"",""
ball,1,14.4,Sydney Sixers,JC Silk,SA Abbott,NJ Maddinson,1,0,"",""
ball,1,14.5,Sydney Sixers,SA Abbott,JC Silk,NJ Maddinson,1,0,"",""
ball,1,14.6,Sydney Sixers,JC Silk,SA Abbott,NJ Maddinson,0,2,"",""
ball,1,14.7,Sydney Sixers,SA Abbott,JC Silk,NJ Maddinson,1,0,"",""
ball,1,15.1,Sydney Sixers,SA Abbott,JC Silk,NM Coulter-Nile,1,0,"",""
ball,1,15.2,Sydney Sixers,JC Silk,SA Abbott,NM Coulter-Nile,1,0,"",""
ball,1,15.3,Sydney Sixers,SA Abbott,JC Silk,NM Coulter-Nile,0,0,"",""
ball,1,15.4,Sydney Sixers,SA Abbott,JC Silk,NM Coulter-Nile,0,0,"",""
ball,1,15.5,Sydney Sixers,SA Abbott,JC Silk,NM Coulter-Nile,0,0,"",""
ball,1,15.6,Sydney Sixers,SA Abbott,JC Silk,NM Coulter-Nile,1,0,"",""
ball,1,16.1,Sydney Sixers,SA Abbott,JC Silk,A Zampa,1,0,"",""
ball,1,16.2,Sydney Sixers,JC Silk,SA Abbott,A Zampa,0,0,"",""
ball,1,16.3,Sydney Sixers,JC Silk,SA Abbott,A Zampa,1,0,"",""
ball,1,16.4,Sydney Sixers,SA Abbott,JC Silk,A Zampa,0,0,stumped,SA Abbott
ball,1,16.5,Sydney Sixers,BJ Dwarshuis,JC Silk,A Zampa,1,0,"",""
ball,1,16.6,Sydney Sixers,JC Silk,BJ Dwarshuis,A Zampa,0,0,"",""
ball,1,17.1,Sydney Sixers,BJ Dwarshuis,JC Silk,Haris Rauf,0,0,"",""
ball,1,17.2,Sydney Sixers,BJ Dwarshuis,JC Silk,Haris Rauf,0,0,"",""
ball,1,17.3,Sydney Sixers,BJ Dwarshuis,JC Silk,Haris Rauf,1,0,"",""
ball,1,17.4,Sydney Sixers,JC Silk,BJ Dwarshuis,Haris Rauf,2,0,"",""
ball,1,17.5,Sydney Sixers,JC Silk,BJ Dwarshuis,Haris Rauf,2,0,"",""
ball,1,17.6,Sydney Sixers,JC Silk,BJ Dwarshuis,Haris Rauf,1,0,"",""
ball,1,18.1,Sydney Sixers,JC Silk,BJ Dwarshuis,NM Coulter-Nile,1,0,"",""
ball,1,18.2,Sydney Sixers,BJ Dwarshuis,JC Silk,NM Coulter-Nile,0,0,caught,BJ Dwarshuis
ball,1,18.3,Sydney Sixers,JC Silk,SNJ O'Keefe,NM Coulter-Nile,0,1,"",""
ball,1,18.4,Sydney Sixers,SNJ O'Keefe,JC Silk,NM Coulter-Nile,1,0,"",""
ball,1,18.5,Sydney Sixers,JC Silk,SNJ O'Keefe,NM Coulter-Nile,2,0,"",""
ball,1,18.6,Sydney Sixers,JC Silk,SNJ O'Keefe,NM Coulter-Nile,2,0,"",""
ball,1,19.1,Sydney Sixers,SNJ O'Keefe,JC Silk,Haris Rauf,1,0,"",""
ball,1,19.2,Sydney Sixers,JC Silk,SNJ O'Keefe,Haris Rauf,3,0,"",""
ball,1,19.3,Sydney Sixers,SNJ O'Keefe,JC Silk,Haris Rauf,2,0,"",""
ball,1,19.4,Sydney Sixers,SNJ O'Keefe,JC Silk,Haris Rauf,1,0,"",""
ball,1,19.5,Sydney Sixers,JC Silk,SNJ O'Keefe,Haris Rauf,2,0,"",""
ball,1,19.6,Sydney Sixers,JC Silk,SNJ O'Keefe,Haris Rauf,0,1,"",""
ball,2,0.1,Melbourne Stars,NJ Maddinson,MP Stoinis,JR Hazlewood,0,0,"",""
ball,2,0.2,Melbourne Stars,NJ Maddinson,MP Stoinis,JR Hazlewood,0,0,"",""
ball,2,0.3,Melbourne Stars,NJ Maddinson,MP Stoinis,JR Hazlewood,1,0,"",""
ball,2,0.4,Melbourne Stars,MP Stoinis,NJ Maddinson,JR Hazlewood,0,0,"",""
ball,2,0.5,Melbourne Stars,MP Stoinis,NJ Maddinson,JR Hazlewood,4,0,"",""
ball,2,0.6,Melbourne Stars,MP Stoinis,NJ Maddinson,JR Hazlewood,0,0,"",""
ball,2,1.1,Melbourne Stars,NJ Maddinson,MP Stoinis,NM Lyon,0,0,"",""
ball,2,1.2,Melbourne Stars,NJ Maddinson,MP Stoinis,NM Lyon,0,0,"",""
ball,2,1.3,Melbourne Stars,NJ Maddinson,MP Stoinis,NM Lyon,1,0,"",""
ball,2,1.4,Melbourne Stars,MP Stoinis,NJ Maddinson,NM Lyon,1,0,"",""
ball,2,1.5,Melbourne Stars,NJ Maddinson,MP Stoinis,NM Lyon,4,0,"",""
ball,2,1.6,Melbourne Stars,NJ Maddinson,MP Stoinis,NM Lyon,1,0,"",""
ball,2,2.1,Melbourne Stars,NJ Maddinson,MP Stoinis,BJ Dwarshuis,2,0,"",""
ball,2,2.2,Melbourne Stars,NJ Maddinson,MP Stoinis,BJ Dwarshuis,0,1,"",""
ball,2,2.3,Melbourne Stars,MP Stoinis,NJ Maddinson,BJ Dwarshuis,0,0,"",""
ball,2,2.4,Melbourne Stars,MP Stoinis,NJ Maddinson,BJ Dwarshuis,0,0,caught,MP Stoinis
ball,2,2.5,Melbourne Stars,NCR Larkin,NJ Maddinson,BJ Dwarshuis,0,0,"",""
ball,2,2.6,Melbourne Stars,NCR Larkin,NJ Maddinson,BJ Dwarshuis,0,1,"",""
ball,2,2.7,Melbourne Stars,NCR Larkin,NJ Maddinson,BJ Dwarshuis,4,0,"",""
ball,2,3.1,Melbourne Stars,NJ Maddinson,NCR Larkin,SA Abbott,1,0,"",""
ball,2,3.2,Melbourne Stars,NCR Larkin,NJ Maddinson,SA Abbott,0,0,"",""
ball,2,3.3,Melbourne Stars,NCR Larkin,NJ Maddinson,SA Abbott,0,0,caught,NCR Larkin
ball,2,3.4,Melbourne Stars,PSP Handscomb,NJ Maddinson,SA Abbott,0,0,"",""
ball,2,3.5,Melbourne Stars,PSP Handscomb,NJ Maddinson,SA Abbott,4,0,"",""
ball,2,3.6,Melbourne Stars,PSP Handscomb,NJ Maddinson,SA Abbott,0,0,"",""
ball,2,4.1,Melbourne Stars,NJ Maddinson,PSP Handscomb,JR Hazlewood,1,0,"",""
ball,2,4.2,Melbourne Stars,PSP Handscomb,NJ Maddinson,JR Hazlewood,0,0,bowled,PSP Handscomb
ball,2,4.3,Melbourne Stars,GJ Maxwell,NJ Maddinson,JR Hazlewood,2,0,"",""
ball,2,4.4,Melbourne Stars,GJ Maxwell,NJ Maddinson,JR Hazlewood,0,0,"",""
ball,2,4.5,Melbourne Stars,GJ Maxwell,NJ Maddinson,JR Hazlewood,0,0,"",""
ball,2,4.6,Melbourne Stars,GJ Maxwell,NJ Maddinson,JR Hazlewood,3,0,"",""
ball,2,5.1,Melbourne Stars,GJ Maxwell,NJ Maddinson,BJ Dwarshuis,1,0,"",""
ball,2,5.2,Melbourne Stars,NJ Maddinson,GJ Maxwell,BJ Dwarshuis,0,1,"",""
ball,2,5.3,Melbourne Stars,NJ Maddinson,GJ Maxwell,BJ Dwarshuis,1,0,"",""
ball,2,5.4,Melbourne Stars,GJ Maxwell,NJ Maddinson,BJ Dwarshuis,1,0,"",""
ball,2,5.5,Melbourne Stars,NJ Maddinson,GJ Maxwell,BJ Dwarshuis,0,0,"",""
ball,2,5.6,Melbourne Stars,NJ Maddinson,GJ Maxwell,BJ Dwarshuis,1,0,"",""
ball,2,5.7,Melbourne Stars,GJ Maxwell,NJ Maddinson,BJ Dwarshuis,1,0,"",""
ball,2,6.1,Melbourne Stars,GJ Maxwell,NJ Maddinson,SNJ O'Keefe,1,0,"",""
ball,2,6.2,Melbourne Stars,NJ Maddinson,GJ Maxwell,SNJ O'Keefe,1,0,"",""
ball,2,6.3,Melbourne Stars,GJ Maxwell,NJ Maddinson,SNJ O'Keefe,1,0,"",""
ball,2,6.4,Melbourne Stars,NJ Maddinson,GJ Maxwell,SNJ O'Keefe,1,0,"",""
ball,2,6.5,Melbourne Stars,GJ Maxwell,NJ Maddinson,SNJ O'Keefe,0,0,"",""
ball,2,6.6,Melbourne Stars,GJ Maxwell,NJ Maddinson,SNJ O'Keefe,2,0,"",""
ball,2,7.1,Melbourne Stars,NJ Maddinson,GJ Maxwell,NM Lyon,1,0,"",""
ball,2,7.2,Melbourne Stars,GJ Maxwell,NJ Maddinson,NM Lyon,1,0,"",""
ball,2,7.3,Melbourne Stars,NJ Maddinson,GJ Maxwell,NM Lyon,0,0,caught,NJ Maddinson
ball,2,7.4,Melbourne Stars,SE Gotch,GJ Maxwell,NM Lyon,0,0,"",""
ball,2,7.5,Melbourne Stars,SE Gotch,GJ Maxwell,NM Lyon,1,0,"",""
ball,2,7.6,Melbourne Stars,GJ Maxwell,SE Gotch,NM Lyon,0,0,"",""
ball,2,8.1,Melbourne Stars,SE Gotch,GJ Maxwell,SNJ O'Keefe,0,0,"",""
ball,2,8.2,Melbourne Stars,SE Gotch,GJ Maxwell,SNJ O'Keefe,1,0,"",""
ball,2,8.3,Melbourne Stars,GJ Maxwell,SE Gotch,SNJ O'Keefe,1,0,"",""
ball,2,8.4,Melbourne Stars,SE Gotch,GJ Maxwell,SNJ O'Keefe,0,0,"",""
ball,2,8.5,Melbourne Stars,SE Gotch,GJ Maxwell,SNJ O'Keefe,2,0,"",""
ball,2,8.6,Melbourne Stars,SE Gotch,GJ Maxwell,SNJ O'Keefe,0,0,bowled,SE Gotch
ball,2,9.1,Melbourne Stars,GJ Maxwell,NM Coulter-Nile,NM Lyon,0,0,"",""
ball,2,9.2,Melbourne Stars,GJ Maxwell,NM Coulter-Nile,NM Lyon,1,0,"",""
ball,2,9.3,Melbourne Stars,NM Coulter-Nile,GJ Maxwell,NM Lyon,0,0,"",""
ball,2,9.4,Melbourne Stars,NM Coulter-Nile,GJ Maxwell,NM Lyon,1,0,"",""
ball,2,9.5,Melbourne Stars,GJ Maxwell,NM Coulter-Nile,NM Lyon,1,0,"",""
ball,2,9.6,Melbourne Stars,NM Coulter-Nile,GJ Maxwell,NM Lyon,1,0,"",""
ball,2,10.1,Melbourne Stars,NM Coulter-Nile,GJ Maxwell,SNJ O'Keefe,1,0,"",""
ball,2,10.2,Melbourne Stars,GJ Maxwell,NM Coulter-Nile,SNJ O'Keefe,0,0,"",""
ball,2,10.3,Melbourne Stars,GJ Maxwell,NM Coulter-Nile,SNJ O'Keefe,0,0,caught,GJ Maxwell
ball,2,10.4,Melbourne Stars,NM Coulter-Nile,CD Hinchliffe,SNJ O'Keefe,0,1,"",""
ball,2,10.5,Melbourne Stars,NM Coulter-Nile,CD Hinchliffe,SNJ O'Keefe,1,0,"",""
ball,2,10.6,Melbourne Stars,CD Hinchliffe,NM Coulter-Nile,SNJ O'Keefe,0,0,"",""
ball,2,10.7,Melbourne Stars,CD Hinchliffe,NM Coulter-Nile,SNJ O'Keefe,0,0,"",""
ball,2,11.1,Melbourne Stars,NM Coulter-Nile,CD Hinchliffe,SA Abbott,1,0,"",""
ball,2,11.2,Melbourne Stars,CD Hinchliffe,NM Coulter-Nile,SA Abbott,2,0,"",""
ball,2,11.3,Melbourne Stars,CD Hinchliffe,NM Coulter-Nile,SA Abbott,1,0,"",""
ball,2,11.4,Melbourne Stars,NM Coulter-Nile,CD Hinchliffe,SA Abbott,1,0,"",""
ball,2,11.5,Melbourne Stars,CD Hinchliffe,NM Coulter-Nile,SA Abbott,0,0,"",""
ball,2,11.6,Melbourne Stars,CD Hinchliffe,NM Coulter-Nile,SA Abbott,1,0,"",""
ball,2,12.1,Melbourne Stars,CD Hinchliffe,NM Coulter-Nile,JR Hazlewood,0,0,"",""
ball,2,12.2,Melbourne Stars,CD Hinchliffe,NM Coulter-Nile,JR Hazlewood,1,0,"",""
ball,2,12.3,Melbourne Stars,NM Coulter-Nile,CD Hinchliffe,JR Hazlewood,1,0,"",""
ball,2,12.4,Melbourne Stars,CD Hinchliffe,NM Coulter-Nile,JR Hazlewood,1,0,"",""
ball,2,12.5,Melbourne Stars,NM Coulter-Nile,CD Hinchliffe,JR Hazlewood,0,0,bowled,NM Coulter-Nile
ball,2,12.6,Melbourne Stars,A Zampa,CD Hinchliffe,JR Hazlewood,0,0,"",""
ball,2,13.1,Melbourne Stars,CD Hinchliffe,A Zampa,NM Lyon,1,0,"",""
ball,2,13.2,Melbourne Stars,A Zampa,CD Hinchliffe,NM Lyon,0,0,"",""
ball,2,13.3,Melbourne Stars,A Zampa,CD Hinchliffe,NM Lyon,4,0,"",""
ball,2,13.4,Melbourne Stars,A Zampa,CD Hinchliffe,NM Lyon,1,0,"",""
ball,2,13.5,Melbourne Stars,CD Hinchliffe,A Zampa,NM Lyon,1,0,"",""
ball,2,13.6,Melbourne Stars,A Zampa,CD Hinchliffe,NM Lyon,1,0,"",""
ball,2,14.1,Melbourne Stars,A Zampa,CD Hinchliffe,SNJ O'Keefe,1,0,"",""
ball,2,14.2,Melbourne Stars,CD Hinchliffe,A Zampa,SNJ O'Keefe,1,0,"",""
ball,2,14.3,Melbourne Stars,A Zampa,CD Hinchliffe,SNJ O'Keefe,1,0,"",""
ball,2,14.4,Melbourne Stars,CD Hinchliffe,A Zampa,SNJ O'Keefe,4,0,"",""
ball,2,14.5,Melbourne Stars,CD Hinchliffe,A Zampa,SNJ O'Keefe,1,0,"",""
ball,2,14.6,Melbourne Stars,A Zampa,CD Hinchliffe,SNJ O'Keefe,1,0,"",""
ball,2,15.1,Melbourne Stars,A Zampa,CD Hinchliffe,SA Abbott,0,0,caught,A Zampa
ball,2,15.2,Melbourne Stars,CD Hinchliffe,DJ Worrall,SA Abbott,1,0,"",""
ball,2,15.3,Melbourne Stars,DJ Worrall,CD Hinchliffe,SA Abbott,1,0,"",""
ball,2,15.4,Melbourne Stars,CD Hinchliffe,DJ Worrall,SA Abbott,0,0,"",""
ball,2,15.5,Melbourne Stars,CD Hinchliffe,DJ Worrall,SA Abbott,4,0,"",""
ball,2,15.6,Melbourne Stars,CD Hinchliffe,DJ Worrall,SA Abbott,1,0,"",""
ball,2,16.1,Melbourne Stars,CD Hinchliffe,DJ Worrall,BJ Dwarshuis,0,0,"",""
ball,2,16.2,Melbourne Stars,CD Hinchliffe,DJ Worrall,BJ Dwarshuis,0,0,"",""
ball,2,16.3,Melbourne Stars,CD Hinchliffe,DJ Worrall,BJ Dwarshuis,0,0,"",""
ball,2,16.4,Melbourne Stars,CD Hinchliffe,DJ Worrall,BJ Dwarshuis,0,0,"",""
ball,2,16.5,Melbourne Stars,CD Hinchliffe,DJ Worrall,BJ Dwarshuis,0,0,"",""
ball,2,16.6,Melbourne Stars,CD Hinchliffe,DJ Worrall,BJ Dwarshuis,4,0,"",""
ball,2,17.1,Melbourne Stars,DJ Worrall,CD Hinchliffe,SA Abbott,2,0,"",""
ball,2,17.2,Melbourne Stars,DJ Worrall,CD Hinchliffe,SA Abbott,0,0,"",""
ball,2,17.3,Melbourne Stars,DJ Worrall,CD Hinchliffe,SA Abbott,1,0,"",""
ball,2,17.4,Melbourne Stars,CD Hinchliffe,DJ Worrall,SA Abbott,1,0,"",""
ball,2,17.5,Melbourne Stars,DJ Worrall,CD Hinchliffe,SA Abbott,1,0,run out,DJ Worrall
ball,2,17.6,Melbourne Stars,Haris Rauf,CD Hinchliffe,SA Abbott,0,0,lbw,Haris Rauf
