version,1.3.0
info,team,Perth Scorchers
info,team,Hobart Hurricanes
info,gender,male
info,season,2019/20
info,date,2020/01/05
info,competition,Big Bash League
info,match_number,24
info,venue,Perth Stadium
info,city,Perth
info,toss_winner,Hobart Hurricanes
info,toss_decision,bat
info,player_of_match,DJM Short
info,umpire,JD Ward
info,umpire,MW Graham-Smith
info,reserve_umpire,T Steenholdt
info,tv_umpire,NR Johnstone
info,match_referee,PL Marshall
info,winner,Hobart Hurricanes
info,winner_runs,8
ball,1,0.1,Hobart Hurricanes,DJM Short,CP Jewell,JA Richardson,0,1,"",""
ball,1,0.2,Hobart Hurricanes,DJM Short,CP Jewell,JA Richardson,1,0,"",""
ball,1,0.3,Hobart Hurricanes,CP Jewell,DJM Short,JA Richardson,0,0,"",""
ball,1,0.4,Hobart Hurricanes,CP Jewell,DJM Short,JA Richardson,0,0,"",""
ball,1,0.5,Hobart Hurricanes,CP Jewell,DJM Short,JA Richardson,4,0,"",""
ball,1,0.6,Hobart Hurricanes,CP Jewell,DJM Short,JA Richardson,0,1,"",""
ball,1,0.7,Hobart Hurricanes,CP Jewell,DJM Short,JA Richardson,0,0,"",""
ball,1,0.8,Hobart Hurricanes,CP Jewell,DJM Short,JA Richardson,0,0,"",""
ball,1,1.1,Hobart Hurricanes,DJM Short,CP Jewell,M Kelly,4,0,"",""
ball,1,1.2,Hobart Hurricanes,DJM Short,CP Jewell,M Kelly,1,0,"",""
ball,1,1.3,Hobart Hurricanes,CP Jewell,DJM Short,M Kelly,4,0,"",""
ball,1,1.4,Hobart Hurricanes,CP Jewell,DJM Short,M Kelly,1,0,"",""
ball,1,1.5,Hobart Hurricanes,DJM Short,CP Jewell,M Kelly,0,0,"",""
ball,1,1.6,Hobart Hurricanes,DJM Short,CP Jewell,M Kelly,1,0,"",""
ball,1,2.1,Hobart Hurricanes,DJM Short,CP Jewell,CJ Jordan,1,0,"",""
ball,1,2.2,Hobart Hurricanes,CP Jewell,DJM Short,CJ Jordan,1,0,"",""
ball,1,2.3,Hobart Hurricanes,DJM Short,CP Jewell,CJ Jordan,0,0,"",""
ball,1,2.4,Hobart Hurricanes,DJM Short,CP Jewell,CJ Jordan,2,0,"",""
ball,1,2.5,Hobart Hurricanes,DJM Short,CP Jewell,CJ Jordan,0,0,"",""
ball,1,2.6,Hobart Hurricanes,DJM Short,CP Jewell,CJ Jordan,4,0,"",""
ball,1,3.1,Hobart Hurricanes,CP Jewell,DJM Short,JA Richardson,1,0,"",""
ball,1,3.2,Hobart Hurricanes,DJM Short,CP Jewell,JA Richardson,1,0,"",""
ball,1,3.3,Hobart Hurricanes,CP Jewell,DJM Short,JA Richardson,2,0,"",""
ball,1,3.4,Hobart Hurricanes,CP Jewell,DJM Short,JA Richardson,1,0,"",""
ball,1,3.5,Hobart Hurricanes,DJM Short,CP Jewell,JA Richardson,0,0,"",""
ball,1,3.6,Hobart Hurricanes,DJM Short,CP Jewell,JA Richardson,6,0,"",""
ball,1,4.1,Hobart Hurricanes,CP Jewell,DJM Short,M Kelly,1,0,"",""
ball,1,4.2,Hobart Hurricanes,DJM Short,CP Jewell,M Kelly,1,0,"",""
ball,1,4.3,Hobart Hurricanes,CP Jewell,DJM Short,M Kelly,0,0,"",""
ball,1,4.4,Hobart Hurricanes,CP Jewell,DJM Short,M Kelly,4,0,"",""
ball,1,4.5,Hobart Hurricanes,CP Jewell,DJM Short,M Kelly,1,0,"",""
ball,1,4.6,Hobart Hurricanes,DJM Short,CP Jewell,M Kelly,1,0,"",""
ball,1,5.1,Hobart Hurricanes,DJM Short,CP Jewell,CJ Jordan,0,0,"",""
ball,1,5.2,Hobart Hurricanes,DJM Short,CP Jewell,CJ Jordan,1,0,"",""
ball,1,5.3,Hobart Hurricanes,CP Jewell,DJM Short,CJ Jordan,1,0,"",""
ball,1,5.4,Hobart Hurricanes,DJM Short,CP Jewell,CJ Jordan,0,0,"",""
ball,1,5.5,Hobart Hurricanes,DJM Short,CP Jewell,CJ Jordan,1,0,"",""
ball,1,5.6,Hobart Hurricanes,CP Jewell,DJM Short,CJ Jordan,0,1,"",""
ball,1,6.1,Hobart Hurricanes,CP Jewell,DJM Short,AC Agar,1,0,"",""
ball,1,6.2,Hobart Hurricanes,DJM Short,CP Jewell,AC Agar,1,0,"",""
ball,1,6.3,Hobart Hurricanes,CP Jewell,DJM Short,AC Agar,0,0,"",""
ball,1,6.4,Hobart Hurricanes,CP Jewell,DJM Short,AC Agar,1,0,"",""
ball,1,6.5,Hobart Hurricanes,DJM Short,CP Jewell,AC Agar,1,0,"",""
ball,1,6.6,Hobart Hurricanes,CP Jewell,DJM Short,AC Agar,0,0,"",""
ball,1,7.1,Hobart Hurricanes,DJM Short,CP Jewell,Fawad Ahmed,0,0,"",""
ball,1,7.2,Hobart Hurricanes,DJM Short,CP Jewell,Fawad Ahmed,0,0,"",""
ball,1,7.3,Hobart Hurricanes,DJM Short,CP Jewell,Fawad Ahmed,0,0,"",""
ball,1,7.4,Hobart Hurricanes,DJM Short,CP Jewell,Fawad Ahmed,2,0,"",""
ball,1,7.5,Hobart Hurricanes,DJM Short,CP Jewell,Fawad Ahmed,0,1,"",""
ball,1,7.6,Hobart Hurricanes,CP Jewell,DJM Short,Fawad Ahmed,0,0,"",""
ball,1,8.1,Hobart Hurricanes,DJM Short,CP Jewell,AC Agar,1,0,"",""
ball,1,8.2,Hobart Hurricanes,CP Jewell,DJM Short,AC Agar,1,0,"",""
ball,1,8.3,Hobart Hurricanes,DJM Short,CP Jewell,AC Agar,2,0,"",""
ball,1,8.4,Hobart Hurricanes,DJM Short,CP Jewell,AC Agar,0,0,"",""
ball,1,8.5,Hobart Hurricanes,DJM Short,CP Jewell,AC Agar,1,0,"",""
ball,1,8.6,Hobart Hurricanes,CP Jewell,DJM Short,AC Agar,0,0,"",""
ball,1,9.1,Hobart Hurricanes,DJM Short,CP Jewell,Fawad Ahmed,1,0,"",""
ball,1,9.2,Hobart Hurricanes,CP Jewell,DJM Short,Fawad Ahmed,0,0,"",""
ball,1,9.3,Hobart Hurricanes,CP Jewell,DJM Short,Fawad Ahmed,1,0,"",""
ball,1,9.4,Hobart Hurricanes,DJM Short,CP Jewell,Fawad Ahmed,2,0,"",""
ball,1,9.5,Hobart Hurricanes,DJM Short,CP Jewell,Fawad Ahmed,0,2,"",""
ball,1,9.6,Hobart Hurricanes,DJM Short,CP Jewell,Fawad Ahmed,1,0,"",""
ball,1,10.1,Hobart Hurricanes,DJM Short,CP Jewell,LS Livingstone,1,0,"",""
ball,1,10.2,Hobart Hurricanes,CP Jewell,DJM Short,LS Livingstone,0,0,"",""
ball,1,10.3,Hobart Hurricanes,CP Jewell,DJM Short,LS Livingstone,0,0,caught,CP Jewell
ball,1,10.4,Hobart Hurricanes,DJM Short,DA Miller,LS Livingstone,0,0,"",""
ball,1,10.5,Hobart Hurricanes,DJM Short,DA Miller,LS Livingstone,0,0,"",""
ball,1,10.6,Hobart Hurricanes,DJM Short,DA Miller,LS Livingstone,1,0,"",""
ball,1,11.1,Hobart Hurricanes,DJM Short,DA Miller,Fawad Ahmed,1,0,"",""
ball,1,11.2,Hobart Hurricanes,DA Miller,DJM Short,Fawad Ahmed,0,0,"",""
ball,1,11.3,Hobart Hurricanes,DA Miller,DJM Short,Fawad Ahmed,1,0,"",""
ball,1,11.4,Hobart Hurricanes,DJM Short,DA Miller,Fawad Ahmed,1,0,"",""
ball,1,11.5,Hobart Hurricanes,DA Miller,DJM Short,Fawad Ahmed,1,0,"",""
ball,1,11.6,Hobart Hurricanes,DJM Short,DA Miller,Fawad Ahmed,1,0,"",""
ball,1,12.1,Hobart Hurricanes,DJM Short,DA Miller,AC Agar,6,0,"",""
ball,1,12.2,Hobart Hurricanes,DJM Short,DA Miller,AC Agar,1,0,"",""
ball,1,12.3,Hobart Hurricanes,DA Miller,DJM Short,AC Agar,6,0,"",""
ball,1,12.4,Hobart Hurricanes,DA Miller,DJM Short,AC Agar,1,0,"",""
ball,1,12.5,Hobart Hurricanes,DJM Short,DA Miller,AC Agar,1,0,"",""
ball,1,12.6,Hobart Hurricanes,DA Miller,DJM Short,AC Agar,0,0,"",""
ball,1,13.1,Hobart Hurricanes,DJM Short,DA Miller,JA Richardson,1,0,"",""
ball,1,13.2,Hobart Hurricanes,DA Miller,DJM Short,JA Richardson,1,0,"",""
ball,1,13.3,Hobart Hurricanes,DJM Short,DA Miller,JA Richardson,2,0,"",""
ball,1,13.4,Hobart Hurricanes,DJM Short,DA Miller,JA Richardson,0,0,"",""
ball,1,13.5,Hobart Hurricanes,DJM Short,DA Miller,JA Richardson,1,0,"",""
ball,1,13.6,Hobart Hurricanes,DA Miller,DJM Short,JA Richardson,1,0,"",""
ball,1,14.1,Hobart Hurricanes,DA Miller,DJM Short,M Kelly,1,0,"",""
ball,1,14.2,Hobart Hurricanes,DJM Short,DA Miller,M Kelly,2,0,"",""
ball,1,14.3,Hobart Hurricanes,DJM Short,DA Miller,M Kelly,1,0,"",""
ball,1,14.4,Hobart Hurricanes,DA Miller,DJM Short,M Kelly,1,0,"",""
ball,1,14.5,Hobart Hurricanes,DJM Short,DA Miller,M Kelly,0,1,"",""
ball,1,14.6,Hobart Hurricanes,DA Miller,DJM Short,M Kelly,2,0,"",""
ball,1,15.1,Hobart Hurricanes,DJM Short,DA Miller,Fawad Ahmed,6,0,"",""
ball,1,15.2,Hobart Hurricanes,DJM Short,DA Miller,Fawad Ahmed,1,0,"",""
ball,1,15.3,Hobart Hurricanes,DA Miller,DJM Short,Fawad Ahmed,0,0,lbw,DA Miller
ball,1,15.4,Hobart Hurricanes,BR McDermott,DJM Short,Fawad Ahmed,1,0,"",""
ball,1,15.5,Hobart Hurricanes,DJM Short,BR McDermott,Fawad Ahmed,4,0,"",""
ball,1,15.6,Hobart Hurricanes,DJM Short,BR McDermott,Fawad Ahmed,1,0,"",""
ball,1,16.1,Hobart Hurricanes,DJM Short,BR McDermott,JA Richardson,0,1,"",""
ball,1,16.2,Hobart Hurricanes,DJM Short,BR McDermott,JA Richardson,1,0,"",""
ball,1,16.3,Hobart Hurricanes,BR McDermott,DJM Short,JA Richardson,0,0,"",""
ball,1,16.4,Hobart Hurricanes,BR McDermott,DJM Short,JA Richardson,1,0,"",""
ball,1,16.5,Hobart Hurricanes,DJM Short,BR McDermott,JA Richardson,1,0,"",""
ball,1,16.6,Hobart Hurricanes,BR McDermott,DJM Short,JA Richardson,1,0,"",""
ball,1,16.7,Hobart Hurricanes,DJM Short,BR McDermott,JA Richardson,0,5,"",""
ball,1,16.8,Hobart Hurricanes,DJM Short,BR McDermott,JA Richardson,6,0,"",""
ball,1,17.1,Hobart Hurricanes,BR McDermott,DJM Short,CJ Jordan,1,0,"",""
ball,1,17.2,Hobart Hurricanes,DJM Short,BR McDermott,CJ Jordan,0,1,"",""
ball,1,17.3,Hobart Hurricanes,BR McDermott,DJM Short,CJ Jordan,4,0,"",""
ball,1,17.4,Hobart Hurricanes,BR McDermott,DJM Short,CJ Jordan,4,0,"",""
ball,1,17.5,Hobart Hurricanes,BR McDermott,DJM Short,CJ Jordan,0,1,"",""
ball,1,17.6,Hobart Hurricanes,BR McDermott,DJM Short,CJ Jordan,1,0,"",""
ball,1,17.7,Hobart Hurricanes,DJM Short,BR McDermott,CJ Jordan,1,0,"",""
ball,1,18.1,Hobart Hurricanes,DJM Short,BR McDermott,M Kelly,6,0,"",""
ball,1,18.2,Hobart Hurricanes,DJM Short,BR McDermott,M Kelly,1,0,"",""
ball,1,18.3,Hobart Hurricanes,BR McDermott,DJM Short,M Kelly,6,0,"",""
ball,1,18.4,Hobart Hurricanes,BR McDermott,DJM Short,M Kelly,0,1,"",""
ball,1,18.5,Hobart Hurricanes,DJM Short,BR McDermott,M Kelly,6,0,"",""
ball,1,18.6,Hobart Hurricanes,DJM Short,BR McDermott,M Kelly,1,0,"",""
ball,1,19.1,Hobart Hurricanes,DJM Short,BR McDermott,CJ Jordan,2,0,"",""
ball,1,19.2,Hobart Hurricanes,DJM Short,BR McDermott,CJ Jordan,0,1,"",""
ball,1,19.3,Hobart Hurricanes,DJM Short,BR McDermott,CJ Jordan,2,0,"",""
ball,1,19.4,Hobart Hurricanes,DJM Short,BR McDermott,CJ Jordan,0,0,"",""
ball,1,19.5,Hobart Hurricanes,DJM Short,BR McDermott,CJ Jordan,1,0,"",""
ball,1,19.6,Hobart Hurricanes,BR McDermott,DJM Short,CJ Jordan,1,0,"",""
ball,1,19.7,Hobart Hurricanes,DJM Short,BR McDermott,CJ Jordan,6,0,"",""
ball,2,0.1,Perth Scorchers,LS Livingstone,JP Inglis,TS Rogers,0,0,"",""
ball,2,0.2,Perth Scorchers,LS Livingstone,JP Inglis,TS Rogers,0,0,"",""
ball,2,0.3,Perth Scorchers,LS Livingstone,JP Inglis,TS Rogers,0,0,"",""
ball,2,0.4,Perth Scorchers,LS Livingstone,JP Inglis,TS Rogers,4,0,"",""
ball,2,0.5,Perth Scorchers,LS Livingstone,JP Inglis,TS Rogers,1,0,"",""
ball,2,0.6,Perth Scorchers,JP Inglis,LS Livingstone,TS Rogers,2,0,"",""
ball,2,1.1,Perth Scorchers,LS Livingstone,JP Inglis,RP Meredith,0,1,"",""
ball,2,1.2,Perth Scorchers,LS Livingstone,JP Inglis,RP Meredith,0,0,"",""
ball,2,1.3,Perth Scorchers,LS Livingstone,JP Inglis,RP Meredith,0,1,"",""
ball,2,1.4,Perth Scorchers,LS Livingstone,JP Inglis,RP Meredith,4,0,"",""
ball,2,1.5,Perth Scorchers,LS Livingstone,JP Inglis,RP Meredith,4,0,"",""
ball,2,1.6,Perth Scorchers,LS Livingstone,JP Inglis,RP Meredith,0,0,bowled,LS Livingstone
ball,2,1.7,Perth Scorchers,CT Bancroft,JP Inglis,RP Meredith,0,0,"",""
ball,2,1.8,Perth Scorchers,CT Bancroft,JP Inglis,RP Meredith,0,0,"",""
ball,2,2.1,Perth Scorchers,JP Inglis,CT Bancroft,SM Boland,1,0,"",""
ball,2,2.2,Perth Scorchers,CT Bancroft,JP Inglis,SM Boland,0,0,caught,CT Bancroft
ball,2,2.3,Perth Scorchers,MR Marsh,JP Inglis,SM Boland,0,0,run out,JP Inglis
ball,2,2.4,Perth Scorchers,MR Marsh,C Green,SM Boland,0,0,"",""
ball,2,2.5,Perth Scorchers,MR Marsh,C Green,SM Boland,0,0,"",""
ball,2,2.6,Perth Scorchers,MR Marsh,C Green,SM Boland,0,0,"",""
ball,2,3.1,Perth Scorchers,C Green,MR Marsh,RP Meredith,0,1,"",""
ball,2,3.2,Perth Scorchers,C Green,MR Marsh,RP Meredith,0,0,"",""
ball,2,3.3,Perth Scorchers,C Green,MR Marsh,RP Meredith,0,0,"",""
ball,2,3.4,Perth Scorchers,C Green,MR Marsh,RP Meredith,1,0,"",""
ball,2,3.5,Perth Scorchers,MR Marsh,C Green,RP Meredith,0,0,"",""
ball,2,3.6,Perth Scorchers,MR Marsh,C Green,RP Meredith,0,1,"",""
ball,2,3.7,Perth Scorchers,MR Marsh,C Green,RP Meredith,1,0,"",""
ball,2,3.8,Perth Scorchers,C Green,MR Marsh,RP Meredith,1,0,"",""
ball,2,4.1,Perth Scorchers,C Green,MR Marsh,SM Boland,1,0,"",""
ball,2,4.2,Perth Scorchers,MR Marsh,C Green,SM Boland,1,0,"",""
ball,2,4.3,Perth Scorchers,C Green,MR Marsh,SM Boland,0,0,"",""
ball,2,4.4,Perth Scorchers,C Green,MR Marsh,SM Boland,0,4,"",""
ball,2,4.5,Perth Scorchers,C Green,MR Marsh,SM Boland,1,0,"",""
ball,2,4.6,Perth Scorchers,MR Marsh,C Green,SM Boland,1,0,"",""
ball,2,5.1,Perth Scorchers,MR Marsh,C Green,NT Ellis,0,0,"",""
ball,2,5.2,Perth Scorchers,MR Marsh,C Green,NT Ellis,4,0,"",""
ball,2,5.3,Perth Scorchers,MR Marsh,C Green,NT Ellis,4,0,"",""
ball,2,5.4,Perth Scorchers,MR Marsh,C Green,NT Ellis,0,0,"",""
ball,2,5.5,Perth Scorchers,MR Marsh,C Green,NT Ellis,1,0,"",""
ball,2,5.6,Perth Scorchers,C Green,MR Marsh,NT Ellis,1,0,"",""
ball,2,6.1,Perth Scorchers,C Green,MR Marsh,Qais Ahmad,0,0,"",""
ball,2,6.2,Perth Scorchers,C Green,MR Marsh,Qais Ahmad,1,0,"",""
ball,2,6.3,Perth Scorchers,MR Marsh,C Green,Qais Ahmad,1,0,"",""
ball,2,6.4,Perth Scorchers,C Green,MR Marsh,Qais Ahmad,1,0,"",""
ball,2,6.5,Perth Scorchers,MR Marsh,C Green,Qais Ahmad,4,0,"",""
ball,2,6.6,Perth Scorchers,MR Marsh,C Green,Qais Ahmad,1,0,"",""
ball,2,7.1,Perth Scorchers,MR Marsh,C Green,DJM Short,1,0,"",""
ball,2,7.2,Perth Scorchers,C Green,MR Marsh,DJM Short,1,0,"",""
ball,2,7.3,Perth Scorchers,MR Marsh,C Green,DJM Short,1,0,"",""
ball,2,7.4,Perth Scorchers,C Green,MR Marsh,DJM Short,1,0,"",""
ball,2,7.5,Perth Scorchers,MR Marsh,C Green,DJM Short,1,0,"",""
ball,2,7.6,Perth Scorchers,C Green,MR Marsh,DJM Short,2,0,"",""
ball,2,8.1,Perth Scorchers,MR Marsh,C Green,Qais Ahmad,0,0,"",""
ball,2,8.2,Perth Scorchers,MR Marsh,C Green,Qais Ahmad,1,0,"",""
ball,2,8.3,Perth Scorchers,C Green,MR Marsh,Qais Ahmad,4,0,"",""
ball,2,8.4,Perth Scorchers,C Green,MR Marsh,Qais Ahmad,0,1,"",""
ball,2,8.5,Perth Scorchers,MR Marsh,C Green,Qais Ahmad,1,0,"",""
ball,2,8.6,Perth Scorchers,C Green,MR Marsh,Qais Ahmad,1,0,"",""
ball,2,9.1,Perth Scorchers,C Green,MR Marsh,DJM Short,2,0,"",""
ball,2,9.2,Perth Scorchers,C Green,MR Marsh,DJM Short,4,0,"",""
ball,2,9.3,Perth Scorchers,C Green,MR Marsh,DJM Short,1,0,"",""
ball,2,9.4,Perth Scorchers,MR Marsh,C Green,DJM Short,1,0,"",""
ball,2,9.5,Perth Scorchers,C Green,MR Marsh,DJM Short,4,0,"",""
ball,2,9.6,Perth Scorchers,C Green,MR Marsh,DJM Short,1,0,"",""
ball,2,10.1,Perth Scorchers,C Green,MR Marsh,Qais Ahmad,1,0,"",""
ball,2,10.2,Perth Scorchers,MR Marsh,C Green,Qais Ahmad,1,0,"",""
ball,2,10.3,Perth Scorchers,C Green,MR Marsh,Qais Ahmad,1,0,"",""
ball,2,10.4,Perth Scorchers,MR Marsh,C Green,Qais Ahmad,1,0,"",""
ball,2,10.5,Perth Scorchers,C Green,MR Marsh,Qais Ahmad,0,0,"",""
ball,2,10.6,Perth Scorchers,C Green,MR Marsh,Qais Ahmad,1,0,"",""
ball,2,11.1,Perth Scorchers,C Green,MR Marsh,TS Rogers,0,0,"",""
ball,2,11.2,Perth Scorchers,C Green,MR Marsh,TS Rogers,0,0,"",""
ball,2,11.3,Perth Scorchers,C Green,MR Marsh,TS Rogers,1,0,"",""
ball,2,11.4,Perth Scorchers,MR Marsh,C Green,TS Rogers,2,0,"",""
ball,2,11.5,Perth Scorchers,MR Marsh,C Green,TS Rogers,4,0,"",""
ball,2,11.6,Perth Scorchers,MR Marsh,C Green,TS Rogers,1,0,"",""
ball,2,12.1,Perth Scorchers,MR Marsh,C Green,NT Ellis,1,0,"",""
ball,2,12.2,Perth Scorchers,C Green,MR Marsh,NT Ellis,1,0,"",""
ball,2,12.3,Perth Scorchers,MR Marsh,C Green,NT Ellis,1,0,"",""
ball,2,12.4,Perth Scorchers,C Green,MR Marsh,NT Ellis,0,0,lbw,C Green
ball,2,12.5,Perth Scorchers,CJ Jordan,MR Marsh,NT Ellis,0,1,"",""
ball,2,12.6,Perth Scorchers,CJ Jordan,MR Marsh,NT Ellis,0,0,"",""
ball,2,12.7,Perth Scorchers,CJ Jordan,MR Marsh,NT Ellis,1,0,"",""
ball,2,13.1,Perth Scorchers,CJ Jordan,MR Marsh,Qais Ahmad,0,0,caught,CJ Jordan
ball,2,13.2,Perth Scorchers,TH David,MR Marsh,Qais Ahmad,0,0,"",""
ball,2,13.3,Perth Scorchers,TH David,MR Marsh,Qais Ahmad,4,0,"",""
ball,2,13.4,Perth Scorchers,TH David,MR Marsh,Qais Ahmad,2,0,"",""
ball,2,13.5,Perth Scorchers,TH David,MR Marsh,Qais Ahmad,0,1,"",""
ball,2,13.6,Perth Scorchers,TH David,MR Marsh,Qais Ahmad,2,0,"",""
ball,2,13.7,Perth Scorchers,TH David,MR Marsh,Qais Ahmad,0,0,"",""
ball,2,14.1,Perth Scorchers,MR Marsh,TH David,TS Rogers,6,0,"",""
ball,2,14.2,Perth Scorchers,MR Marsh,TH David,TS Rogers,1,0,"",""
ball,2,14.3,Perth Scorchers,TH David,MR Marsh,TS Rogers,2,0,"",""
ball,2,14.4,Perth Scorchers,TH David,MR Marsh,TS Rogers,1,0,"",""
ball,2,14.5,Perth Scorchers,MR Marsh,TH David,TS Rogers,1,0,"",""
ball,2,14.6,Perth Scorchers,TH David,MR Marsh,TS Rogers,1,0,"",""
ball,2,15.1,Perth Scorchers,TH David,MR Marsh,SM Boland,6,0,"",""
ball,2,15.2,Perth Scorchers,TH David,MR Marsh,SM Boland,0,0,caught,TH David
ball,2,15.3,Perth Scorchers,MR Marsh,AC Agar,SM Boland,4,0,"",""
ball,2,15.4,Perth Scorchers,MR Marsh,AC Agar,SM Boland,1,0,"",""
ball,2,15.5,Perth Scorchers,AC Agar,MR Marsh,SM Boland,0,0,"",""
ball,2,15.6,Perth Scorchers,AC Agar,MR Marsh,SM Boland,1,0,"",""
ball,2,16.1,Perth Scorchers,AC Agar,MR Marsh,TS Rogers,1,0,"",""
ball,2,16.2,Perth Scorchers,MR Marsh,AC Agar,TS Rogers,0,0,caught,MR Marsh
ball,2,16.3,Perth Scorchers,AC Agar,JA Richardson,TS Rogers,0,0,"",""
ball,2,16.4,Perth Scorchers,AC Agar,JA Richardson,TS Rogers,1,0,"",""
ball,2,16.5,Perth Scorchers,JA Richardson,AC Agar,TS Rogers,1,0,"",""
ball,2,16.6,Perth Scorchers,AC Agar,JA Richardson,TS Rogers,1,0,"",""
ball,2,17.1,Perth Scorchers,AC Agar,JA Richardson,NT Ellis,4,0,"",""
ball,2,17.2,Perth Scorchers,AC Agar,JA Richardson,NT Ellis,0,0,caught,AC Agar
ball,2,17.3,Perth Scorchers,M Kelly,JA Richardson,NT Ellis,1,0,"",""
ball,2,17.4,Perth Scorchers,JA Richardson,M Kelly,NT Ellis,0,0,"",""
ball,2,17.5,Perth Scorchers,JA Richardson,M Kelly,NT Ellis,2,0,"",""
ball,2,17.6,Perth Scorchers,JA Richardson,M Kelly,NT Ellis,1,0,"",""
ball,2,18.1,Perth Scorchers,JA Richardson,M Kelly,SM Boland,6,0,"",""
ball,2,18.2,Perth Scorchers,JA Richardson,M Kelly,SM Boland,0,1,"",""
ball,2,18.3,Perth Scorchers,JA Richardson,M Kelly,SM Boland,0,0,"",""
ball,2,18.4,Perth Scorchers,JA Richardson,M Kelly,SM Boland,2,0,"",""
ball,2,18.5,Perth Scorchers,JA Richardson,M Kelly,SM Boland,1,0,"",""
ball,2,18.6,Perth Scorchers,M Kelly,JA Richardson,SM Boland,2,0,"",""
ball,2,18.7,Perth Scorchers,M Kelly,JA Richardson,SM Boland,0,0,"",""
ball,2,19.1,Perth Scorchers,JA Richardson,M Kelly,NT Ellis,0,0,"",""
ball,2,19.2,Perth Scorchers,JA Richardson,M Kelly,NT Ellis,6,0,"",""
ball,2,19.3,Perth Scorchers,JA Richardson,M Kelly,NT Ellis,4,0,"",""
ball,2,19.4,Perth Scorchers,JA Richardson,M Kelly,NT Ellis,2,0,"",""
ball,2,19.5,Perth Scorchers,JA Richardson,M Kelly,NT Ellis,6,0,"",""
ball,2,19.6,Perth Scorchers,JA Richardson,M Kelly,NT Ellis,2,0,"",""
