version,1.3.0
info,team,Hobart Hurricanes
info,team,Brisbane Heat
info,gender,male
info,season,2019/20
info,date,2020/01/03
info,competition,Big Bash League
info,match_number,21
info,venue,Bellerive Oval
info,city,Hobart
info,toss_winner,Hobart Hurricanes
info,toss_decision,field
info,player_of_match,CA Lynn
info,umpire,DR Close
info,umpire,SJ Nogajski
info,tv_umpire,DM Koch
info,match_referee,PL Marshall
info,winner,Brisbane Heat
info,winner_runs,31
ball,1,0.1,Brisbane Heat,T Banton,M Bryant,JP Faulkner,1,0,"",""
ball,1,0.2,Brisbane Heat,M Bryant,T Banton,JP Faulkner,0,1,"",""
ball,1,0.3,Brisbane Heat,M Bryant,T Banton,JP Faulkner,0,0,"",""
ball,1,0.4,Brisbane Heat,M Bryant,T Banton,JP Faulkner,1,0,"",""
ball,1,0.5,Brisbane Heat,T Banton,M Bryant,JP Faulkner,0,1,"",""
ball,1,0.6,Brisbane Heat,T Banton,M Bryant,JP Faulkner,1,0,"",""
ball,1,0.7,Brisbane Heat,M Bryant,T Banton,JP Faulkner,0,0,"",""
ball,1,0.8,Brisbane Heat,M Bryant,T Banton,JP Faulkner,4,0,"",""
ball,1,1.1,Brisbane Heat,T Banton,M Bryant,RP Meredith,4,0,"",""
ball,1,1.2,Brisbane Heat,T Banton,M Bryant,RP Meredith,2,0,"",""
ball,1,1.3,Brisbane Heat,T Banton,M Bryant,RP Meredith,0,0,caught,T Banton
ball,1,1.4,Brisbane Heat,M Bryant,CA Lynn,RP Meredith,0,0,"",""
ball,1,1.5,Brisbane Heat,M Bryant,CA Lynn,RP Meredith,2,0,"",""
ball,1,1.6,Brisbane Heat,M Bryant,CA Lynn,RP Meredith,0,0,"",""
ball,1,2.1,Brisbane Heat,CA Lynn,M Bryant,JP Faulkner,0,0,"",""
ball,1,2.2,Brisbane Heat,CA Lynn,M Bryant,JP Faulkner,4,0,"",""
ball,1,2.3,Brisbane Heat,CA Lynn,M Bryant,JP Faulkner,0,0,"",""
ball,1,2.4,Brisbane Heat,CA Lynn,M Bryant,JP Faulkner,4,0,"",""
ball,1,2.5,Brisbane Heat,CA Lynn,M Bryant,JP Faulkner,4,0,"",""
ball,1,2.6,Brisbane Heat,CA Lynn,M Bryant,JP Faulkner,1,0,"",""
ball,1,3.1,Brisbane Heat,CA Lynn,M Bryant,CA Rose,0,0,"",""
ball,1,3.2,Brisbane Heat,CA Lynn,M Bryant,CA Rose,2,0,"",""
ball,1,3.3,Brisbane Heat,CA Lynn,M Bryant,CA Rose,0,0,"",""
ball,1,3.4,Brisbane Heat,CA Lynn,M Bryant,CA Rose,4,0,"",""
ball,1,3.5,Brisbane Heat,CA Lynn,M Bryant,CA Rose,0,0,"",""
ball,1,3.6,Brisbane Heat,CA Lynn,M Bryant,CA Rose,0,0,"",""
ball,1,4.1,Brisbane Heat,M Bryant,CA Lynn,Qais Ahmad,4,0,"",""
ball,1,4.2,Brisbane Heat,M Bryant,CA Lynn,Qais Ahmad,0,0,"",""
ball,1,4.3,Brisbane Heat,M Bryant,CA Lynn,Qais Ahmad,4,0,"",""
ball,1,4.4,Brisbane Heat,M Bryant,CA Lynn,Qais Ahmad,0,0,"",""
ball,1,4.5,Brisbane Heat,M Bryant,CA Lynn,Qais Ahmad,1,0,"",""
ball,1,4.6,Brisbane Heat,CA Lynn,M Bryant,Qais Ahmad,0,0,"",""
ball,1,5.1,Brisbane Heat,M Bryant,CA Lynn,CA Rose,0,0,"",""
ball,1,5.2,Brisbane Heat,M Bryant,CA Lynn,CA Rose,4,0,"",""
ball,1,5.3,Brisbane Heat,M Bryant,CA Lynn,CA Rose,0,0,"",""
ball,1,5.4,Brisbane Heat,M Bryant,CA Lynn,CA Rose,6,0,"",""
ball,1,5.5,Brisbane Heat,M Bryant,CA Lynn,CA Rose,1,0,"",""
ball,1,5.6,Brisbane Heat,CA Lynn,M Bryant,CA Rose,4,0,"",""
ball,1,6.1,Brisbane Heat,M Bryant,CA Lynn,Qais Ahmad,0,0,"",""
ball,1,6.2,Brisbane Heat,M Bryant,CA Lynn,Qais Ahmad,1,0,"",""
ball,1,6.3,Brisbane Heat,CA Lynn,M Bryant,Qais Ahmad,0,0,"",""
ball,1,6.4,Brisbane Heat,CA Lynn,M Bryant,Qais Ahmad,1,0,"",""
ball,1,6.5,Brisbane Heat,M Bryant,CA Lynn,Qais Ahmad,4,0,"",""
ball,1,6.6,Brisbane Heat,M Bryant,CA Lynn,Qais Ahmad,1,0,"",""
ball,1,7.1,Brisbane Heat,M Bryant,CA Lynn,NT Ellis,1,0,"",""
ball,1,7.2,Brisbane Heat,CA Lynn,M Bryant,NT Ellis,4,0,"",""
ball,1,7.3,Brisbane Heat,CA Lynn,M Bryant,NT Ellis,1,0,"",""
ball,1,7.4,Brisbane Heat,M Bryant,CA Lynn,NT Ellis,0,0,"",""
ball,1,7.5,Brisbane Heat,M Bryant,CA Lynn,NT Ellis,4,0,"",""
ball,1,7.6,Brisbane Heat,M Bryant,CA Lynn,NT Ellis,4,0,"",""
ball,1,8.1,Brisbane Heat,CA Lynn,M Bryant,DJM Short,0,0,"",""
ball,1,8.2,Brisbane Heat,CA Lynn,M Bryant,DJM Short,1,0,"",""
ball,1,8.3,Brisbane Heat,M Bryant,CA Lynn,DJM Short,1,0,"",""
ball,1,8.4,Brisbane Heat,CA Lynn,M Bryant,DJM Short,1,0,"",""
ball,1,8.5,Brisbane Heat,M Bryant,CA Lynn,DJM Short,4,0,"",""
ball,1,8.6,Brisbane Heat,M Bryant,CA Lynn,DJM Short,1,0,"",""
ball,1,9.1,Brisbane Heat,M Bryant,CA Lynn,RP Meredith,1,0,"",""
ball,1,9.2,Brisbane Heat,CA Lynn,M Bryant,RP Meredith,1,0,"",""
ball,1,9.3,Brisbane Heat,M Bryant,CA Lynn,RP Meredith,4,0,"",""
ball,1,9.4,Brisbane Heat,M Bryant,CA Lynn,RP Meredith,0,0,"",""
ball,1,9.5,Brisbane Heat,M Bryant,CA Lynn,RP Meredith,4,0,"",""
ball,1,9.6,Brisbane Heat,M Bryant,CA Lynn,RP Meredith,1,0,"",""
ball,1,10.1,Brisbane Heat,M Bryant,CA Lynn,DJM Short,1,0,"",""
ball,1,10.2,Brisbane Heat,CA Lynn,M Bryant,DJM Short,2,0,"",""
ball,1,10.3,Brisbane Heat,CA Lynn,M Bryant,DJM Short,1,0,"",""
ball,1,10.4,Brisbane Heat,M Bryant,CA Lynn,DJM Short,6,0,"",""
ball,1,10.5,Brisbane Heat,M Bryant,CA Lynn,DJM Short,0,0,caught,M Bryant
ball,1,10.6,Brisbane Heat,MT Renshaw,CA Lynn,DJM Short,1,0,"",""
ball,1,11.1,Brisbane Heat,MT Renshaw,CA Lynn,Qais Ahmad,3,0,"",""
ball,1,11.2,Brisbane Heat,CA Lynn,MT Renshaw,Qais Ahmad,1,0,"",""
ball,1,11.3,Brisbane Heat,MT Renshaw,CA Lynn,Qais Ahmad,1,0,"",""
ball,1,11.4,Brisbane Heat,CA Lynn,MT Renshaw,Qais Ahmad,4,0,"",""
ball,1,11.5,Brisbane Heat,CA Lynn,MT Renshaw,Qais Ahmad,6,0,"",""
ball,1,11.6,Brisbane Heat,CA Lynn,MT Renshaw,Qais Ahmad,1,0,"",""
ball,1,12.1,Brisbane Heat,CA Lynn,MT Renshaw,DJM Short,0,0,"",""
ball,1,12.2,Brisbane Heat,CA Lynn,MT Renshaw,DJM Short,1,0,"",""
ball,1,12.3,Brisbane Heat,MT Renshaw,CA Lynn,DJM Short,1,0,"",""
ball,1,12.4,Brisbane Heat,CA Lynn,MT Renshaw,DJM Short,0,0,"",""
ball,1,12.5,Brisbane Heat,CA Lynn,MT Renshaw,DJM Short,1,0,"",""
ball,1,12.6,Brisbane Heat,MT Renshaw,CA Lynn,DJM Short,1,0,"",""
ball,1,13.1,Brisbane Heat,MT Renshaw,CA Lynn,NT Ellis,0,0,"",""
ball,1,13.2,Brisbane Heat,MT Renshaw,CA Lynn,NT Ellis,1,0,"",""
ball,1,13.3,Brisbane Heat,CA Lynn,MT Renshaw,NT Ellis,0,0,"",""
ball,1,13.4,Brisbane Heat,CA Lynn,MT Renshaw,NT Ellis,4,0,"",""
ball,1,13.5,Brisbane Heat,CA Lynn,MT Renshaw,NT Ellis,0,0,"",""
ball,1,13.6,Brisbane Heat,CA Lynn,MT Renshaw,NT Ellis,0,0,"",""
ball,1,14.1,Brisbane Heat,MT Renshaw,CA Lynn,DJM Short,1,0,"",""
ball,1,14.2,Brisbane Heat,CA Lynn,MT Renshaw,DJM Short,4,0,"",""
ball,1,14.3,Brisbane Heat,CA Lynn,MT Renshaw,DJM Short,0,0,"",""
ball,1,14.4,Brisbane Heat,CA Lynn,MT Renshaw,DJM Short,1,0,"",""
ball,1,14.5,Brisbane Heat,MT Renshaw,CA Lynn,DJM Short,6,0,"",""
ball,1,14.6,Brisbane Heat,MT Renshaw,CA Lynn,DJM Short,6,0,"",""
ball,1,15.1,Brisbane Heat,CA Lynn,MT Renshaw,RP Meredith,1,1,"",""
ball,1,15.2,Brisbane Heat,MT Renshaw,CA Lynn,RP Meredith,4,0,"",""
ball,1,15.3,Brisbane Heat,MT Renshaw,CA Lynn,RP Meredith,0,0,"",""
ball,1,15.4,Brisbane Heat,MT Renshaw,CA Lynn,RP Meredith,2,0,"",""
ball,1,15.5,Brisbane Heat,MT Renshaw,CA Lynn,RP Meredith,1,0,"",""
ball,1,15.6,Brisbane Heat,CA Lynn,MT Renshaw,RP Meredith,1,0,"",""
ball,1,15.7,Brisbane Heat,MT Renshaw,CA Lynn,RP Meredith,1,0,"",""
ball,1,16.1,Brisbane Heat,MT Renshaw,CA Lynn,Qais Ahmad,1,0,"",""
ball,1,16.2,Brisbane Heat,CA Lynn,MT Renshaw,Qais Ahmad,6,0,"",""
ball,1,16.3,Brisbane Heat,CA Lynn,MT Renshaw,Qais Ahmad,0,0,"",""
ball,1,16.4,Brisbane Heat,CA Lynn,MT Renshaw,Qais Ahmad,1,0,"",""
ball,1,16.5,Brisbane Heat,MT Renshaw,CA Lynn,Qais Ahmad,0,0,caught,MT Renshaw
ball,1,16.6,Brisbane Heat,CA Lynn,BCJ Cutting,Qais Ahmad,1,0,"",""
ball,1,17.1,Brisbane Heat,CA Lynn,BCJ Cutting,NT Ellis,4,0,"",""
ball,1,17.2,Brisbane Heat,CA Lynn,BCJ Cutting,NT Ellis,6,0,"",""
ball,1,17.3,Brisbane Heat,CA Lynn,BCJ Cutting,NT Ellis,4,0,"",""
ball,1,17.4,Brisbane Heat,CA Lynn,BCJ Cutting,NT Ellis,1,0,"",""
ball,1,17.5,Brisbane Heat,BCJ Cutting,CA Lynn,NT Ellis,1,0,"",""
ball,1,17.6,Brisbane Heat,CA Lynn,BCJ Cutting,NT Ellis,0,0,"",""
ball,1,18.1,Brisbane Heat,BCJ Cutting,CA Lynn,RP Meredith,1,0,"",""
ball,1,18.2,Brisbane Heat,CA Lynn,BCJ Cutting,RP Meredith,1,0,"",""
ball,1,18.3,Brisbane Heat,BCJ Cutting,CA Lynn,RP Meredith,0,0,"",""
ball,1,18.4,Brisbane Heat,BCJ Cutting,CA Lynn,RP Meredith,1,0,"",""
ball,1,18.5,Brisbane Heat,CA Lynn,BCJ Cutting,RP Meredith,1,0,"",""
ball,1,18.6,Brisbane Heat,BCJ Cutting,CA Lynn,RP Meredith,4,0,"",""
ball,1,19.1,Brisbane Heat,CA Lynn,BCJ Cutting,NT Ellis,2,0,"",""
ball,1,19.2,Brisbane Heat,CA Lynn,BCJ Cutting,NT Ellis,0,0,"",""
ball,1,19.3,Brisbane Heat,CA Lynn,BCJ Cutting,NT Ellis,1,0,"",""
ball,1,19.4,Brisbane Heat,BCJ Cutting,CA Lynn,NT Ellis,6,0,"",""
ball,1,19.5,Brisbane Heat,BCJ Cutting,CA Lynn,NT Ellis,4,0,"",""
ball,1,19.6,Brisbane Heat,BCJ Cutting,CA Lynn,NT Ellis,1,0,"",""
ball,2,0.1,Hobart Hurricanes,DJM Short,CP Jewell,JK Lalor,1,0,"",""
ball,2,0.2,Hobart Hurricanes,CP Jewell,DJM Short,JK Lalor,4,0,"",""
ball,2,0.3,Hobart Hurricanes,CP Jewell,DJM Short,JK Lalor,0,0,"",""
ball,2,0.4,Hobart Hurricanes,CP Jewell,DJM Short,JK Lalor,0,0,"",""
ball,2,0.5,Hobart Hurricanes,CP Jewell,DJM Short,JK Lalor,0,0,"",""
ball,2,0.6,Hobart Hurricanes,CP Jewell,DJM Short,JK Lalor,1,0,"",""
ball,2,1.1,Hobart Hurricanes,CP Jewell,DJM Short,MT Renshaw,6,0,"",""
ball,2,1.2,Hobart Hurricanes,CP Jewell,DJM Short,MT Renshaw,4,0,"",""
ball,2,1.3,Hobart Hurricanes,CP Jewell,DJM Short,MT Renshaw,1,0,"",""
ball,2,1.4,Hobart Hurricanes,DJM Short,CP Jewell,MT Renshaw,0,1,"",""
ball,2,1.5,Hobart Hurricanes,DJM Short,CP Jewell,MT Renshaw,1,0,"",""
ball,2,1.6,Hobart Hurricanes,CP Jewell,DJM Short,MT Renshaw,0,0,"",""
ball,2,1.7,Hobart Hurricanes,CP Jewell,DJM Short,MT Renshaw,0,0,"",""
ball,2,2.1,Hobart Hurricanes,DJM Short,CP Jewell,JK Lalor,0,0,"",""
ball,2,2.2,Hobart Hurricanes,DJM Short,CP Jewell,JK Lalor,1,0,"",""
ball,2,2.3,Hobart Hurricanes,CP Jewell,DJM Short,JK Lalor,1,0,"",""
ball,2,2.4,Hobart Hurricanes,DJM Short,CP Jewell,JK Lalor,0,0,"",""
ball,2,2.5,Hobart Hurricanes,DJM Short,CP Jewell,JK Lalor,4,0,"",""
ball,2,2.6,Hobart Hurricanes,DJM Short,CP Jewell,JK Lalor,0,0,"",""
ball,2,3.1,Hobart Hurricanes,CP Jewell,DJM Short,Zahir Khan,2,0,"",""
ball,2,3.2,Hobart Hurricanes,CP Jewell,DJM Short,Zahir Khan,3,0,"",""
ball,2,3.3,Hobart Hurricanes,DJM Short,CP Jewell,Zahir Khan,2,0,"",""
ball,2,3.4,Hobart Hurricanes,DJM Short,CP Jewell,Zahir Khan,0,0,"",""
ball,2,3.5,Hobart Hurricanes,DJM Short,CP Jewell,Zahir Khan,4,0,"",""
ball,2,3.6,Hobart Hurricanes,DJM Short,CP Jewell,Zahir Khan,4,0,"",""
ball,2,4.1,Hobart Hurricanes,CP Jewell,DJM Short,MT Steketee,4,0,"",""
ball,2,4.2,Hobart Hurricanes,CP Jewell,DJM Short,MT Steketee,1,0,"",""
ball,2,4.3,Hobart Hurricanes,DJM Short,CP Jewell,MT Steketee,1,0,"",""
ball,2,4.4,Hobart Hurricanes,CP Jewell,DJM Short,MT Steketee,0,0,caught,CP Jewell
ball,2,4.5,Hobart Hurricanes,BR McDermott,DJM Short,MT Steketee,0,0,"",""
ball,2,4.6,Hobart Hurricanes,BR McDermott,DJM Short,MT Steketee,1,0,"",""
ball,2,5.1,Hobart Hurricanes,BR McDermott,DJM Short,Zahir Khan,1,0,"",""
ball,2,5.2,Hobart Hurricanes,DJM Short,BR McDermott,Zahir Khan,1,0,"",""
ball,2,5.3,Hobart Hurricanes,BR McDermott,DJM Short,Zahir Khan,0,0,"",""
ball,2,5.4,Hobart Hurricanes,BR McDermott,DJM Short,Zahir Khan,0,0,"",""
ball,2,5.5,Hobart Hurricanes,BR McDermott,DJM Short,Zahir Khan,0,0,"",""
ball,2,5.6,Hobart Hurricanes,BR McDermott,DJM Short,Zahir Khan,0,2,"",""
ball,2,6.1,Hobart Hurricanes,DJM Short,BR McDermott,MT Steketee,0,1,"",""
ball,2,6.2,Hobart Hurricanes,BR McDermott,DJM Short,MT Steketee,6,0,"",""
ball,2,6.3,Hobart Hurricanes,BR McDermott,DJM Short,MT Steketee,6,0,"",""
ball,2,6.4,Hobart Hurricanes,BR McDermott,DJM Short,MT Steketee,1,0,"",""
ball,2,6.5,Hobart Hurricanes,DJM Short,BR McDermott,MT Steketee,0,0,"",""
ball,2,6.6,Hobart Hurricanes,DJM Short,BR McDermott,MT Steketee,0,0,"",""
ball,2,7.1,Hobart Hurricanes,BR McDermott,DJM Short,Zahir Khan,4,0,"",""
ball,2,7.2,Hobart Hurricanes,BR McDermott,DJM Short,Zahir Khan,1,0,"",""
ball,2,7.3,Hobart Hurricanes,DJM Short,BR McDermott,Zahir Khan,0,0,"",""
ball,2,7.4,Hobart Hurricanes,DJM Short,BR McDermott,Zahir Khan,1,0,"",""
ball,2,7.5,Hobart Hurricanes,BR McDermott,DJM Short,Zahir Khan,1,0,"",""
ball,2,7.6,Hobart Hurricanes,DJM Short,BR McDermott,Zahir Khan,0,1,"",""
ball,2,8.1,Hobart Hurricanes,DJM Short,BR McDermott,B Laughlin,2,0,"",""
ball,2,8.2,Hobart Hurricanes,DJM Short,BR McDermott,B Laughlin,1,0,"",""
ball,2,8.3,Hobart Hurricanes,BR McDermott,DJM Short,B Laughlin,0,0,"",""
ball,2,8.4,Hobart Hurricanes,BR McDermott,DJM Short,B Laughlin,1,0,"",""
ball,2,8.5,Hobart Hurricanes,DJM Short,BR McDermott,B Laughlin,1,0,"",""
ball,2,8.6,Hobart Hurricanes,BR McDermott,DJM Short,B Laughlin,1,0,"",""
ball,2,9.1,Hobart Hurricanes,BR McDermott,DJM Short,BCJ Cutting,0,0,"",""
ball,2,9.2,Hobart Hurricanes,BR McDermott,DJM Short,BCJ Cutting,0,0,caught,BR McDermott
ball,2,9.3,Hobart Hurricanes,DA Miller,DJM Short,BCJ Cutting,0,0,"",""
ball,2,9.4,Hobart Hurricanes,DA Miller,DJM Short,BCJ Cutting,1,0,"",""
ball,2,9.5,Hobart Hurricanes,DJM Short,DA Miller,BCJ Cutting,1,0,"",""
ball,2,9.6,Hobart Hurricanes,DA Miller,DJM Short,BCJ Cutting,2,0,"",""
ball,2,10.1,Hobart Hurricanes,DJM Short,DA Miller,MT Renshaw,0,0,bowled,DJM Short
ball,2,10.2,Hobart Hurricanes,GJ Bailey,DA Miller,MT Renshaw,1,0,"",""
ball,2,10.3,Hobart Hurricanes,DA Miller,GJ Bailey,MT Renshaw,1,0,"",""
ball,2,10.4,Hobart Hurricanes,GJ Bailey,DA Miller,MT Renshaw,1,0,"",""
ball,2,10.5,Hobart Hurricanes,DA Miller,GJ Bailey,MT Renshaw,1,0,"",""
ball,2,10.6,Hobart Hurricanes,GJ Bailey,DA Miller,MT Renshaw,2,0,"",""
ball,2,11.1,Hobart Hurricanes,DA Miller,GJ Bailey,BCJ Cutting,0,1,"",""
ball,2,11.2,Hobart Hurricanes,DA Miller,GJ Bailey,BCJ Cutting,2,0,"",""
ball,2,11.3,Hobart Hurricanes,DA Miller,GJ Bailey,BCJ Cutting,0,0,"",""
ball,2,11.4,Hobart Hurricanes,DA Miller,GJ Bailey,BCJ Cutting,2,0,"",""
ball,2,11.5,Hobart Hurricanes,DA Miller,GJ Bailey,BCJ Cutting,4,0,"",""
ball,2,11.6,Hobart Hurricanes,DA Miller,GJ Bailey,BCJ Cutting,2,0,"",""
ball,2,11.7,Hobart Hurricanes,DA Miller,GJ Bailey,BCJ Cutting,6,0,"",""
ball,2,12.1,Hobart Hurricanes,GJ Bailey,DA Miller,B Laughlin,2,0,"",""
ball,2,12.2,Hobart Hurricanes,GJ Bailey,DA Miller,B Laughlin,1,0,"",""
ball,2,12.3,Hobart Hurricanes,DA Miller,GJ Bailey,B Laughlin,2,0,"",""
ball,2,12.4,Hobart Hurricanes,DA Miller,GJ Bailey,B Laughlin,0,0,caught,DA Miller
ball,2,12.5,Hobart Hurricanes,S Milenko,GJ Bailey,B Laughlin,0,0,"",""
ball,2,12.6,Hobart Hurricanes,S Milenko,GJ Bailey,B Laughlin,1,0,"",""
ball,2,13.1,Hobart Hurricanes,S Milenko,GJ Bailey,Zahir Khan,2,0,"",""
ball,2,13.2,Hobart Hurricanes,S Milenko,GJ Bailey,Zahir Khan,4,0,"",""
ball,2,13.3,Hobart Hurricanes,S Milenko,GJ Bailey,Zahir Khan,0,0,caught,S Milenko
ball,2,13.4,Hobart Hurricanes,GJ Bailey,NT Ellis,Zahir Khan,0,0,"",""
ball,2,13.5,Hobart Hurricanes,GJ Bailey,NT Ellis,Zahir Khan,2,0,"",""
ball,2,13.6,Hobart Hurricanes,GJ Bailey,NT Ellis,Zahir Khan,1,0,"",""
ball,2,14.1,Hobart Hurricanes,GJ Bailey,NT Ellis,JK Lalor,4,0,"",""
ball,2,14.2,Hobart Hurricanes,GJ Bailey,NT Ellis,JK Lalor,1,0,"",""
ball,2,14.3,Hobart Hurricanes,NT Ellis,GJ Bailey,JK Lalor,0,0,"",""
ball,2,14.4,Hobart Hurricanes,NT Ellis,GJ Bailey,JK Lalor,0,0,caught,NT Ellis
ball,2,14.5,Hobart Hurricanes,GJ Bailey,CA Rose,JK Lalor,6,0,"",""
ball,2,14.6,Hobart Hurricanes,GJ Bailey,CA Rose,JK Lalor,0,1,"",""
ball,2,14.7,Hobart Hurricanes,GJ Bailey,CA Rose,JK Lalor,1,0,"",""
ball,2,15.1,Hobart Hurricanes,GJ Bailey,CA Rose,MT Steketee,6,0,"",""
ball,2,15.2,Hobart Hurricanes,GJ Bailey,CA Rose,MT Steketee,0,0,caught,GJ Bailey
ball,2,15.3,Hobart Hurricanes,Qais Ahmad,CA Rose,MT Steketee,1,0,"",""
ball,2,15.4,Hobart Hurricanes,CA Rose,Qais Ahmad,MT Steketee,1,0,"",""
ball,2,15.5,Hobart Hurricanes,Qais Ahmad,CA Rose,MT Steketee,1,0,"",""
ball,2,15.6,Hobart Hurricanes,CA Rose,Qais Ahmad,MT Steketee,0,0,"",""
ball,2,16.1,Hobart Hurricanes,Qais Ahmad,CA Rose,B Laughlin,1,0,"",""
ball,2,16.2,Hobart Hurricanes,CA Rose,Qais Ahmad,B Laughlin,4,0,"",""
ball,2,16.3,Hobart Hurricanes,CA Rose,Qais Ahmad,B Laughlin,1,0,"",""
ball,2,16.4,Hobart Hurricanes,Qais Ahmad,CA Rose,B Laughlin,0,0,"",""
ball,2,16.5,Hobart Hurricanes,Qais Ahmad,CA Rose,B Laughlin,0,1,"",""
ball,2,16.6,Hobart Hurricanes,CA Rose,Qais Ahmad,B Laughlin,2,0,"",""
ball,2,17.1,Hobart Hurricanes,Qais Ahmad,CA Rose,JA Prestwidge,2,0,"",""
ball,2,17.2,Hobart Hurricanes,Qais Ahmad,CA Rose,JA Prestwidge,2,0,"",""
ball,2,17.3,Hobart Hurricanes,Qais Ahmad,CA Rose,JA Prestwidge,0,0,"",""
ball,2,17.4,Hobart Hurricanes,Qais Ahmad,CA Rose,JA Prestwidge,0,1,"",""
ball,2,17.5,Hobart Hurricanes,CA Rose,Qais Ahmad,JA Prestwidge,4,0,"",""
ball,2,17.6,Hobart Hurricanes,CA Rose,Qais Ahmad,JA Prestwidge,4,0,"",""
ball,2,17.7,Hobart Hurricanes,CA Rose,Qais Ahmad,JA Prestwidge,0,0,"",""
ball,2,18.1,Hobart Hurricanes,Qais Ahmad,CA Rose,B Laughlin,0,0,"",""
ball,2,18.2,Hobart Hurricanes,Qais Ahmad,CA Rose,B Laughlin,1,0,"",""
ball,2,18.3,Hobart Hurricanes,CA Rose,Qais Ahmad,B Laughlin,1,0,"",""
ball,2,18.4,Hobart Hurricanes,Qais Ahmad,CA Rose,B Laughlin,1,0,"",""
ball,2,18.5,Hobart Hurricanes,CA Rose,Qais Ahmad,B Laughlin,6,0,"",""
ball,2,18.6,Hobart Hurricanes,CA Rose,Qais Ahmad,B Laughlin,4,0,"",""
ball,2,19.1,Hobart Hurricanes,Qais Ahmad,CA Rose,JA Prestwidge,1,0,"",""
ball,2,19.2,Hobart Hurricanes,CA Rose,Qais Ahmad,JA Prestwidge,0,1,"",""
ball,2,19.3,Hobart Hurricanes,CA Rose,Qais Ahmad,JA Prestwidge,0,0,"",""
ball,2,19.4,Hobart Hurricanes,CA Rose,Qais Ahmad,JA Prestwidge,0,0,caught,CA Rose
ball,2,19.5,Hobart Hurricanes,Qais Ahmad,RP Meredith,JA Prestwidge,1,0,"",""
ball,2,19.6,Hobart Hurricanes,RP Meredith,Qais Ahmad,JA Prestwidge,0,0,bowled,RP Meredith
ball,2,19.7,Hobart Hurricanes,JP Faulkner,Qais Ahmad,JA Prestwidge,0,0,"",""
