version,1.3.0
info,team,Hobart Hurricanes
info,team,Melbourne Renegades
info,gender,male
info,season,2019/20
info,date,2019/12/24
info,competition,Big Bash League
info,match_number,11
info,venue,Bellerive Oval
info,city,Hobart
info,toss_winner,Melbourne Renegades
info,toss_decision,bat
info,player_of_match,RP Meredith
info,umpire,SJ Nogajski
info,umpire,MW Graham-Smith
info,reserve_umpire,M Qureshi
info,tv_umpire,SD Fry
info,match_referee,SR Bernard
info,winner,Hobart Hurricanes
info,winner_wickets,7
ball,1,0.1,Melbourne Renegades,SB Harper,AJ Finch,JP Faulkner,0,0,"",""
ball,1,0.2,Melbourne Renegades,SB Harper,AJ Finch,JP Faulkner,0,0,"",""
ball,1,0.3,Melbourne Renegades,SB Harper,AJ Finch,JP Faulkner,0,0,caught,SB Harper
ball,1,0.4,Melbourne Renegades,SE Marsh,AJ Finch,JP Faulkner,0,0,"",""
ball,1,0.5,Melbourne Renegades,SE Marsh,AJ Finch,JP Faulkner,0,0,"",""
ball,1,0.6,Melbourne Renegades,SE Marsh,AJ Finch,JP Faulkner,4,0,"",""
ball,1,1.1,Melbourne Renegades,AJ Finch,SE Marsh,CA Rose,4,0,"",""
ball,1,1.2,Melbourne Renegades,AJ Finch,SE Marsh,CA Rose,0,0,"",""
ball,1,1.3,Melbourne Renegades,AJ Finch,SE Marsh,CA Rose,0,0,"",""
ball,1,1.4,Melbourne Renegades,AJ Finch,SE Marsh,CA Rose,1,0,"",""
ball,1,1.5,Melbourne Renegades,SE Marsh,AJ Finch,CA Rose,0,0,"",""
ball,1,1.6,Melbourne Renegades,SE Marsh,AJ Finch,CA Rose,0,0,"",""
ball,1,2.1,Melbourne Renegades,AJ Finch,SE Marsh,JP Faulkner,1,0,"",""
ball,1,2.2,Melbourne Renegades,SE Marsh,AJ Finch,JP Faulkner,4,0,"",""
ball,1,2.3,Melbourne Renegades,SE Marsh,AJ Finch,JP Faulkner,0,0,"",""
ball,1,2.4,Melbourne Renegades,SE Marsh,AJ Finch,JP Faulkner,4,0,"",""
ball,1,2.5,Melbourne Renegades,SE Marsh,AJ Finch,JP Faulkner,1,0,"",""
ball,1,2.6,Melbourne Renegades,AJ Finch,SE Marsh,JP Faulkner,4,0,"",""
ball,1,3.1,Melbourne Renegades,SE Marsh,AJ Finch,CA Rose,1,0,"",""
ball,1,3.2,Melbourne Renegades,AJ Finch,SE Marsh,CA Rose,4,0,"",""
ball,1,3.3,Melbourne Renegades,AJ Finch,SE Marsh,CA Rose,1,0,"",""
ball,1,3.4,Melbourne Renegades,SE Marsh,AJ Finch,CA Rose,1,0,"",""
ball,1,3.5,Melbourne Renegades,AJ Finch,SE Marsh,CA Rose,1,0,"",""
ball,1,3.6,Melbourne Renegades,SE Marsh,AJ Finch,CA Rose,4,0,"",""
ball,1,4.1,Melbourne Renegades,AJ Finch,SE Marsh,NT Ellis,0,0,"",""
ball,1,4.2,Melbourne Renegades,AJ Finch,SE Marsh,NT Ellis,1,0,"",""
ball,1,4.3,Melbourne Renegades,SE Marsh,AJ Finch,NT Ellis,0,0,"",""
ball,1,4.4,Melbourne Renegades,SE Marsh,AJ Finch,NT Ellis,1,0,"",""
ball,1,4.5,Melbourne Renegades,AJ Finch,SE Marsh,NT Ellis,2,0,"",""
ball,1,4.6,Melbourne Renegades,AJ Finch,SE Marsh,NT Ellis,0,0,"",""
ball,1,5.1,Melbourne Renegades,SE Marsh,AJ Finch,RP Meredith,6,0,"",""
ball,1,5.2,Melbourne Renegades,SE Marsh,AJ Finch,RP Meredith,1,0,"",""
ball,1,5.3,Melbourne Renegades,AJ Finch,SE Marsh,RP Meredith,1,0,"",""
ball,1,5.4,Melbourne Renegades,SE Marsh,AJ Finch,RP Meredith,0,1,"",""
ball,1,5.5,Melbourne Renegades,SE Marsh,AJ Finch,RP Meredith,0,0,"",""
ball,1,5.6,Melbourne Renegades,SE Marsh,AJ Finch,RP Meredith,1,0,"",""
ball,1,5.7,Melbourne Renegades,AJ Finch,SE Marsh,RP Meredith,1,0,"",""
ball,1,6.1,Melbourne Renegades,AJ Finch,SE Marsh,Qais Ahmad,1,0,"",""
ball,1,6.2,Melbourne Renegades,SE Marsh,AJ Finch,Qais Ahmad,1,0,"",""
ball,1,6.3,Melbourne Renegades,AJ Finch,SE Marsh,Qais Ahmad,1,0,"",""
ball,1,6.4,Melbourne Renegades,SE Marsh,AJ Finch,Qais Ahmad,1,0,"",""
ball,1,6.5,Melbourne Renegades,AJ Finch,SE Marsh,Qais Ahmad,2,0,"",""
ball,1,6.6,Melbourne Renegades,AJ Finch,SE Marsh,Qais Ahmad,0,0,"",""
ball,1,7.1,Melbourne Renegades,SE Marsh,AJ Finch,RP Meredith,0,0,"",""
ball,1,7.2,Melbourne Renegades,SE Marsh,AJ Finch,RP Meredith,1,0,"",""
ball,1,7.3,Melbourne Renegades,AJ Finch,SE Marsh,RP Meredith,0,0,"",""
ball,1,7.4,Melbourne Renegades,AJ Finch,SE Marsh,RP Meredith,0,0,"",""
ball,1,7.5,Melbourne Renegades,AJ Finch,SE Marsh,RP Meredith,1,0,"",""
ball,1,7.6,Melbourne Renegades,SE Marsh,AJ Finch,RP Meredith,0,0,"",""
ball,1,8.1,Melbourne Renegades,AJ Finch,SE Marsh,Qais Ahmad,1,0,"",""
ball,1,8.2,Melbourne Renegades,SE Marsh,AJ Finch,Qais Ahmad,0,4,"",""
ball,1,8.3,Melbourne Renegades,SE Marsh,AJ Finch,Qais Ahmad,1,0,"",""
ball,1,8.4,Melbourne Renegades,AJ Finch,SE Marsh,Qais Ahmad,2,0,"",""
ball,1,8.5,Melbourne Renegades,AJ Finch,SE Marsh,Qais Ahmad,1,0,"",""
ball,1,8.6,Melbourne Renegades,SE Marsh,AJ Finch,Qais Ahmad,0,1,"",""
ball,1,9.1,Melbourne Renegades,SE Marsh,AJ Finch,NT Ellis,0,0,"",""
ball,1,9.2,Melbourne Renegades,SE Marsh,AJ Finch,NT Ellis,1,0,"",""
ball,1,9.3,Melbourne Renegades,AJ Finch,SE Marsh,NT Ellis,1,0,"",""
ball,1,9.4,Melbourne Renegades,SE Marsh,AJ Finch,NT Ellis,4,0,"",""
ball,1,9.5,Melbourne Renegades,SE Marsh,AJ Finch,NT Ellis,0,0,caught,SE Marsh
ball,1,9.6,Melbourne Renegades,MS Harris,AJ Finch,NT Ellis,1,0,"",""
ball,1,10.1,Melbourne Renegades,MS Harris,AJ Finch,CA Rose,0,0,"",""
ball,1,10.2,Melbourne Renegades,MS Harris,AJ Finch,CA Rose,1,0,"",""
ball,1,10.3,Melbourne Renegades,AJ Finch,MS Harris,CA Rose,1,0,"",""
ball,1,10.4,Melbourne Renegades,MS Harris,AJ Finch,CA Rose,3,0,"",""
ball,1,10.5,Melbourne Renegades,AJ Finch,MS Harris,CA Rose,1,0,"",""
ball,1,10.6,Melbourne Renegades,MS Harris,AJ Finch,CA Rose,1,0,"",""
ball,1,11.1,Melbourne Renegades,MS Harris,AJ Finch,DJM Short,6,0,"",""
ball,1,11.2,Melbourne Renegades,MS Harris,AJ Finch,DJM Short,1,0,"",""
ball,1,11.3,Melbourne Renegades,AJ Finch,MS Harris,DJM Short,0,0,"",""
ball,1,11.4,Melbourne Renegades,AJ Finch,MS Harris,DJM Short,0,0,"",""
ball,1,11.5,Melbourne Renegades,AJ Finch,MS Harris,DJM Short,4,0,"",""
ball,1,11.6,Melbourne Renegades,AJ Finch,MS Harris,DJM Short,2,0,"",""
ball,1,12.1,Melbourne Renegades,MS Harris,AJ Finch,CA Rose,1,0,"",""
ball,1,12.2,Melbourne Renegades,AJ Finch,MS Harris,CA Rose,4,0,"",""
ball,1,12.3,Melbourne Renegades,AJ Finch,MS Harris,CA Rose,2,0,"",""
ball,1,12.4,Melbourne Renegades,AJ Finch,MS Harris,CA Rose,4,0,"",""
ball,1,12.5,Melbourne Renegades,AJ Finch,MS Harris,CA Rose,1,0,"",""
ball,1,12.6,Melbourne Renegades,MS Harris,AJ Finch,CA Rose,1,0,"",""
ball,1,13.1,Melbourne Renegades,MS Harris,AJ Finch,RP Meredith,1,0,"",""
ball,1,13.2,Melbourne Renegades,AJ Finch,MS Harris,RP Meredith,0,0,caught,AJ Finch
ball,1,13.3,Melbourne Renegades,BJ Webster,MS Harris,RP Meredith,2,0,"",""
ball,1,13.4,Melbourne Renegades,BJ Webster,MS Harris,RP Meredith,0,0,"",""
ball,1,13.5,Melbourne Renegades,BJ Webster,MS Harris,RP Meredith,1,0,"",""
ball,1,13.6,Melbourne Renegades,MS Harris,BJ Webster,RP Meredith,1,0,"",""
ball,1,14.1,Melbourne Renegades,MS Harris,BJ Webster,Qais Ahmad,1,0,"",""
ball,1,14.2,Melbourne Renegades,BJ Webster,MS Harris,Qais Ahmad,1,0,"",""
ball,1,14.3,Melbourne Renegades,MS Harris,BJ Webster,Qais Ahmad,1,0,"",""
ball,1,14.4,Melbourne Renegades,BJ Webster,MS Harris,Qais Ahmad,1,0,"",""
ball,1,14.5,Melbourne Renegades,MS Harris,BJ Webster,Qais Ahmad,1,0,"",""
ball,1,14.6,Melbourne Renegades,BJ Webster,MS Harris,Qais Ahmad,3,0,"",""
ball,1,15.1,Melbourne Renegades,BJ Webster,MS Harris,JP Faulkner,1,0,"",""
ball,1,15.2,Melbourne Renegades,MS Harris,BJ Webster,JP Faulkner,0,0,caught,MS Harris
ball,1,15.3,Melbourne Renegades,BJ Webster,DT Christian,JP Faulkner,1,0,"",""
ball,1,15.4,Melbourne Renegades,DT Christian,BJ Webster,JP Faulkner,0,0,"",""
ball,1,15.5,Melbourne Renegades,DT Christian,BJ Webster,JP Faulkner,2,0,"",""
ball,1,15.6,Melbourne Renegades,DT Christian,BJ Webster,JP Faulkner,4,0,"",""
ball,1,16.1,Melbourne Renegades,BJ Webster,DT Christian,Qais Ahmad,0,2,"",""
ball,1,16.2,Melbourne Renegades,BJ Webster,DT Christian,Qais Ahmad,1,0,"",""
ball,1,16.3,Melbourne Renegades,DT Christian,BJ Webster,Qais Ahmad,1,0,"",""
ball,1,16.4,Melbourne Renegades,BJ Webster,DT Christian,Qais Ahmad,0,0,lbw,BJ Webster
ball,1,16.5,Melbourne Renegades,TLW Cooper,DT Christian,Qais Ahmad,1,0,"",""
ball,1,16.6,Melbourne Renegades,DT Christian,TLW Cooper,Qais Ahmad,1,0,"",""
ball,1,17.1,Melbourne Renegades,DT Christian,TLW Cooper,RP Meredith,4,0,"",""
ball,1,17.2,Melbourne Renegades,DT Christian,TLW Cooper,RP Meredith,0,0,caught,DT Christian
ball,1,17.3,Melbourne Renegades,CJ Boyce,TLW Cooper,RP Meredith,1,0,"",""
ball,1,17.4,Melbourne Renegades,TLW Cooper,CJ Boyce,RP Meredith,0,1,"",""
ball,1,17.5,Melbourne Renegades,TLW Cooper,CJ Boyce,RP Meredith,0,0,lbw,TLW Cooper
ball,1,17.6,Melbourne Renegades,KW Richardson,CJ Boyce,RP Meredith,1,0,"",""
ball,1,17.7,Melbourne Renegades,CJ Boyce,KW Richardson,RP Meredith,1,0,"",""
ball,1,18.1,Melbourne Renegades,CJ Boyce,KW Richardson,NT Ellis,1,0,"",""
ball,1,18.2,Melbourne Renegades,KW Richardson,CJ Boyce,NT Ellis,1,0,"",""
ball,1,18.3,Melbourne Renegades,CJ Boyce,KW Richardson,NT Ellis,2,0,"",""
ball,1,18.4,Melbourne Renegades,CJ Boyce,KW Richardson,NT Ellis,0,0,caught,CJ Boyce
ball,1,18.5,Melbourne Renegades,RJ Gleeson,KW Richardson,NT Ellis,0,0,bowled,RJ Gleeson
ball,1,18.6,Melbourne Renegades,HF Gurney,KW Richardson,NT Ellis,0,0,"",""
ball,1,19.1,Melbourne Renegades,KW Richardson,HF Gurney,JP Faulkner,0,0,caught,KW Richardson
ball,2,0.1,Hobart Hurricanes,DJM Short,S Milenko,KW Richardson,0,0,"",""
ball,2,0.2,Hobart Hurricanes,DJM Short,S Milenko,KW Richardson,0,0,"",""
ball,2,0.3,Hobart Hurricanes,DJM Short,S Milenko,KW Richardson,4,0,"",""
ball,2,0.4,Hobart Hurricanes,DJM Short,S Milenko,KW Richardson,0,0,"",""
ball,2,0.5,Hobart Hurricanes,DJM Short,S Milenko,KW Richardson,2,0,"",""
ball,2,0.6,Hobart Hurricanes,DJM Short,S Milenko,KW Richardson,1,0,"",""
ball,2,1.1,Hobart Hurricanes,DJM Short,S Milenko,RJ Gleeson,1,0,"",""
ball,2,1.2,Hobart Hurricanes,S Milenko,DJM Short,RJ Gleeson,0,0,"",""
ball,2,1.3,Hobart Hurricanes,S Milenko,DJM Short,RJ Gleeson,0,1,"",""
ball,2,1.4,Hobart Hurricanes,DJM Short,S Milenko,RJ Gleeson,0,1,"",""
ball,2,1.5,Hobart Hurricanes,DJM Short,S Milenko,RJ Gleeson,0,4,"",""
ball,2,1.6,Hobart Hurricanes,DJM Short,S Milenko,RJ Gleeson,4,0,"",""
ball,2,1.7,Hobart Hurricanes,DJM Short,S Milenko,RJ Gleeson,1,0,"",""
ball,2,2.1,Hobart Hurricanes,DJM Short,S Milenko,KW Richardson,0,0,"",""
ball,2,2.2,Hobart Hurricanes,DJM Short,S Milenko,KW Richardson,4,0,"",""
ball,2,2.3,Hobart Hurricanes,DJM Short,S Milenko,KW Richardson,0,0,"",""
ball,2,2.4,Hobart Hurricanes,DJM Short,S Milenko,KW Richardson,1,0,"",""
ball,2,2.5,Hobart Hurricanes,S Milenko,DJM Short,KW Richardson,0,0,"",""
ball,2,2.6,Hobart Hurricanes,S Milenko,DJM Short,KW Richardson,0,0,"",""
ball,2,3.1,Hobart Hurricanes,DJM Short,S Milenko,TLW Cooper,1,0,"",""
ball,2,3.2,Hobart Hurricanes,S Milenko,DJM Short,TLW Cooper,0,0,"",""
ball,2,3.3,Hobart Hurricanes,S Milenko,DJM Short,TLW Cooper,0,0,caught,S Milenko
ball,2,3.4,Hobart Hurricanes,CP Jewell,DJM Short,TLW Cooper,0,0,caught,CP Jewell
ball,2,3.5,Hobart Hurricanes,BR McDermott,DJM Short,TLW Cooper,1,0,"",""
ball,2,3.6,Hobart Hurricanes,DJM Short,BR McDermott,TLW Cooper,0,0,"",""
ball,2,4.1,Hobart Hurricanes,BR McDermott,DJM Short,BJ Webster,0,0,"",""
ball,2,4.2,Hobart Hurricanes,BR McDermott,DJM Short,BJ Webster,2,0,"",""
ball,2,4.3,Hobart Hurricanes,BR McDermott,DJM Short,BJ Webster,1,0,"",""
ball,2,4.4,Hobart Hurricanes,DJM Short,BR McDermott,BJ Webster,0,0,"",""
ball,2,4.5,Hobart Hurricanes,DJM Short,BR McDermott,BJ Webster,1,0,"",""
ball,2,4.6,Hobart Hurricanes,BR McDermott,DJM Short,BJ Webster,1,0,"",""
ball,2,5.1,Hobart Hurricanes,BR McDermott,DJM Short,TLW Cooper,1,0,"",""
ball,2,5.2,Hobart Hurricanes,DJM Short,BR McDermott,TLW Cooper,1,0,"",""
ball,2,5.3,Hobart Hurricanes,BR McDermott,DJM Short,TLW Cooper,1,0,"",""
ball,2,5.4,Hobart Hurricanes,DJM Short,BR McDermott,TLW Cooper,6,0,"",""
ball,2,5.5,Hobart Hurricanes,DJM Short,BR McDermott,TLW Cooper,4,0,"",""
ball,2,5.6,Hobart Hurricanes,DJM Short,BR McDermott,TLW Cooper,1,0,"",""
ball,2,6.1,Hobart Hurricanes,DJM Short,BR McDermott,BJ Webster,1,0,"",""
ball,2,6.2,Hobart Hurricanes,BR McDermott,DJM Short,BJ Webster,1,0,"",""
ball,2,6.3,Hobart Hurricanes,DJM Short,BR McDermott,BJ Webster,0,0,"",""
ball,2,6.4,Hobart Hurricanes,DJM Short,BR McDermott,BJ Webster,1,0,"",""
ball,2,6.5,Hobart Hurricanes,BR McDermott,DJM Short,BJ Webster,2,0,"",""
ball,2,6.6,Hobart Hurricanes,BR McDermott,DJM Short,BJ Webster,1,0,"",""
ball,2,7.1,Hobart Hurricanes,BR McDermott,DJM Short,CJ Boyce,1,0,"",""
ball,2,7.2,Hobart Hurricanes,DJM Short,BR McDermott,CJ Boyce,1,0,"",""
ball,2,7.3,Hobart Hurricanes,BR McDermott,DJM Short,CJ Boyce,0,0,"",""
ball,2,7.4,Hobart Hurricanes,BR McDermott,DJM Short,CJ Boyce,0,0,"",""
ball,2,7.5,Hobart Hurricanes,BR McDermott,DJM Short,CJ Boyce,0,0,"",""
ball,2,7.6,Hobart Hurricanes,BR McDermott,DJM Short,CJ Boyce,0,0,"",""
ball,2,8.1,Hobart Hurricanes,DJM Short,BR McDermott,BJ Webster,1,0,"",""
ball,2,8.2,Hobart Hurricanes,BR McDermott,DJM Short,BJ Webster,2,0,"",""
ball,2,8.3,Hobart Hurricanes,BR McDermott,DJM Short,BJ Webster,1,0,"",""
ball,2,8.4,Hobart Hurricanes,DJM Short,BR McDermott,BJ Webster,1,0,"",""
ball,2,8.5,Hobart Hurricanes,BR McDermott,DJM Short,BJ Webster,1,0,"",""
ball,2,8.6,Hobart Hurricanes,DJM Short,BR McDermott,BJ Webster,1,0,"",""
ball,2,9.1,Hobart Hurricanes,DJM Short,BR McDermott,CJ Boyce,0,0,"",""
ball,2,9.2,Hobart Hurricanes,DJM Short,BR McDermott,CJ Boyce,1,0,"",""
ball,2,9.3,Hobart Hurricanes,BR McDermott,DJM Short,CJ Boyce,1,0,"",""
ball,2,9.4,Hobart Hurricanes,DJM Short,BR McDermott,CJ Boyce,1,0,"",""
ball,2,9.5,Hobart Hurricanes,BR McDermott,DJM Short,CJ Boyce,1,0,"",""
ball,2,9.6,Hobart Hurricanes,DJM Short,BR McDermott,CJ Boyce,1,0,"",""
ball,2,10.1,Hobart Hurricanes,DJM Short,BR McDermott,HF Gurney,1,0,"",""
ball,2,10.2,Hobart Hurricanes,BR McDermott,DJM Short,HF Gurney,1,0,"",""
ball,2,10.3,Hobart Hurricanes,DJM Short,BR McDermott,HF Gurney,1,0,"",""
ball,2,10.4,Hobart Hurricanes,BR McDermott,DJM Short,HF Gurney,1,0,"",""
ball,2,10.5,Hobart Hurricanes,DJM Short,BR McDermott,HF Gurney,4,0,"",""
ball,2,10.6,Hobart Hurricanes,DJM Short,BR McDermott,HF Gurney,4,0,"",""
ball,2,11.1,Hobart Hurricanes,BR McDermott,DJM Short,CJ Boyce,1,0,"",""
ball,2,11.2,Hobart Hurricanes,DJM Short,BR McDermott,CJ Boyce,0,0,"",""
ball,2,11.3,Hobart Hurricanes,DJM Short,BR McDermott,CJ Boyce,0,1,"",""
ball,2,11.4,Hobart Hurricanes,DJM Short,BR McDermott,CJ Boyce,1,0,"",""
ball,2,11.5,Hobart Hurricanes,BR McDermott,DJM Short,CJ Boyce,1,0,"",""
ball,2,11.6,Hobart Hurricanes,DJM Short,BR McDermott,CJ Boyce,1,0,"",""
ball,2,11.7,Hobart Hurricanes,BR McDermott,DJM Short,CJ Boyce,1,0,"",""
ball,2,12.1,Hobart Hurricanes,BR McDermott,DJM Short,TLW Cooper,4,0,"",""
ball,2,12.2,Hobart Hurricanes,BR McDermott,DJM Short,TLW Cooper,1,0,"",""
ball,2,12.3,Hobart Hurricanes,DJM Short,BR McDermott,TLW Cooper,1,0,"",""
ball,2,12.4,Hobart Hurricanes,BR McDermott,DJM Short,TLW Cooper,1,0,"",""
ball,2,12.5,Hobart Hurricanes,DJM Short,BR McDermott,TLW Cooper,1,0,"",""
ball,2,12.6,Hobart Hurricanes,BR McDermott,DJM Short,TLW Cooper,1,0,"",""
ball,2,13.1,Hobart Hurricanes,BR McDermott,DJM Short,CJ Boyce,1,0,"",""
ball,2,13.2,Hobart Hurricanes,DJM Short,BR McDermott,CJ Boyce,4,0,"",""
ball,2,13.3,Hobart Hurricanes,DJM Short,BR McDermott,CJ Boyce,1,0,"",""
ball,2,13.4,Hobart Hurricanes,BR McDermott,DJM Short,CJ Boyce,1,0,"",""
ball,2,13.5,Hobart Hurricanes,DJM Short,BR McDermott,CJ Boyce,0,0,lbw,DJM Short
ball,2,13.6,Hobart Hurricanes,DA Miller,BR McDermott,CJ Boyce,0,0,"",""
ball,2,14.1,Hobart Hurricanes,BR McDermott,DA Miller,TLW Cooper,1,0,"",""
ball,2,14.2,Hobart Hurricanes,DA Miller,BR McDermott,TLW Cooper,2,0,"",""
ball,2,14.3,Hobart Hurricanes,DA Miller,BR McDermott,TLW Cooper,1,0,"",""
ball,2,14.4,Hobart Hurricanes,BR McDermott,DA Miller,TLW Cooper,1,0,"",""
ball,2,14.5,Hobart Hurricanes,DA Miller,BR McDermott,TLW Cooper,1,0,"",""
ball,2,14.6,Hobart Hurricanes,BR McDermott,DA Miller,TLW Cooper,1,0,"",""
ball,2,15.1,Hobart Hurricanes,BR McDermott,DA Miller,BJ Webster,1,0,"",""
ball,2,15.2,Hobart Hurricanes,DA Miller,BR McDermott,BJ Webster,2,0,"",""
ball,2,15.3,Hobart Hurricanes,DA Miller,BR McDermott,BJ Webster,1,0,"",""
ball,2,15.4,Hobart Hurricanes,BR McDermott,DA Miller,BJ Webster,1,0,"",""
ball,2,15.5,Hobart Hurricanes,DA Miller,BR McDermott,BJ Webster,0,0,"",""
ball,2,15.6,Hobart Hurricanes,DA Miller,BR McDermott,BJ Webster,1,0,"",""
ball,2,16.1,Hobart Hurricanes,DA Miller,BR McDermott,HF Gurney,0,1,"",""
ball,2,16.2,Hobart Hurricanes,DA Miller,BR McDermott,HF Gurney,1,0,"",""
ball,2,16.3,Hobart Hurricanes,BR McDermott,DA Miller,HF Gurney,1,0,"",""
ball,2,16.4,Hobart Hurricanes,DA Miller,BR McDermott,HF Gurney,6,0,"",""
ball,2,16.5,Hobart Hurricanes,DA Miller,BR McDermott,HF Gurney,1,0,"",""
ball,2,16.6,Hobart Hurricanes,BR McDermott,DA Miller,HF Gurney,2,0,"",""
ball,2,16.7,Hobart Hurricanes,BR McDermott,DA Miller,HF Gurney,1,0,"",""
ball,2,17.1,Hobart Hurricanes,BR McDermott,DA Miller,KW Richardson,2,0,"",""
ball,2,17.2,Hobart Hurricanes,BR McDermott,DA Miller,KW Richardson,2,0,"",""
ball,2,17.3,Hobart Hurricanes,BR McDermott,DA Miller,KW Richardson,2,0,"",""
ball,2,17.4,Hobart Hurricanes,BR McDermott,DA Miller,KW Richardson,1,0,"",""
ball,2,17.5,Hobart Hurricanes,DA Miller,BR McDermott,KW Richardson,1,0,"",""
ball,2,17.6,Hobart Hurricanes,BR McDermott,DA Miller,KW Richardson,0,4,"",""
ball,2,18.1,Hobart Hurricanes,DA Miller,BR McDermott,HF Gurney,6,0,"",""
ball,2,18.2,Hobart Hurricanes,DA Miller,BR McDermott,HF Gurney,1,0,"",""
ball,2,18.3,Hobart Hurricanes,BR McDermott,DA Miller,HF Gurney,1,0,"",""
ball,2,18.4,Hobart Hurricanes,DA Miller,BR McDermott,HF Gurney,1,0,"",""
ball,2,18.5,Hobart Hurricanes,BR McDermott,DA Miller,HF Gurney,0,0,"",""
ball,2,18.6,Hobart Hurricanes,BR McDermott,DA Miller,HF Gurney,1,0,"",""
ball,2,19.1,Hobart Hurricanes,BR McDermott,DA Miller,KW Richardson,1,0,"",""
