version,1.3.0
info,team,Melbourne Renegades
info,team,Hobart Hurricanes
info,gender,male
info,season,2019/20
info,date,2020/01/21
info,competition,Big Bash League
info,match_number,47
info,venue,Docklands Stadium
info,city,Melbourne
info,toss_winner,Melbourne Renegades
info,toss_decision,field
info,player_of_match,M Wright
info,umpire,SAJ Craig
info,umpire,AK Wilds
info,reserve_umpire,Greg Azzopardi
info,tv_umpire,JD Ward
info,match_referee,RW Stratford
info,winner,Hobart Hurricanes
info,winner_runs,4
ball,1,0.1,Hobart Hurricanes,MS Wade,M Wright,Mohammad Nabi,1,0,"",""
ball,1,0.2,Hobart Hurricanes,M Wright,MS Wade,Mohammad Nabi,1,0,"",""
ball,1,0.3,Hobart Hurricanes,MS Wade,M Wright,Mohammad Nabi,4,0,"",""
ball,1,0.4,Hobart Hurricanes,MS Wade,M Wright,Mohammad Nabi,4,0,"",""
ball,1,0.5,Hobart Hurricanes,MS Wade,M Wright,Mohammad Nabi,1,0,"",""
ball,1,0.6,Hobart Hurricanes,M Wright,MS Wade,Mohammad Nabi,0,0,"",""
ball,1,1.1,Hobart Hurricanes,MS Wade,M Wright,SR Patel,2,0,"",""
ball,1,1.2,Hobart Hurricanes,MS Wade,M Wright,SR Patel,4,0,"",""
ball,1,1.3,Hobart Hurricanes,MS Wade,M Wright,SR Patel,1,0,"",""
ball,1,1.4,Hobart Hurricanes,M Wright,MS Wade,SR Patel,0,0,"",""
ball,1,1.5,Hobart Hurricanes,M Wright,MS Wade,SR Patel,0,0,"",""
ball,1,1.6,Hobart Hurricanes,M Wright,MS Wade,SR Patel,4,0,"",""
ball,1,2.1,Hobart Hurricanes,MS Wade,M Wright,AL Fekete,0,0,"",""
ball,1,2.2,Hobart Hurricanes,MS Wade,M Wright,AL Fekete,2,0,"",""
ball,1,2.3,Hobart Hurricanes,MS Wade,M Wright,AL Fekete,0,0,"",""
ball,1,2.4,Hobart Hurricanes,MS Wade,M Wright,AL Fekete,6,0,"",""
ball,1,2.5,Hobart Hurricanes,MS Wade,M Wright,AL Fekete,4,0,"",""
ball,1,2.6,Hobart Hurricanes,MS Wade,M Wright,AL Fekete,1,0,"",""
ball,1,3.1,Hobart Hurricanes,MS Wade,M Wright,JD Wildermuth,1,0,"",""
ball,1,3.2,Hobart Hurricanes,M Wright,MS Wade,JD Wildermuth,4,0,"",""
ball,1,3.3,Hobart Hurricanes,M Wright,MS Wade,JD Wildermuth,0,0,"",""
ball,1,3.4,Hobart Hurricanes,M Wright,MS Wade,JD Wildermuth,3,0,"",""
ball,1,3.5,Hobart Hurricanes,MS Wade,M Wright,JD Wildermuth,4,0,"",""
ball,1,3.6,Hobart Hurricanes,MS Wade,M Wright,JD Wildermuth,1,0,"",""
ball,1,4.1,Hobart Hurricanes,MS Wade,M Wright,DT Christian,1,0,"",""
ball,1,4.2,Hobart Hurricanes,M Wright,MS Wade,DT Christian,0,1,"",""
ball,1,4.3,Hobart Hurricanes,M Wright,MS Wade,DT Christian,1,0,"",""
ball,1,4.4,Hobart Hurricanes,MS Wade,M Wright,DT Christian,0,0,"",""
ball,1,4.5,Hobart Hurricanes,MS Wade,M Wright,DT Christian,6,0,"",""
ball,1,4.6,Hobart Hurricanes,MS Wade,M Wright,DT Christian,4,0,"",""
ball,1,4.7,Hobart Hurricanes,MS Wade,M Wright,DT Christian,1,0,"",""
ball,1,5.1,Hobart Hurricanes,MS Wade,M Wright,JD Wildermuth,3,0,"",""
ball,1,5.2,Hobart Hurricanes,M Wright,MS Wade,JD Wildermuth,1,0,"",""
ball,1,5.3,Hobart Hurricanes,MS Wade,M Wright,JD Wildermuth,6,0,"",""
ball,1,5.4,Hobart Hurricanes,MS Wade,M Wright,JD Wildermuth,4,0,"",""
ball,1,5.5,Hobart Hurricanes,MS Wade,M Wright,JD Wildermuth,1,0,"",""
ball,1,5.6,Hobart Hurricanes,M Wright,MS Wade,JD Wildermuth,1,0,"",""
ball,1,6.1,Hobart Hurricanes,M Wright,MS Wade,Mohammad Nabi,0,0,"",""
ball,1,6.2,Hobart Hurricanes,M Wright,MS Wade,Mohammad Nabi,0,0,"",""
ball,1,6.3,Hobart Hurricanes,M Wright,MS Wade,Mohammad Nabi,1,0,"",""
ball,1,6.4,Hobart Hurricanes,MS Wade,M Wright,Mohammad Nabi,1,0,"",""
ball,1,6.5,Hobart Hurricanes,M Wright,MS Wade,Mohammad Nabi,1,0,"",""
ball,1,6.6,Hobart Hurricanes,MS Wade,M Wright,Mohammad Nabi,1,0,"",""
ball,1,7.1,Hobart Hurricanes,MS Wade,M Wright,CJ Boyce,2,0,"",""
ball,1,7.2,Hobart Hurricanes,MS Wade,M Wright,CJ Boyce,0,0,caught,MS Wade
ball,1,7.3,Hobart Hurricanes,JR Doran,M Wright,CJ Boyce,1,0,"",""
ball,1,7.4,Hobart Hurricanes,M Wright,JR Doran,CJ Boyce,2,0,"",""
ball,1,7.5,Hobart Hurricanes,M Wright,JR Doran,CJ Boyce,1,0,"",""
ball,1,7.6,Hobart Hurricanes,JR Doran,M Wright,CJ Boyce,0,0,"",""
ball,1,8.1,Hobart Hurricanes,M Wright,JR Doran,SR Patel,0,0,"",""
ball,1,8.2,Hobart Hurricanes,M Wright,JR Doran,SR Patel,1,0,"",""
ball,1,8.3,Hobart Hurricanes,JR Doran,M Wright,SR Patel,1,0,"",""
ball,1,8.4,Hobart Hurricanes,M Wright,JR Doran,SR Patel,1,0,"",""
ball,1,8.5,Hobart Hurricanes,JR Doran,M Wright,SR Patel,0,0,"",""
ball,1,8.6,Hobart Hurricanes,JR Doran,M Wright,SR Patel,0,0,"",""
ball,1,9.1,Hobart Hurricanes,M Wright,JR Doran,CJ Boyce,1,0,"",""
ball,1,9.2,Hobart Hurricanes,JR Doran,M Wright,CJ Boyce,1,0,"",""
ball,1,9.3,Hobart Hurricanes,M Wright,JR Doran,CJ Boyce,1,0,"",""
ball,1,9.4,Hobart Hurricanes,JR Doran,M Wright,CJ Boyce,1,0,"",""
ball,1,9.5,Hobart Hurricanes,M Wright,JR Doran,CJ Boyce,0,0,"",""
ball,1,9.6,Hobart Hurricanes,M Wright,JR Doran,CJ Boyce,0,0,"",""
ball,1,10.1,Hobart Hurricanes,JR Doran,M Wright,Mohammad Nabi,0,0,"",""
ball,1,10.2,Hobart Hurricanes,JR Doran,M Wright,Mohammad Nabi,0,0,caught,JR Doran
ball,1,10.3,Hobart Hurricanes,DA Miller,M Wright,Mohammad Nabi,0,0,"",""
ball,1,10.4,Hobart Hurricanes,DA Miller,M Wright,Mohammad Nabi,1,0,"",""
ball,1,10.5,Hobart Hurricanes,M Wright,DA Miller,Mohammad Nabi,1,0,"",""
ball,1,10.6,Hobart Hurricanes,DA Miller,M Wright,Mohammad Nabi,0,0,"",""
ball,1,11.1,Hobart Hurricanes,M Wright,DA Miller,BJ Webster,4,0,"",""
ball,1,11.2,Hobart Hurricanes,M Wright,DA Miller,BJ Webster,1,0,"",""
ball,1,11.3,Hobart Hurricanes,DA Miller,M Wright,BJ Webster,1,0,"",""
ball,1,11.4,Hobart Hurricanes,M Wright,DA Miller,BJ Webster,1,0,"",""
ball,1,11.5,Hobart Hurricanes,DA Miller,M Wright,BJ Webster,1,0,"",""
ball,1,11.6,Hobart Hurricanes,M Wright,DA Miller,BJ Webster,0,0,"",""
ball,1,12.1,Hobart Hurricanes,DA Miller,M Wright,Mohammad Nabi,2,0,"",""
ball,1,12.2,Hobart Hurricanes,DA Miller,M Wright,Mohammad Nabi,1,0,"",""
ball,1,12.3,Hobart Hurricanes,M Wright,DA Miller,Mohammad Nabi,1,0,"",""
ball,1,12.4,Hobart Hurricanes,DA Miller,M Wright,Mohammad Nabi,1,0,"",""
ball,1,12.5,Hobart Hurricanes,M Wright,DA Miller,Mohammad Nabi,1,0,"",""
ball,1,12.6,Hobart Hurricanes,DA Miller,M Wright,Mohammad Nabi,1,0,"",""
ball,1,13.1,Hobart Hurricanes,DA Miller,M Wright,BJ Webster,1,0,"",""
ball,1,13.2,Hobart Hurricanes,M Wright,DA Miller,BJ Webster,1,0,"",""
ball,1,13.3,Hobart Hurricanes,DA Miller,M Wright,BJ Webster,1,0,"",""
ball,1,13.4,Hobart Hurricanes,M Wright,DA Miller,BJ Webster,6,0,"",""
ball,1,13.5,Hobart Hurricanes,M Wright,DA Miller,BJ Webster,1,0,"",""
ball,1,13.6,Hobart Hurricanes,DA Miller,M Wright,BJ Webster,1,0,"",""
ball,1,14.1,Hobart Hurricanes,DA Miller,M Wright,CJ Boyce,0,0,caught,DA Miller
ball,1,14.2,Hobart Hurricanes,BR McDermott,M Wright,CJ Boyce,1,0,"",""
ball,1,14.3,Hobart Hurricanes,M Wright,BR McDermott,CJ Boyce,1,0,"",""
ball,1,14.4,Hobart Hurricanes,BR McDermott,M Wright,CJ Boyce,0,0,"",""
ball,1,14.5,Hobart Hurricanes,BR McDermott,M Wright,CJ Boyce,1,0,"",""
ball,1,14.6,Hobart Hurricanes,M Wright,BR McDermott,CJ Boyce,4,0,"",""
ball,1,15.1,Hobart Hurricanes,BR McDermott,M Wright,SR Patel,0,0,"",""
ball,1,15.2,Hobart Hurricanes,BR McDermott,M Wright,SR Patel,0,0,"",""
ball,1,15.3,Hobart Hurricanes,BR McDermott,M Wright,SR Patel,1,0,"",""
ball,1,15.4,Hobart Hurricanes,M Wright,BR McDermott,SR Patel,0,0,"",""
ball,1,15.5,Hobart Hurricanes,M Wright,BR McDermott,SR Patel,1,0,"",""
ball,1,15.6,Hobart Hurricanes,BR McDermott,M Wright,SR Patel,2,0,"",""
ball,1,16.1,Hobart Hurricanes,M Wright,BR McDermott,CJ Boyce,1,0,"",""
ball,1,16.2,Hobart Hurricanes,BR McDermott,M Wright,CJ Boyce,6,0,"",""
ball,1,16.3,Hobart Hurricanes,BR McDermott,M Wright,CJ Boyce,1,0,"",""
ball,1,16.4,Hobart Hurricanes,M Wright,BR McDermott,CJ Boyce,0,0,"",""
ball,1,16.5,Hobart Hurricanes,M Wright,BR McDermott,CJ Boyce,1,0,"",""
ball,1,16.6,Hobart Hurricanes,BR McDermott,M Wright,CJ Boyce,1,0,"",""
ball,1,17.1,Hobart Hurricanes,BR McDermott,M Wright,DT Christian,4,0,"",""
ball,1,17.2,Hobart Hurricanes,BR McDermott,M Wright,DT Christian,1,0,"",""
ball,1,17.3,Hobart Hurricanes,M Wright,BR McDermott,DT Christian,0,0,"",""
ball,1,17.4,Hobart Hurricanes,M Wright,BR McDermott,DT Christian,6,0,"",""
ball,1,17.5,Hobart Hurricanes,M Wright,BR McDermott,DT Christian,1,0,"",""
ball,1,17.6,Hobart Hurricanes,BR McDermott,M Wright,DT Christian,1,0,"",""
ball,1,18.1,Hobart Hurricanes,BR McDermott,M Wright,SR Patel,1,0,"",""
ball,1,18.2,Hobart Hurricanes,M Wright,BR McDermott,SR Patel,4,0,"",""
ball,1,18.3,Hobart Hurricanes,M Wright,BR McDermott,SR Patel,1,0,"",""
ball,1,18.4,Hobart Hurricanes,BR McDermott,M Wright,SR Patel,2,0,"",""
ball,1,18.5,Hobart Hurricanes,BR McDermott,M Wright,SR Patel,6,0,"",""
ball,1,18.6,Hobart Hurricanes,BR McDermott,M Wright,SR Patel,6,0,"",""
ball,1,19.1,Hobart Hurricanes,M Wright,BR McDermott,JD Wildermuth,2,0,"",""
ball,1,19.2,Hobart Hurricanes,M Wright,BR McDermott,JD Wildermuth,4,0,"",""
ball,1,19.3,Hobart Hurricanes,M Wright,BR McDermott,JD Wildermuth,2,0,"",""
ball,1,19.4,Hobart Hurricanes,M Wright,BR McDermott,JD Wildermuth,1,0,"",""
ball,1,19.5,Hobart Hurricanes,BR McDermott,M Wright,JD Wildermuth,2,0,"",""
ball,1,19.6,Hobart Hurricanes,BR McDermott,M Wright,JD Wildermuth,2,0,"",""
ball,2,0.1,Melbourne Renegades,MS Harris,SE Marsh,Qais Ahmad,1,0,"",""
ball,2,0.2,Melbourne Renegades,SE Marsh,MS Harris,Qais Ahmad,1,0,"",""
ball,2,0.3,Melbourne Renegades,MS Harris,SE Marsh,Qais Ahmad,0,0,"",""
ball,2,0.4,Melbourne Renegades,MS Harris,SE Marsh,Qais Ahmad,0,0,"",""
ball,2,0.5,Melbourne Renegades,MS Harris,SE Marsh,Qais Ahmad,0,0,"",""
ball,2,0.6,Melbourne Renegades,MS Harris,SE Marsh,Qais Ahmad,0,1,"",""
ball,2,1.1,Melbourne Renegades,MS Harris,SE Marsh,TS Rogers,0,0,"",""
ball,2,1.2,Melbourne Renegades,MS Harris,SE Marsh,TS Rogers,1,0,"",""
ball,2,1.3,Melbourne Renegades,SE Marsh,MS Harris,TS Rogers,4,0,"",""
ball,2,1.4,Melbourne Renegades,SE Marsh,MS Harris,TS Rogers,1,0,"",""
ball,2,1.5,Melbourne Renegades,MS Harris,SE Marsh,TS Rogers,0,0,caught,MS Harris
ball,2,1.6,Melbourne Renegades,SE Marsh,SB Harper,TS Rogers,0,1,"",""
ball,2,2.1,Melbourne Renegades,SE Marsh,SB Harper,CA Rose,1,0,"",""
ball,2,2.2,Melbourne Renegades,SB Harper,SE Marsh,CA Rose,1,0,"",""
ball,2,2.3,Melbourne Renegades,SE Marsh,SB Harper,CA Rose,6,0,"",""
ball,2,2.4,Melbourne Renegades,SE Marsh,SB Harper,CA Rose,1,0,"",""
ball,2,2.5,Melbourne Renegades,SB Harper,SE Marsh,CA Rose,4,0,"",""
ball,2,2.6,Melbourne Renegades,SB Harper,SE Marsh,CA Rose,0,0,"",""
ball,2,3.1,Melbourne Renegades,SE Marsh,SB Harper,NT Ellis,0,0,"",""
ball,2,3.2,Melbourne Renegades,SE Marsh,SB Harper,NT Ellis,1,0,"",""
ball,2,3.3,Melbourne Renegades,SB Harper,SE Marsh,NT Ellis,0,0,"",""
ball,2,3.4,Melbourne Renegades,SB Harper,SE Marsh,NT Ellis,1,0,retired hurt,SB Harper
ball,2,3.5,Melbourne Renegades,SE Marsh,BJ Webster,NT Ellis,1,0,"",""
ball,2,3.6,Melbourne Renegades,BJ Webster,SE Marsh,NT Ellis,4,0,"",""
ball,2,4.1,Melbourne Renegades,SE Marsh,BJ Webster,TS Rogers,0,0,"",""
ball,2,4.2,Melbourne Renegades,SE Marsh,BJ Webster,TS Rogers,1,0,"",""
ball,2,4.3,Melbourne Renegades,BJ Webster,SE Marsh,TS Rogers,1,0,"",""
ball,2,4.4,Melbourne Renegades,SE Marsh,BJ Webster,TS Rogers,1,0,"",""
ball,2,4.5,Melbourne Renegades,BJ Webster,SE Marsh,TS Rogers,1,0,"",""
ball,2,4.6,Melbourne Renegades,SE Marsh,BJ Webster,TS Rogers,4,0,"",""
ball,2,5.1,Melbourne Renegades,BJ Webster,SE Marsh,SM Boland,4,0,"",""
ball,2,5.2,Melbourne Renegades,BJ Webster,SE Marsh,SM Boland,0,0,"",""
ball,2,5.3,Melbourne Renegades,BJ Webster,SE Marsh,SM Boland,2,0,"",""
ball,2,5.4,Melbourne Renegades,BJ Webster,SE Marsh,SM Boland,3,0,"",""
ball,2,5.5,Melbourne Renegades,SE Marsh,BJ Webster,SM Boland,4,0,"",""
ball,2,5.6,Melbourne Renegades,SE Marsh,BJ Webster,SM Boland,0,0,"",""
ball,2,6.1,Melbourne Renegades,BJ Webster,SE Marsh,TS Rogers,0,0,"",""
ball,2,6.2,Melbourne Renegades,BJ Webster,SE Marsh,TS Rogers,0,0,"",""
ball,2,6.3,Melbourne Renegades,BJ Webster,SE Marsh,TS Rogers,1,0,"",""
ball,2,6.4,Melbourne Renegades,SE Marsh,BJ Webster,TS Rogers,0,1,"",""
ball,2,6.5,Melbourne Renegades,SE Marsh,BJ Webster,TS Rogers,2,0,"",""
ball,2,6.6,Melbourne Renegades,SE Marsh,BJ Webster,TS Rogers,1,0,"",""
ball,2,6.7,Melbourne Renegades,BJ Webster,SE Marsh,TS Rogers,1,0,"",""
ball,2,7.1,Melbourne Renegades,BJ Webster,SE Marsh,SM Boland,0,0,"",""
ball,2,7.2,Melbourne Renegades,BJ Webster,SE Marsh,SM Boland,1,0,"",""
ball,2,7.3,Melbourne Renegades,SE Marsh,BJ Webster,SM Boland,1,0,"",""
ball,2,7.4,Melbourne Renegades,BJ Webster,SE Marsh,SM Boland,0,0,"",""
ball,2,7.5,Melbourne Renegades,BJ Webster,SE Marsh,SM Boland,0,1,"",""
ball,2,7.6,Melbourne Renegades,BJ Webster,SE Marsh,SM Boland,1,0,"",""
ball,2,7.7,Melbourne Renegades,SE Marsh,BJ Webster,SM Boland,4,0,"",""
ball,2,8.1,Melbourne Renegades,BJ Webster,SE Marsh,Qais Ahmad,0,0,"",""
ball,2,8.2,Melbourne Renegades,BJ Webster,SE Marsh,Qais Ahmad,1,0,"",""
ball,2,8.3,Melbourne Renegades,SE Marsh,BJ Webster,Qais Ahmad,1,0,"",""
ball,2,8.4,Melbourne Renegades,BJ Webster,SE Marsh,Qais Ahmad,1,0,"",""
ball,2,8.5,Melbourne Renegades,SE Marsh,BJ Webster,Qais Ahmad,1,0,"",""
ball,2,8.6,Melbourne Renegades,BJ Webster,SE Marsh,Qais Ahmad,1,0,"",""
ball,2,9.1,Melbourne Renegades,BJ Webster,SE Marsh,TS Rogers,1,0,"",""
ball,2,9.2,Melbourne Renegades,SE Marsh,BJ Webster,TS Rogers,0,0,"",""
ball,2,9.3,Melbourne Renegades,SE Marsh,BJ Webster,TS Rogers,6,0,"",""
ball,2,9.4,Melbourne Renegades,SE Marsh,BJ Webster,TS Rogers,1,0,"",""
ball,2,9.5,Melbourne Renegades,BJ Webster,SE Marsh,TS Rogers,1,0,"",""
ball,2,9.6,Melbourne Renegades,SE Marsh,BJ Webster,TS Rogers,6,0,"",""
ball,2,10.1,Melbourne Renegades,BJ Webster,SE Marsh,Qais Ahmad,1,0,"",""
ball,2,10.2,Melbourne Renegades,SE Marsh,BJ Webster,Qais Ahmad,0,0,"",""
ball,2,10.3,Melbourne Renegades,SE Marsh,BJ Webster,Qais Ahmad,1,0,"",""
ball,2,10.4,Melbourne Renegades,BJ Webster,SE Marsh,Qais Ahmad,1,0,"",""
ball,2,10.5,Melbourne Renegades,SE Marsh,BJ Webster,Qais Ahmad,6,0,"",""
ball,2,10.6,Melbourne Renegades,SE Marsh,BJ Webster,Qais Ahmad,0,0,caught,SE Marsh
ball,2,11.1,Melbourne Renegades,BJ Webster,Mohammad Nabi,CA Rose,1,0,"",""
ball,2,11.2,Melbourne Renegades,Mohammad Nabi,BJ Webster,CA Rose,0,0,"",""
ball,2,11.3,Melbourne Renegades,Mohammad Nabi,BJ Webster,CA Rose,1,0,"",""
ball,2,11.4,Melbourne Renegades,BJ Webster,Mohammad Nabi,CA Rose,0,0,"",""
ball,2,11.5,Melbourne Renegades,BJ Webster,Mohammad Nabi,CA Rose,1,0,"",""
ball,2,11.6,Melbourne Renegades,Mohammad Nabi,BJ Webster,CA Rose,3,0,"",""
ball,2,12.1,Melbourne Renegades,Mohammad Nabi,BJ Webster,SM Boland,1,0,"",""
ball,2,12.2,Melbourne Renegades,BJ Webster,Mohammad Nabi,SM Boland,0,0,"",""
ball,2,12.3,Melbourne Renegades,BJ Webster,Mohammad Nabi,SM Boland,1,0,"",""
ball,2,12.4,Melbourne Renegades,Mohammad Nabi,BJ Webster,SM Boland,1,0,"",""
ball,2,12.5,Melbourne Renegades,BJ Webster,Mohammad Nabi,SM Boland,1,1,"",""
ball,2,12.6,Melbourne Renegades,Mohammad Nabi,BJ Webster,SM Boland,4,0,"",""
ball,2,12.7,Melbourne Renegades,Mohammad Nabi,BJ Webster,SM Boland,4,0,"",""
ball,2,13.1,Melbourne Renegades,BJ Webster,Mohammad Nabi,CA Rose,4,0,"",""
ball,2,13.2,Melbourne Renegades,BJ Webster,Mohammad Nabi,CA Rose,1,0,"",""
ball,2,13.3,Melbourne Renegades,Mohammad Nabi,BJ Webster,CA Rose,1,0,"",""
ball,2,13.4,Melbourne Renegades,BJ Webster,Mohammad Nabi,CA Rose,2,0,"",""
ball,2,13.5,Melbourne Renegades,BJ Webster,Mohammad Nabi,CA Rose,1,0,"",""
ball,2,13.6,Melbourne Renegades,Mohammad Nabi,BJ Webster,CA Rose,1,0,"",""
ball,2,14.1,Melbourne Renegades,Mohammad Nabi,BJ Webster,Qais Ahmad,4,0,"",""
ball,2,14.2,Melbourne Renegades,Mohammad Nabi,BJ Webster,Qais Ahmad,1,0,"",""
ball,2,14.3,Melbourne Renegades,BJ Webster,Mohammad Nabi,Qais Ahmad,0,0,"",""
ball,2,14.4,Melbourne Renegades,BJ Webster,Mohammad Nabi,Qais Ahmad,1,0,"",""
ball,2,14.5,Melbourne Renegades,Mohammad Nabi,BJ Webster,Qais Ahmad,2,0,"",""
ball,2,14.6,Melbourne Renegades,Mohammad Nabi,BJ Webster,Qais Ahmad,1,0,"",""
ball,2,15.1,Melbourne Renegades,Mohammad Nabi,BJ Webster,NT Ellis,1,0,"",""
ball,2,15.2,Melbourne Renegades,BJ Webster,Mohammad Nabi,NT Ellis,1,0,"",""
ball,2,15.3,Melbourne Renegades,Mohammad Nabi,BJ Webster,NT Ellis,0,0,"",""
ball,2,15.4,Melbourne Renegades,Mohammad Nabi,BJ Webster,NT Ellis,1,0,"",""
ball,2,15.5,Melbourne Renegades,BJ Webster,Mohammad Nabi,NT Ellis,1,0,"",""
ball,2,15.6,Melbourne Renegades,Mohammad Nabi,BJ Webster,NT Ellis,1,0,"",""
ball,2,16.1,Melbourne Renegades,Mohammad Nabi,BJ Webster,SM Boland,1,0,"",""
ball,2,16.2,Melbourne Renegades,BJ Webster,Mohammad Nabi,SM Boland,1,0,"",""
ball,2,16.3,Melbourne Renegades,Mohammad Nabi,BJ Webster,SM Boland,2,0,"",""
ball,2,16.4,Melbourne Renegades,Mohammad Nabi,BJ Webster,SM Boland,2,0,"",""
ball,2,16.5,Melbourne Renegades,Mohammad Nabi,BJ Webster,SM Boland,4,0,"",""
ball,2,16.6,Melbourne Renegades,Mohammad Nabi,BJ Webster,SM Boland,0,0,"",""
ball,2,17.1,Melbourne Renegades,BJ Webster,Mohammad Nabi,NT Ellis,1,0,"",""
ball,2,17.2,Melbourne Renegades,Mohammad Nabi,BJ Webster,NT Ellis,2,0,"",""
ball,2,17.3,Melbourne Renegades,Mohammad Nabi,BJ Webster,NT Ellis,6,0,"",""
ball,2,17.4,Melbourne Renegades,Mohammad Nabi,BJ Webster,NT Ellis,6,0,"",""
ball,2,17.5,Melbourne Renegades,Mohammad Nabi,BJ Webster,NT Ellis,1,0,"",""
ball,2,17.6,Melbourne Renegades,BJ Webster,Mohammad Nabi,NT Ellis,4,0,"",""
ball,2,18.1,Melbourne Renegades,Mohammad Nabi,BJ Webster,CA Rose,0,0,"",""
ball,2,18.2,Melbourne Renegades,Mohammad Nabi,BJ Webster,CA Rose,6,0,"",""
ball,2,18.3,Melbourne Renegades,Mohammad Nabi,BJ Webster,CA Rose,6,0,"",""
ball,2,18.4,Melbourne Renegades,Mohammad Nabi,BJ Webster,CA Rose,0,0,caught,Mohammad Nabi
ball,2,18.5,Melbourne Renegades,BJ Webster,DT Christian,CA Rose,0,0,"",""
ball,2,18.6,Melbourne Renegades,BJ Webster,DT Christian,CA Rose,1,0,"",""
ball,2,19.1,Melbourne Renegades,BJ Webster,DT Christian,NT Ellis,2,0,"",""
ball,2,19.2,Melbourne Renegades,BJ Webster,DT Christian,NT Ellis,0,0,caught,BJ Webster
ball,2,19.3,Melbourne Renegades,DT Christian,SR Patel,NT Ellis,1,0,"",""
ball,2,19.4,Melbourne Renegades,SR Patel,DT Christian,NT Ellis,0,1,"",""
ball,2,19.5,Melbourne Renegades,DT Christian,SR Patel,NT Ellis,0,0,"",""
ball,2,19.6,Melbourne Renegades,DT Christian,SR Patel,NT Ellis,2,0,"",""
