version,1.3.0
info,team,Perth Scorchers
info,team,Sydney Sixers
info,gender,male
info,season,2019/20
info,date,2019/12/26
info,competition,Big Bash League
info,match_number,12
info,venue,Perth Stadium
info,city,Perth
info,toss_winner,Perth Scorchers
info,toss_decision,field
info,player_of_match,TK Curran
info,umpire,GJ Davidson
info,umpire,JD Ward
info,reserve_umpire,NR Johnstone
info,tv_umpire,AK Wilds
info,match_referee,RW Stratford
info,winner,Sydney Sixers
info,winner_runs,48
ball,1,0.1,Sydney Sixers,DP Hughes,JR Philippe,JA Richardson,0,0,"",""
ball,1,0.2,Sydney Sixers,DP Hughes,JR Philippe,JA Richardson,0,0,"",""
ball,1,0.3,Sydney Sixers,DP Hughes,JR Philippe,JA Richardson,1,0,"",""
ball,1,0.4,Sydney Sixers,JR Philippe,DP Hughes,JA Richardson,0,1,"",""
ball,1,0.5,Sydney Sixers,JR Philippe,DP Hughes,JA Richardson,1,0,"",""
ball,1,0.6,Sydney Sixers,DP Hughes,JR Philippe,JA Richardson,0,0,"",""
ball,1,0.7,Sydney Sixers,DP Hughes,JR Philippe,JA Richardson,4,0,"",""
ball,1,1.1,Sydney Sixers,JR Philippe,DP Hughes,M Kelly,0,2,"",""
ball,1,1.2,Sydney Sixers,DP Hughes,JR Philippe,M Kelly,1,0,"",""
ball,1,1.3,Sydney Sixers,JR Philippe,DP Hughes,M Kelly,0,0,"",""
ball,1,1.4,Sydney Sixers,JR Philippe,DP Hughes,M Kelly,4,0,"",""
ball,1,1.5,Sydney Sixers,JR Philippe,DP Hughes,M Kelly,0,0,"",""
ball,1,1.6,Sydney Sixers,JR Philippe,DP Hughes,M Kelly,2,0,"",""
ball,1,1.7,Sydney Sixers,JR Philippe,DP Hughes,M Kelly,1,0,"",""
ball,1,2.1,Sydney Sixers,JR Philippe,DP Hughes,CJ Jordan,1,0,"",""
ball,1,2.2,Sydney Sixers,DP Hughes,JR Philippe,CJ Jordan,1,0,"",""
ball,1,2.3,Sydney Sixers,JR Philippe,DP Hughes,CJ Jordan,0,0,caught,JR Philippe
ball,1,2.4,Sydney Sixers,JM Vince,DP Hughes,CJ Jordan,4,0,"",""
ball,1,2.5,Sydney Sixers,JM Vince,DP Hughes,CJ Jordan,1,0,"",""
ball,1,2.6,Sydney Sixers,DP Hughes,JM Vince,CJ Jordan,1,0,"",""
ball,1,3.1,Sydney Sixers,DP Hughes,JM Vince,JA Richardson,1,0,"",""
ball,1,3.2,Sydney Sixers,JM Vince,DP Hughes,JA Richardson,0,0,"",""
ball,1,3.3,Sydney Sixers,JM Vince,DP Hughes,JA Richardson,0,0,"",""
ball,1,3.4,Sydney Sixers,JM Vince,DP Hughes,JA Richardson,1,0,"",""
ball,1,3.5,Sydney Sixers,DP Hughes,JM Vince,JA Richardson,1,0,"",""
ball,1,3.6,Sydney Sixers,JM Vince,DP Hughes,JA Richardson,1,0,"",""
ball,1,4.1,Sydney Sixers,JM Vince,DP Hughes,M Kelly,1,0,"",""
ball,1,4.2,Sydney Sixers,DP Hughes,JM Vince,M Kelly,0,0,"",""
ball,1,4.3,Sydney Sixers,DP Hughes,JM Vince,M Kelly,1,0,"",""
ball,1,4.4,Sydney Sixers,JM Vince,DP Hughes,M Kelly,0,0,"",""
ball,1,4.5,Sydney Sixers,JM Vince,DP Hughes,M Kelly,1,0,"",""
ball,1,4.6,Sydney Sixers,DP Hughes,JM Vince,M Kelly,1,1,"",""
ball,1,4.7,Sydney Sixers,JM Vince,DP Hughes,M Kelly,1,0,"",""
ball,1,5.1,Sydney Sixers,JM Vince,DP Hughes,CJ Jordan,0,0,"",""
ball,1,5.2,Sydney Sixers,JM Vince,DP Hughes,CJ Jordan,1,0,"",""
ball,1,5.3,Sydney Sixers,DP Hughes,JM Vince,CJ Jordan,6,0,"",""
ball,1,5.4,Sydney Sixers,DP Hughes,JM Vince,CJ Jordan,1,0,"",""
ball,1,5.5,Sydney Sixers,JM Vince,DP Hughes,CJ Jordan,1,0,"",""
ball,1,5.6,Sydney Sixers,DP Hughes,JM Vince,CJ Jordan,1,0,"",""
ball,1,6.1,Sydney Sixers,DP Hughes,JM Vince,AC Agar,1,0,"",""
ball,1,6.2,Sydney Sixers,JM Vince,DP Hughes,AC Agar,2,0,"",""
ball,1,6.3,Sydney Sixers,JM Vince,DP Hughes,AC Agar,1,0,"",""
ball,1,6.4,Sydney Sixers,DP Hughes,JM Vince,AC Agar,1,0,"",""
ball,1,6.5,Sydney Sixers,JM Vince,DP Hughes,AC Agar,1,0,"",""
ball,1,6.6,Sydney Sixers,DP Hughes,JM Vince,AC Agar,1,0,"",""
ball,1,7.1,Sydney Sixers,DP Hughes,JM Vince,Fawad Ahmed,0,0,"",""
ball,1,7.2,Sydney Sixers,DP Hughes,JM Vince,Fawad Ahmed,4,0,"",""
ball,1,7.3,Sydney Sixers,DP Hughes,JM Vince,Fawad Ahmed,1,0,"",""
ball,1,7.4,Sydney Sixers,JM Vince,DP Hughes,Fawad Ahmed,1,0,"",""
ball,1,7.5,Sydney Sixers,DP Hughes,JM Vince,Fawad Ahmed,6,0,"",""
ball,1,7.6,Sydney Sixers,DP Hughes,JM Vince,Fawad Ahmed,1,0,"",""
ball,1,8.1,Sydney Sixers,DP Hughes,JM Vince,AC Agar,0,0,stumped,DP Hughes
ball,1,8.2,Sydney Sixers,MC Henriques,JM Vince,AC Agar,1,0,"",""
ball,1,8.3,Sydney Sixers,JM Vince,MC Henriques,AC Agar,1,0,"",""
ball,1,8.4,Sydney Sixers,MC Henriques,JM Vince,AC Agar,0,0,"",""
ball,1,8.5,Sydney Sixers,MC Henriques,JM Vince,AC Agar,1,0,"",""
ball,1,8.6,Sydney Sixers,JM Vince,MC Henriques,AC Agar,0,0,"",""
ball,1,9.1,Sydney Sixers,MC Henriques,JM Vince,Fawad Ahmed,1,0,"",""
ball,1,9.2,Sydney Sixers,JM Vince,MC Henriques,Fawad Ahmed,4,0,"",""
ball,1,9.3,Sydney Sixers,JM Vince,MC Henriques,Fawad Ahmed,0,0,stumped,JM Vince
ball,1,9.4,Sydney Sixers,JC Silk,MC Henriques,Fawad Ahmed,0,0,"",""
ball,1,9.5,Sydney Sixers,JC Silk,MC Henriques,Fawad Ahmed,1,0,"",""
ball,1,9.6,Sydney Sixers,MC Henriques,JC Silk,Fawad Ahmed,1,0,"",""
ball,1,10.1,Sydney Sixers,MC Henriques,JC Silk,AC Agar,1,0,"",""
ball,1,10.2,Sydney Sixers,JC Silk,MC Henriques,AC Agar,1,0,"",""
ball,1,10.3,Sydney Sixers,MC Henriques,JC Silk,AC Agar,1,0,"",""
ball,1,10.4,Sydney Sixers,JC Silk,MC Henriques,AC Agar,1,0,"",""
ball,1,10.5,Sydney Sixers,MC Henriques,JC Silk,AC Agar,6,0,"",""
ball,1,10.6,Sydney Sixers,MC Henriques,JC Silk,AC Agar,1,0,"",""
ball,1,11.1,Sydney Sixers,MC Henriques,JC Silk,Fawad Ahmed,1,0,"",""
ball,1,11.2,Sydney Sixers,JC Silk,MC Henriques,Fawad Ahmed,1,0,"",""
ball,1,11.3,Sydney Sixers,MC Henriques,JC Silk,Fawad Ahmed,1,0,"",""
ball,1,11.4,Sydney Sixers,JC Silk,MC Henriques,Fawad Ahmed,1,0,"",""
ball,1,11.5,Sydney Sixers,MC Henriques,JC Silk,Fawad Ahmed,1,0,"",""
ball,1,11.6,Sydney Sixers,JC Silk,MC Henriques,Fawad Ahmed,2,0,"",""
ball,1,12.1,Sydney Sixers,MC Henriques,JC Silk,AC Agar,1,0,"",""
ball,1,12.2,Sydney Sixers,JC Silk,MC Henriques,AC Agar,1,0,"",""
ball,1,12.3,Sydney Sixers,MC Henriques,JC Silk,AC Agar,4,0,"",""
ball,1,12.4,Sydney Sixers,MC Henriques,JC Silk,AC Agar,4,0,"",""
ball,1,12.5,Sydney Sixers,MC Henriques,JC Silk,AC Agar,4,0,"",""
ball,1,12.6,Sydney Sixers,MC Henriques,JC Silk,AC Agar,1,0,"",""
ball,1,13.1,Sydney Sixers,MC Henriques,JC Silk,JA Richardson,4,0,"",""
ball,1,13.2,Sydney Sixers,MC Henriques,JC Silk,JA Richardson,1,0,"",""
ball,1,13.3,Sydney Sixers,JC Silk,MC Henriques,JA Richardson,1,0,"",""
ball,1,13.4,Sydney Sixers,MC Henriques,JC Silk,JA Richardson,0,0,bowled,MC Henriques
ball,1,13.5,Sydney Sixers,TK Curran,JC Silk,JA Richardson,0,1,"",""
ball,1,13.6,Sydney Sixers,TK Curran,JC Silk,JA Richardson,1,0,"",""
ball,1,13.7,Sydney Sixers,JC Silk,TK Curran,JA Richardson,0,1,"",""
ball,1,14.1,Sydney Sixers,JC Silk,TK Curran,CJ Jordan,0,0,caught,JC Silk
ball,1,14.2,Sydney Sixers,TK Curran,H Kerr,CJ Jordan,1,0,"",""
ball,1,14.3,Sydney Sixers,H Kerr,TK Curran,CJ Jordan,1,0,"",""
ball,1,14.4,Sydney Sixers,TK Curran,H Kerr,CJ Jordan,1,0,"",""
ball,1,14.5,Sydney Sixers,H Kerr,TK Curran,CJ Jordan,2,0,"",""
ball,1,14.6,Sydney Sixers,H Kerr,TK Curran,CJ Jordan,1,0,"",""
ball,1,15.1,Sydney Sixers,H Kerr,TK Curran,Fawad Ahmed,1,0,"",""
ball,1,15.2,Sydney Sixers,TK Curran,H Kerr,Fawad Ahmed,0,0,"",""
ball,1,15.3,Sydney Sixers,TK Curran,H Kerr,Fawad Ahmed,1,0,"",""
ball,1,15.4,Sydney Sixers,H Kerr,TK Curran,Fawad Ahmed,1,0,"",""
ball,1,15.5,Sydney Sixers,TK Curran,H Kerr,Fawad Ahmed,1,0,"",""
ball,1,15.6,Sydney Sixers,H Kerr,TK Curran,Fawad Ahmed,0,0,"",""
ball,1,16.1,Sydney Sixers,TK Curran,H Kerr,JA Richardson,2,0,"",""
ball,1,16.2,Sydney Sixers,TK Curran,H Kerr,JA Richardson,2,0,"",""
ball,1,16.3,Sydney Sixers,TK Curran,H Kerr,JA Richardson,1,0,"",""
ball,1,16.4,Sydney Sixers,H Kerr,TK Curran,JA Richardson,0,1,"",""
ball,1,16.5,Sydney Sixers,H Kerr,TK Curran,JA Richardson,0,0,"",""
ball,1,16.6,Sydney Sixers,H Kerr,TK Curran,JA Richardson,0,0,"",""
ball,1,16.7,Sydney Sixers,H Kerr,TK Curran,JA Richardson,1,0,"",""
ball,1,17.1,Sydney Sixers,H Kerr,TK Curran,M Kelly,1,0,"",""
ball,1,17.2,Sydney Sixers,TK Curran,H Kerr,M Kelly,1,0,"",""
ball,1,17.3,Sydney Sixers,H Kerr,TK Curran,M Kelly,0,0,caught,H Kerr
ball,1,17.4,Sydney Sixers,TK Curran,SA Abbott,M Kelly,0,1,"",""
ball,1,17.5,Sydney Sixers,TK Curran,SA Abbott,M Kelly,4,0,"",""
ball,1,17.6,Sydney Sixers,TK Curran,SA Abbott,M Kelly,1,0,"",""
ball,1,17.7,Sydney Sixers,SA Abbott,TK Curran,M Kelly,2,0,"",""
ball,1,18.1,Sydney Sixers,TK Curran,SA Abbott,CJ Jordan,2,0,"",""
ball,1,18.2,Sydney Sixers,TK Curran,SA Abbott,CJ Jordan,1,0,"",""
ball,1,18.3,Sydney Sixers,SA Abbott,TK Curran,CJ Jordan,0,0,caught,SA Abbott
ball,1,18.4,Sydney Sixers,TK Curran,BJ Dwarshuis,CJ Jordan,0,1,"",""
ball,1,18.5,Sydney Sixers,BJ Dwarshuis,TK Curran,CJ Jordan,0,0,"",""
ball,1,18.6,Sydney Sixers,BJ Dwarshuis,TK Curran,CJ Jordan,2,0,"",""
ball,1,19.1,Sydney Sixers,TK Curran,BJ Dwarshuis,M Kelly,2,0,"",""
ball,1,19.2,Sydney Sixers,TK Curran,BJ Dwarshuis,M Kelly,4,0,"",""
ball,1,19.3,Sydney Sixers,TK Curran,BJ Dwarshuis,M Kelly,6,0,"",""
ball,1,19.4,Sydney Sixers,TK Curran,BJ Dwarshuis,M Kelly,4,0,"",""
ball,1,19.5,Sydney Sixers,TK Curran,BJ Dwarshuis,M Kelly,2,0,"",""
ball,1,19.6,Sydney Sixers,TK Curran,BJ Dwarshuis,M Kelly,6,0,"",""
ball,2,0.1,Perth Scorchers,LS Livingstone,JP Inglis,BJ Dwarshuis,0,2,"",""
ball,2,0.2,Perth Scorchers,LS Livingstone,JP Inglis,BJ Dwarshuis,0,0,"",""
ball,2,0.3,Perth Scorchers,LS Livingstone,JP Inglis,BJ Dwarshuis,0,0,"",""
ball,2,0.4,Perth Scorchers,LS Livingstone,JP Inglis,BJ Dwarshuis,1,0,"",""
ball,2,0.5,Perth Scorchers,JP Inglis,LS Livingstone,BJ Dwarshuis,1,0,"",""
ball,2,0.6,Perth Scorchers,LS Livingstone,JP Inglis,BJ Dwarshuis,0,1,"",""
ball,2,0.7,Perth Scorchers,LS Livingstone,JP Inglis,BJ Dwarshuis,1,0,"",""
ball,2,1.1,Perth Scorchers,LS Livingstone,JP Inglis,JM Bird,0,0,caught,LS Livingstone
ball,2,1.2,Perth Scorchers,CT Bancroft,JP Inglis,JM Bird,0,0,"",""
ball,2,1.3,Perth Scorchers,CT Bancroft,JP Inglis,JM Bird,1,0,"",""
ball,2,1.4,Perth Scorchers,JP Inglis,CT Bancroft,JM Bird,0,0,"",""
ball,2,1.5,Perth Scorchers,JP Inglis,CT Bancroft,JM Bird,0,0,"",""
ball,2,1.6,Perth Scorchers,JP Inglis,CT Bancroft,JM Bird,0,0,"",""
ball,2,2.1,Perth Scorchers,CT Bancroft,JP Inglis,BJ Dwarshuis,0,1,"",""
ball,2,2.2,Perth Scorchers,JP Inglis,CT Bancroft,BJ Dwarshuis,0,0,"",""
ball,2,2.3,Perth Scorchers,JP Inglis,CT Bancroft,BJ Dwarshuis,1,0,"",""
ball,2,2.4,Perth Scorchers,CT Bancroft,JP Inglis,BJ Dwarshuis,0,1,"",""
ball,2,2.5,Perth Scorchers,JP Inglis,CT Bancroft,BJ Dwarshuis,0,0,"",""
ball,2,2.6,Perth Scorchers,JP Inglis,CT Bancroft,BJ Dwarshuis,4,0,"",""
ball,2,3.1,Perth Scorchers,CT Bancroft,JP Inglis,JM Bird,0,0,bowled,CT Bancroft
ball,2,3.2,Perth Scorchers,MR Marsh,JP Inglis,JM Bird,0,0,"",""
ball,2,3.3,Perth Scorchers,MR Marsh,JP Inglis,JM Bird,0,0,"",""
ball,2,3.4,Perth Scorchers,MR Marsh,JP Inglis,JM Bird,0,0,"",""
ball,2,3.5,Perth Scorchers,MR Marsh,JP Inglis,JM Bird,1,0,"",""
ball,2,3.6,Perth Scorchers,JP Inglis,MR Marsh,JM Bird,1,0,"",""
ball,2,4.1,Perth Scorchers,JP Inglis,MR Marsh,TK Curran,0,0,caught,JP Inglis
ball,2,4.2,Perth Scorchers,C Green,MR Marsh,TK Curran,1,0,"",""
ball,2,4.3,Perth Scorchers,MR Marsh,C Green,TK Curran,0,0,"",""
ball,2,4.4,Perth Scorchers,MR Marsh,C Green,TK Curran,4,0,"",""
ball,2,4.5,Perth Scorchers,MR Marsh,C Green,TK Curran,0,0,"",""
ball,2,4.6,Perth Scorchers,MR Marsh,C Green,TK Curran,1,0,"",""
ball,2,5.1,Perth Scorchers,MR Marsh,C Green,JM Bird,4,0,"",""
ball,2,5.2,Perth Scorchers,MR Marsh,C Green,JM Bird,0,0,"",""
ball,2,5.3,Perth Scorchers,MR Marsh,C Green,JM Bird,6,0,"",""
ball,2,5.4,Perth Scorchers,MR Marsh,C Green,JM Bird,0,1,"",""
ball,2,5.5,Perth Scorchers,MR Marsh,C Green,JM Bird,1,0,"",""
ball,2,5.6,Perth Scorchers,C Green,MR Marsh,JM Bird,0,0,caught,C Green
ball,2,5.7,Perth Scorchers,AJ Turner,MR Marsh,JM Bird,0,0,"",""
ball,2,6.1,Perth Scorchers,MR Marsh,AJ Turner,SA Abbott,0,0,bowled,MR Marsh
ball,2,6.2,Perth Scorchers,AC Agar,AJ Turner,SA Abbott,1,0,"",""
ball,2,6.3,Perth Scorchers,AJ Turner,AC Agar,SA Abbott,0,0,"",""
ball,2,6.4,Perth Scorchers,AJ Turner,AC Agar,SA Abbott,1,0,"",""
ball,2,6.5,Perth Scorchers,AC Agar,AJ Turner,SA Abbott,0,1,"",""
ball,2,6.6,Perth Scorchers,AC Agar,AJ Turner,SA Abbott,0,0,"",""
ball,2,6.7,Perth Scorchers,AC Agar,AJ Turner,SA Abbott,0,0,"",""
ball,2,7.1,Perth Scorchers,AJ Turner,AC Agar,L Pope,0,0,"",""
ball,2,7.2,Perth Scorchers,AJ Turner,AC Agar,L Pope,1,0,"",""
ball,2,7.3,Perth Scorchers,AC Agar,AJ Turner,L Pope,0,0,"",""
ball,2,7.4,Perth Scorchers,AC Agar,AJ Turner,L Pope,0,0,"",""
ball,2,7.5,Perth Scorchers,AC Agar,AJ Turner,L Pope,1,0,"",""
ball,2,7.6,Perth Scorchers,AJ Turner,AC Agar,L Pope,0,0,"",""
ball,2,8.1,Perth Scorchers,AC Agar,AJ Turner,SA Abbott,1,0,"",""
ball,2,8.2,Perth Scorchers,AJ Turner,AC Agar,SA Abbott,0,0,"",""
ball,2,8.3,Perth Scorchers,AJ Turner,AC Agar,SA Abbott,1,0,"",""
ball,2,8.4,Perth Scorchers,AC Agar,AJ Turner,SA Abbott,0,5,"",""
ball,2,8.5,Perth Scorchers,AC Agar,AJ Turner,SA Abbott,1,0,"",""
ball,2,8.6,Perth Scorchers,AJ Turner,AC Agar,SA Abbott,4,0,"",""
ball,2,8.7,Perth Scorchers,AJ Turner,AC Agar,SA Abbott,1,0,"",""
ball,2,9.1,Perth Scorchers,AJ Turner,AC Agar,JM Bird,4,0,"",""
ball,2,9.2,Perth Scorchers,AJ Turner,AC Agar,JM Bird,0,1,"",""
ball,2,9.3,Perth Scorchers,AJ Turner,AC Agar,JM Bird,6,0,"",""
ball,2,9.4,Perth Scorchers,AJ Turner,AC Agar,JM Bird,4,0,"",""
ball,2,9.5,Perth Scorchers,AJ Turner,AC Agar,JM Bird,1,0,"",""
ball,2,9.6,Perth Scorchers,AC Agar,AJ Turner,JM Bird,1,0,"",""
ball,2,9.7,Perth Scorchers,AJ Turner,AC Agar,JM Bird,1,0,"",""
ball,2,10.1,Perth Scorchers,AJ Turner,AC Agar,TK Curran,1,0,"",""
ball,2,10.2,Perth Scorchers,AC Agar,AJ Turner,TK Curran,0,0,"",""
ball,2,10.3,Perth Scorchers,AC Agar,AJ Turner,TK Curran,1,0,"",""
ball,2,10.4,Perth Scorchers,AJ Turner,AC Agar,TK Curran,1,0,"",""
ball,2,10.5,Perth Scorchers,AC Agar,AJ Turner,TK Curran,0,0,"",""
ball,2,10.6,Perth Scorchers,AC Agar,AJ Turner,TK Curran,0,5,"",""
ball,2,10.7,Perth Scorchers,AC Agar,AJ Turner,TK Curran,1,0,"",""
ball,2,11.1,Perth Scorchers,AC Agar,AJ Turner,L Pope,1,0,"",""
ball,2,11.2,Perth Scorchers,AJ Turner,AC Agar,L Pope,1,0,"",""
ball,2,11.3,Perth Scorchers,AC Agar,AJ Turner,L Pope,0,0,"",""
ball,2,11.4,Perth Scorchers,AC Agar,AJ Turner,L Pope,0,0,caught,AC Agar
ball,2,11.5,Perth Scorchers,AJ Turner,CJ Jordan,L Pope,1,0,"",""
ball,2,11.6,Perth Scorchers,CJ Jordan,AJ Turner,L Pope,0,0,"",""
ball,2,12.1,Perth Scorchers,AJ Turner,CJ Jordan,SA Abbott,0,0,caught,AJ Turner
ball,2,12.2,Perth Scorchers,JA Richardson,CJ Jordan,SA Abbott,0,0,"",""
ball,2,12.3,Perth Scorchers,JA Richardson,CJ Jordan,SA Abbott,0,0,"",""
ball,2,12.4,Perth Scorchers,JA Richardson,CJ Jordan,SA Abbott,0,0,"",""
ball,2,12.5,Perth Scorchers,JA Richardson,CJ Jordan,SA Abbott,1,0,"",""
ball,2,12.6,Perth Scorchers,CJ Jordan,JA Richardson,SA Abbott,0,0,"",""
ball,2,13.1,Perth Scorchers,JA Richardson,CJ Jordan,L Pope,0,0,"",""
ball,2,13.2,Perth Scorchers,JA Richardson,CJ Jordan,L Pope,1,0,"",""
ball,2,13.3,Perth Scorchers,CJ Jordan,JA Richardson,L Pope,1,0,"",""
ball,2,13.4,Perth Scorchers,JA Richardson,CJ Jordan,L Pope,1,0,"",""
ball,2,13.5,Perth Scorchers,CJ Jordan,JA Richardson,L Pope,1,0,"",""
ball,2,13.6,Perth Scorchers,JA Richardson,CJ Jordan,L Pope,0,0,"",""
ball,2,14.1,Perth Scorchers,CJ Jordan,JA Richardson,BJ Dwarshuis,4,0,"",""
ball,2,14.2,Perth Scorchers,CJ Jordan,JA Richardson,BJ Dwarshuis,0,0,caught,CJ Jordan
ball,2,14.3,Perth Scorchers,M Kelly,JA Richardson,BJ Dwarshuis,2,0,"",""
ball,2,14.4,Perth Scorchers,M Kelly,JA Richardson,BJ Dwarshuis,0,0,"",""
ball,2,14.5,Perth Scorchers,M Kelly,JA Richardson,BJ Dwarshuis,1,0,"",""
ball,2,14.6,Perth Scorchers,JA Richardson,M Kelly,BJ Dwarshuis,1,0,"",""
ball,2,15.1,Perth Scorchers,JA Richardson,M Kelly,L Pope,1,0,"",""
ball,2,15.2,Perth Scorchers,M Kelly,JA Richardson,L Pope,0,0,"",""
ball,2,15.3,Perth Scorchers,M Kelly,JA Richardson,L Pope,2,0,"",""
ball,2,15.4,Perth Scorchers,M Kelly,JA Richardson,L Pope,1,0,"",""
ball,2,15.5,Perth Scorchers,JA Richardson,M Kelly,L Pope,0,0,"",""
ball,2,15.6,Perth Scorchers,JA Richardson,M Kelly,L Pope,2,0,"",""
ball,2,16.1,Perth Scorchers,M Kelly,JA Richardson,TK Curran,1,0,"",""
ball,2,16.2,Perth Scorchers,JA Richardson,M Kelly,TK Curran,1,0,"",""
ball,2,16.3,Perth Scorchers,M Kelly,JA Richardson,TK Curran,6,0,"",""
ball,2,16.4,Perth Scorchers,M Kelly,JA Richardson,TK Curran,0,0,"",""
ball,2,16.5,Perth Scorchers,M Kelly,JA Richardson,TK Curran,0,0,"",""
ball,2,16.6,Perth Scorchers,M Kelly,JA Richardson,TK Curran,4,0,"",""
ball,2,17.1,Perth Scorchers,JA Richardson,M Kelly,SA Abbott,6,0,"",""
ball,2,17.2,Perth Scorchers,JA Richardson,M Kelly,SA Abbott,0,0,caught,JA Richardson
ball,2,17.3,Perth Scorchers,Fawad Ahmed,M Kelly,SA Abbott,1,0,"",""
ball,2,17.4,Perth Scorchers,M Kelly,Fawad Ahmed,SA Abbott,6,0,"",""
ball,2,17.5,Perth Scorchers,M Kelly,Fawad Ahmed,SA Abbott,0,0,"",""
ball,2,17.6,Perth Scorchers,M Kelly,Fawad Ahmed,SA Abbott,0,0,"",""
ball,2,18.1,Perth Scorchers,Fawad Ahmed,M Kelly,BJ Dwarshuis,0,0,caught,Fawad Ahmed
