version,1.3.0
info,team,Brisbane Heat
info,team,Melbourne Stars
info,gender,male
info,season,2019/20
info,date,2019/12/20
info,competition,Big Bash League
info,match_number,5
info,venue,Carrara Oval
info,city,Carrara
info,toss_winner,Brisbane Heat
info,toss_decision,field
info,player_of_match,GJ Maxwell
info,umpire,JD Ward
info,umpire,SA Lightbody
info,reserve_umpire,Steven Farrell
info,tv_umpire,PJ Gillespie
info,match_referee,RW Stratford
info,winner,Melbourne Stars
info,winner_runs,22
ball,1,0.1,Melbourne Stars,NJ Maddinson,MP Stoinis,JK Lalor,2,0,"",""
ball,1,0.2,Melbourne Stars,NJ Maddinson,MP Stoinis,JK Lalor,0,0,"",""
ball,1,0.3,Melbourne Stars,NJ Maddinson,MP Stoinis,JK Lalor,0,0,"",""
ball,1,0.4,Melbourne Stars,NJ Maddinson,MP Stoinis,JK Lalor,0,0,"",""
ball,1,0.5,Melbourne Stars,NJ Maddinson,MP Stoinis,JK Lalor,6,0,"",""
ball,1,0.6,Melbourne Stars,NJ Maddinson,MP Stoinis,JK Lalor,0,0,"",""
ball,1,1.1,Melbourne Stars,MP Stoinis,NJ Maddinson,MT Renshaw,0,0,"",""
ball,1,1.2,Melbourne Stars,MP Stoinis,NJ Maddinson,MT Renshaw,0,0,"",""
ball,1,1.3,Melbourne Stars,MP Stoinis,NJ Maddinson,MT Renshaw,0,0,"",""
ball,1,1.4,Melbourne Stars,MP Stoinis,NJ Maddinson,MT Renshaw,1,0,"",""
ball,1,1.5,Melbourne Stars,NJ Maddinson,MP Stoinis,MT Renshaw,0,0,caught,NJ Maddinson
ball,1,1.6,Melbourne Stars,HWR Cartwright,MP Stoinis,MT Renshaw,1,0,"",""
ball,1,2.1,Melbourne Stars,HWR Cartwright,MP Stoinis,JK Lalor,4,0,"",""
ball,1,2.2,Melbourne Stars,HWR Cartwright,MP Stoinis,JK Lalor,1,0,"",""
ball,1,2.3,Melbourne Stars,MP Stoinis,HWR Cartwright,JK Lalor,0,0,"",""
ball,1,2.4,Melbourne Stars,MP Stoinis,HWR Cartwright,JK Lalor,3,0,"",""
ball,1,2.5,Melbourne Stars,HWR Cartwright,MP Stoinis,JK Lalor,1,0,"",""
ball,1,2.6,Melbourne Stars,MP Stoinis,HWR Cartwright,JK Lalor,0,0,"",""
ball,1,3.1,Melbourne Stars,HWR Cartwright,MP Stoinis,Zahir Khan,4,0,"",""
ball,1,3.2,Melbourne Stars,HWR Cartwright,MP Stoinis,Zahir Khan,0,0,"",""
ball,1,3.3,Melbourne Stars,HWR Cartwright,MP Stoinis,Zahir Khan,0,0,"",""
ball,1,3.4,Melbourne Stars,HWR Cartwright,MP Stoinis,Zahir Khan,0,0,"",""
ball,1,3.5,Melbourne Stars,HWR Cartwright,MP Stoinis,Zahir Khan,1,0,"",""
ball,1,3.6,Melbourne Stars,MP Stoinis,HWR Cartwright,Zahir Khan,1,0,"",""
ball,1,4.1,Melbourne Stars,MP Stoinis,HWR Cartwright,B Laughlin,0,0,"",""
ball,1,4.2,Melbourne Stars,MP Stoinis,HWR Cartwright,B Laughlin,4,0,"",""
ball,1,4.3,Melbourne Stars,MP Stoinis,HWR Cartwright,B Laughlin,3,0,"",""
ball,1,4.4,Melbourne Stars,HWR Cartwright,MP Stoinis,B Laughlin,4,0,"",""
ball,1,4.5,Melbourne Stars,HWR Cartwright,MP Stoinis,B Laughlin,0,0,"",""
ball,1,4.6,Melbourne Stars,HWR Cartwright,MP Stoinis,B Laughlin,2,0,"",""
ball,1,5.1,Melbourne Stars,MP Stoinis,HWR Cartwright,JK Lalor,1,0,"",""
ball,1,5.2,Melbourne Stars,HWR Cartwright,MP Stoinis,JK Lalor,0,1,"",""
ball,1,5.3,Melbourne Stars,HWR Cartwright,MP Stoinis,JK Lalor,0,0,caught,HWR Cartwright
ball,1,5.4,Melbourne Stars,MP Stoinis,PSP Handscomb,JK Lalor,0,0,"",""
ball,1,5.5,Melbourne Stars,MP Stoinis,PSP Handscomb,JK Lalor,1,0,"",""
ball,1,5.6,Melbourne Stars,PSP Handscomb,MP Stoinis,JK Lalor,1,0,"",""
ball,1,5.7,Melbourne Stars,MP Stoinis,PSP Handscomb,JK Lalor,0,0,"",""
ball,1,6.1,Melbourne Stars,PSP Handscomb,MP Stoinis,MJ Swepson,1,0,"",""
ball,1,6.2,Melbourne Stars,MP Stoinis,PSP Handscomb,MJ Swepson,0,0,"",""
ball,1,6.3,Melbourne Stars,MP Stoinis,PSP Handscomb,MJ Swepson,1,0,"",""
ball,1,6.4,Melbourne Stars,PSP Handscomb,MP Stoinis,MJ Swepson,4,0,"",""
ball,1,6.5,Melbourne Stars,PSP Handscomb,MP Stoinis,MJ Swepson,4,0,"",""
ball,1,6.6,Melbourne Stars,PSP Handscomb,MP Stoinis,MJ Swepson,1,0,"",""
ball,1,7.1,Melbourne Stars,PSP Handscomb,MP Stoinis,BCJ Cutting,0,0,"",""
ball,1,7.2,Melbourne Stars,PSP Handscomb,MP Stoinis,BCJ Cutting,1,0,"",""
ball,1,7.3,Melbourne Stars,MP Stoinis,PSP Handscomb,BCJ Cutting,1,0,"",""
ball,1,7.4,Melbourne Stars,PSP Handscomb,MP Stoinis,BCJ Cutting,1,0,"",""
ball,1,7.5,Melbourne Stars,MP Stoinis,PSP Handscomb,BCJ Cutting,0,0,caught,MP Stoinis
ball,1,7.6,Melbourne Stars,PSP Handscomb,GJ Maxwell,BCJ Cutting,1,0,"",""
ball,1,8.1,Melbourne Stars,PSP Handscomb,GJ Maxwell,Zahir Khan,1,0,"",""
ball,1,8.2,Melbourne Stars,GJ Maxwell,PSP Handscomb,Zahir Khan,1,0,"",""
ball,1,8.3,Melbourne Stars,PSP Handscomb,GJ Maxwell,Zahir Khan,1,0,"",""
ball,1,8.4,Melbourne Stars,GJ Maxwell,PSP Handscomb,Zahir Khan,1,0,"",""
ball,1,8.5,Melbourne Stars,PSP Handscomb,GJ Maxwell,Zahir Khan,2,0,"",""
ball,1,8.6,Melbourne Stars,PSP Handscomb,GJ Maxwell,Zahir Khan,1,0,"",""
ball,1,9.1,Melbourne Stars,PSP Handscomb,GJ Maxwell,BCJ Cutting,1,0,"",""
ball,1,9.2,Melbourne Stars,GJ Maxwell,PSP Handscomb,BCJ Cutting,4,0,"",""
ball,1,9.3,Melbourne Stars,GJ Maxwell,PSP Handscomb,BCJ Cutting,4,0,"",""
ball,1,9.4,Melbourne Stars,GJ Maxwell,PSP Handscomb,BCJ Cutting,1,0,"",""
ball,1,9.5,Melbourne Stars,PSP Handscomb,GJ Maxwell,BCJ Cutting,0,0,run out,PSP Handscomb
ball,1,9.6,Melbourne Stars,GJ Maxwell,BR Dunk,BCJ Cutting,1,0,"",""
ball,1,10.1,Melbourne Stars,GJ Maxwell,BR Dunk,Zahir Khan,4,0,"",""
ball,1,10.2,Melbourne Stars,GJ Maxwell,BR Dunk,Zahir Khan,0,0,"",""
ball,1,10.3,Melbourne Stars,GJ Maxwell,BR Dunk,Zahir Khan,2,0,"",""
ball,1,10.4,Melbourne Stars,GJ Maxwell,BR Dunk,Zahir Khan,0,1,"",""
ball,1,10.5,Melbourne Stars,GJ Maxwell,BR Dunk,Zahir Khan,1,0,"",""
ball,1,10.6,Melbourne Stars,BR Dunk,GJ Maxwell,Zahir Khan,1,0,"",""
ball,1,10.7,Melbourne Stars,GJ Maxwell,BR Dunk,Zahir Khan,6,0,"",""
ball,1,11.1,Melbourne Stars,BR Dunk,GJ Maxwell,MJ Swepson,0,0,"",""
ball,1,11.2,Melbourne Stars,BR Dunk,GJ Maxwell,MJ Swepson,1,0,"",""
ball,1,11.3,Melbourne Stars,GJ Maxwell,BR Dunk,MJ Swepson,1,0,"",""
ball,1,11.4,Melbourne Stars,BR Dunk,GJ Maxwell,MJ Swepson,0,0,"",""
ball,1,11.5,Melbourne Stars,BR Dunk,GJ Maxwell,MJ Swepson,2,0,"",""
ball,1,11.6,Melbourne Stars,BR Dunk,GJ Maxwell,MJ Swepson,1,0,"",""
ball,1,12.1,Melbourne Stars,BR Dunk,GJ Maxwell,B Laughlin,1,0,"",""
ball,1,12.2,Melbourne Stars,GJ Maxwell,BR Dunk,B Laughlin,1,0,"",""
ball,1,12.3,Melbourne Stars,BR Dunk,GJ Maxwell,B Laughlin,0,0,"",""
ball,1,12.4,Melbourne Stars,BR Dunk,GJ Maxwell,B Laughlin,1,0,"",""
ball,1,12.5,Melbourne Stars,GJ Maxwell,BR Dunk,B Laughlin,6,0,"",""
ball,1,12.6,Melbourne Stars,GJ Maxwell,BR Dunk,B Laughlin,1,0,"",""
ball,1,13.1,Melbourne Stars,GJ Maxwell,BR Dunk,MJ Swepson,1,0,"",""
ball,1,13.2,Melbourne Stars,BR Dunk,GJ Maxwell,MJ Swepson,4,0,"",""
ball,1,13.3,Melbourne Stars,BR Dunk,GJ Maxwell,MJ Swepson,0,0,caught,BR Dunk
ball,1,13.4,Melbourne Stars,GJ Maxwell,CD Hinchliffe,MJ Swepson,6,0,"",""
ball,1,13.5,Melbourne Stars,GJ Maxwell,CD Hinchliffe,MJ Swepson,1,0,"",""
ball,1,13.6,Melbourne Stars,CD Hinchliffe,GJ Maxwell,MJ Swepson,0,0,"",""
ball,1,14.1,Melbourne Stars,GJ Maxwell,CD Hinchliffe,Zahir Khan,1,0,"",""
ball,1,14.2,Melbourne Stars,CD Hinchliffe,GJ Maxwell,Zahir Khan,0,0,"",""
ball,1,14.3,Melbourne Stars,CD Hinchliffe,GJ Maxwell,Zahir Khan,0,0,"",""
ball,1,14.4,Melbourne Stars,CD Hinchliffe,GJ Maxwell,Zahir Khan,0,0,"",""
ball,1,14.5,Melbourne Stars,CD Hinchliffe,GJ Maxwell,Zahir Khan,0,0,"",""
ball,1,14.6,Melbourne Stars,CD Hinchliffe,GJ Maxwell,Zahir Khan,0,0,stumped,CD Hinchliffe
ball,1,15.1,Melbourne Stars,GJ Maxwell,A Zampa,MJ Swepson,1,0,"",""
ball,1,15.2,Melbourne Stars,A Zampa,GJ Maxwell,MJ Swepson,1,0,"",""
ball,1,15.3,Melbourne Stars,GJ Maxwell,A Zampa,MJ Swepson,0,0,"",""
ball,1,15.4,Melbourne Stars,GJ Maxwell,A Zampa,MJ Swepson,2,0,"",""
ball,1,15.5,Melbourne Stars,GJ Maxwell,A Zampa,MJ Swepson,4,0,"",""
ball,1,15.6,Melbourne Stars,GJ Maxwell,A Zampa,MJ Swepson,1,0,"",""
ball,1,16.1,Melbourne Stars,GJ Maxwell,A Zampa,BCJ Cutting,1,0,"",""
ball,1,16.2,Melbourne Stars,A Zampa,GJ Maxwell,BCJ Cutting,1,0,"",""
ball,1,16.3,Melbourne Stars,GJ Maxwell,A Zampa,BCJ Cutting,0,1,"",""
ball,1,16.4,Melbourne Stars,GJ Maxwell,A Zampa,BCJ Cutting,4,0,"",""
ball,1,16.5,Melbourne Stars,GJ Maxwell,A Zampa,BCJ Cutting,2,0,"",""
ball,1,16.6,Melbourne Stars,GJ Maxwell,A Zampa,BCJ Cutting,0,1,"",""
ball,1,16.7,Melbourne Stars,A Zampa,GJ Maxwell,BCJ Cutting,2,0,"",""
ball,1,17.1,Melbourne Stars,GJ Maxwell,A Zampa,B Laughlin,2,0,"",""
ball,1,17.2,Melbourne Stars,GJ Maxwell,A Zampa,B Laughlin,1,0,"",""
ball,1,17.3,Melbourne Stars,A Zampa,GJ Maxwell,B Laughlin,0,0,"",""
ball,1,17.4,Melbourne Stars,A Zampa,GJ Maxwell,B Laughlin,0,0,"",""
ball,1,17.5,Melbourne Stars,A Zampa,GJ Maxwell,B Laughlin,0,0,"",""
ball,1,17.6,Melbourne Stars,A Zampa,GJ Maxwell,B Laughlin,0,0,"",""
ball,1,18.1,Melbourne Stars,GJ Maxwell,A Zampa,JK Lalor,6,0,"",""
ball,1,18.2,Melbourne Stars,GJ Maxwell,A Zampa,JK Lalor,0,0,"",""
ball,1,18.3,Melbourne Stars,GJ Maxwell,A Zampa,JK Lalor,1,0,"",""
ball,1,18.4,Melbourne Stars,A Zampa,GJ Maxwell,JK Lalor,1,0,"",""
ball,1,18.5,Melbourne Stars,GJ Maxwell,A Zampa,JK Lalor,6,0,"",""
ball,1,18.6,Melbourne Stars,GJ Maxwell,A Zampa,JK Lalor,1,0,"",""
ball,1,19.1,Melbourne Stars,GJ Maxwell,A Zampa,B Laughlin,4,0,"",""
ball,1,19.2,Melbourne Stars,GJ Maxwell,A Zampa,B Laughlin,0,0,"",""
ball,1,19.3,Melbourne Stars,GJ Maxwell,A Zampa,B Laughlin,4,0,"",""
ball,1,19.4,Melbourne Stars,GJ Maxwell,A Zampa,B Laughlin,0,0,bowled,GJ Maxwell
ball,1,19.5,Melbourne Stars,DJ Worrall,A Zampa,B Laughlin,1,0,"",""
ball,1,19.6,Melbourne Stars,A Zampa,DJ Worrall,B Laughlin,0,1,"",""
ball,2,0.1,Brisbane Heat,T Banton,M Bryant,DJ Worrall,1,0,"",""
ball,2,0.2,Brisbane Heat,M Bryant,T Banton,DJ Worrall,0,0,"",""
ball,2,0.3,Brisbane Heat,M Bryant,T Banton,DJ Worrall,0,0,"",""
ball,2,0.4,Brisbane Heat,M Bryant,T Banton,DJ Worrall,0,0,"",""
ball,2,0.5,Brisbane Heat,M Bryant,T Banton,DJ Worrall,1,0,"",""
ball,2,0.6,Brisbane Heat,T Banton,M Bryant,DJ Worrall,1,0,"",""
ball,2,1.1,Brisbane Heat,T Banton,M Bryant,S Lamichhane,4,0,"",""
ball,2,1.2,Brisbane Heat,T Banton,M Bryant,S Lamichhane,4,0,"",""
ball,2,1.3,Brisbane Heat,T Banton,M Bryant,S Lamichhane,6,0,"",""
ball,2,1.4,Brisbane Heat,T Banton,M Bryant,S Lamichhane,1,0,"",""
ball,2,1.5,Brisbane Heat,M Bryant,T Banton,S Lamichhane,0,0,"",""
ball,2,1.6,Brisbane Heat,M Bryant,T Banton,S Lamichhane,4,0,"",""
ball,2,2.1,Brisbane Heat,T Banton,M Bryant,DJ Worrall,0,0,"",""
ball,2,2.2,Brisbane Heat,T Banton,M Bryant,DJ Worrall,0,0,"",""
ball,2,2.3,Brisbane Heat,T Banton,M Bryant,DJ Worrall,0,0,"",""
ball,2,2.4,Brisbane Heat,T Banton,M Bryant,DJ Worrall,1,0,"",""
ball,2,2.5,Brisbane Heat,M Bryant,T Banton,DJ Worrall,1,0,"",""
ball,2,2.6,Brisbane Heat,T Banton,M Bryant,DJ Worrall,0,1,"",""
ball,2,2.7,Brisbane Heat,T Banton,M Bryant,DJ Worrall,4,0,"",""
ball,2,3.1,Brisbane Heat,M Bryant,T Banton,Haris Rauf,0,0,caught,M Bryant
ball,2,3.2,Brisbane Heat,CA Lynn,T Banton,Haris Rauf,0,0,"",""
ball,2,3.3,Brisbane Heat,CA Lynn,T Banton,Haris Rauf,0,0,"",""
ball,2,3.4,Brisbane Heat,CA Lynn,T Banton,Haris Rauf,1,0,"",""
ball,2,3.5,Brisbane Heat,T Banton,CA Lynn,Haris Rauf,2,0,"",""
ball,2,3.6,Brisbane Heat,T Banton,CA Lynn,Haris Rauf,0,1,"",""
ball,2,3.7,Brisbane Heat,T Banton,CA Lynn,Haris Rauf,6,0,"",""
ball,2,4.1,Brisbane Heat,CA Lynn,T Banton,DJ Worrall,1,0,"",""
ball,2,4.2,Brisbane Heat,T Banton,CA Lynn,DJ Worrall,0,0,"",""
ball,2,4.3,Brisbane Heat,T Banton,CA Lynn,DJ Worrall,4,0,"",""
ball,2,4.4,Brisbane Heat,T Banton,CA Lynn,DJ Worrall,0,0,"",""
ball,2,4.5,Brisbane Heat,T Banton,CA Lynn,DJ Worrall,1,0,"",""
ball,2,4.6,Brisbane Heat,CA Lynn,T Banton,DJ Worrall,2,0,"",""
ball,2,5.1,Brisbane Heat,T Banton,CA Lynn,A Zampa,0,0,"",""
ball,2,5.2,Brisbane Heat,T Banton,CA Lynn,A Zampa,4,0,"",""
ball,2,5.3,Brisbane Heat,T Banton,CA Lynn,A Zampa,4,0,"",""
ball,2,5.4,Brisbane Heat,T Banton,CA Lynn,A Zampa,0,0,"",""
ball,2,5.5,Brisbane Heat,T Banton,CA Lynn,A Zampa,1,0,"",""
ball,2,5.6,Brisbane Heat,CA Lynn,T Banton,A Zampa,1,0,"",""
ball,2,6.1,Brisbane Heat,CA Lynn,T Banton,S Lamichhane,1,0,"",""
ball,2,6.2,Brisbane Heat,T Banton,CA Lynn,S Lamichhane,0,0,"",""
ball,2,6.3,Brisbane Heat,T Banton,CA Lynn,S Lamichhane,2,0,"",""
ball,2,6.4,Brisbane Heat,T Banton,CA Lynn,S Lamichhane,0,0,"",""
ball,2,6.5,Brisbane Heat,T Banton,CA Lynn,S Lamichhane,2,0,"",""
ball,2,6.6,Brisbane Heat,T Banton,CA Lynn,S Lamichhane,1,0,"",""
ball,2,7.1,Brisbane Heat,T Banton,CA Lynn,A Zampa,0,0,"",""
ball,2,7.2,Brisbane Heat,T Banton,CA Lynn,A Zampa,6,0,"",""
ball,2,7.3,Brisbane Heat,T Banton,CA Lynn,A Zampa,1,0,"",""
ball,2,7.4,Brisbane Heat,CA Lynn,T Banton,A Zampa,0,0,"",""
ball,2,7.5,Brisbane Heat,CA Lynn,T Banton,A Zampa,0,0,caught,CA Lynn
ball,2,7.6,Brisbane Heat,MT Renshaw,T Banton,A Zampa,1,0,"",""
ball,2,8.1,Brisbane Heat,MT Renshaw,T Banton,CD Hinchliffe,1,0,"",""
ball,2,8.2,Brisbane Heat,T Banton,MT Renshaw,CD Hinchliffe,0,0,"",""
ball,2,8.3,Brisbane Heat,T Banton,MT Renshaw,CD Hinchliffe,1,0,"",""
ball,2,8.4,Brisbane Heat,MT Renshaw,T Banton,CD Hinchliffe,1,0,"",""
ball,2,8.5,Brisbane Heat,T Banton,MT Renshaw,CD Hinchliffe,6,0,"",""
ball,2,8.6,Brisbane Heat,T Banton,MT Renshaw,CD Hinchliffe,1,0,"",""
ball,2,9.1,Brisbane Heat,T Banton,MT Renshaw,A Zampa,0,0,"",""
ball,2,9.2,Brisbane Heat,T Banton,MT Renshaw,A Zampa,0,0,caught,T Banton
ball,2,9.3,Brisbane Heat,MT Renshaw,BCJ Cutting,A Zampa,1,0,"",""
ball,2,9.4,Brisbane Heat,BCJ Cutting,MT Renshaw,A Zampa,1,0,"",""
ball,2,9.5,Brisbane Heat,MT Renshaw,BCJ Cutting,A Zampa,3,0,"",""
ball,2,9.6,Brisbane Heat,BCJ Cutting,MT Renshaw,A Zampa,1,0,"",""
ball,2,10.1,Brisbane Heat,BCJ Cutting,MT Renshaw,Haris Rauf,0,0,"",""
ball,2,10.2,Brisbane Heat,BCJ Cutting,MT Renshaw,Haris Rauf,0,0,"",""
ball,2,10.3,Brisbane Heat,BCJ Cutting,MT Renshaw,Haris Rauf,0,0,"",""
ball,2,10.4,Brisbane Heat,BCJ Cutting,MT Renshaw,Haris Rauf,0,0,"",""
ball,2,10.5,Brisbane Heat,BCJ Cutting,MT Renshaw,Haris Rauf,1,0,"",""
ball,2,10.6,Brisbane Heat,MT Renshaw,BCJ Cutting,Haris Rauf,0,0,"",""
ball,2,11.1,Brisbane Heat,BCJ Cutting,MT Renshaw,S Lamichhane,0,0,"",""
ball,2,11.2,Brisbane Heat,BCJ Cutting,MT Renshaw,S Lamichhane,0,0,"",""
ball,2,11.3,Brisbane Heat,BCJ Cutting,MT Renshaw,S Lamichhane,2,0,"",""
ball,2,11.4,Brisbane Heat,BCJ Cutting,MT Renshaw,S Lamichhane,2,0,"",""
ball,2,11.5,Brisbane Heat,BCJ Cutting,MT Renshaw,S Lamichhane,0,0,"",""
ball,2,11.6,Brisbane Heat,BCJ Cutting,MT Renshaw,S Lamichhane,1,0,"",""
ball,2,12.1,Brisbane Heat,BCJ Cutting,MT Renshaw,NJ Maddinson,1,0,"",""
ball,2,12.2,Brisbane Heat,MT Renshaw,BCJ Cutting,NJ Maddinson,0,0,"",""
ball,2,12.3,Brisbane Heat,MT Renshaw,BCJ Cutting,NJ Maddinson,1,0,"",""
ball,2,12.4,Brisbane Heat,BCJ Cutting,MT Renshaw,NJ Maddinson,1,0,"",""
ball,2,12.5,Brisbane Heat,MT Renshaw,BCJ Cutting,NJ Maddinson,1,0,"",""
ball,2,12.6,Brisbane Heat,BCJ Cutting,MT Renshaw,NJ Maddinson,1,0,"",""
ball,2,13.1,Brisbane Heat,BCJ Cutting,MT Renshaw,S Lamichhane,1,0,"",""
ball,2,13.2,Brisbane Heat,MT Renshaw,BCJ Cutting,S Lamichhane,1,0,"",""
ball,2,13.3,Brisbane Heat,BCJ Cutting,MT Renshaw,S Lamichhane,0,0,caught,BCJ Cutting
ball,2,13.4,Brisbane Heat,MT Renshaw,SD Heazlett,S Lamichhane,4,0,"",""
ball,2,13.5,Brisbane Heat,MT Renshaw,SD Heazlett,S Lamichhane,0,0,"",""
ball,2,13.6,Brisbane Heat,MT Renshaw,SD Heazlett,S Lamichhane,0,1,"",""
ball,2,13.7,Brisbane Heat,MT Renshaw,SD Heazlett,S Lamichhane,1,0,"",""
ball,2,14.1,Brisbane Heat,MT Renshaw,SD Heazlett,GJ Maxwell,1,0,"",""
ball,2,14.2,Brisbane Heat,SD Heazlett,MT Renshaw,GJ Maxwell,1,0,"",""
ball,2,14.3,Brisbane Heat,MT Renshaw,SD Heazlett,GJ Maxwell,0,0,"",""
ball,2,14.4,Brisbane Heat,MT Renshaw,SD Heazlett,GJ Maxwell,0,0,"",""
ball,2,14.5,Brisbane Heat,MT Renshaw,SD Heazlett,GJ Maxwell,6,0,"",""
ball,2,14.6,Brisbane Heat,MT Renshaw,SD Heazlett,GJ Maxwell,4,0,"",""
ball,2,15.1,Brisbane Heat,SD Heazlett,MT Renshaw,A Zampa,1,0,"",""
ball,2,15.2,Brisbane Heat,MT Renshaw,SD Heazlett,A Zampa,0,0,"",""
ball,2,15.3,Brisbane Heat,MT Renshaw,SD Heazlett,A Zampa,2,0,"",""
ball,2,15.4,Brisbane Heat,MT Renshaw,SD Heazlett,A Zampa,1,0,"",""
ball,2,15.5,Brisbane Heat,SD Heazlett,MT Renshaw,A Zampa,2,0,"",""
ball,2,15.6,Brisbane Heat,SD Heazlett,MT Renshaw,A Zampa,0,0,caught,SD Heazlett
ball,2,16.1,Brisbane Heat,MT Renshaw,JJ Peirson,NJ Maddinson,2,0,"",""
ball,2,16.2,Brisbane Heat,MT Renshaw,JJ Peirson,NJ Maddinson,1,0,"",""
ball,2,16.3,Brisbane Heat,JJ Peirson,MT Renshaw,NJ Maddinson,1,0,"",""
ball,2,16.4,Brisbane Heat,MT Renshaw,JJ Peirson,NJ Maddinson,1,0,"",""
ball,2,16.5,Brisbane Heat,JJ Peirson,MT Renshaw,NJ Maddinson,1,0,"",""
ball,2,16.6,Brisbane Heat,MT Renshaw,JJ Peirson,NJ Maddinson,1,0,"",""
ball,2,17.1,Brisbane Heat,MT Renshaw,JJ Peirson,Haris Rauf,1,0,"",""
ball,2,17.2,Brisbane Heat,JJ Peirson,MT Renshaw,Haris Rauf,1,0,"",""
ball,2,17.3,Brisbane Heat,MT Renshaw,JJ Peirson,Haris Rauf,2,0,"",""
ball,2,17.4,Brisbane Heat,MT Renshaw,JJ Peirson,Haris Rauf,2,0,"",""
ball,2,17.5,Brisbane Heat,MT Renshaw,JJ Peirson,Haris Rauf,0,1,"",""
ball,2,17.6,Brisbane Heat,JJ Peirson,MT Renshaw,Haris Rauf,0,1,"",""
ball,2,18.1,Brisbane Heat,JJ Peirson,MT Renshaw,DJ Worrall,0,0,lbw,JJ Peirson
ball,2,18.2,Brisbane Heat,JK Lalor,MT Renshaw,DJ Worrall,1,0,"",""
ball,2,18.3,Brisbane Heat,MT Renshaw,JK Lalor,DJ Worrall,0,0,bowled,MT Renshaw
ball,2,18.4,Brisbane Heat,MJ Swepson,JK Lalor,DJ Worrall,1,0,"",""
ball,2,18.5,Brisbane Heat,JK Lalor,MJ Swepson,DJ Worrall,0,0,"",""
ball,2,18.6,Brisbane Heat,JK Lalor,MJ Swepson,DJ Worrall,1,0,"",""
ball,2,19.1,Brisbane Heat,JK Lalor,MJ Swepson,Haris Rauf,1,0,"",""
ball,2,19.2,Brisbane Heat,MJ Swepson,JK Lalor,Haris Rauf,0,0,"",""
ball,2,19.3,Brisbane Heat,MJ Swepson,JK Lalor,Haris Rauf,1,0,"",""
ball,2,19.4,Brisbane Heat,JK Lalor,MJ Swepson,Haris Rauf,1,0,"",""
ball,2,19.5,Brisbane Heat,MJ Swepson,JK Lalor,Haris Rauf,0,0,bowled,MJ Swepson
ball,2,19.6,Brisbane Heat,B Laughlin,JK Lalor,Haris Rauf,0,0,"",""
