version,1.3.0
info,team,Sydney Sixers
info,team,Brisbane Heat
info,gender,male
info,season,2019/20
info,date,2019/12/22
info,competition,Big Bash League
info,match_number,9
info,venue,Sydney Cricket Ground
info,city,Sydney
info,toss_winner,Sydney Sixers
info,toss_decision,field
info,player_of_match,CA Lynn
info,umpire,PJ Gillespie
info,umpire,MW Graham-Smith
info,reserve_umpire,Roberto Howard
info,tv_umpire,BC Treloar
info,match_referee,RL Parry
info,winner,Brisbane Heat
info,winner_runs,48
ball,1,0.1,Brisbane Heat,SD Heazlett,M Bryant,BJ Dwarshuis,1,0,"",""
ball,1,0.2,Brisbane Heat,M Bryant,SD Heazlett,BJ Dwarshuis,0,0,"",""
ball,1,0.3,Brisbane Heat,M Bryant,SD Heazlett,BJ Dwarshuis,1,0,"",""
ball,1,0.4,Brisbane Heat,SD Heazlett,M Bryant,BJ Dwarshuis,0,2,"",""
ball,1,0.5,Brisbane Heat,SD Heazlett,M Bryant,BJ Dwarshuis,0,0,"",""
ball,1,0.6,Brisbane Heat,SD Heazlett,M Bryant,BJ Dwarshuis,2,0,"",""
ball,1,1.1,Brisbane Heat,M Bryant,SD Heazlett,SA Abbott,0,0,caught,M Bryant
ball,1,1.2,Brisbane Heat,SD Heazlett,CA Lynn,SA Abbott,1,0,"",""
ball,1,1.3,Brisbane Heat,CA Lynn,SD Heazlett,SA Abbott,0,0,"",""
ball,1,1.4,Brisbane Heat,CA Lynn,SD Heazlett,SA Abbott,6,0,"",""
ball,1,1.5,Brisbane Heat,CA Lynn,SD Heazlett,SA Abbott,1,0,"",""
ball,1,1.6,Brisbane Heat,SD Heazlett,CA Lynn,SA Abbott,0,0,"",""
ball,1,2.1,Brisbane Heat,CA Lynn,SD Heazlett,BJ Dwarshuis,0,0,"",""
ball,1,2.2,Brisbane Heat,CA Lynn,SD Heazlett,BJ Dwarshuis,6,0,"",""
ball,1,2.3,Brisbane Heat,CA Lynn,SD Heazlett,BJ Dwarshuis,4,0,"",""
ball,1,2.4,Brisbane Heat,CA Lynn,SD Heazlett,BJ Dwarshuis,2,0,"",""
ball,1,2.5,Brisbane Heat,CA Lynn,SD Heazlett,BJ Dwarshuis,1,0,"",""
ball,1,2.6,Brisbane Heat,SD Heazlett,CA Lynn,BJ Dwarshuis,0,0,"",""
ball,1,3.1,Brisbane Heat,CA Lynn,SD Heazlett,BAD Manenti,0,0,"",""
ball,1,3.2,Brisbane Heat,CA Lynn,SD Heazlett,BAD Manenti,0,0,"",""
ball,1,3.3,Brisbane Heat,CA Lynn,SD Heazlett,BAD Manenti,4,0,"",""
ball,1,3.4,Brisbane Heat,CA Lynn,SD Heazlett,BAD Manenti,6,0,"",""
ball,1,3.5,Brisbane Heat,CA Lynn,SD Heazlett,BAD Manenti,2,0,"",""
ball,1,3.6,Brisbane Heat,CA Lynn,SD Heazlett,BAD Manenti,1,0,"",""
ball,1,4.1,Brisbane Heat,CA Lynn,SD Heazlett,TK Curran,0,0,"",""
ball,1,4.2,Brisbane Heat,CA Lynn,SD Heazlett,TK Curran,4,0,"",""
ball,1,4.3,Brisbane Heat,CA Lynn,SD Heazlett,TK Curran,2,0,"",""
ball,1,4.4,Brisbane Heat,CA Lynn,SD Heazlett,TK Curran,0,0,"",""
ball,1,4.5,Brisbane Heat,CA Lynn,SD Heazlett,TK Curran,6,0,"",""
ball,1,4.6,Brisbane Heat,CA Lynn,SD Heazlett,TK Curran,6,0,"",""
ball,1,5.1,Brisbane Heat,SD Heazlett,CA Lynn,SA Abbott,1,0,"",""
ball,1,5.2,Brisbane Heat,CA Lynn,SD Heazlett,SA Abbott,6,0,"",""
ball,1,5.3,Brisbane Heat,CA Lynn,SD Heazlett,SA Abbott,0,1,"",""
ball,1,5.4,Brisbane Heat,SD Heazlett,CA Lynn,SA Abbott,2,0,"",""
ball,1,5.5,Brisbane Heat,SD Heazlett,CA Lynn,SA Abbott,0,1,"",""
ball,1,5.6,Brisbane Heat,CA Lynn,SD Heazlett,SA Abbott,4,0,"",""
ball,1,6.1,Brisbane Heat,SD Heazlett,CA Lynn,L Pope,0,1,"",""
ball,1,6.2,Brisbane Heat,CA Lynn,SD Heazlett,L Pope,0,0,"",""
ball,1,6.3,Brisbane Heat,CA Lynn,SD Heazlett,L Pope,6,0,"",""
ball,1,6.4,Brisbane Heat,CA Lynn,SD Heazlett,L Pope,1,0,"",""
ball,1,6.5,Brisbane Heat,SD Heazlett,CA Lynn,L Pope,1,0,"",""
ball,1,6.6,Brisbane Heat,CA Lynn,SD Heazlett,L Pope,6,0,"",""
ball,1,7.1,Brisbane Heat,SD Heazlett,CA Lynn,BAD Manenti,2,0,"",""
ball,1,7.2,Brisbane Heat,SD Heazlett,CA Lynn,BAD Manenti,0,0,stumped,SD Heazlett
ball,1,7.3,Brisbane Heat,MT Renshaw,CA Lynn,BAD Manenti,0,0,"",""
ball,1,7.4,Brisbane Heat,MT Renshaw,CA Lynn,BAD Manenti,0,0,"",""
ball,1,7.5,Brisbane Heat,MT Renshaw,CA Lynn,BAD Manenti,1,0,"",""
ball,1,7.6,Brisbane Heat,CA Lynn,MT Renshaw,BAD Manenti,1,0,"",""
ball,1,8.1,Brisbane Heat,CA Lynn,MT Renshaw,L Pope,0,0,"",""
ball,1,8.2,Brisbane Heat,CA Lynn,MT Renshaw,L Pope,0,0,"",""
ball,1,8.3,Brisbane Heat,CA Lynn,MT Renshaw,L Pope,1,0,"",""
ball,1,8.4,Brisbane Heat,MT Renshaw,CA Lynn,L Pope,0,0,"",""
ball,1,8.5,Brisbane Heat,MT Renshaw,CA Lynn,L Pope,1,0,"",""
ball,1,8.6,Brisbane Heat,CA Lynn,MT Renshaw,L Pope,6,0,"",""
ball,1,9.1,Brisbane Heat,MT Renshaw,CA Lynn,BAD Manenti,1,0,"",""
ball,1,9.2,Brisbane Heat,CA Lynn,MT Renshaw,BAD Manenti,6,0,"",""
ball,1,9.3,Brisbane Heat,CA Lynn,MT Renshaw,BAD Manenti,6,0,"",""
ball,1,9.4,Brisbane Heat,CA Lynn,MT Renshaw,BAD Manenti,0,0,caught,CA Lynn
ball,1,9.5,Brisbane Heat,MT Renshaw,JJ Peirson,BAD Manenti,1,0,"",""
ball,1,9.6,Brisbane Heat,JJ Peirson,MT Renshaw,BAD Manenti,1,0,"",""
ball,1,10.1,Brisbane Heat,JJ Peirson,MT Renshaw,L Pope,0,1,"",""
ball,1,10.2,Brisbane Heat,JJ Peirson,MT Renshaw,L Pope,1,0,"",""
ball,1,10.3,Brisbane Heat,MT Renshaw,JJ Peirson,L Pope,1,0,"",""
ball,1,10.4,Brisbane Heat,JJ Peirson,MT Renshaw,L Pope,1,0,"",""
ball,1,10.5,Brisbane Heat,MT Renshaw,JJ Peirson,L Pope,2,0,"",""
ball,1,10.6,Brisbane Heat,MT Renshaw,JJ Peirson,L Pope,1,0,"",""
ball,1,10.7,Brisbane Heat,JJ Peirson,MT Renshaw,L Pope,1,0,"",""
ball,1,11.1,Brisbane Heat,JJ Peirson,MT Renshaw,BAD Manenti,1,0,"",""
ball,1,11.2,Brisbane Heat,MT Renshaw,JJ Peirson,BAD Manenti,1,0,"",""
ball,1,11.3,Brisbane Heat,JJ Peirson,MT Renshaw,BAD Manenti,1,0,"",""
ball,1,11.4,Brisbane Heat,MT Renshaw,JJ Peirson,BAD Manenti,1,0,"",""
ball,1,11.5,Brisbane Heat,JJ Peirson,MT Renshaw,BAD Manenti,1,0,"",""
ball,1,11.6,Brisbane Heat,MT Renshaw,JJ Peirson,BAD Manenti,1,0,"",""
ball,1,12.1,Brisbane Heat,MT Renshaw,JJ Peirson,TK Curran,1,0,"",""
ball,1,12.2,Brisbane Heat,JJ Peirson,MT Renshaw,TK Curran,0,0,"",""
ball,1,12.3,Brisbane Heat,JJ Peirson,MT Renshaw,TK Curran,0,0,"",""
ball,1,12.4,Brisbane Heat,JJ Peirson,MT Renshaw,TK Curran,1,0,"",""
ball,1,12.5,Brisbane Heat,MT Renshaw,JJ Peirson,TK Curran,1,0,"",""
ball,1,12.6,Brisbane Heat,JJ Peirson,MT Renshaw,TK Curran,1,0,"",""
ball,1,13.1,Brisbane Heat,JJ Peirson,MT Renshaw,SA Abbott,0,0,"",""
ball,1,13.2,Brisbane Heat,JJ Peirson,MT Renshaw,SA Abbott,1,0,"",""
ball,1,13.3,Brisbane Heat,MT Renshaw,JJ Peirson,SA Abbott,6,0,"",""
ball,1,13.4,Brisbane Heat,MT Renshaw,JJ Peirson,SA Abbott,1,0,"",""
ball,1,13.5,Brisbane Heat,JJ Peirson,MT Renshaw,SA Abbott,4,0,"",""
ball,1,13.6,Brisbane Heat,JJ Peirson,MT Renshaw,SA Abbott,0,0,"",""
ball,1,14.1,Brisbane Heat,MT Renshaw,JJ Peirson,L Pope,1,0,"",""
ball,1,14.2,Brisbane Heat,JJ Peirson,MT Renshaw,L Pope,1,0,"",""
ball,1,14.3,Brisbane Heat,MT Renshaw,JJ Peirson,L Pope,0,0,"",""
ball,1,14.4,Brisbane Heat,MT Renshaw,JJ Peirson,L Pope,0,0,"",""
ball,1,14.5,Brisbane Heat,MT Renshaw,JJ Peirson,L Pope,0,1,"",""
ball,1,14.6,Brisbane Heat,JJ Peirson,MT Renshaw,L Pope,1,0,"",""
ball,1,15.1,Brisbane Heat,JJ Peirson,MT Renshaw,TK Curran,2,0,"",""
ball,1,15.2,Brisbane Heat,JJ Peirson,MT Renshaw,TK Curran,2,0,"",""
ball,1,15.3,Brisbane Heat,JJ Peirson,MT Renshaw,TK Curran,0,1,"",""
ball,1,15.4,Brisbane Heat,MT Renshaw,JJ Peirson,TK Curran,6,0,"",""
ball,1,15.5,Brisbane Heat,MT Renshaw,JJ Peirson,TK Curran,2,0,"",""
ball,1,15.6,Brisbane Heat,MT Renshaw,JJ Peirson,TK Curran,0,0,"",""
ball,1,16.1,Brisbane Heat,JJ Peirson,MT Renshaw,BJ Dwarshuis,1,0,"",""
ball,1,16.2,Brisbane Heat,MT Renshaw,JJ Peirson,BJ Dwarshuis,0,0,"",""
ball,1,16.3,Brisbane Heat,MT Renshaw,JJ Peirson,BJ Dwarshuis,0,1,"",""
ball,1,16.4,Brisbane Heat,JJ Peirson,MT Renshaw,BJ Dwarshuis,0,0,"",""
ball,1,16.5,Brisbane Heat,JJ Peirson,MT Renshaw,BJ Dwarshuis,4,0,"",""
ball,1,16.6,Brisbane Heat,JJ Peirson,MT Renshaw,BJ Dwarshuis,0,0,"",""
ball,1,17.1,Brisbane Heat,MT Renshaw,JJ Peirson,SA Abbott,1,0,"",""
ball,1,17.2,Brisbane Heat,JJ Peirson,MT Renshaw,SA Abbott,0,0,caught,JJ Peirson
ball,1,17.3,Brisbane Heat,MT Renshaw,BCJ Cutting,SA Abbott,1,0,"",""
ball,1,17.4,Brisbane Heat,BCJ Cutting,MT Renshaw,SA Abbott,1,0,"",""
ball,1,17.5,Brisbane Heat,MT Renshaw,BCJ Cutting,SA Abbott,2,0,"",""
ball,1,17.6,Brisbane Heat,MT Renshaw,BCJ Cutting,SA Abbott,4,0,"",""
ball,1,18.1,Brisbane Heat,BCJ Cutting,MT Renshaw,BJ Dwarshuis,6,0,"",""
ball,1,18.2,Brisbane Heat,BCJ Cutting,MT Renshaw,BJ Dwarshuis,1,0,"",""
ball,1,18.3,Brisbane Heat,MT Renshaw,BCJ Cutting,BJ Dwarshuis,1,0,"",""
ball,1,18.4,Brisbane Heat,BCJ Cutting,MT Renshaw,BJ Dwarshuis,1,0,"",""
ball,1,18.5,Brisbane Heat,MT Renshaw,BCJ Cutting,BJ Dwarshuis,4,0,"",""
ball,1,18.6,Brisbane Heat,MT Renshaw,BCJ Cutting,BJ Dwarshuis,1,0,"",""
ball,1,19.1,Brisbane Heat,MT Renshaw,BCJ Cutting,TK Curran,2,0,"",""
ball,1,19.2,Brisbane Heat,MT Renshaw,BCJ Cutting,TK Curran,4,0,"",""
ball,1,19.3,Brisbane Heat,MT Renshaw,BCJ Cutting,TK Curran,4,0,"",""
ball,1,19.4,Brisbane Heat,MT Renshaw,BCJ Cutting,TK Curran,0,1,"",""
ball,1,19.5,Brisbane Heat,MT Renshaw,BCJ Cutting,TK Curran,0,0,"",""
ball,1,19.6,Brisbane Heat,MT Renshaw,BCJ Cutting,TK Curran,6,0,"",""
ball,1,19.7,Brisbane Heat,MT Renshaw,BCJ Cutting,TK Curran,1,0,"",""
ball,2,0.1,Sydney Sixers,DP Hughes,JR Philippe,JK Lalor,4,0,"",""
ball,2,0.2,Sydney Sixers,DP Hughes,JR Philippe,JK Lalor,1,0,"",""
ball,2,0.3,Sydney Sixers,JR Philippe,DP Hughes,JK Lalor,0,0,"",""
ball,2,0.4,Sydney Sixers,JR Philippe,DP Hughes,JK Lalor,0,0,"",""
ball,2,0.5,Sydney Sixers,JR Philippe,DP Hughes,JK Lalor,1,0,"",""
ball,2,0.6,Sydney Sixers,DP Hughes,JR Philippe,JK Lalor,1,0,"",""
ball,2,1.1,Sydney Sixers,DP Hughes,JR Philippe,MT Renshaw,2,0,"",""
ball,2,1.2,Sydney Sixers,DP Hughes,JR Philippe,MT Renshaw,0,0,bowled,DP Hughes
ball,2,1.3,Sydney Sixers,JM Vince,JR Philippe,MT Renshaw,0,0,"",""
ball,2,1.4,Sydney Sixers,JM Vince,JR Philippe,MT Renshaw,0,0,"",""
ball,2,1.5,Sydney Sixers,JM Vince,JR Philippe,MT Renshaw,1,0,"",""
ball,2,1.6,Sydney Sixers,JR Philippe,JM Vince,MT Renshaw,1,0,"",""
ball,2,2.1,Sydney Sixers,JR Philippe,JM Vince,Zahir Khan,1,0,"",""
ball,2,2.2,Sydney Sixers,JM Vince,JR Philippe,Zahir Khan,1,0,"",""
ball,2,2.3,Sydney Sixers,JR Philippe,JM Vince,Zahir Khan,0,0,"",""
ball,2,2.4,Sydney Sixers,JR Philippe,JM Vince,Zahir Khan,0,0,"",""
ball,2,2.5,Sydney Sixers,JR Philippe,JM Vince,Zahir Khan,0,0,"",""
ball,2,2.6,Sydney Sixers,JR Philippe,JM Vince,Zahir Khan,0,0,"",""
ball,2,3.1,Sydney Sixers,JM Vince,JR Philippe,MT Renshaw,0,0,"",""
ball,2,3.2,Sydney Sixers,JM Vince,JR Philippe,MT Renshaw,4,0,"",""
ball,2,3.3,Sydney Sixers,JM Vince,JR Philippe,MT Renshaw,6,0,"",""
ball,2,3.4,Sydney Sixers,JM Vince,JR Philippe,MT Renshaw,1,0,"",""
ball,2,3.5,Sydney Sixers,JR Philippe,JM Vince,MT Renshaw,0,0,"",""
ball,2,3.6,Sydney Sixers,JR Philippe,JM Vince,MT Renshaw,0,0,"",""
ball,2,4.1,Sydney Sixers,JM Vince,JR Philippe,Zahir Khan,1,0,"",""
ball,2,4.2,Sydney Sixers,JR Philippe,JM Vince,Zahir Khan,4,0,"",""
ball,2,4.3,Sydney Sixers,JR Philippe,JM Vince,Zahir Khan,0,0,"",""
ball,2,4.4,Sydney Sixers,JR Philippe,JM Vince,Zahir Khan,2,0,"",""
ball,2,4.5,Sydney Sixers,JR Philippe,JM Vince,Zahir Khan,0,0,"",""
ball,2,4.6,Sydney Sixers,JR Philippe,JM Vince,Zahir Khan,2,0,"",""
ball,2,5.1,Sydney Sixers,JM Vince,JR Philippe,JK Lalor,2,0,"",""
ball,2,5.2,Sydney Sixers,JM Vince,JR Philippe,JK Lalor,4,0,"",""
ball,2,5.3,Sydney Sixers,JM Vince,JR Philippe,JK Lalor,0,0,"",""
ball,2,5.4,Sydney Sixers,JM Vince,JR Philippe,JK Lalor,2,0,"",""
ball,2,5.5,Sydney Sixers,JM Vince,JR Philippe,JK Lalor,1,0,"",""
ball,2,5.6,Sydney Sixers,JR Philippe,JM Vince,JK Lalor,0,0,"",""
ball,2,6.1,Sydney Sixers,JM Vince,JR Philippe,B Laughlin,1,0,"",""
ball,2,6.2,Sydney Sixers,JR Philippe,JM Vince,B Laughlin,1,0,"",""
ball,2,6.3,Sydney Sixers,JM Vince,JR Philippe,B Laughlin,1,0,"",""
ball,2,6.4,Sydney Sixers,JR Philippe,JM Vince,B Laughlin,1,0,"",""
ball,2,6.5,Sydney Sixers,JM Vince,JR Philippe,B Laughlin,1,0,"",""
ball,2,6.6,Sydney Sixers,JR Philippe,JM Vince,B Laughlin,0,0,"",""
ball,2,7.1,Sydney Sixers,JM Vince,JR Philippe,MJ Swepson,2,0,"",""
ball,2,7.2,Sydney Sixers,JM Vince,JR Philippe,MJ Swepson,0,0,"",""
ball,2,7.3,Sydney Sixers,JM Vince,JR Philippe,MJ Swepson,1,0,"",""
ball,2,7.4,Sydney Sixers,JR Philippe,JM Vince,MJ Swepson,1,0,"",""
ball,2,7.5,Sydney Sixers,JM Vince,JR Philippe,MJ Swepson,4,0,"",""
ball,2,7.6,Sydney Sixers,JM Vince,JR Philippe,MJ Swepson,1,0,"",""
ball,2,8.1,Sydney Sixers,JM Vince,JR Philippe,Zahir Khan,2,0,"",""
ball,2,8.2,Sydney Sixers,JM Vince,JR Philippe,Zahir Khan,1,0,"",""
ball,2,8.3,Sydney Sixers,JR Philippe,JM Vince,Zahir Khan,1,0,"",""
ball,2,8.4,Sydney Sixers,JM Vince,JR Philippe,Zahir Khan,1,0,"",""
ball,2,8.5,Sydney Sixers,JR Philippe,JM Vince,Zahir Khan,0,0,stumped,JR Philippe
ball,2,8.6,Sydney Sixers,MC Henriques,JM Vince,Zahir Khan,1,0,"",""
ball,2,9.1,Sydney Sixers,MC Henriques,JM Vince,MJ Swepson,1,0,"",""
ball,2,9.2,Sydney Sixers,JM Vince,MC Henriques,MJ Swepson,1,0,"",""
ball,2,9.3,Sydney Sixers,MC Henriques,JM Vince,MJ Swepson,0,0,"",""
ball,2,9.4,Sydney Sixers,MC Henriques,JM Vince,MJ Swepson,1,0,"",""
ball,2,9.5,Sydney Sixers,JM Vince,MC Henriques,MJ Swepson,0,0,caught,JM Vince
ball,2,9.6,Sydney Sixers,MC Henriques,JC Silk,MJ Swepson,1,0,"",""
ball,2,10.1,Sydney Sixers,MC Henriques,JC Silk,BCJ Cutting,1,0,"",""
ball,2,10.2,Sydney Sixers,JC Silk,MC Henriques,BCJ Cutting,1,0,"",""
ball,2,10.3,Sydney Sixers,MC Henriques,JC Silk,BCJ Cutting,0,0,"",""
ball,2,10.4,Sydney Sixers,MC Henriques,JC Silk,BCJ Cutting,6,0,"",""
ball,2,10.5,Sydney Sixers,MC Henriques,JC Silk,BCJ Cutting,1,0,"",""
ball,2,10.6,Sydney Sixers,JC Silk,MC Henriques,BCJ Cutting,0,1,"",""
ball,2,10.7,Sydney Sixers,JC Silk,MC Henriques,BCJ Cutting,1,0,"",""
ball,2,11.1,Sydney Sixers,JC Silk,MC Henriques,MJ Swepson,1,0,"",""
ball,2,11.2,Sydney Sixers,MC Henriques,JC Silk,MJ Swepson,2,0,"",""
ball,2,11.3,Sydney Sixers,MC Henriques,JC Silk,MJ Swepson,1,0,"",""
ball,2,11.4,Sydney Sixers,JC Silk,MC Henriques,MJ Swepson,0,0,"",""
ball,2,11.5,Sydney Sixers,JC Silk,MC Henriques,MJ Swepson,1,0,"",""
ball,2,11.6,Sydney Sixers,MC Henriques,JC Silk,MJ Swepson,1,0,"",""
ball,2,12.1,Sydney Sixers,MC Henriques,JC Silk,B Laughlin,4,0,"",""
ball,2,12.2,Sydney Sixers,MC Henriques,JC Silk,B Laughlin,0,0,caught,MC Henriques
ball,2,12.3,Sydney Sixers,JC Silk,TK Curran,B Laughlin,1,0,"",""
ball,2,12.4,Sydney Sixers,TK Curran,JC Silk,B Laughlin,0,1,"",""
ball,2,12.5,Sydney Sixers,TK Curran,JC Silk,B Laughlin,1,0,"",""
ball,2,12.6,Sydney Sixers,JC Silk,TK Curran,B Laughlin,1,0,"",""
ball,2,12.7,Sydney Sixers,TK Curran,JC Silk,B Laughlin,1,0,"",""
ball,2,13.1,Sydney Sixers,TK Curran,JC Silk,MJ Swepson,4,0,"",""
ball,2,13.2,Sydney Sixers,TK Curran,JC Silk,MJ Swepson,0,0,"",""
ball,2,13.3,Sydney Sixers,TK Curran,JC Silk,MJ Swepson,2,0,"",""
ball,2,13.4,Sydney Sixers,TK Curran,JC Silk,MJ Swepson,1,0,"",""
ball,2,13.5,Sydney Sixers,JC Silk,TK Curran,MJ Swepson,1,0,"",""
ball,2,13.6,Sydney Sixers,TK Curran,JC Silk,MJ Swepson,0,0,caught,TK Curran
ball,2,14.1,Sydney Sixers,JC Silk,H Kerr,Zahir Khan,4,0,"",""
ball,2,14.2,Sydney Sixers,JC Silk,H Kerr,Zahir Khan,1,0,"",""
ball,2,14.3,Sydney Sixers,H Kerr,JC Silk,Zahir Khan,1,0,"",""
ball,2,14.4,Sydney Sixers,JC Silk,H Kerr,Zahir Khan,0,0,"",""
ball,2,14.5,Sydney Sixers,JC Silk,H Kerr,Zahir Khan,1,0,"",""
ball,2,14.6,Sydney Sixers,H Kerr,JC Silk,Zahir Khan,0,0,"",""
ball,2,15.1,Sydney Sixers,JC Silk,H Kerr,JA Prestwidge,0,0,"",""
ball,2,15.2,Sydney Sixers,JC Silk,H Kerr,JA Prestwidge,0,1,"",""
ball,2,15.3,Sydney Sixers,JC Silk,H Kerr,JA Prestwidge,1,0,"",""
ball,2,15.4,Sydney Sixers,H Kerr,JC Silk,JA Prestwidge,1,0,"",""
ball,2,15.5,Sydney Sixers,JC Silk,H Kerr,JA Prestwidge,0,0,caught,JC Silk
ball,2,15.6,Sydney Sixers,H Kerr,SA Abbott,JA Prestwidge,1,0,"",""
ball,2,15.7,Sydney Sixers,SA Abbott,H Kerr,JA Prestwidge,1,1,"",""
ball,2,15.8,Sydney Sixers,H Kerr,SA Abbott,JA Prestwidge,0,0,"",""
ball,2,16.1,Sydney Sixers,SA Abbott,H Kerr,JK Lalor,1,0,"",""
ball,2,16.2,Sydney Sixers,H Kerr,SA Abbott,JK Lalor,1,0,"",""
ball,2,16.3,Sydney Sixers,SA Abbott,H Kerr,JK Lalor,4,0,"",""
ball,2,16.4,Sydney Sixers,SA Abbott,H Kerr,JK Lalor,1,0,"",""
ball,2,16.5,Sydney Sixers,H Kerr,SA Abbott,JK Lalor,1,0,"",""
ball,2,16.6,Sydney Sixers,SA Abbott,H Kerr,JK Lalor,2,0,"",""
ball,2,17.1,Sydney Sixers,H Kerr,SA Abbott,B Laughlin,2,0,"",""
ball,2,17.2,Sydney Sixers,H Kerr,SA Abbott,B Laughlin,1,0,"",""
ball,2,17.3,Sydney Sixers,SA Abbott,H Kerr,B Laughlin,4,0,"",""
ball,2,17.4,Sydney Sixers,SA Abbott,H Kerr,B Laughlin,1,0,"",""
ball,2,17.5,Sydney Sixers,H Kerr,SA Abbott,B Laughlin,0,1,"",""
ball,2,17.6,Sydney Sixers,H Kerr,SA Abbott,B Laughlin,6,0,"",""
ball,2,17.7,Sydney Sixers,H Kerr,SA Abbott,B Laughlin,1,0,"",""
ball,2,18.1,Sydney Sixers,H Kerr,SA Abbott,JK Lalor,0,0,caught,H Kerr
ball,2,18.2,Sydney Sixers,BJ Dwarshuis,SA Abbott,JK Lalor,0,1,"",""
ball,2,18.3,Sydney Sixers,SA Abbott,BJ Dwarshuis,JK Lalor,6,0,"",""
ball,2,18.4,Sydney Sixers,SA Abbott,BJ Dwarshuis,JK Lalor,1,0,"",""
ball,2,18.5,Sydney Sixers,BJ Dwarshuis,SA Abbott,JK Lalor,1,0,"",""
ball,2,18.6,Sydney Sixers,SA Abbott,BJ Dwarshuis,JK Lalor,0,1,"",""
ball,2,18.7,Sydney Sixers,SA Abbott,BJ Dwarshuis,JK Lalor,0,0,"",""
ball,2,19.1,Sydney Sixers,BJ Dwarshuis,SA Abbott,BCJ Cutting,2,0,"",""
ball,2,19.2,Sydney Sixers,BJ Dwarshuis,SA Abbott,BCJ Cutting,0,0,"",""
ball,2,19.3,Sydney Sixers,BJ Dwarshuis,SA Abbott,BCJ Cutting,1,0,"",""
ball,2,19.4,Sydney Sixers,SA Abbott,BJ Dwarshuis,BCJ Cutting,1,0,"",""
ball,2,19.5,Sydney Sixers,BJ Dwarshuis,SA Abbott,BCJ Cutting,6,0,"",""
ball,2,19.6,Sydney Sixers,BJ Dwarshuis,SA Abbott,BCJ Cutting,2,0,"",""
