version,1.3.0
info,team,Adelaide Strikers
info,team,Perth Scorchers
info,gender,male
info,season,2019/20
info,date,2019/12/23
info,competition,Big Bash League
info,match_number,10
info,venue,Adelaide Oval
info,city,Adelaide
info,toss_winner,Perth Scorchers
info,toss_decision,field
info,player_of_match,J Weatherald
info,umpire,GC Joshua
info,umpire,AK Wilds
info,reserve_umpire,C Thomas
info,match_referee,DJ Harper
info,winner,Adelaide Strikers
info,winner_runs,15
info,method,D/L
ball,1,0.1,Adelaide Strikers,J Weatherald,PD Salt,JA Richardson,1,0,"",""
ball,1,0.2,Adelaide Strikers,PD Salt,J Weatherald,JA Richardson,0,0,"",""
ball,1,0.3,Adelaide Strikers,PD Salt,J Weatherald,JA Richardson,2,0,"",""
ball,1,0.4,Adelaide Strikers,PD Salt,J Weatherald,JA Richardson,0,0,caught,PD Salt
ball,1,0.5,Adelaide Strikers,J Weatherald,MW Short,JA Richardson,0,0,"",""
ball,1,0.6,Adelaide Strikers,J Weatherald,MW Short,JA Richardson,0,1,"",""
ball,1,0.7,Adelaide Strikers,J Weatherald,MW Short,JA Richardson,0,0,"",""
ball,1,1.1,Adelaide Strikers,MW Short,J Weatherald,JS Paris,0,0,"",""
ball,1,1.2,Adelaide Strikers,MW Short,J Weatherald,JS Paris,0,0,"",""
ball,1,1.3,Adelaide Strikers,MW Short,J Weatherald,JS Paris,1,0,"",""
ball,1,1.4,Adelaide Strikers,J Weatherald,MW Short,JS Paris,0,0,"",""
ball,1,1.5,Adelaide Strikers,J Weatherald,MW Short,JS Paris,0,0,"",""
ball,1,1.6,Adelaide Strikers,J Weatherald,MW Short,JS Paris,0,0,"",""
ball,1,2.1,Adelaide Strikers,MW Short,J Weatherald,JA Richardson,1,0,"",""
ball,1,2.2,Adelaide Strikers,J Weatherald,MW Short,JA Richardson,0,1,"",""
ball,1,2.3,Adelaide Strikers,J Weatherald,MW Short,JA Richardson,4,0,"",""
ball,1,2.4,Adelaide Strikers,J Weatherald,MW Short,JA Richardson,4,0,"",""
ball,1,2.5,Adelaide Strikers,J Weatherald,MW Short,JA Richardson,0,0,"",""
ball,1,2.6,Adelaide Strikers,J Weatherald,MW Short,JA Richardson,1,0,"",""
ball,1,2.7,Adelaide Strikers,MW Short,J Weatherald,JA Richardson,0,0,"",""
ball,1,3.1,Adelaide Strikers,J Weatherald,MW Short,JS Paris,2,0,"",""
ball,1,3.2,Adelaide Strikers,J Weatherald,MW Short,JS Paris,4,0,"",""
ball,1,3.3,Adelaide Strikers,J Weatherald,MW Short,JS Paris,6,0,"",""
ball,1,3.4,Adelaide Strikers,J Weatherald,MW Short,JS Paris,0,0,"",""
ball,1,3.5,Adelaide Strikers,J Weatherald,MW Short,JS Paris,4,0,"",""
ball,1,3.6,Adelaide Strikers,J Weatherald,MW Short,JS Paris,4,0,"",""
ball,1,4.1,Adelaide Strikers,MW Short,J Weatherald,MR Marsh,4,0,"",""
ball,1,4.2,Adelaide Strikers,MW Short,J Weatherald,MR Marsh,1,0,"",""
ball,1,4.3,Adelaide Strikers,J Weatherald,MW Short,MR Marsh,1,0,"",""
ball,1,4.4,Adelaide Strikers,MW Short,J Weatherald,MR Marsh,4,0,"",""
ball,1,4.5,Adelaide Strikers,MW Short,J Weatherald,MR Marsh,4,0,"",""
ball,1,4.6,Adelaide Strikers,MW Short,J Weatherald,MR Marsh,1,0,"",""
ball,1,5.1,Adelaide Strikers,MW Short,J Weatherald,Fawad Ahmed,2,0,"",""
ball,1,5.2,Adelaide Strikers,MW Short,J Weatherald,Fawad Ahmed,1,0,"",""
ball,1,5.3,Adelaide Strikers,J Weatherald,MW Short,Fawad Ahmed,0,0,"",""
ball,1,5.4,Adelaide Strikers,J Weatherald,MW Short,Fawad Ahmed,1,0,"",""
ball,1,5.5,Adelaide Strikers,MW Short,J Weatherald,Fawad Ahmed,1,0,"",""
ball,1,5.6,Adelaide Strikers,J Weatherald,MW Short,Fawad Ahmed,1,0,"",""
ball,1,6.1,Adelaide Strikers,J Weatherald,MW Short,CJ Jordan,2,0,"",""
ball,1,6.2,Adelaide Strikers,J Weatherald,MW Short,CJ Jordan,0,0,"",""
ball,1,6.3,Adelaide Strikers,J Weatherald,MW Short,CJ Jordan,1,0,"",""
ball,1,6.4,Adelaide Strikers,MW Short,J Weatherald,CJ Jordan,0,1,"",""
ball,1,6.5,Adelaide Strikers,J Weatherald,MW Short,CJ Jordan,1,0,"",""
ball,1,6.6,Adelaide Strikers,MW Short,J Weatherald,CJ Jordan,1,0,"",""
ball,1,7.1,Adelaide Strikers,MW Short,J Weatherald,Fawad Ahmed,6,0,"",""
ball,1,7.2,Adelaide Strikers,MW Short,J Weatherald,Fawad Ahmed,0,0,"",""
ball,1,7.3,Adelaide Strikers,MW Short,J Weatherald,Fawad Ahmed,1,0,"",""
ball,1,7.4,Adelaide Strikers,J Weatherald,MW Short,Fawad Ahmed,4,0,"",""
ball,1,7.5,Adelaide Strikers,J Weatherald,MW Short,Fawad Ahmed,1,0,"",""
ball,1,7.6,Adelaide Strikers,MW Short,J Weatherald,Fawad Ahmed,1,0,"",""
ball,1,8.1,Adelaide Strikers,MW Short,J Weatherald,CJ Jordan,4,0,"",""
ball,1,8.2,Adelaide Strikers,MW Short,J Weatherald,CJ Jordan,1,0,"",""
ball,1,8.3,Adelaide Strikers,J Weatherald,MW Short,CJ Jordan,4,0,"",""
ball,1,8.4,Adelaide Strikers,J Weatherald,MW Short,CJ Jordan,0,0,"",""
ball,1,8.5,Adelaide Strikers,J Weatherald,MW Short,CJ Jordan,2,0,"",""
ball,1,8.6,Adelaide Strikers,J Weatherald,MW Short,CJ Jordan,1,0,"",""
ball,1,9.1,Adelaide Strikers,J Weatherald,MW Short,Fawad Ahmed,0,0,"",""
ball,1,9.2,Adelaide Strikers,J Weatherald,MW Short,Fawad Ahmed,1,0,"",""
ball,1,9.3,Adelaide Strikers,MW Short,J Weatherald,Fawad Ahmed,0,0,caught,MW Short
ball,1,9.4,Adelaide Strikers,J Weatherald,AT Carey,Fawad Ahmed,1,0,"",""
ball,1,9.5,Adelaide Strikers,AT Carey,J Weatherald,Fawad Ahmed,0,0,"",""
ball,1,9.6,Adelaide Strikers,AT Carey,J Weatherald,Fawad Ahmed,1,0,"",""
ball,1,10.1,Adelaide Strikers,AT Carey,J Weatherald,AC Agar,1,0,"",""
ball,1,10.2,Adelaide Strikers,J Weatherald,AT Carey,AC Agar,2,0,"",""
ball,1,10.3,Adelaide Strikers,J Weatherald,AT Carey,AC Agar,1,0,"",""
ball,1,10.4,Adelaide Strikers,AT Carey,J Weatherald,AC Agar,6,0,"",""
ball,1,10.5,Adelaide Strikers,AT Carey,J Weatherald,AC Agar,0,0,"",""
ball,1,10.6,Adelaide Strikers,AT Carey,J Weatherald,AC Agar,6,0,"",""
ball,1,11.1,Adelaide Strikers,J Weatherald,AT Carey,Fawad Ahmed,6,0,"",""
ball,1,11.2,Adelaide Strikers,J Weatherald,AT Carey,Fawad Ahmed,4,0,"",""
ball,1,11.3,Adelaide Strikers,J Weatherald,AT Carey,Fawad Ahmed,1,0,"",""
ball,1,11.4,Adelaide Strikers,AT Carey,J Weatherald,Fawad Ahmed,4,0,"",""
ball,1,11.5,Adelaide Strikers,AT Carey,J Weatherald,Fawad Ahmed,1,0,"",""
ball,1,11.6,Adelaide Strikers,J Weatherald,AT Carey,Fawad Ahmed,0,0,"",""
ball,1,12.1,Adelaide Strikers,AT Carey,J Weatherald,MR Marsh,0,0,"",""
ball,1,12.2,Adelaide Strikers,AT Carey,J Weatherald,MR Marsh,4,0,"",""
ball,1,12.3,Adelaide Strikers,AT Carey,J Weatherald,MR Marsh,1,0,"",""
ball,1,12.4,Adelaide Strikers,J Weatherald,AT Carey,MR Marsh,4,0,"",""
ball,1,12.5,Adelaide Strikers,J Weatherald,AT Carey,MR Marsh,4,0,"",""
ball,1,12.6,Adelaide Strikers,J Weatherald,AT Carey,MR Marsh,2,0,"",""
ball,1,13.1,Adelaide Strikers,AT Carey,J Weatherald,JS Paris,4,0,"",""
ball,1,13.2,Adelaide Strikers,AT Carey,J Weatherald,JS Paris,0,1,"",""
ball,1,13.3,Adelaide Strikers,AT Carey,J Weatherald,JS Paris,1,0,"",""
ball,1,13.4,Adelaide Strikers,J Weatherald,AT Carey,JS Paris,0,0,"",""
ball,1,13.5,Adelaide Strikers,J Weatherald,AT Carey,JS Paris,1,0,"",""
ball,1,13.6,Adelaide Strikers,AT Carey,J Weatherald,JS Paris,4,0,"",""
ball,1,13.7,Adelaide Strikers,AT Carey,J Weatherald,JS Paris,4,0,"",""
ball,1,14.1,Adelaide Strikers,J Weatherald,AT Carey,CJ Jordan,0,0,"",""
ball,1,14.2,Adelaide Strikers,J Weatherald,AT Carey,CJ Jordan,6,0,"",""
ball,1,14.3,Adelaide Strikers,J Weatherald,AT Carey,CJ Jordan,1,0,run out,J Weatherald
ball,1,14.4,Adelaide Strikers,JW Wells,AT Carey,CJ Jordan,4,0,"",""
ball,1,14.5,Adelaide Strikers,JW Wells,AT Carey,CJ Jordan,1,0,"",""
ball,1,14.6,Adelaide Strikers,AT Carey,JW Wells,CJ Jordan,4,0,"",""
ball,1,15.1,Adelaide Strikers,JW Wells,AT Carey,JA Richardson,1,0,"",""
ball,1,15.2,Adelaide Strikers,AT Carey,JW Wells,JA Richardson,2,0,"",""
ball,1,15.3,Adelaide Strikers,AT Carey,JW Wells,JA Richardson,1,0,"",""
ball,1,15.4,Adelaide Strikers,JW Wells,AT Carey,JA Richardson,4,0,"",""
ball,1,15.5,Adelaide Strikers,JW Wells,AT Carey,JA Richardson,1,0,"",""
ball,1,15.6,Adelaide Strikers,AT Carey,JW Wells,JA Richardson,1,0,"",""
ball,1,16.1,Adelaide Strikers,AT Carey,JW Wells,CJ Jordan,1,0,"",""
ball,1,16.2,Adelaide Strikers,JW Wells,AT Carey,CJ Jordan,1,0,"",""
ball,1,16.3,Adelaide Strikers,AT Carey,JW Wells,CJ Jordan,4,0,"",""
ball,1,16.4,Adelaide Strikers,AT Carey,JW Wells,CJ Jordan,4,0,"",""
ball,1,16.5,Adelaide Strikers,AT Carey,JW Wells,CJ Jordan,1,0,"",""
ball,1,16.6,Adelaide Strikers,JW Wells,AT Carey,CJ Jordan,4,0,"",""
ball,1,17.1,Adelaide Strikers,AT Carey,JW Wells,JA Richardson,0,0,caught,AT Carey
ball,1,17.2,Adelaide Strikers,JW Wells,CL White,JA Richardson,1,0,"",""
ball,1,17.3,Adelaide Strikers,CL White,JW Wells,JA Richardson,1,0,"",""
ball,1,17.4,Adelaide Strikers,JW Wells,CL White,JA Richardson,1,0,"",""
ball,1,17.5,Adelaide Strikers,CL White,JW Wells,JA Richardson,0,0,"",""
ball,1,17.6,Adelaide Strikers,CL White,JW Wells,JA Richardson,1,0,"",""
ball,2,0.1,Perth Scorchers,JP Inglis,LS Livingstone,HNA Conway,4,0,"",""
ball,2,0.2,Perth Scorchers,JP Inglis,LS Livingstone,HNA Conway,2,0,"",""
ball,2,0.3,Perth Scorchers,JP Inglis,LS Livingstone,HNA Conway,0,0,"",""
ball,2,0.4,Perth Scorchers,JP Inglis,LS Livingstone,HNA Conway,2,0,"",""
ball,2,0.5,Perth Scorchers,JP Inglis,LS Livingstone,HNA Conway,0,0,"",""
ball,2,0.6,Perth Scorchers,JP Inglis,LS Livingstone,HNA Conway,0,1,"",""
ball,2,0.7,Perth Scorchers,JP Inglis,LS Livingstone,HNA Conway,4,0,"",""
ball,2,1.1,Perth Scorchers,LS Livingstone,JP Inglis,B Stanlake,0,0,"",""
ball,2,1.2,Perth Scorchers,LS Livingstone,JP Inglis,B Stanlake,4,0,"",""
ball,2,1.3,Perth Scorchers,LS Livingstone,JP Inglis,B Stanlake,0,0,"",""
ball,2,1.4,Perth Scorchers,LS Livingstone,JP Inglis,B Stanlake,4,0,"",""
ball,2,1.5,Perth Scorchers,LS Livingstone,JP Inglis,B Stanlake,6,0,"",""
ball,2,1.6,Perth Scorchers,LS Livingstone,JP Inglis,B Stanlake,1,0,"",""
ball,2,2.1,Perth Scorchers,LS Livingstone,JP Inglis,WA Agar,0,0,"",""
ball,2,2.2,Perth Scorchers,LS Livingstone,JP Inglis,WA Agar,1,0,"",""
ball,2,2.3,Perth Scorchers,JP Inglis,LS Livingstone,WA Agar,0,1,"",""
ball,2,2.4,Perth Scorchers,JP Inglis,LS Livingstone,WA Agar,6,0,"",""
ball,2,2.5,Perth Scorchers,JP Inglis,LS Livingstone,WA Agar,2,0,"",""
ball,2,2.6,Perth Scorchers,JP Inglis,LS Livingstone,WA Agar,0,0,"",""
ball,2,2.7,Perth Scorchers,JP Inglis,LS Livingstone,WA Agar,1,0,"",""
ball,2,3.1,Perth Scorchers,JP Inglis,LS Livingstone,MW Short,1,0,"",""
ball,2,3.2,Perth Scorchers,LS Livingstone,JP Inglis,MW Short,4,0,"",""
ball,2,3.3,Perth Scorchers,LS Livingstone,JP Inglis,MW Short,0,0,"",""
ball,2,3.4,Perth Scorchers,LS Livingstone,JP Inglis,MW Short,1,0,"",""
ball,2,3.5,Perth Scorchers,JP Inglis,LS Livingstone,MW Short,4,0,"",""
ball,2,3.6,Perth Scorchers,JP Inglis,LS Livingstone,MW Short,1,0,"",""
ball,2,4.1,Perth Scorchers,JP Inglis,LS Livingstone,Rashid Khan,2,0,"",""
ball,2,4.2,Perth Scorchers,JP Inglis,LS Livingstone,Rashid Khan,4,0,"",""
ball,2,4.3,Perth Scorchers,JP Inglis,LS Livingstone,Rashid Khan,2,0,"",""
ball,2,4.4,Perth Scorchers,JP Inglis,LS Livingstone,Rashid Khan,0,0,"",""
ball,2,4.5,Perth Scorchers,JP Inglis,LS Livingstone,Rashid Khan,1,0,"",""
ball,2,4.6,Perth Scorchers,LS Livingstone,JP Inglis,Rashid Khan,6,0,"",""
ball,2,5.1,Perth Scorchers,JP Inglis,LS Livingstone,C Valente,0,1,"",""
ball,2,5.2,Perth Scorchers,LS Livingstone,JP Inglis,C Valente,1,0,"",""
ball,2,5.3,Perth Scorchers,JP Inglis,LS Livingstone,C Valente,1,0,"",""
ball,2,5.4,Perth Scorchers,LS Livingstone,JP Inglis,C Valente,0,0,"",""
ball,2,5.5,Perth Scorchers,LS Livingstone,JP Inglis,C Valente,2,0,"",""
ball,2,5.6,Perth Scorchers,LS Livingstone,JP Inglis,C Valente,6,0,"",""
ball,2,6.1,Perth Scorchers,JP Inglis,LS Livingstone,WA Agar,0,1,"",""
ball,2,6.2,Perth Scorchers,JP Inglis,LS Livingstone,WA Agar,0,1,"",""
ball,2,6.3,Perth Scorchers,LS Livingstone,JP Inglis,WA Agar,4,0,"",""
ball,2,6.4,Perth Scorchers,LS Livingstone,JP Inglis,WA Agar,4,0,"",""
ball,2,6.5,Perth Scorchers,LS Livingstone,JP Inglis,WA Agar,1,0,"",""
ball,2,6.6,Perth Scorchers,JP Inglis,LS Livingstone,WA Agar,1,0,"",""
ball,2,6.7,Perth Scorchers,LS Livingstone,JP Inglis,WA Agar,0,0,"",""
ball,2,7.1,Perth Scorchers,JP Inglis,LS Livingstone,B Stanlake,4,0,"",""
ball,2,7.2,Perth Scorchers,JP Inglis,LS Livingstone,B Stanlake,6,0,"",""
ball,2,7.3,Perth Scorchers,JP Inglis,LS Livingstone,B Stanlake,1,0,"",""
ball,2,7.4,Perth Scorchers,LS Livingstone,JP Inglis,B Stanlake,6,0,"",""
ball,2,7.5,Perth Scorchers,LS Livingstone,JP Inglis,B Stanlake,0,0,"",""
ball,2,7.6,Perth Scorchers,LS Livingstone,JP Inglis,B Stanlake,6,0,"",""
ball,2,8.1,Perth Scorchers,JP Inglis,LS Livingstone,Rashid Khan,1,0,"",""
ball,2,8.2,Perth Scorchers,LS Livingstone,JP Inglis,Rashid Khan,6,0,"",""
ball,2,8.3,Perth Scorchers,LS Livingstone,JP Inglis,Rashid Khan,6,0,"",""
ball,2,8.4,Perth Scorchers,LS Livingstone,JP Inglis,Rashid Khan,0,0,caught,LS Livingstone
ball,2,8.5,Perth Scorchers,JP Inglis,AJ Turner,Rashid Khan,0,0,bowled,JP Inglis
ball,2,8.6,Perth Scorchers,MR Marsh,AJ Turner,Rashid Khan,2,0,"",""
ball,2,9.1,Perth Scorchers,AJ Turner,MR Marsh,C Valente,1,0,"",""
ball,2,9.2,Perth Scorchers,MR Marsh,AJ Turner,C Valente,2,0,"",""
ball,2,9.3,Perth Scorchers,MR Marsh,AJ Turner,C Valente,1,0,"",""
ball,2,9.4,Perth Scorchers,AJ Turner,MR Marsh,C Valente,1,0,"",""
ball,2,9.5,Perth Scorchers,MR Marsh,AJ Turner,C Valente,1,0,"",""
ball,2,9.6,Perth Scorchers,AJ Turner,MR Marsh,C Valente,1,0,"",""
ball,2,10.1,Perth Scorchers,AJ Turner,MR Marsh,Rashid Khan,1,0,"",""
ball,2,10.2,Perth Scorchers,MR Marsh,AJ Turner,Rashid Khan,2,0,"",""
ball,2,10.3,Perth Scorchers,MR Marsh,AJ Turner,Rashid Khan,1,0,"",""
ball,2,10.4,Perth Scorchers,AJ Turner,MR Marsh,Rashid Khan,0,0,"",""
ball,2,10.5,Perth Scorchers,AJ Turner,MR Marsh,Rashid Khan,0,0,"",""
ball,2,10.6,Perth Scorchers,AJ Turner,MR Marsh,Rashid Khan,0,0,caught,AJ Turner
ball,2,11.1,Perth Scorchers,MR Marsh,CT Bancroft,C Valente,0,1,"",""
ball,2,11.2,Perth Scorchers,CT Bancroft,MR Marsh,C Valente,2,0,"",""
ball,2,11.3,Perth Scorchers,CT Bancroft,MR Marsh,C Valente,1,0,"",""
ball,2,11.4,Perth Scorchers,MR Marsh,CT Bancroft,C Valente,1,0,"",""
ball,2,11.5,Perth Scorchers,CT Bancroft,MR Marsh,C Valente,1,0,"",""
ball,2,11.6,Perth Scorchers,MR Marsh,CT Bancroft,C Valente,1,0,"",""
ball,2,12.1,Perth Scorchers,MR Marsh,CT Bancroft,Rashid Khan,0,0,"",""
ball,2,12.2,Perth Scorchers,MR Marsh,CT Bancroft,Rashid Khan,1,0,"",""
ball,2,12.3,Perth Scorchers,CT Bancroft,MR Marsh,Rashid Khan,1,0,"",""
ball,2,12.4,Perth Scorchers,MR Marsh,CT Bancroft,Rashid Khan,1,0,"",""
ball,2,12.5,Perth Scorchers,CT Bancroft,MR Marsh,Rashid Khan,3,0,"",""
ball,2,12.6,Perth Scorchers,MR Marsh,CT Bancroft,Rashid Khan,0,0,"",""
ball,2,13.1,Perth Scorchers,CT Bancroft,MR Marsh,HNA Conway,1,0,"",""
ball,2,13.2,Perth Scorchers,MR Marsh,CT Bancroft,HNA Conway,1,0,"",""
ball,2,13.3,Perth Scorchers,CT Bancroft,MR Marsh,HNA Conway,1,0,"",""
ball,2,13.4,Perth Scorchers,MR Marsh,CT Bancroft,HNA Conway,0,0,caught,MR Marsh
ball,2,13.5,Perth Scorchers,AC Agar,CT Bancroft,HNA Conway,1,0,"",""
ball,2,13.6,Perth Scorchers,CT Bancroft,AC Agar,HNA Conway,4,0,"",""
ball,2,14.1,Perth Scorchers,AC Agar,CT Bancroft,WA Agar,1,0,"",""
ball,2,14.2,Perth Scorchers,CT Bancroft,AC Agar,WA Agar,3,0,"",""
ball,2,14.3,Perth Scorchers,AC Agar,CT Bancroft,WA Agar,0,0,caught,AC Agar
ball,2,14.4,Perth Scorchers,C Green,CT Bancroft,WA Agar,1,0,"",""
ball,2,14.5,Perth Scorchers,CT Bancroft,C Green,WA Agar,2,0,"",""
ball,2,14.6,Perth Scorchers,CT Bancroft,C Green,WA Agar,0,0,caught,CT Bancroft
ball,2,15.1,Perth Scorchers,C Green,CJ Jordan,HNA Conway,0,0,"",""
ball,2,15.2,Perth Scorchers,C Green,CJ Jordan,HNA Conway,0,0,"",""
ball,2,15.3,Perth Scorchers,C Green,CJ Jordan,HNA Conway,1,0,"",""
ball,2,15.4,Perth Scorchers,CJ Jordan,C Green,HNA Conway,0,0,"",""
ball,2,15.5,Perth Scorchers,CJ Jordan,C Green,HNA Conway,0,0,"",""
ball,2,15.6,Perth Scorchers,CJ Jordan,C Green,HNA Conway,1,0,"",""
ball,2,16.1,Perth Scorchers,CJ Jordan,C Green,WA Agar,1,0,"",""
ball,2,16.2,Perth Scorchers,C Green,CJ Jordan,WA Agar,0,0,"",""
ball,2,16.3,Perth Scorchers,C Green,CJ Jordan,WA Agar,1,0,"",""
ball,2,16.4,Perth Scorchers,CJ Jordan,C Green,WA Agar,1,0,"",""
ball,2,16.5,Perth Scorchers,C Green,CJ Jordan,WA Agar,2,0,"",""
ball,2,16.6,Perth Scorchers,C Green,CJ Jordan,WA Agar,2,0,"",""
ball,2,17.1,Perth Scorchers,CJ Jordan,C Green,HNA Conway,1,0,"",""
ball,2,17.2,Perth Scorchers,C Green,CJ Jordan,HNA Conway,2,0,"",""
ball,2,17.3,Perth Scorchers,C Green,CJ Jordan,HNA Conway,0,0,caught,C Green
ball,2,17.4,Perth Scorchers,CJ Jordan,JA Richardson,HNA Conway,2,0,"",""
ball,2,17.5,Perth Scorchers,CJ Jordan,JA Richardson,HNA Conway,0,0,"",""
ball,2,17.6,Perth Scorchers,CJ Jordan,JA Richardson,HNA Conway,4,0,"",""
