version,1.3.0
info,team,Adelaide Strikers
info,team,Sydney Thunder
info,gender,male
info,season,2019/20
info,date,2020/02/01
info,competition,Big Bash League
info,venue,Adelaide Oval
info,city,Adelaide
info,toss_winner,Adelaide Strikers
info,toss_decision,field
info,player_of_match,AD Hales
info,umpire,P Wilson
info,umpire,SAJ Craig
info,reserve_umpire,GC Joshua
info,tv_umpire,JD Ward
info,match_referee,RL Parry
info,winner,Sydney Thunder
info,winner_runs,8
ball,1,0.1,Sydney Thunder,UT Khawaja,AD Hales,B Stanlake,4,0,"",""
ball,1,0.2,Sydney Thunder,UT Khawaja,AD Hales,B Stanlake,0,0,"",""
ball,1,0.3,Sydney Thunder,UT Khawaja,AD Hales,B Stanlake,0,0,"",""
ball,1,0.4,Sydney Thunder,UT Khawaja,AD Hales,B Stanlake,4,0,"",""
ball,1,0.5,Sydney Thunder,UT Khawaja,AD Hales,B Stanlake,0,0,"",""
ball,1,0.6,Sydney Thunder,UT Khawaja,AD Hales,B Stanlake,0,0,"",""
ball,1,1.1,Sydney Thunder,AD Hales,UT Khawaja,MG Neser,2,0,"",""
ball,1,1.2,Sydney Thunder,AD Hales,UT Khawaja,MG Neser,0,0,"",""
ball,1,1.3,Sydney Thunder,AD Hales,UT Khawaja,MG Neser,0,0,"",""
ball,1,1.4,Sydney Thunder,AD Hales,UT Khawaja,MG Neser,0,0,"",""
ball,1,1.5,Sydney Thunder,AD Hales,UT Khawaja,MG Neser,1,0,"",""
ball,1,1.6,Sydney Thunder,UT Khawaja,AD Hales,MG Neser,1,0,"",""
ball,1,2.1,Sydney Thunder,UT Khawaja,AD Hales,PM Siddle,0,0,"",""
ball,1,2.2,Sydney Thunder,UT Khawaja,AD Hales,PM Siddle,0,0,"",""
ball,1,2.3,Sydney Thunder,UT Khawaja,AD Hales,PM Siddle,1,0,"",""
ball,1,2.4,Sydney Thunder,AD Hales,UT Khawaja,PM Siddle,0,0,"",""
ball,1,2.5,Sydney Thunder,AD Hales,UT Khawaja,PM Siddle,0,0,"",""
ball,1,2.6,Sydney Thunder,AD Hales,UT Khawaja,PM Siddle,0,0,"",""
ball,1,3.1,Sydney Thunder,UT Khawaja,AD Hales,MG Neser,4,0,"",""
ball,1,3.2,Sydney Thunder,UT Khawaja,AD Hales,MG Neser,1,0,"",""
ball,1,3.3,Sydney Thunder,AD Hales,UT Khawaja,MG Neser,0,1,"",""
ball,1,3.4,Sydney Thunder,UT Khawaja,AD Hales,MG Neser,0,0,bowled,UT Khawaja
ball,1,3.5,Sydney Thunder,CJ Ferguson,AD Hales,MG Neser,1,0,"",""
ball,1,3.6,Sydney Thunder,AD Hales,CJ Ferguson,MG Neser,1,0,"",""
ball,1,4.1,Sydney Thunder,AD Hales,CJ Ferguson,WA Agar,4,0,"",""
ball,1,4.2,Sydney Thunder,AD Hales,CJ Ferguson,WA Agar,0,0,"",""
ball,1,4.3,Sydney Thunder,AD Hales,CJ Ferguson,WA Agar,6,0,"",""
ball,1,4.4,Sydney Thunder,AD Hales,CJ Ferguson,WA Agar,0,1,"",""
ball,1,4.5,Sydney Thunder,AD Hales,CJ Ferguson,WA Agar,6,0,"",""
ball,1,4.6,Sydney Thunder,AD Hales,CJ Ferguson,WA Agar,0,0,"",""
ball,1,4.7,Sydney Thunder,AD Hales,CJ Ferguson,WA Agar,0,0,"",""
ball,1,5.1,Sydney Thunder,CJ Ferguson,AD Hales,PM Siddle,0,0,"",""
ball,1,5.2,Sydney Thunder,CJ Ferguson,AD Hales,PM Siddle,0,0,"",""
ball,1,5.3,Sydney Thunder,CJ Ferguson,AD Hales,PM Siddle,0,0,"",""
ball,1,5.4,Sydney Thunder,CJ Ferguson,AD Hales,PM Siddle,0,0,lbw,CJ Ferguson
ball,1,5.5,Sydney Thunder,AI Ross,AD Hales,PM Siddle,1,0,"",""
ball,1,5.6,Sydney Thunder,AD Hales,AI Ross,PM Siddle,4,0,"",""
ball,1,6.1,Sydney Thunder,AI Ross,AD Hales,WA Agar,1,0,"",""
ball,1,6.2,Sydney Thunder,AD Hales,AI Ross,WA Agar,0,1,"",""
ball,1,6.3,Sydney Thunder,AD Hales,AI Ross,WA Agar,4,0,"",""
ball,1,6.4,Sydney Thunder,AD Hales,AI Ross,WA Agar,0,0,"",""
ball,1,6.5,Sydney Thunder,AD Hales,AI Ross,WA Agar,0,0,"",""
ball,1,6.6,Sydney Thunder,AD Hales,AI Ross,WA Agar,1,0,"",""
ball,1,6.7,Sydney Thunder,AI Ross,AD Hales,WA Agar,0,0,"",""
ball,1,7.1,Sydney Thunder,AD Hales,AI Ross,B Stanlake,1,0,"",""
ball,1,7.2,Sydney Thunder,AI Ross,AD Hales,B Stanlake,1,0,"",""
ball,1,7.3,Sydney Thunder,AD Hales,AI Ross,B Stanlake,6,0,"",""
ball,1,7.4,Sydney Thunder,AD Hales,AI Ross,B Stanlake,4,0,"",""
ball,1,7.5,Sydney Thunder,AD Hales,AI Ross,B Stanlake,1,0,"",""
ball,1,7.6,Sydney Thunder,AI Ross,AD Hales,B Stanlake,1,0,"",""
ball,1,8.1,Sydney Thunder,AI Ross,AD Hales,MG Neser,0,0,"",""
ball,1,8.2,Sydney Thunder,AI Ross,AD Hales,MG Neser,1,0,"",""
ball,1,8.3,Sydney Thunder,AD Hales,AI Ross,MG Neser,0,0,"",""
ball,1,8.4,Sydney Thunder,AD Hales,AI Ross,MG Neser,1,0,"",""
ball,1,8.5,Sydney Thunder,AI Ross,AD Hales,MG Neser,0,0,"",""
ball,1,8.6,Sydney Thunder,AI Ross,AD Hales,MG Neser,1,0,"",""
ball,1,9.1,Sydney Thunder,AI Ross,AD Hales,Rashid Khan,1,0,"",""
ball,1,9.2,Sydney Thunder,AD Hales,AI Ross,Rashid Khan,1,0,"",""
ball,1,9.3,Sydney Thunder,AI Ross,AD Hales,Rashid Khan,0,0,"",""
ball,1,9.4,Sydney Thunder,AI Ross,AD Hales,Rashid Khan,1,0,"",""
ball,1,9.5,Sydney Thunder,AD Hales,AI Ross,Rashid Khan,1,0,"",""
ball,1,9.6,Sydney Thunder,AI Ross,AD Hales,Rashid Khan,1,0,"",""
ball,1,10.1,Sydney Thunder,AI Ross,AD Hales,WA Agar,1,0,"",""
ball,1,10.2,Sydney Thunder,AD Hales,AI Ross,WA Agar,6,0,"",""
ball,1,10.3,Sydney Thunder,AD Hales,AI Ross,WA Agar,4,0,"",""
ball,1,10.4,Sydney Thunder,AD Hales,AI Ross,WA Agar,4,0,"",""
ball,1,10.5,Sydney Thunder,AD Hales,AI Ross,WA Agar,0,1,"",""
ball,1,10.6,Sydney Thunder,AD Hales,AI Ross,WA Agar,0,0,"",""
ball,1,10.7,Sydney Thunder,AD Hales,AI Ross,WA Agar,1,0,"",""
ball,1,11.1,Sydney Thunder,AD Hales,AI Ross,Rashid Khan,0,0,caught,AD Hales
ball,1,11.2,Sydney Thunder,AJ Nair,AI Ross,Rashid Khan,0,0,"",""
ball,1,11.3,Sydney Thunder,AJ Nair,AI Ross,Rashid Khan,0,0,"",""
ball,1,11.4,Sydney Thunder,AJ Nair,AI Ross,Rashid Khan,1,0,"",""
ball,1,11.5,Sydney Thunder,AI Ross,AJ Nair,Rashid Khan,0,0,"",""
ball,1,11.6,Sydney Thunder,AI Ross,AJ Nair,Rashid Khan,0,0,"",""
ball,1,12.1,Sydney Thunder,AJ Nair,AI Ross,B Stanlake,1,0,"",""
ball,1,12.2,Sydney Thunder,AI Ross,AJ Nair,B Stanlake,0,0,"",""
ball,1,12.3,Sydney Thunder,AI Ross,AJ Nair,B Stanlake,1,0,"",""
ball,1,12.4,Sydney Thunder,AJ Nair,AI Ross,B Stanlake,6,0,"",""
ball,1,12.5,Sydney Thunder,AJ Nair,AI Ross,B Stanlake,1,0,"",""
ball,1,12.6,Sydney Thunder,AI Ross,AJ Nair,B Stanlake,1,0,"",""
ball,1,13.1,Sydney Thunder,AI Ross,AJ Nair,TM Head,0,0,caught,AI Ross
ball,1,13.2,Sydney Thunder,AJ Nair,CH Morris,TM Head,1,0,"",""
ball,1,13.3,Sydney Thunder,CH Morris,AJ Nair,TM Head,1,0,"",""
ball,1,13.4,Sydney Thunder,AJ Nair,CH Morris,TM Head,1,0,"",""
ball,1,13.5,Sydney Thunder,CH Morris,AJ Nair,TM Head,4,0,"",""
ball,1,13.6,Sydney Thunder,CH Morris,AJ Nair,TM Head,2,0,"",""
ball,1,14.1,Sydney Thunder,AJ Nair,CH Morris,MG Neser,2,0,"",""
ball,1,14.2,Sydney Thunder,AJ Nair,CH Morris,MG Neser,1,0,"",""
ball,1,14.3,Sydney Thunder,CH Morris,AJ Nair,MG Neser,1,0,"",""
ball,1,14.4,Sydney Thunder,AJ Nair,CH Morris,MG Neser,0,0,"",""
ball,1,14.5,Sydney Thunder,AJ Nair,CH Morris,MG Neser,1,0,"",""
ball,1,14.6,Sydney Thunder,CH Morris,AJ Nair,MG Neser,2,0,"",""
ball,1,15.1,Sydney Thunder,AJ Nair,CH Morris,Rashid Khan,1,0,"",""
ball,1,15.2,Sydney Thunder,CH Morris,AJ Nair,Rashid Khan,1,0,"",""
ball,1,15.3,Sydney Thunder,AJ Nair,CH Morris,Rashid Khan,0,0,"",""
ball,1,15.4,Sydney Thunder,AJ Nair,CH Morris,Rashid Khan,0,0,"",""
ball,1,15.5,Sydney Thunder,AJ Nair,CH Morris,Rashid Khan,1,0,"",""
ball,1,15.6,Sydney Thunder,CH Morris,AJ Nair,Rashid Khan,6,0,"",""
ball,1,16.1,Sydney Thunder,AJ Nair,CH Morris,PM Siddle,0,0,"",""
ball,1,16.2,Sydney Thunder,AJ Nair,CH Morris,PM Siddle,1,0,"",""
ball,1,16.3,Sydney Thunder,CH Morris,AJ Nair,PM Siddle,0,0,run out,AJ Nair
ball,1,16.4,Sydney Thunder,CH Morris,DR Sams,PM Siddle,1,0,"",""
ball,1,16.5,Sydney Thunder,DR Sams,CH Morris,PM Siddle,1,0,"",""
ball,1,16.6,Sydney Thunder,CH Morris,DR Sams,PM Siddle,1,0,"",""
ball,1,17.1,Sydney Thunder,CH Morris,DR Sams,Rashid Khan,1,0,"",""
ball,1,17.2,Sydney Thunder,DR Sams,CH Morris,Rashid Khan,0,0,"",""
ball,1,17.3,Sydney Thunder,DR Sams,CH Morris,Rashid Khan,1,0,"",""
ball,1,17.4,Sydney Thunder,CH Morris,DR Sams,Rashid Khan,1,0,"",""
ball,1,17.5,Sydney Thunder,DR Sams,CH Morris,Rashid Khan,0,0,"",""
ball,1,17.6,Sydney Thunder,DR Sams,CH Morris,Rashid Khan,6,0,"",""
ball,1,18.1,Sydney Thunder,CH Morris,DR Sams,WA Agar,0,1,"",""
ball,1,18.2,Sydney Thunder,CH Morris,DR Sams,WA Agar,0,0,"",""
ball,1,18.3,Sydney Thunder,CH Morris,DR Sams,WA Agar,0,0,caught,CH Morris
ball,1,18.4,Sydney Thunder,JS Lenton,DR Sams,WA Agar,1,0,"",""
ball,1,18.5,Sydney Thunder,DR Sams,JS Lenton,WA Agar,0,0,"",""
ball,1,18.6,Sydney Thunder,DR Sams,JS Lenton,WA Agar,0,0,"",""
ball,1,18.7,Sydney Thunder,DR Sams,JS Lenton,WA Agar,0,0,"",""
ball,1,19.1,Sydney Thunder,JS Lenton,DR Sams,PM Siddle,1,0,"",""
ball,1,19.2,Sydney Thunder,DR Sams,JS Lenton,PM Siddle,2,0,"",""
ball,1,19.3,Sydney Thunder,DR Sams,JS Lenton,PM Siddle,0,0,bowled,DR Sams
ball,1,19.4,Sydney Thunder,CP Tremain,JS Lenton,PM Siddle,3,0,"",""
ball,1,19.5,Sydney Thunder,JS Lenton,CP Tremain,PM Siddle,0,1,"",""
ball,1,19.6,Sydney Thunder,JS Lenton,CP Tremain,PM Siddle,2,0,"",""
ball,1,19.7,Sydney Thunder,JS Lenton,CP Tremain,PM Siddle,2,0,"",""
ball,2,0.1,Adelaide Strikers,J Weatherald,PD Salt,DR Sams,1,0,"",""
ball,2,0.2,Adelaide Strikers,PD Salt,J Weatherald,DR Sams,0,0,"",""
ball,2,0.3,Adelaide Strikers,PD Salt,J Weatherald,DR Sams,1,0,"",""
ball,2,0.4,Adelaide Strikers,J Weatherald,PD Salt,DR Sams,1,0,"",""
ball,2,0.5,Adelaide Strikers,PD Salt,J Weatherald,DR Sams,4,0,"",""
ball,2,0.6,Adelaide Strikers,PD Salt,J Weatherald,DR Sams,0,0,caught,PD Salt
ball,2,1.1,Adelaide Strikers,TM Head,J Weatherald,JD Cook,0,0,"",""
ball,2,1.2,Adelaide Strikers,TM Head,J Weatherald,JD Cook,2,0,"",""
ball,2,1.3,Adelaide Strikers,TM Head,J Weatherald,JD Cook,0,0,"",""
ball,2,1.4,Adelaide Strikers,TM Head,J Weatherald,JD Cook,0,0,"",""
ball,2,1.5,Adelaide Strikers,TM Head,J Weatherald,JD Cook,2,0,"",""
ball,2,1.6,Adelaide Strikers,TM Head,J Weatherald,JD Cook,1,0,"",""
ball,2,2.1,Adelaide Strikers,TM Head,J Weatherald,AJ Nair,1,0,"",""
ball,2,2.2,Adelaide Strikers,J Weatherald,TM Head,AJ Nair,0,0,"",""
ball,2,2.3,Adelaide Strikers,J Weatherald,TM Head,AJ Nair,0,0,"",""
ball,2,2.4,Adelaide Strikers,J Weatherald,TM Head,AJ Nair,1,0,"",""
ball,2,2.5,Adelaide Strikers,TM Head,J Weatherald,AJ Nair,1,0,"",""
ball,2,2.6,Adelaide Strikers,J Weatherald,TM Head,AJ Nair,1,0,"",""
ball,2,3.1,Adelaide Strikers,J Weatherald,TM Head,B Doggett,4,0,"",""
ball,2,3.2,Adelaide Strikers,J Weatherald,TM Head,B Doggett,1,0,"",""
ball,2,3.3,Adelaide Strikers,TM Head,J Weatherald,B Doggett,4,0,"",""
ball,2,3.4,Adelaide Strikers,TM Head,J Weatherald,B Doggett,1,0,"",""
ball,2,3.5,Adelaide Strikers,J Weatherald,TM Head,B Doggett,4,0,"",""
ball,2,3.6,Adelaide Strikers,J Weatherald,TM Head,B Doggett,1,0,"",""
ball,2,4.1,Adelaide Strikers,J Weatherald,TM Head,CP Tremain,0,0,"",""
ball,2,4.2,Adelaide Strikers,J Weatherald,TM Head,CP Tremain,0,0,"",""
ball,2,4.3,Adelaide Strikers,J Weatherald,TM Head,CP Tremain,4,0,"",""
ball,2,4.4,Adelaide Strikers,J Weatherald,TM Head,CP Tremain,0,0,caught,J Weatherald
ball,2,4.5,Adelaide Strikers,AT Carey,TM Head,CP Tremain,0,0,"",""
ball,2,4.6,Adelaide Strikers,AT Carey,TM Head,CP Tremain,0,0,"",""
ball,2,5.1,Adelaide Strikers,TM Head,AT Carey,JD Cook,1,0,"",""
ball,2,5.2,Adelaide Strikers,AT Carey,TM Head,JD Cook,0,0,"",""
ball,2,5.3,Adelaide Strikers,AT Carey,TM Head,JD Cook,1,0,"",""
ball,2,5.4,Adelaide Strikers,TM Head,AT Carey,JD Cook,0,0,"",""
ball,2,5.5,Adelaide Strikers,TM Head,AT Carey,JD Cook,4,0,"",""
ball,2,5.6,Adelaide Strikers,TM Head,AT Carey,JD Cook,1,0,"",""
ball,2,6.1,Adelaide Strikers,TM Head,AT Carey,CH Morris,4,0,"",""
ball,2,6.2,Adelaide Strikers,TM Head,AT Carey,CH Morris,0,0,"",""
ball,2,6.3,Adelaide Strikers,TM Head,AT Carey,CH Morris,1,0,"",""
ball,2,6.4,Adelaide Strikers,AT Carey,TM Head,CH Morris,0,0,"",""
ball,2,6.5,Adelaide Strikers,AT Carey,TM Head,CH Morris,0,0,"",""
ball,2,6.6,Adelaide Strikers,AT Carey,TM Head,CH Morris,0,0,"",""
ball,2,7.1,Adelaide Strikers,TM Head,AT Carey,AJ Nair,1,0,"",""
ball,2,7.2,Adelaide Strikers,AT Carey,TM Head,AJ Nair,2,0,"",""
ball,2,7.3,Adelaide Strikers,AT Carey,TM Head,AJ Nair,4,0,"",""
ball,2,7.4,Adelaide Strikers,AT Carey,TM Head,AJ Nair,0,0,"",""
ball,2,7.5,Adelaide Strikers,AT Carey,TM Head,AJ Nair,1,0,"",""
ball,2,7.6,Adelaide Strikers,TM Head,AT Carey,AJ Nair,2,0,"",""
ball,2,8.1,Adelaide Strikers,AT Carey,TM Head,CP Tremain,0,0,"",""
ball,2,8.2,Adelaide Strikers,AT Carey,TM Head,CP Tremain,1,0,"",""
ball,2,8.3,Adelaide Strikers,TM Head,AT Carey,CP Tremain,1,0,"",""
ball,2,8.4,Adelaide Strikers,AT Carey,TM Head,CP Tremain,1,0,"",""
ball,2,8.5,Adelaide Strikers,TM Head,AT Carey,CP Tremain,4,0,"",""
ball,2,8.6,Adelaide Strikers,TM Head,AT Carey,CP Tremain,1,0,"",""
ball,2,9.1,Adelaide Strikers,TM Head,AT Carey,JD Cook,0,0,bowled,TM Head
ball,2,9.2,Adelaide Strikers,JW Wells,AT Carey,JD Cook,2,0,"",""
ball,2,9.3,Adelaide Strikers,JW Wells,AT Carey,JD Cook,0,0,"",""
ball,2,9.4,Adelaide Strikers,JW Wells,AT Carey,JD Cook,0,0,"",""
ball,2,9.5,Adelaide Strikers,JW Wells,AT Carey,JD Cook,0,0,"",""
ball,2,9.6,Adelaide Strikers,JW Wells,AT Carey,JD Cook,1,0,"",""
ball,2,10.1,Adelaide Strikers,JW Wells,AT Carey,DR Sams,1,0,"",""
ball,2,10.2,Adelaide Strikers,AT Carey,JW Wells,DR Sams,1,0,"",""
ball,2,10.3,Adelaide Strikers,JW Wells,AT Carey,DR Sams,3,0,"",""
ball,2,10.4,Adelaide Strikers,AT Carey,JW Wells,DR Sams,1,0,"",""
ball,2,10.5,Adelaide Strikers,JW Wells,AT Carey,DR Sams,1,0,"",""
ball,2,10.6,Adelaide Strikers,AT Carey,JW Wells,DR Sams,1,0,"",""
ball,2,11.1,Adelaide Strikers,AT Carey,JW Wells,B Doggett,0,5,"",""
ball,2,11.2,Adelaide Strikers,AT Carey,JW Wells,B Doggett,0,0,"",""
ball,2,11.3,Adelaide Strikers,AT Carey,JW Wells,B Doggett,1,0,"",""
ball,2,11.4,Adelaide Strikers,JW Wells,AT Carey,B Doggett,1,0,"",""
ball,2,11.5,Adelaide Strikers,AT Carey,JW Wells,B Doggett,1,0,"",""
ball,2,11.6,Adelaide Strikers,JW Wells,AT Carey,B Doggett,1,0,"",""
ball,2,11.7,Adelaide Strikers,AT Carey,JW Wells,B Doggett,1,0,"",""
ball,2,12.1,Adelaide Strikers,AT Carey,JW Wells,CH Morris,0,0,"",""
ball,2,12.2,Adelaide Strikers,AT Carey,JW Wells,CH Morris,4,0,"",""
ball,2,12.3,Adelaide Strikers,AT Carey,JW Wells,CH Morris,1,0,"",""
ball,2,12.4,Adelaide Strikers,JW Wells,AT Carey,CH Morris,1,0,"",""
ball,2,12.5,Adelaide Strikers,AT Carey,JW Wells,CH Morris,1,0,"",""
ball,2,12.6,Adelaide Strikers,JW Wells,AT Carey,CH Morris,4,0,"",""
ball,2,13.1,Adelaide Strikers,AT Carey,JW Wells,DR Sams,1,0,"",""
ball,2,13.2,Adelaide Strikers,JW Wells,AT Carey,DR Sams,1,0,"",""
ball,2,13.3,Adelaide Strikers,AT Carey,JW Wells,DR Sams,0,1,"",""
ball,2,13.4,Adelaide Strikers,AT Carey,JW Wells,DR Sams,0,0,"",""
ball,2,13.5,Adelaide Strikers,AT Carey,JW Wells,DR Sams,1,0,"",""
ball,2,13.6,Adelaide Strikers,JW Wells,AT Carey,DR Sams,1,0,"",""
ball,2,13.7,Adelaide Strikers,AT Carey,JW Wells,DR Sams,1,0,"",""
ball,2,14.1,Adelaide Strikers,AT Carey,JW Wells,CP Tremain,2,0,"",""
ball,2,14.2,Adelaide Strikers,AT Carey,JW Wells,CP Tremain,1,0,"",""
ball,2,14.3,Adelaide Strikers,JW Wells,AT Carey,CP Tremain,4,0,"",""
ball,2,14.4,Adelaide Strikers,JW Wells,AT Carey,CP Tremain,4,0,"",""
ball,2,14.5,Adelaide Strikers,JW Wells,AT Carey,CP Tremain,1,0,"",""
ball,2,14.6,Adelaide Strikers,AT Carey,JW Wells,CP Tremain,0,0,run out,AT Carey
ball,2,15.1,Adelaide Strikers,Rashid Khan,JW Wells,JD Cook,0,0,"",""
ball,2,15.2,Adelaide Strikers,Rashid Khan,JW Wells,JD Cook,0,0,caught,Rashid Khan
ball,2,15.3,Adelaide Strikers,JW Wells,MW Short,JD Cook,0,0,"",""
ball,2,15.4,Adelaide Strikers,JW Wells,MW Short,JD Cook,1,0,"",""
ball,2,15.5,Adelaide Strikers,MW Short,JW Wells,JD Cook,0,0,"",""
ball,2,15.6,Adelaide Strikers,MW Short,JW Wells,JD Cook,0,0,"",""
ball,2,16.1,Adelaide Strikers,JW Wells,MW Short,CH Morris,1,0,"",""
ball,2,16.2,Adelaide Strikers,MW Short,JW Wells,CH Morris,0,0,"",""
ball,2,16.3,Adelaide Strikers,MW Short,JW Wells,CH Morris,0,0,lbw,MW Short
ball,2,16.4,Adelaide Strikers,MG Neser,JW Wells,CH Morris,0,0,"",""
ball,2,16.5,Adelaide Strikers,MG Neser,JW Wells,CH Morris,1,0,"",""
ball,2,16.6,Adelaide Strikers,JW Wells,MG Neser,CH Morris,0,0,"",""
ball,2,17.1,Adelaide Strikers,MG Neser,JW Wells,CP Tremain,0,1,"",""
ball,2,17.2,Adelaide Strikers,MG Neser,JW Wells,CP Tremain,0,0,"",""
ball,2,17.3,Adelaide Strikers,MG Neser,JW Wells,CP Tremain,0,1,"",""
ball,2,17.4,Adelaide Strikers,MG Neser,JW Wells,CP Tremain,0,1,"",""
ball,2,17.5,Adelaide Strikers,MG Neser,JW Wells,CP Tremain,4,0,"",""
ball,2,17.6,Adelaide Strikers,MG Neser,JW Wells,CP Tremain,2,0,"",""
ball,2,17.7,Adelaide Strikers,MG Neser,JW Wells,CP Tremain,0,1,"",""
ball,2,17.8,Adelaide Strikers,MG Neser,JW Wells,CP Tremain,4,0,"",""
ball,2,17.9,Adelaide Strikers,MG Neser,JW Wells,CP Tremain,1,0,"",""
ball,2,17.1,Adelaide Strikers,JW Wells,MG Neser,CP Tremain,1,0,"",""
ball,2,18.1,Adelaide Strikers,JW Wells,MG Neser,DR Sams,1,0,"",""
ball,2,18.2,Adelaide Strikers,MG Neser,JW Wells,DR Sams,0,0,caught,MG Neser
ball,2,18.3,Adelaide Strikers,JW Wells,PM Siddle,DR Sams,1,0,"",""
ball,2,18.4,Adelaide Strikers,PM Siddle,JW Wells,DR Sams,0,0,caught,PM Siddle
ball,2,18.5,Adelaide Strikers,JW Wells,WA Agar,DR Sams,2,0,"",""
ball,2,18.6,Adelaide Strikers,JW Wells,WA Agar,DR Sams,1,0,"",""
ball,2,19.1,Adelaide Strikers,JW Wells,WA Agar,CH Morris,0,0,caught,JW Wells
ball,2,19.2,Adelaide Strikers,B Stanlake,WA Agar,CH Morris,0,0,"",""
ball,2,19.3,Adelaide Strikers,B Stanlake,WA Agar,CH Morris,1,0,"",""
ball,2,19.4,Adelaide Strikers,WA Agar,B Stanlake,CH Morris,2,0,"",""
ball,2,19.5,Adelaide Strikers,WA Agar,B Stanlake,CH Morris,0,0,"",""
ball,2,19.6,Adelaide Strikers,WA Agar,B Stanlake,CH Morris,1,0,"",""
