version,1.3.0
info,team,Melbourne Renegades
info,team,Adelaide Strikers
info,gender,male
info,season,2019/20
info,date,2019/12/29
info,competition,Big Bash League
info,match_number,15
info,venue,Docklands Stadium
info,city,Melbourne
info,toss_winner,Adelaide Strikers
info,toss_decision,bat
info,player_of_match,Rashid Khan
info,umpire,GJ Davidson
info,umpire,DM Koch
info,reserve_umpire,D Brigham
info,tv_umpire,SJ Nogajski
info,match_referee,DJ Harper
info,winner,Adelaide Strikers
info,winner_runs,18
ball,1,0.1,Adelaide Strikers,PD Salt,J Weatherald,RJ Gleeson,2,0,"",""
ball,1,0.2,Adelaide Strikers,PD Salt,J Weatherald,RJ Gleeson,0,0,"",""
ball,1,0.3,Adelaide Strikers,PD Salt,J Weatherald,RJ Gleeson,1,0,"",""
ball,1,0.4,Adelaide Strikers,J Weatherald,PD Salt,RJ Gleeson,0,0,"",""
ball,1,0.5,Adelaide Strikers,J Weatherald,PD Salt,RJ Gleeson,1,0,"",""
ball,1,0.6,Adelaide Strikers,PD Salt,J Weatherald,RJ Gleeson,0,1,"",""
ball,1,0.7,Adelaide Strikers,PD Salt,J Weatherald,RJ Gleeson,2,0,"",""
ball,1,1.1,Adelaide Strikers,J Weatherald,PD Salt,KW Richardson,0,0,"",""
ball,1,1.2,Adelaide Strikers,J Weatherald,PD Salt,KW Richardson,0,0,"",""
ball,1,1.3,Adelaide Strikers,J Weatherald,PD Salt,KW Richardson,2,0,"",""
ball,1,1.4,Adelaide Strikers,J Weatherald,PD Salt,KW Richardson,0,0,"",""
ball,1,1.5,Adelaide Strikers,J Weatherald,PD Salt,KW Richardson,1,0,"",""
ball,1,1.6,Adelaide Strikers,PD Salt,J Weatherald,KW Richardson,0,0,"",""
ball,1,2.1,Adelaide Strikers,J Weatherald,PD Salt,RJ Gleeson,1,0,"",""
ball,1,2.2,Adelaide Strikers,PD Salt,J Weatherald,RJ Gleeson,4,0,"",""
ball,1,2.3,Adelaide Strikers,PD Salt,J Weatherald,RJ Gleeson,4,0,"",""
ball,1,2.4,Adelaide Strikers,PD Salt,J Weatherald,RJ Gleeson,4,0,"",""
ball,1,2.5,Adelaide Strikers,PD Salt,J Weatherald,RJ Gleeson,0,1,"",""
ball,1,2.6,Adelaide Strikers,PD Salt,J Weatherald,RJ Gleeson,4,0,"",""
ball,1,2.7,Adelaide Strikers,PD Salt,J Weatherald,RJ Gleeson,4,0,"",""
ball,1,3.1,Adelaide Strikers,J Weatherald,PD Salt,HF Gurney,1,0,"",""
ball,1,3.2,Adelaide Strikers,PD Salt,J Weatherald,HF Gurney,4,0,"",""
ball,1,3.3,Adelaide Strikers,PD Salt,J Weatherald,HF Gurney,4,0,"",""
ball,1,3.4,Adelaide Strikers,PD Salt,J Weatherald,HF Gurney,2,0,"",""
ball,1,3.5,Adelaide Strikers,PD Salt,J Weatherald,HF Gurney,2,0,"",""
ball,1,3.6,Adelaide Strikers,PD Salt,J Weatherald,HF Gurney,2,0,"",""
ball,1,4.1,Adelaide Strikers,J Weatherald,PD Salt,KW Richardson,0,0,"",""
ball,1,4.2,Adelaide Strikers,J Weatherald,PD Salt,KW Richardson,0,0,"",""
ball,1,4.3,Adelaide Strikers,J Weatherald,PD Salt,KW Richardson,0,0,caught,J Weatherald
ball,1,4.4,Adelaide Strikers,AT Carey,PD Salt,KW Richardson,4,0,"",""
ball,1,4.5,Adelaide Strikers,AT Carey,PD Salt,KW Richardson,0,0,"",""
ball,1,4.6,Adelaide Strikers,AT Carey,PD Salt,KW Richardson,1,0,"",""
ball,1,5.1,Adelaide Strikers,AT Carey,PD Salt,W Sutherland,1,0,"",""
ball,1,5.2,Adelaide Strikers,PD Salt,AT Carey,W Sutherland,1,0,"",""
ball,1,5.3,Adelaide Strikers,AT Carey,PD Salt,W Sutherland,1,0,"",""
ball,1,5.4,Adelaide Strikers,PD Salt,AT Carey,W Sutherland,0,0,"",""
ball,1,5.5,Adelaide Strikers,PD Salt,AT Carey,W Sutherland,2,0,"",""
ball,1,5.6,Adelaide Strikers,PD Salt,AT Carey,W Sutherland,1,0,"",""
ball,1,6.1,Adelaide Strikers,PD Salt,AT Carey,CJ Boyce,1,0,"",""
ball,1,6.2,Adelaide Strikers,AT Carey,PD Salt,CJ Boyce,1,0,"",""
ball,1,6.3,Adelaide Strikers,PD Salt,AT Carey,CJ Boyce,1,0,"",""
ball,1,6.4,Adelaide Strikers,AT Carey,PD Salt,CJ Boyce,1,0,"",""
ball,1,6.5,Adelaide Strikers,PD Salt,AT Carey,CJ Boyce,1,0,"",""
ball,1,6.6,Adelaide Strikers,AT Carey,PD Salt,CJ Boyce,1,0,"",""
ball,1,7.1,Adelaide Strikers,AT Carey,PD Salt,BJ Webster,1,0,"",""
ball,1,7.2,Adelaide Strikers,PD Salt,AT Carey,BJ Webster,6,0,"",""
ball,1,7.3,Adelaide Strikers,PD Salt,AT Carey,BJ Webster,1,0,"",""
ball,1,7.4,Adelaide Strikers,AT Carey,PD Salt,BJ Webster,0,0,"",""
ball,1,7.5,Adelaide Strikers,AT Carey,PD Salt,BJ Webster,1,0,"",""
ball,1,7.6,Adelaide Strikers,PD Salt,AT Carey,BJ Webster,1,0,"",""
ball,1,8.1,Adelaide Strikers,PD Salt,AT Carey,CJ Boyce,0,0,caught and bowled,PD Salt
ball,1,8.2,Adelaide Strikers,JW Wells,AT Carey,CJ Boyce,1,0,"",""
ball,1,8.3,Adelaide Strikers,AT Carey,JW Wells,CJ Boyce,1,0,"",""
ball,1,8.4,Adelaide Strikers,JW Wells,AT Carey,CJ Boyce,1,0,"",""
ball,1,8.5,Adelaide Strikers,AT Carey,JW Wells,CJ Boyce,2,0,"",""
ball,1,8.6,Adelaide Strikers,AT Carey,JW Wells,CJ Boyce,1,0,"",""
ball,1,9.1,Adelaide Strikers,AT Carey,JW Wells,DT Christian,0,0,"",""
ball,1,9.2,Adelaide Strikers,AT Carey,JW Wells,DT Christian,4,0,"",""
ball,1,9.3,Adelaide Strikers,AT Carey,JW Wells,DT Christian,1,0,"",""
ball,1,9.4,Adelaide Strikers,JW Wells,AT Carey,DT Christian,0,0,"",""
ball,1,9.5,Adelaide Strikers,JW Wells,AT Carey,DT Christian,0,0,"",""
ball,1,9.6,Adelaide Strikers,JW Wells,AT Carey,DT Christian,1,0,"",""
ball,1,10.1,Adelaide Strikers,JW Wells,AT Carey,CJ Boyce,0,0,"",""
ball,1,10.2,Adelaide Strikers,JW Wells,AT Carey,CJ Boyce,1,0,"",""
ball,1,10.3,Adelaide Strikers,AT Carey,JW Wells,CJ Boyce,0,0,"",""
ball,1,10.4,Adelaide Strikers,AT Carey,JW Wells,CJ Boyce,1,0,"",""
ball,1,10.5,Adelaide Strikers,JW Wells,AT Carey,CJ Boyce,1,0,"",""
ball,1,10.6,Adelaide Strikers,AT Carey,JW Wells,CJ Boyce,1,0,"",""
ball,1,11.1,Adelaide Strikers,AT Carey,JW Wells,DT Christian,1,0,"",""
ball,1,11.2,Adelaide Strikers,JW Wells,AT Carey,DT Christian,0,1,"",""
ball,1,11.3,Adelaide Strikers,AT Carey,JW Wells,DT Christian,1,0,"",""
ball,1,11.4,Adelaide Strikers,JW Wells,AT Carey,DT Christian,1,0,"",""
ball,1,11.5,Adelaide Strikers,AT Carey,JW Wells,DT Christian,1,0,"",""
ball,1,11.6,Adelaide Strikers,JW Wells,AT Carey,DT Christian,1,0,"",""
ball,1,12.1,Adelaide Strikers,JW Wells,AT Carey,W Sutherland,1,0,"",""
ball,1,12.2,Adelaide Strikers,AT Carey,JW Wells,W Sutherland,0,0,"",""
ball,1,12.3,Adelaide Strikers,AT Carey,JW Wells,W Sutherland,0,2,"",""
ball,1,12.4,Adelaide Strikers,AT Carey,JW Wells,W Sutherland,1,0,"",""
ball,1,12.5,Adelaide Strikers,JW Wells,AT Carey,W Sutherland,4,0,"",""
ball,1,12.6,Adelaide Strikers,JW Wells,AT Carey,W Sutherland,1,0,"",""
ball,1,13.1,Adelaide Strikers,JW Wells,AT Carey,HF Gurney,1,0,"",""
ball,1,13.2,Adelaide Strikers,AT Carey,JW Wells,HF Gurney,2,0,"",""
ball,1,13.3,Adelaide Strikers,AT Carey,JW Wells,HF Gurney,1,0,"",""
ball,1,13.4,Adelaide Strikers,JW Wells,AT Carey,HF Gurney,1,0,"",""
ball,1,13.5,Adelaide Strikers,AT Carey,JW Wells,HF Gurney,1,0,"",""
ball,1,13.6,Adelaide Strikers,JW Wells,AT Carey,HF Gurney,1,0,"",""
ball,1,14.1,Adelaide Strikers,JW Wells,AT Carey,W Sutherland,1,0,"",""
ball,1,14.2,Adelaide Strikers,AT Carey,JW Wells,W Sutherland,4,0,"",""
ball,1,14.3,Adelaide Strikers,AT Carey,JW Wells,W Sutherland,1,0,"",""
ball,1,14.4,Adelaide Strikers,JW Wells,AT Carey,W Sutherland,0,0,"",""
ball,1,14.5,Adelaide Strikers,JW Wells,AT Carey,W Sutherland,0,0,"",""
ball,1,14.6,Adelaide Strikers,JW Wells,AT Carey,W Sutherland,1,0,"",""
ball,1,15.1,Adelaide Strikers,JW Wells,AT Carey,DT Christian,1,0,"",""
ball,1,15.2,Adelaide Strikers,AT Carey,JW Wells,DT Christian,0,0,"",""
ball,1,15.3,Adelaide Strikers,AT Carey,JW Wells,DT Christian,4,0,"",""
ball,1,15.4,Adelaide Strikers,AT Carey,JW Wells,DT Christian,0,0,"",""
ball,1,15.5,Adelaide Strikers,AT Carey,JW Wells,DT Christian,0,0,"",""
ball,1,15.6,Adelaide Strikers,AT Carey,JW Wells,DT Christian,1,0,"",""
ball,1,16.1,Adelaide Strikers,AT Carey,JW Wells,CJ Boyce,0,0,caught,AT Carey
ball,1,16.2,Adelaide Strikers,JW Wells,Rashid Khan,CJ Boyce,1,0,"",""
ball,1,16.3,Adelaide Strikers,Rashid Khan,JW Wells,CJ Boyce,0,0,"",""
ball,1,16.4,Adelaide Strikers,Rashid Khan,JW Wells,CJ Boyce,0,0,"",""
ball,1,16.5,Adelaide Strikers,Rashid Khan,JW Wells,CJ Boyce,0,0,"",""
ball,1,16.6,Adelaide Strikers,Rashid Khan,JW Wells,CJ Boyce,1,0,"",""
ball,1,17.1,Adelaide Strikers,Rashid Khan,JW Wells,KW Richardson,0,0,"",""
ball,1,17.2,Adelaide Strikers,Rashid Khan,JW Wells,KW Richardson,4,0,"",""
ball,1,17.3,Adelaide Strikers,Rashid Khan,JW Wells,KW Richardson,1,0,"",""
ball,1,17.4,Adelaide Strikers,JW Wells,Rashid Khan,KW Richardson,0,0,caught,JW Wells
ball,1,17.5,Adelaide Strikers,Rashid Khan,CL White,KW Richardson,0,0,"",""
ball,1,17.6,Adelaide Strikers,Rashid Khan,CL White,KW Richardson,6,0,"",""
ball,1,18.1,Adelaide Strikers,CL White,Rashid Khan,HF Gurney,0,0,"",""
ball,1,18.2,Adelaide Strikers,CL White,Rashid Khan,HF Gurney,1,0,"",""
ball,1,18.3,Adelaide Strikers,Rashid Khan,CL White,HF Gurney,1,0,"",""
ball,1,18.4,Adelaide Strikers,CL White,Rashid Khan,HF Gurney,1,0,"",""
ball,1,18.5,Adelaide Strikers,Rashid Khan,CL White,HF Gurney,0,0,"",""
ball,1,18.6,Adelaide Strikers,Rashid Khan,CL White,HF Gurney,0,0,"",""
ball,1,19.1,Adelaide Strikers,CL White,Rashid Khan,KW Richardson,0,0,caught,CL White
ball,1,19.2,Adelaide Strikers,Rashid Khan,MW Short,KW Richardson,6,0,"",""
ball,1,19.3,Adelaide Strikers,Rashid Khan,MW Short,KW Richardson,2,0,"",""
ball,1,19.4,Adelaide Strikers,Rashid Khan,MW Short,KW Richardson,4,0,"",""
ball,1,19.5,Adelaide Strikers,Rashid Khan,MW Short,KW Richardson,0,0,caught,Rashid Khan
ball,1,19.6,Adelaide Strikers,MW Short,C Valente,KW Richardson,2,0,"",""
ball,2,0.1,Melbourne Renegades,SB Harper,AJ Finch,B Stanlake,0,0,"",""
ball,2,0.2,Melbourne Renegades,SB Harper,AJ Finch,B Stanlake,1,0,"",""
ball,2,0.3,Melbourne Renegades,AJ Finch,SB Harper,B Stanlake,2,0,"",""
ball,2,0.4,Melbourne Renegades,AJ Finch,SB Harper,B Stanlake,1,0,"",""
ball,2,0.5,Melbourne Renegades,SB Harper,AJ Finch,B Stanlake,4,0,"",""
ball,2,0.6,Melbourne Renegades,SB Harper,AJ Finch,B Stanlake,0,0,"",""
ball,2,1.1,Melbourne Renegades,AJ Finch,SB Harper,WA Agar,0,1,"",""
ball,2,1.2,Melbourne Renegades,AJ Finch,SB Harper,WA Agar,2,0,"",""
ball,2,1.3,Melbourne Renegades,AJ Finch,SB Harper,WA Agar,0,1,"",""
ball,2,1.4,Melbourne Renegades,AJ Finch,SB Harper,WA Agar,1,0,"",""
ball,2,1.5,Melbourne Renegades,SB Harper,AJ Finch,WA Agar,0,0,"",""
ball,2,1.6,Melbourne Renegades,SB Harper,AJ Finch,WA Agar,0,0,"",""
ball,2,1.7,Melbourne Renegades,SB Harper,AJ Finch,WA Agar,2,0,"",""
ball,2,1.8,Melbourne Renegades,SB Harper,AJ Finch,WA Agar,2,0,"",""
ball,2,2.1,Melbourne Renegades,AJ Finch,SB Harper,PM Siddle,1,0,"",""
ball,2,2.2,Melbourne Renegades,SB Harper,AJ Finch,PM Siddle,0,0,"",""
ball,2,2.3,Melbourne Renegades,SB Harper,AJ Finch,PM Siddle,0,0,"",""
ball,2,2.4,Melbourne Renegades,SB Harper,AJ Finch,PM Siddle,0,0,"",""
ball,2,2.5,Melbourne Renegades,SB Harper,AJ Finch,PM Siddle,2,0,"",""
ball,2,2.6,Melbourne Renegades,SB Harper,AJ Finch,PM Siddle,0,0,"",""
ball,2,3.1,Melbourne Renegades,AJ Finch,SB Harper,WA Agar,0,0,"",""
ball,2,3.2,Melbourne Renegades,AJ Finch,SB Harper,WA Agar,0,1,"",""
ball,2,3.3,Melbourne Renegades,SB Harper,AJ Finch,WA Agar,0,0,caught,SB Harper
ball,2,3.4,Melbourne Renegades,AJ Finch,SE Marsh,WA Agar,0,0,"",""
ball,2,3.5,Melbourne Renegades,AJ Finch,SE Marsh,WA Agar,4,0,"",""
ball,2,3.6,Melbourne Renegades,AJ Finch,SE Marsh,WA Agar,1,0,"",""
ball,2,4.1,Melbourne Renegades,AJ Finch,SE Marsh,B Stanlake,0,0,"",""
ball,2,4.2,Melbourne Renegades,AJ Finch,SE Marsh,B Stanlake,1,0,"",""
ball,2,4.3,Melbourne Renegades,SE Marsh,AJ Finch,B Stanlake,0,0,"",""
ball,2,4.4,Melbourne Renegades,SE Marsh,AJ Finch,B Stanlake,0,1,"",""
ball,2,4.5,Melbourne Renegades,AJ Finch,SE Marsh,B Stanlake,0,0,"",""
ball,2,4.6,Melbourne Renegades,AJ Finch,SE Marsh,B Stanlake,3,0,"",""
ball,2,5.1,Melbourne Renegades,AJ Finch,SE Marsh,PM Siddle,1,0,"",""
ball,2,5.2,Melbourne Renegades,SE Marsh,AJ Finch,PM Siddle,0,0,"",""
ball,2,5.3,Melbourne Renegades,SE Marsh,AJ Finch,PM Siddle,1,0,"",""
ball,2,5.4,Melbourne Renegades,AJ Finch,SE Marsh,PM Siddle,1,0,"",""
ball,2,5.5,Melbourne Renegades,SE Marsh,AJ Finch,PM Siddle,0,0,"",""
ball,2,5.6,Melbourne Renegades,SE Marsh,AJ Finch,PM Siddle,4,0,"",""
ball,2,6.1,Melbourne Renegades,AJ Finch,SE Marsh,B Stanlake,1,0,"",""
ball,2,6.2,Melbourne Renegades,SE Marsh,AJ Finch,B Stanlake,2,0,"",""
ball,2,6.3,Melbourne Renegades,SE Marsh,AJ Finch,B Stanlake,0,0,"",""
ball,2,6.4,Melbourne Renegades,SE Marsh,AJ Finch,B Stanlake,1,0,"",""
ball,2,6.5,Melbourne Renegades,AJ Finch,SE Marsh,B Stanlake,2,0,"",""
ball,2,6.6,Melbourne Renegades,AJ Finch,SE Marsh,B Stanlake,0,0,"",""
ball,2,7.1,Melbourne Renegades,SE Marsh,AJ Finch,C Valente,1,0,"",""
ball,2,7.2,Melbourne Renegades,AJ Finch,SE Marsh,C Valente,2,0,"",""
ball,2,7.3,Melbourne Renegades,AJ Finch,SE Marsh,C Valente,1,0,"",""
ball,2,7.4,Melbourne Renegades,SE Marsh,AJ Finch,C Valente,3,0,"",""
ball,2,7.5,Melbourne Renegades,AJ Finch,SE Marsh,C Valente,1,0,"",""
ball,2,7.6,Melbourne Renegades,SE Marsh,AJ Finch,C Valente,1,0,"",""
ball,2,8.1,Melbourne Renegades,SE Marsh,AJ Finch,Rashid Khan,0,0,"",""
ball,2,8.2,Melbourne Renegades,SE Marsh,AJ Finch,Rashid Khan,1,0,"",""
ball,2,8.3,Melbourne Renegades,AJ Finch,SE Marsh,Rashid Khan,0,0,"",""
ball,2,8.4,Melbourne Renegades,AJ Finch,SE Marsh,Rashid Khan,1,0,"",""
ball,2,8.5,Melbourne Renegades,SE Marsh,AJ Finch,Rashid Khan,1,0,"",""
ball,2,8.6,Melbourne Renegades,AJ Finch,SE Marsh,Rashid Khan,1,0,"",""
ball,2,9.1,Melbourne Renegades,AJ Finch,SE Marsh,C Valente,0,0,"",""
ball,2,9.2,Melbourne Renegades,AJ Finch,SE Marsh,C Valente,1,0,"",""
ball,2,9.3,Melbourne Renegades,SE Marsh,AJ Finch,C Valente,1,0,"",""
ball,2,9.4,Melbourne Renegades,AJ Finch,SE Marsh,C Valente,2,0,"",""
ball,2,9.5,Melbourne Renegades,AJ Finch,SE Marsh,C Valente,6,0,"",""
ball,2,9.6,Melbourne Renegades,AJ Finch,SE Marsh,C Valente,3,0,"",""
ball,2,10.1,Melbourne Renegades,AJ Finch,SE Marsh,Rashid Khan,1,0,"",""
ball,2,10.2,Melbourne Renegades,SE Marsh,AJ Finch,Rashid Khan,0,0,bowled,SE Marsh
ball,2,10.3,Melbourne Renegades,MS Harris,AJ Finch,Rashid Khan,0,0,"",""
ball,2,10.4,Melbourne Renegades,MS Harris,AJ Finch,Rashid Khan,1,0,"",""
ball,2,10.5,Melbourne Renegades,AJ Finch,MS Harris,Rashid Khan,0,0,"",""
ball,2,10.6,Melbourne Renegades,AJ Finch,MS Harris,Rashid Khan,1,0,"",""
ball,2,11.1,Melbourne Renegades,AJ Finch,MS Harris,B Stanlake,2,0,"",""
ball,2,11.2,Melbourne Renegades,AJ Finch,MS Harris,B Stanlake,2,0,"",""
ball,2,11.3,Melbourne Renegades,AJ Finch,MS Harris,B Stanlake,2,0,"",""
ball,2,11.4,Melbourne Renegades,AJ Finch,MS Harris,B Stanlake,1,0,"",""
ball,2,11.5,Melbourne Renegades,MS Harris,AJ Finch,B Stanlake,2,0,"",""
ball,2,11.6,Melbourne Renegades,MS Harris,AJ Finch,B Stanlake,4,0,"",""
ball,2,12.1,Melbourne Renegades,AJ Finch,MS Harris,WA Agar,2,0,"",""
ball,2,12.2,Melbourne Renegades,AJ Finch,MS Harris,WA Agar,0,0,run out,AJ Finch
ball,2,12.3,Melbourne Renegades,MS Harris,BJ Webster,WA Agar,0,0,caught,MS Harris
ball,2,12.4,Melbourne Renegades,BJ Webster,DT Christian,WA Agar,0,0,"",""
ball,2,12.5,Melbourne Renegades,BJ Webster,DT Christian,WA Agar,1,0,"",""
ball,2,12.6,Melbourne Renegades,DT Christian,BJ Webster,WA Agar,0,0,run out,DT Christian
ball,2,13.1,Melbourne Renegades,W Sutherland,BJ Webster,C Valente,0,0,"",""
ball,2,13.2,Melbourne Renegades,W Sutherland,BJ Webster,C Valente,1,0,"",""
ball,2,13.3,Melbourne Renegades,BJ Webster,W Sutherland,C Valente,0,0,"",""
ball,2,13.4,Melbourne Renegades,BJ Webster,W Sutherland,C Valente,2,0,"",""
ball,2,13.5,Melbourne Renegades,BJ Webster,W Sutherland,C Valente,6,0,"",""
ball,2,13.6,Melbourne Renegades,BJ Webster,W Sutherland,C Valente,1,0,"",""
ball,2,14.1,Melbourne Renegades,BJ Webster,W Sutherland,Rashid Khan,1,0,"",""
ball,2,14.2,Melbourne Renegades,W Sutherland,BJ Webster,Rashid Khan,0,0,"",""
ball,2,14.3,Melbourne Renegades,W Sutherland,BJ Webster,Rashid Khan,0,0,bowled,W Sutherland
ball,2,14.4,Melbourne Renegades,CJ Boyce,BJ Webster,Rashid Khan,0,0,"",""
ball,2,14.5,Melbourne Renegades,CJ Boyce,BJ Webster,Rashid Khan,1,0,"",""
ball,2,14.6,Melbourne Renegades,BJ Webster,CJ Boyce,Rashid Khan,0,0,"",""
ball,2,15.1,Melbourne Renegades,CJ Boyce,BJ Webster,PM Siddle,2,0,"",""
ball,2,15.2,Melbourne Renegades,CJ Boyce,BJ Webster,PM Siddle,1,0,"",""
ball,2,15.3,Melbourne Renegades,BJ Webster,CJ Boyce,PM Siddle,0,0,"",""
ball,2,15.4,Melbourne Renegades,BJ Webster,CJ Boyce,PM Siddle,4,0,"",""
ball,2,15.5,Melbourne Renegades,BJ Webster,CJ Boyce,PM Siddle,0,1,"",""
ball,2,15.6,Melbourne Renegades,CJ Boyce,BJ Webster,PM Siddle,1,0,"",""
ball,2,16.1,Melbourne Renegades,CJ Boyce,BJ Webster,Rashid Khan,1,0,"",""
ball,2,16.2,Melbourne Renegades,BJ Webster,CJ Boyce,Rashid Khan,2,0,"",""
ball,2,16.3,Melbourne Renegades,BJ Webster,CJ Boyce,Rashid Khan,1,0,"",""
ball,2,16.4,Melbourne Renegades,CJ Boyce,BJ Webster,Rashid Khan,1,0,"",""
ball,2,16.5,Melbourne Renegades,BJ Webster,CJ Boyce,Rashid Khan,0,0,"",""
ball,2,16.6,Melbourne Renegades,BJ Webster,CJ Boyce,Rashid Khan,1,0,"",""
ball,2,17.1,Melbourne Renegades,BJ Webster,CJ Boyce,PM Siddle,1,0,"",""
ball,2,17.2,Melbourne Renegades,CJ Boyce,BJ Webster,PM Siddle,1,0,"",""
ball,2,17.3,Melbourne Renegades,BJ Webster,CJ Boyce,PM Siddle,4,0,"",""
ball,2,17.4,Melbourne Renegades,BJ Webster,CJ Boyce,PM Siddle,6,0,"",""
ball,2,17.5,Melbourne Renegades,BJ Webster,CJ Boyce,PM Siddle,2,0,"",""
ball,2,17.6,Melbourne Renegades,BJ Webster,CJ Boyce,PM Siddle,0,0,"",""
ball,2,18.1,Melbourne Renegades,CJ Boyce,BJ Webster,WA Agar,0,0,"",""
ball,2,18.2,Melbourne Renegades,CJ Boyce,BJ Webster,WA Agar,1,0,"",""
ball,2,18.3,Melbourne Renegades,BJ Webster,CJ Boyce,WA Agar,1,0,"",""
ball,2,18.4,Melbourne Renegades,CJ Boyce,BJ Webster,WA Agar,1,0,"",""
ball,2,18.5,Melbourne Renegades,BJ Webster,CJ Boyce,WA Agar,0,0,"",""
ball,2,18.6,Melbourne Renegades,BJ Webster,CJ Boyce,WA Agar,0,0,"",""
ball,2,19.1,Melbourne Renegades,CJ Boyce,BJ Webster,C Valente,0,0,bowled,CJ Boyce
ball,2,19.2,Melbourne Renegades,KW Richardson,BJ Webster,C Valente,1,0,"",""
ball,2,19.3,Melbourne Renegades,BJ Webster,KW Richardson,C Valente,0,0,"",""
ball,2,19.4,Melbourne Renegades,BJ Webster,KW Richardson,C Valente,2,0,"",""
ball,2,19.5,Melbourne Renegades,BJ Webster,KW Richardson,C Valente,1,0,"",""
ball,2,19.6,Melbourne Renegades,KW Richardson,BJ Webster,C Valente,0,0,caught,KW Richardson
