version,1.3.0
info,team,Hobart Hurricanes
info,team,Sydney Sixers
info,gender,male
info,season,2019/20
info,date,2019/12/20
info,competition,Big Bash League
info,match_number,4
info,venue,Traeger Park
info,city,Alice Springs
info,toss_winner,Hobart Hurricanes
info,toss_decision,bat
info,player_of_match,Qais Ahmad
info,umpire,DR Close
info,umpire,AK Wilds
info,reserve_umpire,Harsimran Singh
info,tv_umpire,GC Joshua
info,match_referee,SR Bernard
info,winner,Hobart Hurricanes
info,winner_runs,25
ball,1,0.1,Hobart Hurricanes,DJM Short,CP Jewell,BJ Dwarshuis,0,0,"",""
ball,1,0.2,Hobart Hurricanes,DJM Short,CP Jewell,BJ Dwarshuis,3,0,"",""
ball,1,0.3,Hobart Hurricanes,CP Jewell,DJM Short,BJ Dwarshuis,0,0,"",""
ball,1,0.4,Hobart Hurricanes,CP Jewell,DJM Short,BJ Dwarshuis,0,0,"",""
ball,1,0.5,Hobart Hurricanes,CP Jewell,DJM Short,BJ Dwarshuis,0,0,"",""
ball,1,0.6,Hobart Hurricanes,CP Jewell,DJM Short,BJ Dwarshuis,2,0,"",""
ball,1,1.1,Hobart Hurricanes,DJM Short,CP Jewell,BAD Manenti,0,0,"",""
ball,1,1.2,Hobart Hurricanes,DJM Short,CP Jewell,BAD Manenti,6,0,"",""
ball,1,1.3,Hobart Hurricanes,DJM Short,CP Jewell,BAD Manenti,0,0,"",""
ball,1,1.4,Hobart Hurricanes,DJM Short,CP Jewell,BAD Manenti,0,0,"",""
ball,1,1.5,Hobart Hurricanes,DJM Short,CP Jewell,BAD Manenti,0,0,"",""
ball,1,1.6,Hobart Hurricanes,DJM Short,CP Jewell,BAD Manenti,4,0,"",""
ball,1,2.1,Hobart Hurricanes,CP Jewell,DJM Short,TK Curran,1,0,"",""
ball,1,2.2,Hobart Hurricanes,DJM Short,CP Jewell,TK Curran,0,0,"",""
ball,1,2.3,Hobart Hurricanes,DJM Short,CP Jewell,TK Curran,0,0,"",""
ball,1,2.4,Hobart Hurricanes,DJM Short,CP Jewell,TK Curran,0,0,"",""
ball,1,2.5,Hobart Hurricanes,DJM Short,CP Jewell,TK Curran,0,0,"",""
ball,1,2.6,Hobart Hurricanes,DJM Short,CP Jewell,TK Curran,1,0,"",""
ball,1,3.1,Hobart Hurricanes,DJM Short,CP Jewell,BJ Dwarshuis,0,0,"",""
ball,1,3.2,Hobart Hurricanes,DJM Short,CP Jewell,BJ Dwarshuis,1,0,"",""
ball,1,3.3,Hobart Hurricanes,CP Jewell,DJM Short,BJ Dwarshuis,0,0,"",""
ball,1,3.4,Hobart Hurricanes,CP Jewell,DJM Short,BJ Dwarshuis,0,0,"",""
ball,1,3.5,Hobart Hurricanes,CP Jewell,DJM Short,BJ Dwarshuis,1,0,"",""
ball,1,3.6,Hobart Hurricanes,DJM Short,CP Jewell,BJ Dwarshuis,0,5,"",""
ball,1,3.7,Hobart Hurricanes,DJM Short,CP Jewell,BJ Dwarshuis,1,0,"",""
ball,1,4.1,Hobart Hurricanes,DJM Short,CP Jewell,SA Abbott,1,0,"",""
ball,1,4.2,Hobart Hurricanes,CP Jewell,DJM Short,SA Abbott,0,0,"",""
ball,1,4.3,Hobart Hurricanes,CP Jewell,DJM Short,SA Abbott,0,0,caught,CP Jewell
ball,1,4.4,Hobart Hurricanes,DJM Short,BR McDermott,SA Abbott,1,0,"",""
ball,1,4.5,Hobart Hurricanes,BR McDermott,DJM Short,SA Abbott,0,0,"",""
ball,1,4.6,Hobart Hurricanes,BR McDermott,DJM Short,SA Abbott,1,0,"",""
ball,1,5.1,Hobart Hurricanes,BR McDermott,DJM Short,TK Curran,0,0,"",""
ball,1,5.2,Hobart Hurricanes,BR McDermott,DJM Short,TK Curran,1,0,"",""
ball,1,5.3,Hobart Hurricanes,DJM Short,BR McDermott,TK Curran,2,0,"",""
ball,1,5.4,Hobart Hurricanes,DJM Short,BR McDermott,TK Curran,0,0,"",""
ball,1,5.5,Hobart Hurricanes,DJM Short,BR McDermott,TK Curran,0,5,"",""
ball,1,5.6,Hobart Hurricanes,DJM Short,BR McDermott,TK Curran,4,0,"",""
ball,1,5.7,Hobart Hurricanes,DJM Short,BR McDermott,TK Curran,4,0,"",""
ball,1,6.1,Hobart Hurricanes,BR McDermott,DJM Short,H Kerr,1,0,"",""
ball,1,6.2,Hobart Hurricanes,DJM Short,BR McDermott,H Kerr,0,0,"",""
ball,1,6.3,Hobart Hurricanes,DJM Short,BR McDermott,H Kerr,1,0,"",""
ball,1,6.4,Hobart Hurricanes,BR McDermott,DJM Short,H Kerr,0,0,"",""
ball,1,6.5,Hobart Hurricanes,BR McDermott,DJM Short,H Kerr,2,0,"",""
ball,1,6.6,Hobart Hurricanes,BR McDermott,DJM Short,H Kerr,0,0,"",""
ball,1,7.1,Hobart Hurricanes,DJM Short,BR McDermott,L Pope,4,0,"",""
ball,1,7.2,Hobart Hurricanes,DJM Short,BR McDermott,L Pope,1,0,"",""
ball,1,7.3,Hobart Hurricanes,BR McDermott,DJM Short,L Pope,1,0,"",""
ball,1,7.4,Hobart Hurricanes,DJM Short,BR McDermott,L Pope,1,0,"",""
ball,1,7.5,Hobart Hurricanes,BR McDermott,DJM Short,L Pope,0,0,"",""
ball,1,7.6,Hobart Hurricanes,BR McDermott,DJM Short,L Pope,1,0,"",""
ball,1,8.1,Hobart Hurricanes,BR McDermott,DJM Short,H Kerr,1,0,"",""
ball,1,8.2,Hobart Hurricanes,DJM Short,BR McDermott,H Kerr,4,0,"",""
ball,1,8.3,Hobart Hurricanes,DJM Short,BR McDermott,H Kerr,1,0,"",""
ball,1,8.4,Hobart Hurricanes,BR McDermott,DJM Short,H Kerr,1,0,"",""
ball,1,8.5,Hobart Hurricanes,DJM Short,BR McDermott,H Kerr,1,0,"",""
ball,1,8.6,Hobart Hurricanes,BR McDermott,DJM Short,H Kerr,1,0,"",""
ball,1,9.1,Hobart Hurricanes,BR McDermott,DJM Short,SA Abbott,0,0,"",""
ball,1,9.2,Hobart Hurricanes,BR McDermott,DJM Short,SA Abbott,2,0,"",""
ball,1,9.3,Hobart Hurricanes,BR McDermott,DJM Short,SA Abbott,1,0,"",""
ball,1,9.4,Hobart Hurricanes,DJM Short,BR McDermott,SA Abbott,2,0,"",""
ball,1,9.5,Hobart Hurricanes,DJM Short,BR McDermott,SA Abbott,1,0,"",""
ball,1,9.6,Hobart Hurricanes,BR McDermott,DJM Short,SA Abbott,1,0,"",""
ball,1,10.1,Hobart Hurricanes,BR McDermott,DJM Short,BAD Manenti,1,0,"",""
ball,1,10.2,Hobart Hurricanes,DJM Short,BR McDermott,BAD Manenti,2,0,"",""
ball,1,10.3,Hobart Hurricanes,DJM Short,BR McDermott,BAD Manenti,1,0,"",""
ball,1,10.4,Hobart Hurricanes,BR McDermott,DJM Short,BAD Manenti,0,0,caught,BR McDermott
ball,1,10.5,Hobart Hurricanes,DA Miller,DJM Short,BAD Manenti,0,0,"",""
ball,1,10.6,Hobart Hurricanes,DA Miller,DJM Short,BAD Manenti,0,0,"",""
ball,1,11.1,Hobart Hurricanes,DJM Short,DA Miller,MC Henriques,1,0,"",""
ball,1,11.2,Hobart Hurricanes,DA Miller,DJM Short,MC Henriques,1,0,"",""
ball,1,11.3,Hobart Hurricanes,DJM Short,DA Miller,MC Henriques,1,0,"",""
ball,1,11.4,Hobart Hurricanes,DA Miller,DJM Short,MC Henriques,1,0,"",""
ball,1,11.5,Hobart Hurricanes,DJM Short,DA Miller,MC Henriques,0,0,"",""
ball,1,11.6,Hobart Hurricanes,DJM Short,DA Miller,MC Henriques,1,0,"",""
ball,1,12.1,Hobart Hurricanes,DJM Short,DA Miller,BAD Manenti,0,1,"",""
ball,1,12.2,Hobart Hurricanes,DJM Short,DA Miller,BAD Manenti,1,0,"",""
ball,1,12.3,Hobart Hurricanes,DA Miller,DJM Short,BAD Manenti,1,0,"",""
ball,1,12.4,Hobart Hurricanes,DJM Short,DA Miller,BAD Manenti,0,0,caught,DJM Short
ball,1,12.5,Hobart Hurricanes,GJ Bailey,DA Miller,BAD Manenti,1,0,"",""
ball,1,12.6,Hobart Hurricanes,DA Miller,GJ Bailey,BAD Manenti,1,0,"",""
ball,1,12.7,Hobart Hurricanes,GJ Bailey,DA Miller,BAD Manenti,0,0,"",""
ball,1,13.1,Hobart Hurricanes,DA Miller,GJ Bailey,TK Curran,1,0,"",""
ball,1,13.2,Hobart Hurricanes,GJ Bailey,DA Miller,TK Curran,0,0,"",""
ball,1,13.3,Hobart Hurricanes,GJ Bailey,DA Miller,TK Curran,1,0,"",""
ball,1,13.4,Hobart Hurricanes,DA Miller,GJ Bailey,TK Curran,2,0,"",""
ball,1,13.5,Hobart Hurricanes,DA Miller,GJ Bailey,TK Curran,1,0,"",""
ball,1,13.6,Hobart Hurricanes,GJ Bailey,DA Miller,TK Curran,0,0,"",""
ball,1,14.1,Hobart Hurricanes,DA Miller,GJ Bailey,BAD Manenti,1,0,"",""
ball,1,14.2,Hobart Hurricanes,GJ Bailey,DA Miller,BAD Manenti,6,0,"",""
ball,1,14.3,Hobart Hurricanes,GJ Bailey,DA Miller,BAD Manenti,0,0,"",""
ball,1,14.4,Hobart Hurricanes,GJ Bailey,DA Miller,BAD Manenti,0,0,"",""
ball,1,14.5,Hobart Hurricanes,GJ Bailey,DA Miller,BAD Manenti,1,0,"",""
ball,1,14.6,Hobart Hurricanes,DA Miller,GJ Bailey,BAD Manenti,1,0,"",""
ball,1,15.1,Hobart Hurricanes,DA Miller,GJ Bailey,SA Abbott,1,0,"",""
ball,1,15.2,Hobart Hurricanes,GJ Bailey,DA Miller,SA Abbott,2,0,"",""
ball,1,15.3,Hobart Hurricanes,GJ Bailey,DA Miller,SA Abbott,0,0,"",""
ball,1,15.4,Hobart Hurricanes,GJ Bailey,DA Miller,SA Abbott,1,0,"",""
ball,1,15.5,Hobart Hurricanes,DA Miller,GJ Bailey,SA Abbott,0,0,"",""
ball,1,15.6,Hobart Hurricanes,DA Miller,GJ Bailey,SA Abbott,2,0,"",""
ball,1,16.1,Hobart Hurricanes,GJ Bailey,DA Miller,BJ Dwarshuis,0,0,caught,GJ Bailey
ball,1,16.2,Hobart Hurricanes,S Milenko,DA Miller,BJ Dwarshuis,1,0,"",""
ball,1,16.3,Hobart Hurricanes,DA Miller,S Milenko,BJ Dwarshuis,1,0,"",""
ball,1,16.4,Hobart Hurricanes,S Milenko,DA Miller,BJ Dwarshuis,4,0,"",""
ball,1,16.5,Hobart Hurricanes,S Milenko,DA Miller,BJ Dwarshuis,1,0,"",""
ball,1,16.6,Hobart Hurricanes,DA Miller,S Milenko,BJ Dwarshuis,0,0,"",""
ball,1,17.1,Hobart Hurricanes,S Milenko,DA Miller,SA Abbott,0,0,caught,S Milenko
ball,1,17.2,Hobart Hurricanes,DA Miller,JP Faulkner,SA Abbott,1,0,"",""
ball,1,17.3,Hobart Hurricanes,JP Faulkner,DA Miller,SA Abbott,1,0,"",""
ball,1,17.4,Hobart Hurricanes,DA Miller,JP Faulkner,SA Abbott,1,0,"",""
ball,1,17.5,Hobart Hurricanes,JP Faulkner,DA Miller,SA Abbott,0,0,lbw,JP Faulkner
ball,1,17.6,Hobart Hurricanes,NT Ellis,DA Miller,SA Abbott,1,0,"",""
ball,1,18.1,Hobart Hurricanes,NT Ellis,DA Miller,BJ Dwarshuis,0,0,"",""
ball,1,18.2,Hobart Hurricanes,NT Ellis,DA Miller,BJ Dwarshuis,1,0,"",""
ball,1,18.3,Hobart Hurricanes,DA Miller,NT Ellis,BJ Dwarshuis,0,0,caught,DA Miller
ball,1,18.4,Hobart Hurricanes,Qais Ahmad,NT Ellis,BJ Dwarshuis,2,0,"",""
ball,1,18.5,Hobart Hurricanes,Qais Ahmad,NT Ellis,BJ Dwarshuis,1,0,"",""
ball,1,18.6,Hobart Hurricanes,NT Ellis,Qais Ahmad,BJ Dwarshuis,1,0,"",""
ball,1,19.1,Hobart Hurricanes,NT Ellis,Qais Ahmad,TK Curran,2,0,"",""
ball,1,19.2,Hobart Hurricanes,NT Ellis,Qais Ahmad,TK Curran,1,0,"",""
ball,1,19.3,Hobart Hurricanes,Qais Ahmad,NT Ellis,TK Curran,0,0,"",""
ball,1,19.4,Hobart Hurricanes,Qais Ahmad,NT Ellis,TK Curran,4,0,"",""
ball,1,19.5,Hobart Hurricanes,Qais Ahmad,NT Ellis,TK Curran,0,0,bowled,Qais Ahmad
ball,1,19.6,Hobart Hurricanes,CA Rose,NT Ellis,TK Curran,0,0,caught,CA Rose
ball,2,0.1,Sydney Sixers,DP Hughes,JR Philippe,JP Faulkner,0,1,"",""
ball,2,0.2,Sydney Sixers,DP Hughes,JR Philippe,JP Faulkner,1,0,"",""
ball,2,0.3,Sydney Sixers,JR Philippe,DP Hughes,JP Faulkner,1,0,"",""
ball,2,0.4,Sydney Sixers,DP Hughes,JR Philippe,JP Faulkner,0,0,"",""
ball,2,0.5,Sydney Sixers,DP Hughes,JR Philippe,JP Faulkner,1,0,"",""
ball,2,0.6,Sydney Sixers,JR Philippe,DP Hughes,JP Faulkner,1,0,"",""
ball,2,0.7,Sydney Sixers,DP Hughes,JR Philippe,JP Faulkner,0,0,run out,DP Hughes
ball,2,1.1,Sydney Sixers,JM Vince,JR Philippe,CA Rose,0,0,"",""
ball,2,1.2,Sydney Sixers,JM Vince,JR Philippe,CA Rose,0,0,"",""
ball,2,1.3,Sydney Sixers,JM Vince,JR Philippe,CA Rose,6,0,"",""
ball,2,1.4,Sydney Sixers,JM Vince,JR Philippe,CA Rose,6,0,"",""
ball,2,1.5,Sydney Sixers,JM Vince,JR Philippe,CA Rose,2,0,"",""
ball,2,1.6,Sydney Sixers,JM Vince,JR Philippe,CA Rose,1,0,"",""
ball,2,2.1,Sydney Sixers,JM Vince,JR Philippe,JP Faulkner,0,0,"",""
ball,2,2.2,Sydney Sixers,JM Vince,JR Philippe,JP Faulkner,1,0,"",""
ball,2,2.3,Sydney Sixers,JR Philippe,JM Vince,JP Faulkner,0,0,"",""
ball,2,2.4,Sydney Sixers,JR Philippe,JM Vince,JP Faulkner,0,4,"",""
ball,2,2.5,Sydney Sixers,JR Philippe,JM Vince,JP Faulkner,2,0,"",""
ball,2,2.6,Sydney Sixers,JR Philippe,JM Vince,JP Faulkner,1,0,"",""
ball,2,3.1,Sydney Sixers,JR Philippe,JM Vince,S Milenko,0,0,"",""
ball,2,3.2,Sydney Sixers,JR Philippe,JM Vince,S Milenko,6,0,"",""
ball,2,3.3,Sydney Sixers,JR Philippe,JM Vince,S Milenko,0,0,"",""
ball,2,3.4,Sydney Sixers,JR Philippe,JM Vince,S Milenko,0,0,"",""
ball,2,3.5,Sydney Sixers,JR Philippe,JM Vince,S Milenko,2,0,"",""
ball,2,3.6,Sydney Sixers,JR Philippe,JM Vince,S Milenko,1,0,"",""
ball,2,4.1,Sydney Sixers,JR Philippe,JM Vince,RP Meredith,1,0,"",""
ball,2,4.2,Sydney Sixers,JM Vince,JR Philippe,RP Meredith,0,0,"",""
ball,2,4.3,Sydney Sixers,JM Vince,JR Philippe,RP Meredith,1,0,"",""
ball,2,4.4,Sydney Sixers,JR Philippe,JM Vince,RP Meredith,1,0,"",""
ball,2,4.5,Sydney Sixers,JM Vince,JR Philippe,RP Meredith,0,0,"",""
ball,2,4.6,Sydney Sixers,JM Vince,JR Philippe,RP Meredith,0,0,"",""
ball,2,5.1,Sydney Sixers,JR Philippe,JM Vince,NT Ellis,4,0,"",""
ball,2,5.2,Sydney Sixers,JR Philippe,JM Vince,NT Ellis,0,0,"",""
ball,2,5.3,Sydney Sixers,JR Philippe,JM Vince,NT Ellis,1,0,"",""
ball,2,5.4,Sydney Sixers,JM Vince,JR Philippe,NT Ellis,1,0,"",""
ball,2,5.5,Sydney Sixers,JR Philippe,JM Vince,NT Ellis,0,1,"",""
ball,2,5.6,Sydney Sixers,JM Vince,JR Philippe,NT Ellis,0,0,"",""
ball,2,6.1,Sydney Sixers,JR Philippe,JM Vince,RP Meredith,1,0,"",""
ball,2,6.2,Sydney Sixers,JM Vince,JR Philippe,RP Meredith,0,0,bowled,JM Vince
ball,2,6.3,Sydney Sixers,MC Henriques,JR Philippe,RP Meredith,0,1,"",""
ball,2,6.4,Sydney Sixers,MC Henriques,JR Philippe,RP Meredith,1,0,"",""
ball,2,6.5,Sydney Sixers,JR Philippe,MC Henriques,RP Meredith,1,0,"",""
ball,2,6.6,Sydney Sixers,MC Henriques,JR Philippe,RP Meredith,0,0,"",""
ball,2,6.7,Sydney Sixers,MC Henriques,JR Philippe,RP Meredith,1,0,"",""
ball,2,7.1,Sydney Sixers,MC Henriques,JR Philippe,Qais Ahmad,0,0,"",""
ball,2,7.2,Sydney Sixers,MC Henriques,JR Philippe,Qais Ahmad,0,0,caught,MC Henriques
ball,2,7.3,Sydney Sixers,JC Silk,JR Philippe,Qais Ahmad,1,0,"",""
ball,2,7.4,Sydney Sixers,JR Philippe,JC Silk,Qais Ahmad,1,0,"",""
ball,2,7.5,Sydney Sixers,JC Silk,JR Philippe,Qais Ahmad,0,0,"",""
ball,2,7.6,Sydney Sixers,JC Silk,JR Philippe,Qais Ahmad,1,0,"",""
ball,2,8.1,Sydney Sixers,JC Silk,JR Philippe,S Milenko,1,0,"",""
ball,2,8.2,Sydney Sixers,JR Philippe,JC Silk,S Milenko,0,0,caught,JR Philippe
ball,2,8.3,Sydney Sixers,H Kerr,JC Silk,S Milenko,2,0,"",""
ball,2,8.4,Sydney Sixers,H Kerr,JC Silk,S Milenko,0,0,"",""
ball,2,8.5,Sydney Sixers,H Kerr,JC Silk,S Milenko,0,0,lbw,H Kerr
ball,2,8.6,Sydney Sixers,TK Curran,JC Silk,S Milenko,1,0,"",""
ball,2,9.1,Sydney Sixers,TK Curran,JC Silk,Qais Ahmad,0,0,bowled,TK Curran
ball,2,9.2,Sydney Sixers,SA Abbott,JC Silk,Qais Ahmad,0,0,stumped,SA Abbott
ball,2,9.3,Sydney Sixers,BJ Dwarshuis,JC Silk,Qais Ahmad,2,0,"",""
ball,2,9.4,Sydney Sixers,BJ Dwarshuis,JC Silk,Qais Ahmad,0,0,bowled,BJ Dwarshuis
ball,2,9.5,Sydney Sixers,BAD Manenti,JC Silk,Qais Ahmad,0,0,"",""
ball,2,9.6,Sydney Sixers,BAD Manenti,JC Silk,Qais Ahmad,0,0,"",""
ball,2,10.1,Sydney Sixers,JC Silk,BAD Manenti,RP Meredith,1,0,"",""
ball,2,10.2,Sydney Sixers,BAD Manenti,JC Silk,RP Meredith,0,0,"",""
ball,2,10.3,Sydney Sixers,BAD Manenti,JC Silk,RP Meredith,0,0,"",""
ball,2,10.4,Sydney Sixers,BAD Manenti,JC Silk,RP Meredith,0,0,"",""
ball,2,10.5,Sydney Sixers,BAD Manenti,JC Silk,RP Meredith,0,0,"",""
ball,2,10.6,Sydney Sixers,BAD Manenti,JC Silk,RP Meredith,0,0,"",""
ball,2,11.1,Sydney Sixers,JC Silk,BAD Manenti,Qais Ahmad,2,0,"",""
ball,2,11.2,Sydney Sixers,JC Silk,BAD Manenti,Qais Ahmad,0,0,"",""
ball,2,11.3,Sydney Sixers,JC Silk,BAD Manenti,Qais Ahmad,0,0,"",""
ball,2,11.4,Sydney Sixers,JC Silk,BAD Manenti,Qais Ahmad,2,0,"",""
ball,2,11.5,Sydney Sixers,JC Silk,BAD Manenti,Qais Ahmad,1,0,"",""
ball,2,11.6,Sydney Sixers,BAD Manenti,JC Silk,Qais Ahmad,0,1,"",""
ball,2,11.7,Sydney Sixers,BAD Manenti,JC Silk,Qais Ahmad,0,0,"",""
ball,2,12.1,Sydney Sixers,JC Silk,BAD Manenti,RP Meredith,0,0,"",""
ball,2,12.2,Sydney Sixers,JC Silk,BAD Manenti,RP Meredith,0,0,"",""
ball,2,12.3,Sydney Sixers,JC Silk,BAD Manenti,RP Meredith,0,0,"",""
ball,2,12.4,Sydney Sixers,JC Silk,BAD Manenti,RP Meredith,1,0,"",""
ball,2,12.5,Sydney Sixers,BAD Manenti,JC Silk,RP Meredith,0,0,"",""
ball,2,12.6,Sydney Sixers,BAD Manenti,JC Silk,RP Meredith,0,0,"",""
ball,2,13.1,Sydney Sixers,JC Silk,BAD Manenti,Qais Ahmad,0,0,"",""
ball,2,13.2,Sydney Sixers,JC Silk,BAD Manenti,Qais Ahmad,0,0,"",""
ball,2,13.3,Sydney Sixers,JC Silk,BAD Manenti,Qais Ahmad,0,0,"",""
ball,2,13.4,Sydney Sixers,JC Silk,BAD Manenti,Qais Ahmad,1,0,"",""
ball,2,13.5,Sydney Sixers,BAD Manenti,JC Silk,Qais Ahmad,0,0,"",""
ball,2,13.6,Sydney Sixers,BAD Manenti,JC Silk,Qais Ahmad,0,0,"",""
ball,2,14.1,Sydney Sixers,JC Silk,BAD Manenti,S Milenko,2,0,"",""
ball,2,14.2,Sydney Sixers,JC Silk,BAD Manenti,S Milenko,1,0,"",""
ball,2,14.3,Sydney Sixers,BAD Manenti,JC Silk,S Milenko,2,0,"",""
ball,2,14.4,Sydney Sixers,BAD Manenti,JC Silk,S Milenko,0,0,"",""
ball,2,14.5,Sydney Sixers,BAD Manenti,JC Silk,S Milenko,1,0,"",""
ball,2,14.6,Sydney Sixers,JC Silk,BAD Manenti,S Milenko,0,0,"",""
ball,2,15.1,Sydney Sixers,BAD Manenti,JC Silk,NT Ellis,1,0,"",""
ball,2,15.2,Sydney Sixers,JC Silk,BAD Manenti,NT Ellis,1,0,"",""
ball,2,15.3,Sydney Sixers,BAD Manenti,JC Silk,NT Ellis,2,0,"",""
ball,2,15.4,Sydney Sixers,BAD Manenti,JC Silk,NT Ellis,1,0,"",""
ball,2,15.5,Sydney Sixers,JC Silk,BAD Manenti,NT Ellis,1,0,"",""
ball,2,15.6,Sydney Sixers,BAD Manenti,JC Silk,NT Ellis,2,0,"",""
ball,2,16.1,Sydney Sixers,JC Silk,BAD Manenti,S Milenko,0,0,"",""
ball,2,16.2,Sydney Sixers,JC Silk,BAD Manenti,S Milenko,1,0,"",""
ball,2,16.3,Sydney Sixers,BAD Manenti,JC Silk,S Milenko,1,0,"",""
ball,2,16.4,Sydney Sixers,JC Silk,BAD Manenti,S Milenko,1,0,"",""
ball,2,16.5,Sydney Sixers,BAD Manenti,JC Silk,S Milenko,6,0,"",""
ball,2,16.6,Sydney Sixers,BAD Manenti,JC Silk,S Milenko,1,0,"",""
ball,2,17.1,Sydney Sixers,BAD Manenti,JC Silk,NT Ellis,1,0,"",""
ball,2,17.2,Sydney Sixers,JC Silk,BAD Manenti,NT Ellis,1,0,"",""
ball,2,17.3,Sydney Sixers,BAD Manenti,JC Silk,NT Ellis,2,0,"",""
ball,2,17.4,Sydney Sixers,BAD Manenti,JC Silk,NT Ellis,1,0,"",""
ball,2,17.5,Sydney Sixers,JC Silk,BAD Manenti,NT Ellis,2,0,"",""
ball,2,17.6,Sydney Sixers,JC Silk,BAD Manenti,NT Ellis,1,0,"",""
ball,2,18.1,Sydney Sixers,JC Silk,BAD Manenti,JP Faulkner,0,0,caught,JC Silk
ball,2,18.2,Sydney Sixers,BAD Manenti,L Pope,JP Faulkner,1,0,"",""
ball,2,18.3,Sydney Sixers,L Pope,BAD Manenti,JP Faulkner,1,0,"",""
ball,2,18.4,Sydney Sixers,BAD Manenti,L Pope,JP Faulkner,0,0,"",""
ball,2,18.5,Sydney Sixers,BAD Manenti,L Pope,JP Faulkner,0,0,caught,BAD Manenti
