version,1.3.0
info,team,Sydney Sixers
info,team,Hobart Hurricanes
info,gender,male
info,season,2019/20
info,date,2020/01/16
info,competition,Big Bash League
info,match_number,39
info,venue,Sydney Cricket Ground
info,city,Sydney
info,toss_winner,Hobart Hurricanes
info,toss_decision,field
info,umpire,P Wilson
info,umpire,GC Joshua
info,reserve_umpire,SA Lightbody
info,tv_umpire,GJ Davidson
info,match_referee,D Talalla
info,outcome,no result
ball,1,0.1,Sydney Sixers,JR Philippe,DP Hughes,CA Rose,0,0,"",""
ball,1,0.2,Sydney Sixers,JR Philippe,DP Hughes,CA Rose,0,0,"",""
ball,1,0.3,Sydney Sixers,JR Philippe,DP Hughes,CA Rose,4,0,"",""
ball,1,0.4,Sydney Sixers,JR Philippe,DP Hughes,CA Rose,1,0,"",""
ball,1,0.5,Sydney Sixers,DP Hughes,JR Philippe,CA Rose,0,0,"",""
ball,1,0.6,Sydney Sixers,DP Hughes,JR Philippe,CA Rose,2,0,"",""
ball,1,1.1,Sydney Sixers,JR Philippe,DP Hughes,TS Rogers,1,0,"",""
ball,1,1.2,Sydney Sixers,DP Hughes,JR Philippe,TS Rogers,2,0,"",""
ball,1,1.3,Sydney Sixers,DP Hughes,JR Philippe,TS Rogers,2,0,"",""
ball,1,1.4,Sydney Sixers,DP Hughes,JR Philippe,TS Rogers,0,0,"",""
ball,1,1.5,Sydney Sixers,DP Hughes,JR Philippe,TS Rogers,4,0,"",""
ball,1,1.6,Sydney Sixers,DP Hughes,JR Philippe,TS Rogers,1,0,"",""
ball,1,2.1,Sydney Sixers,DP Hughes,JR Philippe,CA Rose,0,0,"",""
ball,1,2.2,Sydney Sixers,DP Hughes,JR Philippe,CA Rose,1,0,"",""
ball,1,2.3,Sydney Sixers,JR Philippe,DP Hughes,CA Rose,1,0,"",""
ball,1,2.4,Sydney Sixers,DP Hughes,JR Philippe,CA Rose,1,0,"",""
ball,1,2.5,Sydney Sixers,JR Philippe,DP Hughes,CA Rose,0,0,stumped,JR Philippe
ball,1,2.6,Sydney Sixers,JM Vince,DP Hughes,CA Rose,1,0,"",""
ball,1,3.1,Sydney Sixers,JM Vince,DP Hughes,SM Boland,0,0,"",""
ball,1,3.2,Sydney Sixers,JM Vince,DP Hughes,SM Boland,0,0,caught,JM Vince
ball,1,3.3,Sydney Sixers,MC Henriques,DP Hughes,SM Boland,1,0,"",""
ball,1,3.4,Sydney Sixers,DP Hughes,MC Henriques,SM Boland,4,0,"",""
ball,1,3.5,Sydney Sixers,DP Hughes,MC Henriques,SM Boland,0,0,"",""
ball,1,3.6,Sydney Sixers,DP Hughes,MC Henriques,SM Boland,1,0,"",""
ball,1,4.1,Sydney Sixers,DP Hughes,MC Henriques,NT Ellis,1,0,"",""
ball,1,4.2,Sydney Sixers,MC Henriques,DP Hughes,NT Ellis,1,0,"",""
ball,1,4.3,Sydney Sixers,DP Hughes,MC Henriques,NT Ellis,1,0,"",""
ball,1,4.4,Sydney Sixers,MC Henriques,DP Hughes,NT Ellis,3,0,"",""
ball,1,4.5,Sydney Sixers,DP Hughes,MC Henriques,NT Ellis,1,0,"",""
ball,1,4.6,Sydney Sixers,MC Henriques,DP Hughes,NT Ellis,0,0,"",""
ball,1,5.1,Sydney Sixers,DP Hughes,MC Henriques,SM Boland,2,0,"",""
ball,1,5.2,Sydney Sixers,DP Hughes,MC Henriques,SM Boland,0,0,"",""
ball,1,5.3,Sydney Sixers,DP Hughes,MC Henriques,SM Boland,1,0,"",""
ball,1,5.4,Sydney Sixers,MC Henriques,DP Hughes,SM Boland,1,0,"",""
ball,1,5.5,Sydney Sixers,DP Hughes,MC Henriques,SM Boland,1,0,"",""
ball,1,5.6,Sydney Sixers,MC Henriques,DP Hughes,SM Boland,0,0,"",""
ball,1,6.1,Sydney Sixers,DP Hughes,MC Henriques,NT Ellis,1,0,"",""
ball,1,6.2,Sydney Sixers,MC Henriques,DP Hughes,NT Ellis,4,0,"",""
ball,1,6.3,Sydney Sixers,MC Henriques,DP Hughes,NT Ellis,0,1,"",""
ball,1,6.4,Sydney Sixers,DP Hughes,MC Henriques,NT Ellis,0,0,"",""
