version,1.3.0
info,team,Sydney Thunder
info,team,Sydney Sixers
info,gender,male
info,season,2019/20
info,date,2020/01/18
info,competition,Big Bash League
info,match_number,42
info,venue,Sydney Showground Stadium
info,city,Sydney
info,toss_winner,Sydney Thunder
info,toss_decision,field
info,player_of_match,CH Morris
info,umpire,GA Abood
info,umpire,AK Wilds
info,reserve_umpire,CA Polosak
info,tv_umpire,MW Graham-Smith
info,match_referee,SR Bernard
info,winner,Sydney Thunder
info,winner_runs,4
info,method,D/L
ball,1,0.1,Sydney Sixers,JR Philippe,DP Hughes,CH Morris,1,0,"",""
ball,1,0.2,Sydney Sixers,DP Hughes,JR Philippe,CH Morris,0,0,"",""
ball,1,0.3,Sydney Sixers,DP Hughes,JR Philippe,CH Morris,0,0,"",""
ball,1,0.4,Sydney Sixers,DP Hughes,JR Philippe,CH Morris,0,0,"",""
ball,1,0.5,Sydney Sixers,DP Hughes,JR Philippe,CH Morris,0,0,run out,DP Hughes
ball,1,0.6,Sydney Sixers,JM Vince,JR Philippe,CH Morris,0,0,"",""
ball,1,1.1,Sydney Sixers,JR Philippe,JM Vince,GS Sandhu,0,0,lbw,JR Philippe
ball,1,1.2,Sydney Sixers,MC Henriques,JM Vince,GS Sandhu,0,1,"",""
ball,1,1.3,Sydney Sixers,MC Henriques,JM Vince,GS Sandhu,0,0,"",""
ball,1,1.4,Sydney Sixers,MC Henriques,JM Vince,GS Sandhu,1,0,"",""
ball,1,1.5,Sydney Sixers,JM Vince,MC Henriques,GS Sandhu,0,0,"",""
ball,1,1.6,Sydney Sixers,JM Vince,MC Henriques,GS Sandhu,0,1,"",""
ball,1,1.7,Sydney Sixers,JM Vince,MC Henriques,GS Sandhu,1,0,"",""
ball,1,1.8,Sydney Sixers,MC Henriques,JM Vince,GS Sandhu,0,0,"",""
ball,1,2.1,Sydney Sixers,JM Vince,MC Henriques,CH Morris,0,0,"",""
ball,1,2.2,Sydney Sixers,JM Vince,MC Henriques,CH Morris,1,0,"",""
ball,1,2.3,Sydney Sixers,MC Henriques,JM Vince,CH Morris,0,0,caught,MC Henriques
ball,1,2.4,Sydney Sixers,JC Silk,JM Vince,CH Morris,0,0,"",""
ball,1,2.5,Sydney Sixers,JC Silk,JM Vince,CH Morris,0,0,"",""
ball,1,2.6,Sydney Sixers,JC Silk,JM Vince,CH Morris,0,0,"",""
ball,1,3.1,Sydney Sixers,JM Vince,JC Silk,GS Sandhu,0,0,"",""
ball,1,3.2,Sydney Sixers,JM Vince,JC Silk,GS Sandhu,0,0,"",""
ball,1,3.3,Sydney Sixers,JM Vince,JC Silk,GS Sandhu,2,0,"",""
ball,1,3.4,Sydney Sixers,JM Vince,JC Silk,GS Sandhu,0,0,"",""
ball,1,3.5,Sydney Sixers,JM Vince,JC Silk,GS Sandhu,0,0,"",""
ball,1,3.6,Sydney Sixers,JM Vince,JC Silk,GS Sandhu,1,0,"",""
ball,1,4.1,Sydney Sixers,JM Vince,JC Silk,B Doggett,0,0,caught,JM Vince
ball,1,4.2,Sydney Sixers,J Avendano,JC Silk,B Doggett,1,0,"",""
ball,1,4.3,Sydney Sixers,JC Silk,J Avendano,B Doggett,4,0,"",""
ball,1,4.4,Sydney Sixers,JC Silk,J Avendano,B Doggett,0,0,"",""
ball,1,4.5,Sydney Sixers,JC Silk,J Avendano,B Doggett,1,0,"",""
ball,1,4.6,Sydney Sixers,J Avendano,JC Silk,B Doggett,0,0,"",""
ball,1,5.1,Sydney Sixers,JC Silk,J Avendano,DR Sams,0,0,caught,JC Silk
ball,1,5.2,Sydney Sixers,TK Curran,J Avendano,DR Sams,1,0,"",""
ball,1,5.3,Sydney Sixers,J Avendano,TK Curran,DR Sams,0,0,"",""
ball,1,5.4,Sydney Sixers,J Avendano,TK Curran,DR Sams,2,0,"",""
ball,1,5.5,Sydney Sixers,J Avendano,TK Curran,DR Sams,1,0,"",""
ball,1,5.6,Sydney Sixers,TK Curran,J Avendano,DR Sams,1,0,"",""
ball,1,6.1,Sydney Sixers,TK Curran,J Avendano,N McAndrew,4,0,"",""
ball,1,6.2,Sydney Sixers,TK Curran,J Avendano,N McAndrew,0,0,"",""
ball,1,6.3,Sydney Sixers,TK Curran,J Avendano,N McAndrew,1,0,"",""
ball,1,6.4,Sydney Sixers,J Avendano,TK Curran,N McAndrew,0,0,"",""
ball,1,6.5,Sydney Sixers,J Avendano,TK Curran,N McAndrew,0,0,"",""
ball,1,6.6,Sydney Sixers,J Avendano,TK Curran,N McAndrew,0,0,"",""
ball,1,7.1,Sydney Sixers,TK Curran,J Avendano,B Doggett,0,0,"",""
ball,1,7.2,Sydney Sixers,TK Curran,J Avendano,B Doggett,0,0,"",""
ball,1,7.3,Sydney Sixers,TK Curran,J Avendano,B Doggett,1,0,"",""
ball,1,7.4,Sydney Sixers,J Avendano,TK Curran,B Doggett,0,0,"",""
ball,1,7.5,Sydney Sixers,J Avendano,TK Curran,B Doggett,0,0,run out,TK Curran
ball,1,7.6,Sydney Sixers,BJ Dwarshuis,J Avendano,B Doggett,0,0,"",""
ball,1,8.1,Sydney Sixers,J Avendano,BJ Dwarshuis,DR Sams,0,0,"",""
ball,1,8.2,Sydney Sixers,J Avendano,BJ Dwarshuis,DR Sams,0,0,"",""
ball,1,8.3,Sydney Sixers,J Avendano,BJ Dwarshuis,DR Sams,0,0,"",""
ball,1,8.4,Sydney Sixers,J Avendano,BJ Dwarshuis,DR Sams,1,0,"",""
ball,1,8.5,Sydney Sixers,BJ Dwarshuis,J Avendano,DR Sams,1,0,"",""
ball,1,8.6,Sydney Sixers,J Avendano,BJ Dwarshuis,DR Sams,1,0,"",""
ball,1,9.1,Sydney Sixers,J Avendano,BJ Dwarshuis,N McAndrew,6,0,"",""
ball,1,9.2,Sydney Sixers,J Avendano,BJ Dwarshuis,N McAndrew,0,0,"",""
ball,1,9.3,Sydney Sixers,J Avendano,BJ Dwarshuis,N McAndrew,0,0,"",""
ball,1,9.4,Sydney Sixers,J Avendano,BJ Dwarshuis,N McAndrew,1,0,"",""
ball,1,9.5,Sydney Sixers,BJ Dwarshuis,J Avendano,N McAndrew,0,0,"",""
ball,1,9.6,Sydney Sixers,BJ Dwarshuis,J Avendano,N McAndrew,1,0,"",""
ball,1,10.1,Sydney Sixers,BJ Dwarshuis,J Avendano,CH Morris,0,0,"",""
ball,1,10.2,Sydney Sixers,BJ Dwarshuis,J Avendano,CH Morris,0,0,"",""
ball,1,10.3,Sydney Sixers,BJ Dwarshuis,J Avendano,CH Morris,1,0,"",""
ball,1,10.4,Sydney Sixers,J Avendano,BJ Dwarshuis,CH Morris,0,0,"",""
ball,1,10.5,Sydney Sixers,J Avendano,BJ Dwarshuis,CH Morris,4,0,"",""
ball,1,10.6,Sydney Sixers,J Avendano,BJ Dwarshuis,CH Morris,1,0,"",""
ball,1,11.1,Sydney Sixers,J Avendano,BJ Dwarshuis,GS Sandhu,0,0,"",""
ball,1,11.2,Sydney Sixers,J Avendano,BJ Dwarshuis,GS Sandhu,1,0,"",""
ball,1,11.3,Sydney Sixers,BJ Dwarshuis,J Avendano,GS Sandhu,1,0,"",""
ball,1,11.4,Sydney Sixers,J Avendano,BJ Dwarshuis,GS Sandhu,1,0,"",""
ball,1,11.5,Sydney Sixers,BJ Dwarshuis,J Avendano,GS Sandhu,0,0,"",""
ball,1,11.6,Sydney Sixers,BJ Dwarshuis,J Avendano,GS Sandhu,0,0,"",""
ball,1,12.1,Sydney Sixers,J Avendano,BJ Dwarshuis,B Doggett,0,0,"",""
ball,1,12.2,Sydney Sixers,J Avendano,BJ Dwarshuis,B Doggett,1,0,"",""
ball,1,12.3,Sydney Sixers,BJ Dwarshuis,J Avendano,B Doggett,0,1,"",""
ball,1,12.4,Sydney Sixers,BJ Dwarshuis,J Avendano,B Doggett,0,0,"",""
ball,1,12.5,Sydney Sixers,BJ Dwarshuis,J Avendano,B Doggett,4,0,"",""
ball,1,12.6,Sydney Sixers,BJ Dwarshuis,J Avendano,B Doggett,0,0,"",""
ball,1,12.7,Sydney Sixers,BJ Dwarshuis,J Avendano,B Doggett,0,0,"",""
ball,1,13.1,Sydney Sixers,J Avendano,BJ Dwarshuis,N McAndrew,1,0,"",""
ball,1,13.2,Sydney Sixers,BJ Dwarshuis,J Avendano,N McAndrew,0,0,"",""
ball,1,13.3,Sydney Sixers,BJ Dwarshuis,J Avendano,N McAndrew,0,1,"",""
ball,1,13.4,Sydney Sixers,BJ Dwarshuis,J Avendano,N McAndrew,4,0,"",""
ball,1,13.5,Sydney Sixers,BJ Dwarshuis,J Avendano,N McAndrew,1,0,"",""
ball,1,13.6,Sydney Sixers,J Avendano,BJ Dwarshuis,N McAndrew,6,0,"",""
ball,1,13.7,Sydney Sixers,J Avendano,BJ Dwarshuis,N McAndrew,0,0,"",""
ball,1,14.1,Sydney Sixers,BJ Dwarshuis,J Avendano,DR Sams,2,0,"",""
ball,1,14.2,Sydney Sixers,BJ Dwarshuis,J Avendano,DR Sams,4,0,"",""
ball,1,14.3,Sydney Sixers,BJ Dwarshuis,J Avendano,DR Sams,0,0,caught,BJ Dwarshuis
ball,1,14.4,Sydney Sixers,NM Lyon,J Avendano,DR Sams,0,1,"",""
ball,1,14.5,Sydney Sixers,J Avendano,NM Lyon,DR Sams,0,0,caught,J Avendano
ball,1,14.6,Sydney Sixers,JM Bird,NM Lyon,DR Sams,0,0,"",""
ball,1,15.1,Sydney Sixers,NM Lyon,JM Bird,CH Morris,1,0,"",""
ball,1,15.2,Sydney Sixers,JM Bird,NM Lyon,CH Morris,0,0,caught,JM Bird
ball,1,15.3,Sydney Sixers,NM Lyon,SNJ O'Keefe,CH Morris,2,0,"",""
ball,1,15.4,Sydney Sixers,NM Lyon,SNJ O'Keefe,CH Morris,0,0,"",""
ball,1,15.5,Sydney Sixers,NM Lyon,SNJ O'Keefe,CH Morris,1,0,run out,SNJ O'Keefe
ball,2,0.1,Sydney Thunder,UT Khawaja,AD Hales,JM Bird,0,0,"",""
ball,2,0.2,Sydney Thunder,UT Khawaja,AD Hales,JM Bird,0,0,"",""
ball,2,0.3,Sydney Thunder,UT Khawaja,AD Hales,JM Bird,1,0,"",""
ball,2,0.4,Sydney Thunder,AD Hales,UT Khawaja,JM Bird,0,0,caught,AD Hales
ball,2,0.5,Sydney Thunder,CJ Ferguson,UT Khawaja,JM Bird,0,0,"",""
ball,2,0.6,Sydney Thunder,CJ Ferguson,UT Khawaja,JM Bird,0,0,"",""
ball,2,1.1,Sydney Thunder,UT Khawaja,CJ Ferguson,BJ Dwarshuis,4,0,"",""
ball,2,1.2,Sydney Thunder,UT Khawaja,CJ Ferguson,BJ Dwarshuis,0,1,"",""
ball,2,1.3,Sydney Thunder,UT Khawaja,CJ Ferguson,BJ Dwarshuis,0,0,"",""
ball,2,1.4,Sydney Thunder,UT Khawaja,CJ Ferguson,BJ Dwarshuis,0,0,"",""
ball,2,1.5,Sydney Thunder,UT Khawaja,CJ Ferguson,BJ Dwarshuis,4,0,"",""
ball,2,1.6,Sydney Thunder,UT Khawaja,CJ Ferguson,BJ Dwarshuis,2,0,"",""
ball,2,1.7,Sydney Thunder,UT Khawaja,CJ Ferguson,BJ Dwarshuis,2,0,"",""
ball,2,2.1,Sydney Thunder,CJ Ferguson,UT Khawaja,JM Bird,0,0,"",""
ball,2,2.2,Sydney Thunder,CJ Ferguson,UT Khawaja,JM Bird,0,0,"",""
ball,2,2.3,Sydney Thunder,CJ Ferguson,UT Khawaja,JM Bird,1,0,"",""
ball,2,2.4,Sydney Thunder,UT Khawaja,CJ Ferguson,JM Bird,0,0,"",""
ball,2,2.5,Sydney Thunder,UT Khawaja,CJ Ferguson,JM Bird,0,0,"",""
ball,2,2.6,Sydney Thunder,UT Khawaja,CJ Ferguson,JM Bird,0,0,"",""
ball,2,3.1,Sydney Thunder,CJ Ferguson,UT Khawaja,TK Curran,0,1,"",""
ball,2,3.2,Sydney Thunder,CJ Ferguson,UT Khawaja,TK Curran,4,0,"",""
ball,2,3.3,Sydney Thunder,CJ Ferguson,UT Khawaja,TK Curran,1,0,"",""
ball,2,3.4,Sydney Thunder,UT Khawaja,CJ Ferguson,TK Curran,0,0,"",""
ball,2,3.5,Sydney Thunder,UT Khawaja,CJ Ferguson,TK Curran,0,0,caught,UT Khawaja
ball,2,3.6,Sydney Thunder,DR Sams,CJ Ferguson,TK Curran,1,0,"",""
ball,2,3.7,Sydney Thunder,CJ Ferguson,DR Sams,TK Curran,0,0,"",""
ball,2,4.1,Sydney Thunder,DR Sams,CJ Ferguson,JM Bird,0,0,"",""
ball,2,4.2,Sydney Thunder,DR Sams,CJ Ferguson,JM Bird,0,0,"",""
ball,2,4.3,Sydney Thunder,DR Sams,CJ Ferguson,JM Bird,1,0,"",""
ball,2,4.4,Sydney Thunder,CJ Ferguson,DR Sams,JM Bird,1,0,"",""
ball,2,4.5,Sydney Thunder,DR Sams,CJ Ferguson,JM Bird,0,0,"",""
ball,2,4.6,Sydney Thunder,DR Sams,CJ Ferguson,JM Bird,1,0,"",""
ball,2,5.1,Sydney Thunder,DR Sams,CJ Ferguson,TK Curran,1,0,"",""
ball,2,5.2,Sydney Thunder,CJ Ferguson,DR Sams,TK Curran,1,0,"",""
ball,2,5.3,Sydney Thunder,DR Sams,CJ Ferguson,TK Curran,1,0,"",""
