version,1.3.0
info,team,Melbourne Stars
info,team,Hobart Hurricanes
info,gender,male
info,season,2019/20
info,date,2019/12/22
info,competition,Big Bash League
info,match_number,8
info,venue,Ted Summerton Reserve
info,city,Moe
info,toss_winner,Melbourne Stars
info,toss_decision,bat
info,player_of_match,Haris Rauf
info,umpire,GJ Davidson
info,umpire,DM Koch
info,reserve_umpire,Greg Azzopardi
info,tv_umpire,CA Polosak
info,match_referee,D Talalla
info,winner,Melbourne Stars
info,winner_runs,52
ball,1,0.1,Melbourne Stars,NJ Maddinson,MP Stoinis,TS Rogers,2,0,"",""
ball,1,0.2,Melbourne Stars,NJ Maddinson,MP Stoinis,TS Rogers,4,0,"",""
ball,1,0.3,Melbourne Stars,NJ Maddinson,MP Stoinis,TS Rogers,0,0,"",""
ball,1,0.4,Melbourne Stars,NJ Maddinson,MP Stoinis,TS Rogers,0,0,"",""
ball,1,0.5,Melbourne Stars,NJ Maddinson,MP Stoinis,TS Rogers,0,0,"",""
ball,1,0.6,Melbourne Stars,NJ Maddinson,MP Stoinis,TS Rogers,1,0,"",""
ball,1,1.1,Melbourne Stars,NJ Maddinson,MP Stoinis,CA Rose,0,0,"",""
ball,1,1.2,Melbourne Stars,NJ Maddinson,MP Stoinis,CA Rose,0,0,"",""
ball,1,1.3,Melbourne Stars,NJ Maddinson,MP Stoinis,CA Rose,0,0,"",""
ball,1,1.4,Melbourne Stars,NJ Maddinson,MP Stoinis,CA Rose,1,0,"",""
ball,1,1.5,Melbourne Stars,MP Stoinis,NJ Maddinson,CA Rose,0,0,"",""
ball,1,1.6,Melbourne Stars,MP Stoinis,NJ Maddinson,CA Rose,4,0,"",""
ball,1,2.1,Melbourne Stars,NJ Maddinson,MP Stoinis,TS Rogers,4,0,"",""
ball,1,2.2,Melbourne Stars,NJ Maddinson,MP Stoinis,TS Rogers,1,0,"",""
ball,1,2.3,Melbourne Stars,MP Stoinis,NJ Maddinson,TS Rogers,1,0,"",""
ball,1,2.4,Melbourne Stars,NJ Maddinson,MP Stoinis,TS Rogers,4,0,"",""
ball,1,2.5,Melbourne Stars,NJ Maddinson,MP Stoinis,TS Rogers,0,0,"",""
ball,1,2.6,Melbourne Stars,NJ Maddinson,MP Stoinis,TS Rogers,0,0,"",""
ball,1,3.1,Melbourne Stars,MP Stoinis,NJ Maddinson,CA Rose,0,0,"",""
ball,1,3.2,Melbourne Stars,MP Stoinis,NJ Maddinson,CA Rose,0,0,"",""
ball,1,3.3,Melbourne Stars,MP Stoinis,NJ Maddinson,CA Rose,1,0,"",""
ball,1,3.4,Melbourne Stars,NJ Maddinson,MP Stoinis,CA Rose,0,1,"",""
ball,1,3.5,Melbourne Stars,MP Stoinis,NJ Maddinson,CA Rose,1,0,"",""
ball,1,3.6,Melbourne Stars,NJ Maddinson,MP Stoinis,CA Rose,0,0,"",""
ball,1,4.1,Melbourne Stars,MP Stoinis,NJ Maddinson,RP Meredith,1,0,"",""
ball,1,4.2,Melbourne Stars,NJ Maddinson,MP Stoinis,RP Meredith,4,0,"",""
ball,1,4.3,Melbourne Stars,NJ Maddinson,MP Stoinis,RP Meredith,4,0,"",""
ball,1,4.4,Melbourne Stars,NJ Maddinson,MP Stoinis,RP Meredith,0,0,"",""
ball,1,4.5,Melbourne Stars,NJ Maddinson,MP Stoinis,RP Meredith,0,0,"",""
ball,1,4.6,Melbourne Stars,NJ Maddinson,MP Stoinis,RP Meredith,4,0,"",""
ball,1,5.1,Melbourne Stars,MP Stoinis,NJ Maddinson,CA Rose,1,0,"",""
ball,1,5.2,Melbourne Stars,NJ Maddinson,MP Stoinis,CA Rose,0,0,"",""
ball,1,5.3,Melbourne Stars,NJ Maddinson,MP Stoinis,CA Rose,0,0,"",""
ball,1,5.4,Melbourne Stars,NJ Maddinson,MP Stoinis,CA Rose,0,0,"",""
ball,1,5.5,Melbourne Stars,NJ Maddinson,MP Stoinis,CA Rose,4,0,"",""
ball,1,5.6,Melbourne Stars,NJ Maddinson,MP Stoinis,CA Rose,0,0,"",""
ball,1,6.1,Melbourne Stars,MP Stoinis,NJ Maddinson,Qais Ahmad,0,0,"",""
ball,1,6.2,Melbourne Stars,MP Stoinis,NJ Maddinson,Qais Ahmad,0,0,"",""
ball,1,6.3,Melbourne Stars,MP Stoinis,NJ Maddinson,Qais Ahmad,1,0,"",""
ball,1,6.4,Melbourne Stars,NJ Maddinson,MP Stoinis,Qais Ahmad,4,0,"",""
ball,1,6.5,Melbourne Stars,NJ Maddinson,MP Stoinis,Qais Ahmad,1,0,"",""
ball,1,6.6,Melbourne Stars,MP Stoinis,NJ Maddinson,Qais Ahmad,1,0,"",""
ball,1,7.1,Melbourne Stars,MP Stoinis,NJ Maddinson,NT Ellis,4,0,"",""
ball,1,7.2,Melbourne Stars,MP Stoinis,NJ Maddinson,NT Ellis,1,0,"",""
ball,1,7.3,Melbourne Stars,NJ Maddinson,MP Stoinis,NT Ellis,0,0,"",""
ball,1,7.4,Melbourne Stars,NJ Maddinson,MP Stoinis,NT Ellis,0,0,"",""
ball,1,7.5,Melbourne Stars,NJ Maddinson,MP Stoinis,NT Ellis,1,0,"",""
ball,1,7.6,Melbourne Stars,MP Stoinis,NJ Maddinson,NT Ellis,1,0,"",""
ball,1,8.1,Melbourne Stars,MP Stoinis,NJ Maddinson,Qais Ahmad,0,0,"",""
ball,1,8.2,Melbourne Stars,MP Stoinis,NJ Maddinson,Qais Ahmad,6,0,"",""
ball,1,8.3,Melbourne Stars,MP Stoinis,NJ Maddinson,Qais Ahmad,4,0,"",""
ball,1,8.4,Melbourne Stars,MP Stoinis,NJ Maddinson,Qais Ahmad,1,0,"",""
ball,1,8.5,Melbourne Stars,NJ Maddinson,MP Stoinis,Qais Ahmad,0,0,"",""
ball,1,8.6,Melbourne Stars,NJ Maddinson,MP Stoinis,Qais Ahmad,1,0,"",""
ball,1,9.1,Melbourne Stars,NJ Maddinson,MP Stoinis,NT Ellis,0,0,"",""
ball,1,9.2,Melbourne Stars,NJ Maddinson,MP Stoinis,NT Ellis,0,1,"",""
ball,1,9.3,Melbourne Stars,NJ Maddinson,MP Stoinis,NT Ellis,0,0,"",""
ball,1,9.4,Melbourne Stars,NJ Maddinson,MP Stoinis,NT Ellis,0,1,"",""
ball,1,9.5,Melbourne Stars,MP Stoinis,NJ Maddinson,NT Ellis,4,0,"",""
ball,1,9.6,Melbourne Stars,MP Stoinis,NJ Maddinson,NT Ellis,6,0,"",""
ball,1,9.7,Melbourne Stars,MP Stoinis,NJ Maddinson,NT Ellis,0,0,"",""
ball,1,10.1,Melbourne Stars,NJ Maddinson,MP Stoinis,RP Meredith,0,0,caught,NJ Maddinson
ball,1,10.2,Melbourne Stars,BR Dunk,MP Stoinis,RP Meredith,0,0,"",""
ball,1,10.3,Melbourne Stars,BR Dunk,MP Stoinis,RP Meredith,0,0,"",""
ball,1,10.4,Melbourne Stars,BR Dunk,MP Stoinis,RP Meredith,0,0,"",""
ball,1,10.5,Melbourne Stars,BR Dunk,MP Stoinis,RP Meredith,0,0,"",""
ball,1,10.6,Melbourne Stars,BR Dunk,MP Stoinis,RP Meredith,4,0,"",""
ball,1,11.1,Melbourne Stars,MP Stoinis,BR Dunk,S Milenko,6,0,"",""
ball,1,11.2,Melbourne Stars,MP Stoinis,BR Dunk,S Milenko,0,0,"",""
ball,1,11.3,Melbourne Stars,MP Stoinis,BR Dunk,S Milenko,1,0,"",""
ball,1,11.4,Melbourne Stars,BR Dunk,MP Stoinis,S Milenko,1,0,"",""
ball,1,11.5,Melbourne Stars,MP Stoinis,BR Dunk,S Milenko,4,0,"",""
ball,1,11.6,Melbourne Stars,MP Stoinis,BR Dunk,S Milenko,4,0,"",""
ball,1,12.1,Melbourne Stars,BR Dunk,MP Stoinis,DJM Short,1,0,"",""
ball,1,12.2,Melbourne Stars,MP Stoinis,BR Dunk,DJM Short,1,0,"",""
ball,1,12.3,Melbourne Stars,BR Dunk,MP Stoinis,DJM Short,0,0,"",""
ball,1,12.4,Melbourne Stars,BR Dunk,MP Stoinis,DJM Short,1,0,"",""
ball,1,12.5,Melbourne Stars,MP Stoinis,BR Dunk,DJM Short,1,0,"",""
ball,1,12.6,Melbourne Stars,BR Dunk,MP Stoinis,DJM Short,6,0,"",""
ball,1,13.1,Melbourne Stars,MP Stoinis,BR Dunk,Qais Ahmad,1,0,"",""
ball,1,13.2,Melbourne Stars,BR Dunk,MP Stoinis,Qais Ahmad,6,0,"",""
ball,1,13.3,Melbourne Stars,BR Dunk,MP Stoinis,Qais Ahmad,0,0,bowled,BR Dunk
ball,1,13.4,Melbourne Stars,GJ Maxwell,MP Stoinis,Qais Ahmad,1,0,"",""
ball,1,13.5,Melbourne Stars,MP Stoinis,GJ Maxwell,Qais Ahmad,1,0,"",""
ball,1,13.6,Melbourne Stars,GJ Maxwell,MP Stoinis,Qais Ahmad,1,0,"",""
ball,1,14.1,Melbourne Stars,GJ Maxwell,MP Stoinis,RP Meredith,0,1,"",""
ball,1,14.2,Melbourne Stars,GJ Maxwell,MP Stoinis,RP Meredith,0,0,caught,GJ Maxwell
ball,1,14.3,Melbourne Stars,MP Stoinis,PSP Handscomb,RP Meredith,1,0,"",""
ball,1,14.4,Melbourne Stars,PSP Handscomb,MP Stoinis,RP Meredith,2,0,"",""
ball,1,14.5,Melbourne Stars,PSP Handscomb,MP Stoinis,RP Meredith,1,0,"",""
ball,1,14.6,Melbourne Stars,MP Stoinis,PSP Handscomb,RP Meredith,1,0,"",""
ball,1,14.7,Melbourne Stars,PSP Handscomb,MP Stoinis,RP Meredith,0,0,bowled,PSP Handscomb
ball,1,15.1,Melbourne Stars,MP Stoinis,HWR Cartwright,Qais Ahmad,1,0,"",""
ball,1,15.2,Melbourne Stars,HWR Cartwright,MP Stoinis,Qais Ahmad,1,0,"",""
ball,1,15.3,Melbourne Stars,MP Stoinis,HWR Cartwright,Qais Ahmad,1,0,"",""
ball,1,15.4,Melbourne Stars,HWR Cartwright,MP Stoinis,Qais Ahmad,1,0,"",""
ball,1,15.5,Melbourne Stars,MP Stoinis,HWR Cartwright,Qais Ahmad,0,0,"",""
ball,1,15.6,Melbourne Stars,MP Stoinis,HWR Cartwright,Qais Ahmad,1,0,"",""
ball,1,16.1,Melbourne Stars,MP Stoinis,HWR Cartwright,RP Meredith,0,0,"",""
ball,1,16.2,Melbourne Stars,MP Stoinis,HWR Cartwright,RP Meredith,1,0,"",""
ball,1,16.3,Melbourne Stars,HWR Cartwright,MP Stoinis,RP Meredith,1,0,"",""
ball,1,16.4,Melbourne Stars,MP Stoinis,HWR Cartwright,RP Meredith,0,0,"",""
ball,1,16.5,Melbourne Stars,MP Stoinis,HWR Cartwright,RP Meredith,1,0,"",""
ball,1,16.6,Melbourne Stars,HWR Cartwright,MP Stoinis,RP Meredith,1,0,"",""
ball,1,17.1,Melbourne Stars,HWR Cartwright,MP Stoinis,NT Ellis,0,0,"",""
ball,1,17.2,Melbourne Stars,HWR Cartwright,MP Stoinis,NT Ellis,0,0,"",""
ball,1,17.3,Melbourne Stars,HWR Cartwright,MP Stoinis,NT Ellis,1,0,"",""
ball,1,17.4,Melbourne Stars,MP Stoinis,HWR Cartwright,NT Ellis,0,0,"",""
ball,1,17.5,Melbourne Stars,MP Stoinis,HWR Cartwright,NT Ellis,1,0,"",""
ball,1,17.6,Melbourne Stars,HWR Cartwright,MP Stoinis,NT Ellis,1,0,"",""
ball,1,18.1,Melbourne Stars,HWR Cartwright,MP Stoinis,TS Rogers,0,0,"",""
ball,1,18.2,Melbourne Stars,HWR Cartwright,MP Stoinis,TS Rogers,1,0,"",""
ball,1,18.3,Melbourne Stars,MP Stoinis,HWR Cartwright,TS Rogers,4,0,"",""
ball,1,18.4,Melbourne Stars,MP Stoinis,HWR Cartwright,TS Rogers,2,0,"",""
ball,1,18.5,Melbourne Stars,MP Stoinis,HWR Cartwright,TS Rogers,1,0,"",""
ball,1,18.6,Melbourne Stars,HWR Cartwright,MP Stoinis,TS Rogers,6,0,"",""
ball,1,19.1,Melbourne Stars,MP Stoinis,HWR Cartwright,NT Ellis,0,0,"",""
ball,1,19.2,Melbourne Stars,MP Stoinis,HWR Cartwright,NT Ellis,0,0,"",""
ball,1,19.3,Melbourne Stars,MP Stoinis,HWR Cartwright,NT Ellis,2,0,"",""
ball,1,19.4,Melbourne Stars,MP Stoinis,HWR Cartwright,NT Ellis,6,1,"",""
ball,1,19.5,Melbourne Stars,MP Stoinis,HWR Cartwright,NT Ellis,0,0,"",""
ball,1,19.6,Melbourne Stars,MP Stoinis,HWR Cartwright,NT Ellis,0,0,"",""
ball,1,19.7,Melbourne Stars,MP Stoinis,HWR Cartwright,NT Ellis,1,0,"",""
ball,2,0.1,Hobart Hurricanes,DJM Short,CP Jewell,DJ Worrall,4,0,"",""
ball,2,0.2,Hobart Hurricanes,DJM Short,CP Jewell,DJ Worrall,0,0,"",""
ball,2,0.3,Hobart Hurricanes,DJM Short,CP Jewell,DJ Worrall,1,0,"",""
ball,2,0.4,Hobart Hurricanes,CP Jewell,DJM Short,DJ Worrall,0,0,"",""
ball,2,0.5,Hobart Hurricanes,CP Jewell,DJM Short,DJ Worrall,0,0,"",""
ball,2,0.6,Hobart Hurricanes,CP Jewell,DJM Short,DJ Worrall,0,0,"",""
ball,2,1.1,Hobart Hurricanes,DJM Short,CP Jewell,GJ Maxwell,1,0,"",""
ball,2,1.2,Hobart Hurricanes,CP Jewell,DJM Short,GJ Maxwell,4,0,"",""
ball,2,1.3,Hobart Hurricanes,CP Jewell,DJM Short,GJ Maxwell,1,0,"",""
ball,2,1.4,Hobart Hurricanes,DJM Short,CP Jewell,GJ Maxwell,1,0,"",""
ball,2,1.5,Hobart Hurricanes,CP Jewell,DJM Short,GJ Maxwell,1,0,"",""
ball,2,1.6,Hobart Hurricanes,DJM Short,CP Jewell,GJ Maxwell,0,0,"",""
ball,2,2.1,Hobart Hurricanes,CP Jewell,DJM Short,DJ Worrall,4,0,"",""
ball,2,2.2,Hobart Hurricanes,CP Jewell,DJM Short,DJ Worrall,0,1,"",""
ball,2,2.3,Hobart Hurricanes,CP Jewell,DJM Short,DJ Worrall,4,0,"",""
ball,2,2.4,Hobart Hurricanes,CP Jewell,DJM Short,DJ Worrall,4,0,"",""
ball,2,2.5,Hobart Hurricanes,CP Jewell,DJM Short,DJ Worrall,0,0,"",""
ball,2,2.6,Hobart Hurricanes,CP Jewell,DJM Short,DJ Worrall,1,0,"",""
ball,2,2.7,Hobart Hurricanes,DJM Short,CP Jewell,DJ Worrall,1,0,"",""
ball,2,3.1,Hobart Hurricanes,DJM Short,CP Jewell,GJ Maxwell,1,0,"",""
ball,2,3.2,Hobart Hurricanes,CP Jewell,DJM Short,GJ Maxwell,0,0,"",""
ball,2,3.3,Hobart Hurricanes,CP Jewell,DJM Short,GJ Maxwell,1,0,"",""
ball,2,3.4,Hobart Hurricanes,DJM Short,CP Jewell,GJ Maxwell,0,0,caught,DJM Short
ball,2,3.5,Hobart Hurricanes,BR McDermott,CP Jewell,GJ Maxwell,1,0,"",""
ball,2,3.6,Hobart Hurricanes,CP Jewell,BR McDermott,GJ Maxwell,0,0,"",""
ball,2,4.1,Hobart Hurricanes,BR McDermott,CP Jewell,Haris Rauf,4,0,"",""
ball,2,4.2,Hobart Hurricanes,BR McDermott,CP Jewell,Haris Rauf,0,0,caught,BR McDermott
ball,2,4.3,Hobart Hurricanes,DA Miller,CP Jewell,Haris Rauf,2,0,"",""
ball,2,4.4,Hobart Hurricanes,DA Miller,CP Jewell,Haris Rauf,0,0,"",""
ball,2,4.5,Hobart Hurricanes,DA Miller,CP Jewell,Haris Rauf,0,0,"",""
ball,2,4.6,Hobart Hurricanes,DA Miller,CP Jewell,Haris Rauf,4,0,"",""
ball,2,5.1,Hobart Hurricanes,CP Jewell,DA Miller,GJ Maxwell,1,0,"",""
ball,2,5.2,Hobart Hurricanes,DA Miller,CP Jewell,GJ Maxwell,0,0,"",""
ball,2,5.3,Hobart Hurricanes,DA Miller,CP Jewell,GJ Maxwell,1,0,"",""
ball,2,5.4,Hobart Hurricanes,CP Jewell,DA Miller,GJ Maxwell,1,0,"",""
ball,2,5.5,Hobart Hurricanes,DA Miller,CP Jewell,GJ Maxwell,0,0,bowled,DA Miller
ball,2,5.6,Hobart Hurricanes,M Wright,CP Jewell,GJ Maxwell,1,0,"",""
ball,2,6.1,Hobart Hurricanes,M Wright,CP Jewell,S Lamichhane,0,0,"",""
ball,2,6.2,Hobart Hurricanes,M Wright,CP Jewell,S Lamichhane,0,0,"",""
ball,2,6.3,Hobart Hurricanes,M Wright,CP Jewell,S Lamichhane,0,1,"",""
ball,2,6.4,Hobart Hurricanes,CP Jewell,M Wright,S Lamichhane,0,1,"",""
ball,2,6.5,Hobart Hurricanes,CP Jewell,M Wright,S Lamichhane,1,0,"",""
ball,2,6.6,Hobart Hurricanes,M Wright,CP Jewell,S Lamichhane,0,0,"",""
ball,2,6.7,Hobart Hurricanes,M Wright,CP Jewell,S Lamichhane,1,0,"",""
ball,2,7.1,Hobart Hurricanes,M Wright,CP Jewell,A Zampa,1,0,"",""
ball,2,7.2,Hobart Hurricanes,CP Jewell,M Wright,A Zampa,1,0,"",""
ball,2,7.3,Hobart Hurricanes,M Wright,CP Jewell,A Zampa,0,0,"",""
ball,2,7.4,Hobart Hurricanes,M Wright,CP Jewell,A Zampa,1,0,"",""
ball,2,7.5,Hobart Hurricanes,CP Jewell,M Wright,A Zampa,1,0,"",""
ball,2,7.6,Hobart Hurricanes,M Wright,CP Jewell,A Zampa,4,0,"",""
ball,2,8.1,Hobart Hurricanes,CP Jewell,M Wright,S Lamichhane,0,0,"",""
ball,2,8.2,Hobart Hurricanes,CP Jewell,M Wright,S Lamichhane,0,0,caught,CP Jewell
ball,2,8.3,Hobart Hurricanes,M Wright,S Milenko,S Lamichhane,0,0,"",""
ball,2,8.4,Hobart Hurricanes,M Wright,S Milenko,S Lamichhane,1,0,"",""
ball,2,8.5,Hobart Hurricanes,S Milenko,M Wright,S Lamichhane,1,0,"",""
ball,2,8.6,Hobart Hurricanes,M Wright,S Milenko,S Lamichhane,0,0,"",""
ball,2,9.1,Hobart Hurricanes,S Milenko,M Wright,A Zampa,0,0,"",""
ball,2,9.2,Hobart Hurricanes,S Milenko,M Wright,A Zampa,0,0,bowled,S Milenko
ball,2,9.3,Hobart Hurricanes,TS Rogers,M Wright,A Zampa,1,0,"",""
ball,2,9.4,Hobart Hurricanes,M Wright,TS Rogers,A Zampa,0,0,"",""
ball,2,9.5,Hobart Hurricanes,M Wright,TS Rogers,A Zampa,1,0,"",""
ball,2,9.6,Hobart Hurricanes,TS Rogers,M Wright,A Zampa,0,0,"",""
ball,2,10.1,Hobart Hurricanes,M Wright,TS Rogers,Haris Rauf,0,1,"",""
ball,2,10.2,Hobart Hurricanes,M Wright,TS Rogers,Haris Rauf,0,0,caught,M Wright
ball,2,10.3,Hobart Hurricanes,NT Ellis,TS Rogers,Haris Rauf,1,0,"",""
ball,2,10.4,Hobart Hurricanes,TS Rogers,NT Ellis,Haris Rauf,0,0,"",""
ball,2,10.5,Hobart Hurricanes,TS Rogers,NT Ellis,Haris Rauf,0,0,bowled,TS Rogers
ball,2,10.6,Hobart Hurricanes,Qais Ahmad,NT Ellis,Haris Rauf,0,0,"",""
ball,2,10.7,Hobart Hurricanes,Qais Ahmad,NT Ellis,Haris Rauf,0,1,"",""
ball,2,10.8,Hobart Hurricanes,Qais Ahmad,NT Ellis,Haris Rauf,0,0,bowled,Qais Ahmad
ball,2,11.1,Hobart Hurricanes,NT Ellis,CA Rose,A Zampa,1,0,"",""
ball,2,11.2,Hobart Hurricanes,CA Rose,NT Ellis,A Zampa,0,0,"",""
ball,2,11.3,Hobart Hurricanes,CA Rose,NT Ellis,A Zampa,2,0,"",""
ball,2,11.4,Hobart Hurricanes,CA Rose,NT Ellis,A Zampa,1,0,"",""
ball,2,11.5,Hobart Hurricanes,NT Ellis,CA Rose,A Zampa,1,0,"",""
ball,2,11.6,Hobart Hurricanes,CA Rose,NT Ellis,A Zampa,6,0,"",""
ball,2,12.1,Hobart Hurricanes,NT Ellis,CA Rose,Haris Rauf,1,0,"",""
ball,2,12.2,Hobart Hurricanes,CA Rose,NT Ellis,Haris Rauf,0,0,"",""
ball,2,12.3,Hobart Hurricanes,CA Rose,NT Ellis,Haris Rauf,0,0,"",""
ball,2,12.4,Hobart Hurricanes,CA Rose,NT Ellis,Haris Rauf,0,0,"",""
ball,2,12.5,Hobart Hurricanes,CA Rose,NT Ellis,Haris Rauf,1,0,"",""
ball,2,12.6,Hobart Hurricanes,NT Ellis,CA Rose,Haris Rauf,2,0,"",""
ball,2,13.1,Hobart Hurricanes,CA Rose,NT Ellis,S Lamichhane,0,1,"",""
ball,2,13.2,Hobart Hurricanes,NT Ellis,CA Rose,S Lamichhane,1,0,"",""
ball,2,13.3,Hobart Hurricanes,CA Rose,NT Ellis,S Lamichhane,5,0,"",""
ball,2,13.4,Hobart Hurricanes,NT Ellis,CA Rose,S Lamichhane,0,0,"",""
ball,2,13.5,Hobart Hurricanes,NT Ellis,CA Rose,S Lamichhane,1,0,"",""
ball,2,13.6,Hobart Hurricanes,CA Rose,NT Ellis,S Lamichhane,6,0,"",""
ball,2,14.1,Hobart Hurricanes,NT Ellis,CA Rose,Haris Rauf,4,0,"",""
ball,2,14.2,Hobart Hurricanes,NT Ellis,CA Rose,Haris Rauf,0,1,"",""
ball,2,14.3,Hobart Hurricanes,NT Ellis,CA Rose,Haris Rauf,0,0,bowled,NT Ellis
ball,2,14.4,Hobart Hurricanes,RP Meredith,CA Rose,Haris Rauf,1,0,"",""
ball,2,14.5,Hobart Hurricanes,CA Rose,RP Meredith,Haris Rauf,0,0,"",""
ball,2,14.6,Hobart Hurricanes,CA Rose,RP Meredith,Haris Rauf,0,0,"",""
ball,2,14.7,Hobart Hurricanes,CA Rose,RP Meredith,Haris Rauf,4,0,"",""
ball,2,15.1,Hobart Hurricanes,RP Meredith,CA Rose,A Zampa,1,0,"",""
ball,2,15.2,Hobart Hurricanes,CA Rose,RP Meredith,A Zampa,0,0,"",""
ball,2,15.3,Hobart Hurricanes,CA Rose,RP Meredith,A Zampa,0,0,"",""
ball,2,15.4,Hobart Hurricanes,CA Rose,RP Meredith,A Zampa,6,0,"",""
ball,2,15.5,Hobart Hurricanes,CA Rose,RP Meredith,A Zampa,1,0,"",""
ball,2,15.6,Hobart Hurricanes,RP Meredith,CA Rose,A Zampa,0,0,stumped,RP Meredith
