version,1.3.0
info,team,Sydney Sixers
info,team,Perth Scorchers
info,gender,male
info,season,2019/20
info,date,2019/12/18
info,competition,Big Bash League
info,match_number,2
info,venue,Sydney Cricket Ground
info,city,Sydney
info,toss_winner,Sydney Sixers
info,toss_decision,field
info,player_of_match,JR Philippe
info,umpire,PJ Gillespie
info,umpire,SD Fry
info,reserve_umpire,BC Treloar
info,tv_umpire,JD Ward
info,match_referee,PL Marshall
info,winner,Sydney Sixers
info,winner_wickets,8
ball,1,0.1,Perth Scorchers,JP Inglis,LS Livingstone,BJ Dwarshuis,0,1,"",""
ball,1,0.2,Perth Scorchers,JP Inglis,LS Livingstone,BJ Dwarshuis,0,0,"",""
ball,1,0.3,Perth Scorchers,JP Inglis,LS Livingstone,BJ Dwarshuis,0,0,"",""
ball,1,0.4,Perth Scorchers,JP Inglis,LS Livingstone,BJ Dwarshuis,1,0,"",""
ball,1,0.5,Perth Scorchers,LS Livingstone,JP Inglis,BJ Dwarshuis,0,0,"",""
ball,1,0.6,Perth Scorchers,LS Livingstone,JP Inglis,BJ Dwarshuis,0,0,lbw,LS Livingstone
ball,1,0.7,Perth Scorchers,CT Bancroft,JP Inglis,BJ Dwarshuis,1,0,"",""
ball,1,1.1,Perth Scorchers,CT Bancroft,JP Inglis,SNJ O'Keefe,0,0,"",""
ball,1,1.2,Perth Scorchers,CT Bancroft,JP Inglis,SNJ O'Keefe,0,1,stumped,CT Bancroft
ball,1,1.3,Perth Scorchers,MR Marsh,JP Inglis,SNJ O'Keefe,0,0,"",""
ball,1,1.4,Perth Scorchers,MR Marsh,JP Inglis,SNJ O'Keefe,0,0,"",""
ball,1,1.5,Perth Scorchers,MR Marsh,JP Inglis,SNJ O'Keefe,0,0,"",""
ball,1,1.6,Perth Scorchers,MR Marsh,JP Inglis,SNJ O'Keefe,0,0,"",""
ball,1,1.7,Perth Scorchers,MR Marsh,JP Inglis,SNJ O'Keefe,0,0,"",""
ball,1,2.1,Perth Scorchers,JP Inglis,MR Marsh,BJ Dwarshuis,0,0,"",""
ball,1,2.2,Perth Scorchers,JP Inglis,MR Marsh,BJ Dwarshuis,0,0,"",""
ball,1,2.3,Perth Scorchers,JP Inglis,MR Marsh,BJ Dwarshuis,6,0,"",""
ball,1,2.4,Perth Scorchers,JP Inglis,MR Marsh,BJ Dwarshuis,0,0,"",""
ball,1,2.5,Perth Scorchers,JP Inglis,MR Marsh,BJ Dwarshuis,0,0,"",""
ball,1,2.6,Perth Scorchers,JP Inglis,MR Marsh,BJ Dwarshuis,0,0,"",""
ball,1,3.1,Perth Scorchers,MR Marsh,JP Inglis,SNJ O'Keefe,1,0,"",""
ball,1,3.2,Perth Scorchers,JP Inglis,MR Marsh,SNJ O'Keefe,4,0,"",""
ball,1,3.3,Perth Scorchers,JP Inglis,MR Marsh,SNJ O'Keefe,4,0,"",""
ball,1,3.4,Perth Scorchers,JP Inglis,MR Marsh,SNJ O'Keefe,0,0,"",""
ball,1,3.5,Perth Scorchers,JP Inglis,MR Marsh,SNJ O'Keefe,4,0,"",""
ball,1,3.6,Perth Scorchers,JP Inglis,MR Marsh,SNJ O'Keefe,3,0,"",""
ball,1,4.1,Perth Scorchers,JP Inglis,MR Marsh,TK Curran,0,0,"",""
ball,1,4.2,Perth Scorchers,JP Inglis,MR Marsh,TK Curran,0,0,caught,JP Inglis
ball,1,4.3,Perth Scorchers,MR Marsh,AJ Turner,TK Curran,0,0,"",""
ball,1,4.4,Perth Scorchers,MR Marsh,AJ Turner,TK Curran,1,0,"",""
ball,1,4.5,Perth Scorchers,AJ Turner,MR Marsh,TK Curran,0,0,"",""
ball,1,4.6,Perth Scorchers,AJ Turner,MR Marsh,TK Curran,0,0,"",""
ball,1,5.1,Perth Scorchers,MR Marsh,AJ Turner,SA Abbott,1,0,"",""
ball,1,5.2,Perth Scorchers,AJ Turner,MR Marsh,SA Abbott,0,0,"",""
ball,1,5.3,Perth Scorchers,AJ Turner,MR Marsh,SA Abbott,1,0,run out,AJ Turner
ball,1,5.4,Perth Scorchers,C Green,MR Marsh,SA Abbott,0,0,"",""
ball,1,5.5,Perth Scorchers,C Green,MR Marsh,SA Abbott,0,0,"",""
ball,1,5.6,Perth Scorchers,C Green,MR Marsh,SA Abbott,2,0,"",""
ball,1,6.1,Perth Scorchers,MR Marsh,C Green,H Kerr,1,0,"",""
ball,1,6.2,Perth Scorchers,C Green,MR Marsh,H Kerr,0,0,"",""
ball,1,6.3,Perth Scorchers,C Green,MR Marsh,H Kerr,0,0,"",""
ball,1,6.4,Perth Scorchers,C Green,MR Marsh,H Kerr,4,0,"",""
ball,1,6.5,Perth Scorchers,C Green,MR Marsh,H Kerr,1,0,"",""
ball,1,6.6,Perth Scorchers,MR Marsh,C Green,H Kerr,0,0,"",""
ball,1,7.1,Perth Scorchers,C Green,MR Marsh,SNJ O'Keefe,1,0,"",""
ball,1,7.2,Perth Scorchers,MR Marsh,C Green,SNJ O'Keefe,2,0,"",""
ball,1,7.3,Perth Scorchers,MR Marsh,C Green,SNJ O'Keefe,1,0,"",""
ball,1,7.4,Perth Scorchers,C Green,MR Marsh,SNJ O'Keefe,1,0,"",""
ball,1,7.5,Perth Scorchers,MR Marsh,C Green,SNJ O'Keefe,1,0,"",""
ball,1,7.6,Perth Scorchers,C Green,MR Marsh,SNJ O'Keefe,0,0,"",""
ball,1,8.1,Perth Scorchers,MR Marsh,C Green,TK Curran,1,0,"",""
ball,1,8.2,Perth Scorchers,C Green,MR Marsh,TK Curran,2,0,"",""
ball,1,8.3,Perth Scorchers,C Green,MR Marsh,TK Curran,0,0,"",""
ball,1,8.4,Perth Scorchers,C Green,MR Marsh,TK Curran,1,0,"",""
ball,1,8.5,Perth Scorchers,MR Marsh,C Green,TK Curran,1,0,"",""
ball,1,8.6,Perth Scorchers,C Green,MR Marsh,TK Curran,1,0,"",""
ball,1,9.1,Perth Scorchers,C Green,MR Marsh,BAD Manenti,1,0,"",""
ball,1,9.2,Perth Scorchers,MR Marsh,C Green,BAD Manenti,0,0,"",""
ball,1,9.3,Perth Scorchers,MR Marsh,C Green,BAD Manenti,1,0,"",""
ball,1,9.4,Perth Scorchers,C Green,MR Marsh,BAD Manenti,4,0,"",""
ball,1,9.5,Perth Scorchers,C Green,MR Marsh,BAD Manenti,1,0,"",""
ball,1,9.6,Perth Scorchers,MR Marsh,C Green,BAD Manenti,2,0,"",""
ball,1,10.1,Perth Scorchers,C Green,MR Marsh,SA Abbott,1,0,"",""
ball,1,10.2,Perth Scorchers,MR Marsh,C Green,SA Abbott,4,0,"",""
ball,1,10.3,Perth Scorchers,MR Marsh,C Green,SA Abbott,1,0,"",""
ball,1,10.4,Perth Scorchers,C Green,MR Marsh,SA Abbott,1,0,"",""
ball,1,10.5,Perth Scorchers,MR Marsh,C Green,SA Abbott,1,0,"",""
ball,1,10.6,Perth Scorchers,C Green,MR Marsh,SA Abbott,4,0,"",""
ball,1,11.1,Perth Scorchers,MR Marsh,C Green,SNJ O'Keefe,2,0,"",""
ball,1,11.2,Perth Scorchers,MR Marsh,C Green,SNJ O'Keefe,1,0,"",""
ball,1,11.3,Perth Scorchers,C Green,MR Marsh,SNJ O'Keefe,1,0,"",""
ball,1,11.4,Perth Scorchers,MR Marsh,C Green,SNJ O'Keefe,1,0,"",""
ball,1,11.5,Perth Scorchers,C Green,MR Marsh,SNJ O'Keefe,1,0,"",""
ball,1,11.6,Perth Scorchers,MR Marsh,C Green,SNJ O'Keefe,0,0,"",""
ball,1,12.1,Perth Scorchers,C Green,MR Marsh,BJ Dwarshuis,0,0,"",""
ball,1,12.2,Perth Scorchers,C Green,MR Marsh,BJ Dwarshuis,0,0,"",""
ball,1,12.3,Perth Scorchers,C Green,MR Marsh,BJ Dwarshuis,1,0,"",""
ball,1,12.4,Perth Scorchers,MR Marsh,C Green,BJ Dwarshuis,1,0,"",""
ball,1,12.5,Perth Scorchers,C Green,MR Marsh,BJ Dwarshuis,0,0,"",""
ball,1,12.6,Perth Scorchers,C Green,MR Marsh,BJ Dwarshuis,1,0,"",""
ball,1,13.1,Perth Scorchers,C Green,MR Marsh,BAD Manenti,1,0,"",""
ball,1,13.2,Perth Scorchers,MR Marsh,C Green,BAD Manenti,1,0,"",""
ball,1,13.3,Perth Scorchers,C Green,MR Marsh,BAD Manenti,2,0,"",""
ball,1,13.4,Perth Scorchers,C Green,MR Marsh,BAD Manenti,2,0,"",""
ball,1,13.5,Perth Scorchers,C Green,MR Marsh,BAD Manenti,2,0,"",""
ball,1,13.6,Perth Scorchers,C Green,MR Marsh,BAD Manenti,0,0,caught,C Green
ball,1,14.1,Perth Scorchers,AC Agar,MR Marsh,SA Abbott,1,0,"",""
ball,1,14.2,Perth Scorchers,MR Marsh,AC Agar,SA Abbott,1,0,"",""
ball,1,14.3,Perth Scorchers,AC Agar,MR Marsh,SA Abbott,0,1,"",""
ball,1,14.4,Perth Scorchers,AC Agar,MR Marsh,SA Abbott,0,0,"",""
ball,1,14.5,Perth Scorchers,AC Agar,MR Marsh,SA Abbott,1,0,"",""
ball,1,14.6,Perth Scorchers,MR Marsh,AC Agar,SA Abbott,4,0,"",""
ball,1,14.7,Perth Scorchers,MR Marsh,AC Agar,SA Abbott,1,0,"",""
ball,1,15.1,Perth Scorchers,MR Marsh,AC Agar,BAD Manenti,1,0,"",""
ball,1,15.2,Perth Scorchers,AC Agar,MR Marsh,BAD Manenti,1,0,"",""
ball,1,15.3,Perth Scorchers,MR Marsh,AC Agar,BAD Manenti,0,0,caught,MR Marsh
ball,1,15.4,Perth Scorchers,AC Agar,CJ Jordan,BAD Manenti,1,0,"",""
ball,1,15.5,Perth Scorchers,CJ Jordan,AC Agar,BAD Manenti,1,0,"",""
ball,1,15.6,Perth Scorchers,AC Agar,CJ Jordan,BAD Manenti,0,0,"",""
ball,1,16.1,Perth Scorchers,CJ Jordan,AC Agar,TK Curran,1,0,"",""
ball,1,16.2,Perth Scorchers,AC Agar,CJ Jordan,TK Curran,0,0,caught,AC Agar
ball,1,16.3,Perth Scorchers,CJ Jordan,JA Richardson,TK Curran,2,0,"",""
ball,1,16.4,Perth Scorchers,CJ Jordan,JA Richardson,TK Curran,0,0,"",""
ball,1,16.5,Perth Scorchers,CJ Jordan,JA Richardson,TK Curran,2,0,"",""
ball,1,16.6,Perth Scorchers,CJ Jordan,JA Richardson,TK Curran,1,0,"",""
ball,1,17.1,Perth Scorchers,CJ Jordan,JA Richardson,SA Abbott,0,0,caught and bowled,CJ Jordan
ball,1,17.2,Perth Scorchers,JA Richardson,M Kelly,SA Abbott,1,0,"",""
ball,1,17.3,Perth Scorchers,M Kelly,JA Richardson,SA Abbott,0,0,"",""
ball,1,17.4,Perth Scorchers,M Kelly,JA Richardson,SA Abbott,1,0,"",""
ball,1,17.5,Perth Scorchers,JA Richardson,M Kelly,SA Abbott,1,0,"",""
ball,1,17.6,Perth Scorchers,M Kelly,JA Richardson,SA Abbott,0,0,"",""
ball,1,18.1,Perth Scorchers,JA Richardson,M Kelly,BJ Dwarshuis,0,0,"",""
ball,1,18.2,Perth Scorchers,JA Richardson,M Kelly,BJ Dwarshuis,0,0,caught,JA Richardson
ball,1,18.3,Perth Scorchers,Fawad Ahmed,M Kelly,BJ Dwarshuis,0,0,"",""
ball,1,18.4,Perth Scorchers,Fawad Ahmed,M Kelly,BJ Dwarshuis,1,0,"",""
ball,1,18.5,Perth Scorchers,M Kelly,Fawad Ahmed,BJ Dwarshuis,1,0,"",""
ball,1,18.6,Perth Scorchers,Fawad Ahmed,M Kelly,BJ Dwarshuis,1,0,"",""
ball,1,19.1,Perth Scorchers,Fawad Ahmed,M Kelly,TK Curran,6,1,"",""
ball,1,19.2,Perth Scorchers,Fawad Ahmed,M Kelly,TK Curran,6,0,"",""
ball,1,19.3,Perth Scorchers,Fawad Ahmed,M Kelly,TK Curran,0,0,"",""
ball,1,19.4,Perth Scorchers,Fawad Ahmed,M Kelly,TK Curran,1,0,"",""
ball,1,19.5,Perth Scorchers,M Kelly,Fawad Ahmed,TK Curran,1,0,"",""
ball,1,19.6,Perth Scorchers,Fawad Ahmed,M Kelly,TK Curran,4,0,"",""
ball,1,19.7,Perth Scorchers,Fawad Ahmed,M Kelly,TK Curran,0,0,caught,Fawad Ahmed
ball,2,0.1,Sydney Sixers,JR Philippe,DP Hughes,AC Agar,0,0,"",""
ball,2,0.2,Sydney Sixers,JR Philippe,DP Hughes,AC Agar,4,0,"",""
ball,2,0.3,Sydney Sixers,JR Philippe,DP Hughes,AC Agar,0,0,"",""
ball,2,0.4,Sydney Sixers,JR Philippe,DP Hughes,AC Agar,4,0,"",""
ball,2,0.5,Sydney Sixers,JR Philippe,DP Hughes,AC Agar,2,0,"",""
ball,2,0.6,Sydney Sixers,JR Philippe,DP Hughes,AC Agar,0,0,"",""
ball,2,1.1,Sydney Sixers,DP Hughes,JR Philippe,JA Richardson,0,0,"",""
ball,2,1.2,Sydney Sixers,DP Hughes,JR Philippe,JA Richardson,6,0,"",""
ball,2,1.3,Sydney Sixers,DP Hughes,JR Philippe,JA Richardson,0,0,"",""
ball,2,1.4,Sydney Sixers,DP Hughes,JR Philippe,JA Richardson,1,0,"",""
ball,2,1.5,Sydney Sixers,JR Philippe,DP Hughes,JA Richardson,4,0,"",""
ball,2,1.6,Sydney Sixers,JR Philippe,DP Hughes,JA Richardson,0,0,"",""
ball,2,2.1,Sydney Sixers,DP Hughes,JR Philippe,M Kelly,0,0,"",""
ball,2,2.2,Sydney Sixers,DP Hughes,JR Philippe,M Kelly,0,0,"",""
ball,2,2.3,Sydney Sixers,DP Hughes,JR Philippe,M Kelly,0,0,"",""
ball,2,2.4,Sydney Sixers,DP Hughes,JR Philippe,M Kelly,0,0,"",""
ball,2,2.5,Sydney Sixers,DP Hughes,JR Philippe,M Kelly,2,0,"",""
ball,2,2.6,Sydney Sixers,DP Hughes,JR Philippe,M Kelly,0,0,"",""
ball,2,3.1,Sydney Sixers,JR Philippe,DP Hughes,CJ Jordan,1,0,"",""
ball,2,3.2,Sydney Sixers,DP Hughes,JR Philippe,CJ Jordan,1,0,"",""
ball,2,3.3,Sydney Sixers,JR Philippe,DP Hughes,CJ Jordan,0,0,"",""
ball,2,3.4,Sydney Sixers,JR Philippe,DP Hughes,CJ Jordan,0,0,"",""
ball,2,3.5,Sydney Sixers,JR Philippe,DP Hughes,CJ Jordan,4,0,"",""
ball,2,3.6,Sydney Sixers,JR Philippe,DP Hughes,CJ Jordan,0,1,"",""
ball,2,4.1,Sydney Sixers,JR Philippe,DP Hughes,M Kelly,4,0,"",""
ball,2,4.2,Sydney Sixers,JR Philippe,DP Hughes,M Kelly,4,0,"",""
ball,2,4.3,Sydney Sixers,JR Philippe,DP Hughes,M Kelly,0,0,"",""
ball,2,4.4,Sydney Sixers,JR Philippe,DP Hughes,M Kelly,4,0,"",""
ball,2,4.5,Sydney Sixers,JR Philippe,DP Hughes,M Kelly,0,0,"",""
ball,2,4.6,Sydney Sixers,JR Philippe,DP Hughes,M Kelly,2,0,"",""
ball,2,5.1,Sydney Sixers,DP Hughes,JR Philippe,Fawad Ahmed,0,0,"",""
ball,2,5.2,Sydney Sixers,DP Hughes,JR Philippe,Fawad Ahmed,4,0,"",""
ball,2,5.3,Sydney Sixers,DP Hughes,JR Philippe,Fawad Ahmed,4,0,"",""
ball,2,5.4,Sydney Sixers,DP Hughes,JR Philippe,Fawad Ahmed,1,0,"",""
ball,2,5.5,Sydney Sixers,JR Philippe,DP Hughes,Fawad Ahmed,4,0,"",""
ball,2,5.6,Sydney Sixers,JR Philippe,DP Hughes,Fawad Ahmed,1,0,"",""
ball,2,6.1,Sydney Sixers,JR Philippe,DP Hughes,AC Agar,2,0,"",""
ball,2,6.2,Sydney Sixers,JR Philippe,DP Hughes,AC Agar,0,4,"",""
ball,2,6.3,Sydney Sixers,DP Hughes,JR Philippe,AC Agar,1,0,"",""
ball,2,6.4,Sydney Sixers,JR Philippe,DP Hughes,AC Agar,0,0,"",""
ball,2,6.5,Sydney Sixers,JR Philippe,DP Hughes,AC Agar,1,0,"",""
ball,2,6.6,Sydney Sixers,DP Hughes,JR Philippe,AC Agar,1,0,"",""
ball,2,6.7,Sydney Sixers,JR Philippe,DP Hughes,AC Agar,4,0,"",""
ball,2,7.1,Sydney Sixers,DP Hughes,JR Philippe,CJ Jordan,1,0,"",""
ball,2,7.2,Sydney Sixers,JR Philippe,DP Hughes,CJ Jordan,1,0,"",""
ball,2,7.3,Sydney Sixers,DP Hughes,JR Philippe,CJ Jordan,0,0,"",""
ball,2,7.4,Sydney Sixers,DP Hughes,JR Philippe,CJ Jordan,0,0,bowled,DP Hughes
ball,2,7.5,Sydney Sixers,JM Vince,JR Philippe,CJ Jordan,1,0,"",""
ball,2,7.6,Sydney Sixers,JR Philippe,JM Vince,CJ Jordan,1,0,"",""
ball,2,8.1,Sydney Sixers,JR Philippe,JM Vince,Fawad Ahmed,1,0,"",""
ball,2,8.2,Sydney Sixers,JM Vince,JR Philippe,Fawad Ahmed,0,0,"",""
ball,2,8.3,Sydney Sixers,JM Vince,JR Philippe,Fawad Ahmed,1,0,"",""
ball,2,8.4,Sydney Sixers,JR Philippe,JM Vince,Fawad Ahmed,1,0,"",""
ball,2,8.5,Sydney Sixers,JM Vince,JR Philippe,Fawad Ahmed,1,0,"",""
ball,2,8.6,Sydney Sixers,JR Philippe,JM Vince,Fawad Ahmed,1,0,"",""
ball,2,9.1,Sydney Sixers,JR Philippe,JM Vince,AC Agar,6,0,"",""
ball,2,9.2,Sydney Sixers,JR Philippe,JM Vince,AC Agar,0,0,"",""
ball,2,9.3,Sydney Sixers,JR Philippe,JM Vince,AC Agar,1,0,"",""
ball,2,9.4,Sydney Sixers,JM Vince,JR Philippe,AC Agar,1,0,"",""
ball,2,9.5,Sydney Sixers,JR Philippe,JM Vince,AC Agar,0,0,"",""
ball,2,9.6,Sydney Sixers,JR Philippe,JM Vince,AC Agar,4,0,"",""
ball,2,10.1,Sydney Sixers,JM Vince,JR Philippe,JA Richardson,0,0,"",""
ball,2,10.2,Sydney Sixers,JM Vince,JR Philippe,JA Richardson,2,0,"",""
ball,2,10.3,Sydney Sixers,JM Vince,JR Philippe,JA Richardson,0,0,"",""
ball,2,10.4,Sydney Sixers,JM Vince,JR Philippe,JA Richardson,4,0,"",""
ball,2,10.5,Sydney Sixers,JM Vince,JR Philippe,JA Richardson,0,0,"",""
ball,2,10.6,Sydney Sixers,JM Vince,JR Philippe,JA Richardson,1,0,"",""
ball,2,11.1,Sydney Sixers,JM Vince,JR Philippe,Fawad Ahmed,1,0,"",""
ball,2,11.2,Sydney Sixers,JR Philippe,JM Vince,Fawad Ahmed,1,0,"",""
ball,2,11.3,Sydney Sixers,JM Vince,JR Philippe,Fawad Ahmed,0,0,"",""
ball,2,11.4,Sydney Sixers,JM Vince,JR Philippe,Fawad Ahmed,0,0,"",""
ball,2,11.5,Sydney Sixers,JM Vince,JR Philippe,Fawad Ahmed,1,0,"",""
ball,2,11.6,Sydney Sixers,JR Philippe,JM Vince,Fawad Ahmed,6,0,"",""
ball,2,12.1,Sydney Sixers,JM Vince,JR Philippe,CJ Jordan,0,0,caught,JM Vince
ball,2,12.2,Sydney Sixers,MC Henriques,JR Philippe,CJ Jordan,0,0,"",""
ball,2,12.3,Sydney Sixers,MC Henriques,JR Philippe,CJ Jordan,1,0,"",""
ball,2,12.4,Sydney Sixers,JR Philippe,MC Henriques,CJ Jordan,1,0,"",""
ball,2,12.5,Sydney Sixers,MC Henriques,JR Philippe,CJ Jordan,1,0,"",""
ball,2,12.6,Sydney Sixers,JR Philippe,MC Henriques,CJ Jordan,0,0,"",""
ball,2,13.1,Sydney Sixers,MC Henriques,JR Philippe,Fawad Ahmed,1,0,"",""
ball,2,13.2,Sydney Sixers,JR Philippe,MC Henriques,Fawad Ahmed,1,0,"",""
ball,2,13.3,Sydney Sixers,MC Henriques,JR Philippe,Fawad Ahmed,1,0,"",""
ball,2,13.4,Sydney Sixers,JR Philippe,MC Henriques,Fawad Ahmed,1,0,"",""
ball,2,13.5,Sydney Sixers,MC Henriques,JR Philippe,Fawad Ahmed,2,0,"",""
ball,2,13.6,Sydney Sixers,MC Henriques,JR Philippe,Fawad Ahmed,1,0,"",""
ball,2,14.1,Sydney Sixers,MC Henriques,JR Philippe,JA Richardson,2,0,"",""
ball,2,14.2,Sydney Sixers,MC Henriques,JR Philippe,JA Richardson,6,0,"",""
ball,2,14.3,Sydney Sixers,MC Henriques,JR Philippe,JA Richardson,1,0,"",""
ball,2,14.4,Sydney Sixers,JR Philippe,MC Henriques,JA Richardson,4,0,"",""
ball,2,14.5,Sydney Sixers,JR Philippe,MC Henriques,JA Richardson,0,0,"",""
ball,2,14.6,Sydney Sixers,JR Philippe,MC Henriques,JA Richardson,6,0,"",""
