version,1.3.0
info,team,Brisbane Heat
info,team,Sydney Sixers
info,gender,male
info,season,2019/20
info,date,2020/01/23
info,competition,Big Bash League
info,match_number,49
info,venue,"Brisbane Cricket Ground, Woolloongabba"
info,city,Brisbane
info,toss_winner,Sydney Sixers
info,toss_decision,field
info,player_of_match,SNJ O'Keefe
info,umpire,PJ Gillespie
info,umpire,GC Joshua
info,reserve_umpire,SE Dionysius
info,tv_umpire,SAJ Craig
info,match_referee,D Talalla
info,winner,Sydney Sixers
info,winner_wickets,8
ball,1,0.1,Brisbane Heat,SD Heazlett,CA Lynn,SNJ O'Keefe,1,0,"",""
ball,1,0.2,Brisbane Heat,CA Lynn,SD Heazlett,SNJ O'Keefe,1,0,"",""
ball,1,0.3,Brisbane Heat,SD Heazlett,CA Lynn,SNJ O'Keefe,4,0,"",""
ball,1,0.4,Brisbane Heat,SD Heazlett,CA Lynn,SNJ O'Keefe,1,0,"",""
ball,1,0.5,Brisbane Heat,CA Lynn,SD Heazlett,SNJ O'Keefe,0,0,"",""
ball,1,0.6,Brisbane Heat,CA Lynn,SD Heazlett,SNJ O'Keefe,0,0,"",""
ball,1,1.1,Brisbane Heat,SD Heazlett,CA Lynn,JM Bird,0,0,"",""
ball,1,1.2,Brisbane Heat,SD Heazlett,CA Lynn,JM Bird,1,0,"",""
ball,1,1.3,Brisbane Heat,CA Lynn,SD Heazlett,JM Bird,0,0,"",""
ball,1,1.4,Brisbane Heat,CA Lynn,SD Heazlett,JM Bird,4,0,"",""
ball,1,1.5,Brisbane Heat,CA Lynn,SD Heazlett,JM Bird,1,0,"",""
ball,1,1.6,Brisbane Heat,SD Heazlett,CA Lynn,JM Bird,0,0,"",""
ball,1,2.1,Brisbane Heat,CA Lynn,SD Heazlett,SNJ O'Keefe,1,0,"",""
ball,1,2.2,Brisbane Heat,SD Heazlett,CA Lynn,SNJ O'Keefe,1,0,"",""
ball,1,2.3,Brisbane Heat,CA Lynn,SD Heazlett,SNJ O'Keefe,0,0,bowled,CA Lynn
ball,1,2.4,Brisbane Heat,MT Renshaw,SD Heazlett,SNJ O'Keefe,0,0,"",""
ball,1,2.5,Brisbane Heat,MT Renshaw,SD Heazlett,SNJ O'Keefe,0,0,"",""
ball,1,2.6,Brisbane Heat,MT Renshaw,SD Heazlett,SNJ O'Keefe,0,0,"",""
ball,1,3.1,Brisbane Heat,SD Heazlett,MT Renshaw,NM Lyon,1,0,"",""
ball,1,3.2,Brisbane Heat,MT Renshaw,SD Heazlett,NM Lyon,0,0,"",""
ball,1,3.3,Brisbane Heat,MT Renshaw,SD Heazlett,NM Lyon,2,0,"",""
ball,1,3.4,Brisbane Heat,MT Renshaw,SD Heazlett,NM Lyon,6,0,"",""
ball,1,3.5,Brisbane Heat,MT Renshaw,SD Heazlett,NM Lyon,4,0,"",""
ball,1,3.6,Brisbane Heat,MT Renshaw,SD Heazlett,NM Lyon,0,0,"",""
ball,1,4.1,Brisbane Heat,SD Heazlett,MT Renshaw,JM Bird,0,0,"",""
ball,1,4.2,Brisbane Heat,SD Heazlett,MT Renshaw,JM Bird,4,0,"",""
ball,1,4.3,Brisbane Heat,SD Heazlett,MT Renshaw,JM Bird,1,0,"",""
ball,1,4.4,Brisbane Heat,MT Renshaw,SD Heazlett,JM Bird,0,0,"",""
ball,1,4.5,Brisbane Heat,MT Renshaw,SD Heazlett,JM Bird,0,0,caught,MT Renshaw
ball,1,4.6,Brisbane Heat,SD Heazlett,AB de Villiers,JM Bird,1,0,"",""
ball,1,5.1,Brisbane Heat,SD Heazlett,AB de Villiers,NM Lyon,0,0,caught and bowled,SD Heazlett
ball,1,5.2,Brisbane Heat,M Labuschagne,AB de Villiers,NM Lyon,0,0,"",""
ball,1,5.3,Brisbane Heat,M Labuschagne,AB de Villiers,NM Lyon,0,1,"",""
ball,1,5.4,Brisbane Heat,M Labuschagne,AB de Villiers,NM Lyon,0,0,"",""
ball,1,5.5,Brisbane Heat,M Labuschagne,AB de Villiers,NM Lyon,0,0,"",""
ball,1,5.6,Brisbane Heat,M Labuschagne,AB de Villiers,NM Lyon,0,0,"",""
ball,1,5.7,Brisbane Heat,M Labuschagne,AB de Villiers,NM Lyon,1,0,"",""
ball,1,6.1,Brisbane Heat,M Labuschagne,AB de Villiers,TK Curran,0,0,"",""
ball,1,6.2,Brisbane Heat,M Labuschagne,AB de Villiers,TK Curran,2,0,"",""
ball,1,6.3,Brisbane Heat,M Labuschagne,AB de Villiers,TK Curran,0,0,caught,M Labuschagne
ball,1,6.4,Brisbane Heat,AB de Villiers,JJ Peirson,TK Curran,2,0,"",""
ball,1,6.5,Brisbane Heat,AB de Villiers,JJ Peirson,TK Curran,0,0,"",""
ball,1,6.6,Brisbane Heat,AB de Villiers,JJ Peirson,TK Curran,1,0,"",""
ball,1,7.1,Brisbane Heat,AB de Villiers,JJ Peirson,NM Lyon,1,0,"",""
ball,1,7.2,Brisbane Heat,JJ Peirson,AB de Villiers,NM Lyon,1,0,"",""
ball,1,7.3,Brisbane Heat,AB de Villiers,JJ Peirson,NM Lyon,0,1,"",""
ball,1,7.4,Brisbane Heat,AB de Villiers,JJ Peirson,NM Lyon,1,0,"",""
ball,1,7.5,Brisbane Heat,JJ Peirson,AB de Villiers,NM Lyon,1,0,"",""
ball,1,7.6,Brisbane Heat,AB de Villiers,JJ Peirson,NM Lyon,1,0,"",""
ball,1,7.7,Brisbane Heat,JJ Peirson,AB de Villiers,NM Lyon,0,0,"",""
ball,1,8.1,Brisbane Heat,AB de Villiers,JJ Peirson,SNJ O'Keefe,1,0,"",""
ball,1,8.2,Brisbane Heat,JJ Peirson,AB de Villiers,SNJ O'Keefe,0,0,"",""
ball,1,8.3,Brisbane Heat,JJ Peirson,AB de Villiers,SNJ O'Keefe,1,0,"",""
ball,1,8.4,Brisbane Heat,AB de Villiers,JJ Peirson,SNJ O'Keefe,2,0,"",""
ball,1,8.5,Brisbane Heat,AB de Villiers,JJ Peirson,SNJ O'Keefe,1,0,"",""
ball,1,8.6,Brisbane Heat,JJ Peirson,AB de Villiers,SNJ O'Keefe,1,0,"",""
ball,1,9.1,Brisbane Heat,JJ Peirson,AB de Villiers,BJ Dwarshuis,4,0,"",""
ball,1,9.2,Brisbane Heat,JJ Peirson,AB de Villiers,BJ Dwarshuis,0,0,"",""
ball,1,9.3,Brisbane Heat,JJ Peirson,AB de Villiers,BJ Dwarshuis,0,0,"",""
ball,1,9.4,Brisbane Heat,JJ Peirson,AB de Villiers,BJ Dwarshuis,0,0,"",""
ball,1,9.5,Brisbane Heat,JJ Peirson,AB de Villiers,BJ Dwarshuis,0,0,"",""
ball,1,9.6,Brisbane Heat,JJ Peirson,AB de Villiers,BJ Dwarshuis,0,0,bowled,JJ Peirson
ball,1,10.1,Brisbane Heat,AB de Villiers,BCJ Cutting,JM Bird,1,0,"",""
ball,1,10.2,Brisbane Heat,BCJ Cutting,AB de Villiers,JM Bird,0,0,"",""
ball,1,10.3,Brisbane Heat,BCJ Cutting,AB de Villiers,JM Bird,0,1,"",""
ball,1,10.4,Brisbane Heat,AB de Villiers,BCJ Cutting,JM Bird,1,0,"",""
ball,1,10.5,Brisbane Heat,BCJ Cutting,AB de Villiers,JM Bird,0,0,"",""
ball,1,10.6,Brisbane Heat,BCJ Cutting,AB de Villiers,JM Bird,0,0,"",""
ball,1,11.1,Brisbane Heat,AB de Villiers,BCJ Cutting,NM Lyon,1,0,"",""
ball,1,11.2,Brisbane Heat,BCJ Cutting,AB de Villiers,NM Lyon,0,0,"",""
ball,1,11.3,Brisbane Heat,BCJ Cutting,AB de Villiers,NM Lyon,0,0,"",""
ball,1,11.4,Brisbane Heat,BCJ Cutting,AB de Villiers,NM Lyon,1,0,"",""
ball,1,11.5,Brisbane Heat,AB de Villiers,BCJ Cutting,NM Lyon,0,0,"",""
ball,1,11.6,Brisbane Heat,AB de Villiers,BCJ Cutting,NM Lyon,1,0,"",""
ball,1,12.1,Brisbane Heat,AB de Villiers,BCJ Cutting,TK Curran,1,0,"",""
ball,1,12.2,Brisbane Heat,BCJ Cutting,AB de Villiers,TK Curran,0,0,"",""
ball,1,12.3,Brisbane Heat,BCJ Cutting,AB de Villiers,TK Curran,2,0,"",""
ball,1,12.4,Brisbane Heat,BCJ Cutting,AB de Villiers,TK Curran,0,0,"",""
ball,1,12.5,Brisbane Heat,BCJ Cutting,AB de Villiers,TK Curran,1,0,"",""
ball,1,12.6,Brisbane Heat,AB de Villiers,BCJ Cutting,TK Curran,0,0,"",""
ball,1,13.1,Brisbane Heat,BCJ Cutting,AB de Villiers,BJ Dwarshuis,2,0,"",""
ball,1,13.2,Brisbane Heat,BCJ Cutting,AB de Villiers,BJ Dwarshuis,0,1,"",""
ball,1,13.3,Brisbane Heat,BCJ Cutting,AB de Villiers,BJ Dwarshuis,4,0,"",""
ball,1,13.4,Brisbane Heat,BCJ Cutting,AB de Villiers,BJ Dwarshuis,1,0,"",""
ball,1,13.5,Brisbane Heat,AB de Villiers,BCJ Cutting,BJ Dwarshuis,0,0,"",""
ball,1,13.6,Brisbane Heat,AB de Villiers,BCJ Cutting,BJ Dwarshuis,1,0,"",""
ball,1,13.7,Brisbane Heat,BCJ Cutting,AB de Villiers,BJ Dwarshuis,4,0,"",""
ball,1,14.1,Brisbane Heat,AB de Villiers,BCJ Cutting,SNJ O'Keefe,1,0,"",""
ball,1,14.2,Brisbane Heat,BCJ Cutting,AB de Villiers,SNJ O'Keefe,0,0,"",""
ball,1,14.3,Brisbane Heat,BCJ Cutting,AB de Villiers,SNJ O'Keefe,1,0,"",""
ball,1,14.4,Brisbane Heat,AB de Villiers,BCJ Cutting,SNJ O'Keefe,2,0,"",""
ball,1,14.5,Brisbane Heat,AB de Villiers,BCJ Cutting,SNJ O'Keefe,1,0,"",""
ball,1,14.6,Brisbane Heat,BCJ Cutting,AB de Villiers,SNJ O'Keefe,0,0,"",""
ball,1,15.1,Brisbane Heat,AB de Villiers,BCJ Cutting,TK Curran,1,0,"",""
ball,1,15.2,Brisbane Heat,BCJ Cutting,AB de Villiers,TK Curran,0,0,"",""
ball,1,15.3,Brisbane Heat,BCJ Cutting,AB de Villiers,TK Curran,0,0,"",""
ball,1,15.4,Brisbane Heat,BCJ Cutting,AB de Villiers,TK Curran,0,0,caught,BCJ Cutting
ball,1,15.5,Brisbane Heat,AB de Villiers,JL Pattinson,TK Curran,2,0,"",""
ball,1,15.6,Brisbane Heat,AB de Villiers,JL Pattinson,TK Curran,1,0,"",""
ball,1,16.1,Brisbane Heat,AB de Villiers,JL Pattinson,BJ Dwarshuis,1,0,"",""
ball,1,16.2,Brisbane Heat,JL Pattinson,AB de Villiers,BJ Dwarshuis,1,0,"",""
ball,1,16.3,Brisbane Heat,AB de Villiers,JL Pattinson,BJ Dwarshuis,0,0,caught,AB de Villiers
ball,1,16.4,Brisbane Heat,JL Pattinson,MJ Swepson,BJ Dwarshuis,0,0,"",""
ball,1,16.5,Brisbane Heat,JL Pattinson,MJ Swepson,BJ Dwarshuis,1,0,"",""
ball,1,16.6,Brisbane Heat,MJ Swepson,JL Pattinson,BJ Dwarshuis,1,0,"",""
ball,1,17.1,Brisbane Heat,MJ Swepson,JL Pattinson,JM Bird,0,0,caught,MJ Swepson
ball,1,17.2,Brisbane Heat,JL Pattinson,B Laughlin,JM Bird,0,1,"",""
ball,1,17.3,Brisbane Heat,JL Pattinson,B Laughlin,JM Bird,1,0,"",""
ball,1,17.4,Brisbane Heat,B Laughlin,JL Pattinson,JM Bird,1,0,"",""
ball,1,17.5,Brisbane Heat,JL Pattinson,B Laughlin,JM Bird,1,0,"",""
ball,1,17.6,Brisbane Heat,B Laughlin,JL Pattinson,JM Bird,0,1,"",""
ball,1,17.7,Brisbane Heat,B Laughlin,JL Pattinson,JM Bird,1,0,"",""
ball,1,17.8,Brisbane Heat,JL Pattinson,B Laughlin,JM Bird,1,0,"",""
ball,1,18.1,Brisbane Heat,JL Pattinson,B Laughlin,BJ Dwarshuis,4,0,"",""
ball,1,18.2,Brisbane Heat,JL Pattinson,B Laughlin,BJ Dwarshuis,1,0,"",""
ball,1,18.3,Brisbane Heat,B Laughlin,JL Pattinson,BJ Dwarshuis,1,0,"",""
ball,1,18.4,Brisbane Heat,JL Pattinson,B Laughlin,BJ Dwarshuis,6,0,"",""
ball,1,18.5,Brisbane Heat,JL Pattinson,B Laughlin,BJ Dwarshuis,0,0,"",""
ball,1,18.6,Brisbane Heat,JL Pattinson,B Laughlin,BJ Dwarshuis,2,0,"",""
ball,1,19.1,Brisbane Heat,B Laughlin,JL Pattinson,TK Curran,1,0,"",""
ball,1,19.2,Brisbane Heat,JL Pattinson,B Laughlin,TK Curran,0,1,"",""
ball,1,19.3,Brisbane Heat,JL Pattinson,B Laughlin,TK Curran,0,0,"",""
ball,1,19.4,Brisbane Heat,JL Pattinson,B Laughlin,TK Curran,1,0,"",""
ball,1,19.5,Brisbane Heat,B Laughlin,JL Pattinson,TK Curran,1,0,"",""
ball,1,19.6,Brisbane Heat,JL Pattinson,B Laughlin,TK Curran,6,0,"",""
ball,1,19.7,Brisbane Heat,JL Pattinson,B Laughlin,TK Curran,2,0,"",""
ball,2,0.1,Sydney Sixers,JR Philippe,JM Vince,Mujeeb Ur Rahman,0,0,"",""
ball,2,0.2,Sydney Sixers,JR Philippe,JM Vince,Mujeeb Ur Rahman,1,0,"",""
ball,2,0.3,Sydney Sixers,JM Vince,JR Philippe,Mujeeb Ur Rahman,0,0,"",""
ball,2,0.4,Sydney Sixers,JM Vince,JR Philippe,Mujeeb Ur Rahman,4,0,"",""
ball,2,0.5,Sydney Sixers,JM Vince,JR Philippe,Mujeeb Ur Rahman,0,0,"",""
ball,2,0.6,Sydney Sixers,JM Vince,JR Philippe,Mujeeb Ur Rahman,0,0,"",""
ball,2,1.1,Sydney Sixers,JR Philippe,JM Vince,JL Pattinson,1,0,"",""
ball,2,1.2,Sydney Sixers,JM Vince,JR Philippe,JL Pattinson,0,0,"",""
ball,2,1.3,Sydney Sixers,JM Vince,JR Philippe,JL Pattinson,1,0,"",""
ball,2,1.4,Sydney Sixers,JR Philippe,JM Vince,JL Pattinson,1,0,"",""
ball,2,1.5,Sydney Sixers,JM Vince,JR Philippe,JL Pattinson,0,0,"",""
ball,2,1.6,Sydney Sixers,JM Vince,JR Philippe,JL Pattinson,1,0,"",""
ball,2,2.1,Sydney Sixers,JM Vince,JR Philippe,Mujeeb Ur Rahman,2,0,"",""
ball,2,2.2,Sydney Sixers,JM Vince,JR Philippe,Mujeeb Ur Rahman,4,0,"",""
ball,2,2.3,Sydney Sixers,JM Vince,JR Philippe,Mujeeb Ur Rahman,4,0,"",""
ball,2,2.4,Sydney Sixers,JM Vince,JR Philippe,Mujeeb Ur Rahman,0,0,"",""
ball,2,2.5,Sydney Sixers,JM Vince,JR Philippe,Mujeeb Ur Rahman,4,0,"",""
ball,2,2.6,Sydney Sixers,JM Vince,JR Philippe,Mujeeb Ur Rahman,0,0,"",""
ball,2,3.1,Sydney Sixers,JR Philippe,JM Vince,JL Pattinson,0,3,"",""
ball,2,3.2,Sydney Sixers,JM Vince,JR Philippe,JL Pattinson,0,0,"",""
ball,2,3.3,Sydney Sixers,JM Vince,JR Philippe,JL Pattinson,1,0,"",""
ball,2,3.4,Sydney Sixers,JR Philippe,JM Vince,JL Pattinson,1,0,"",""
ball,2,3.5,Sydney Sixers,JM Vince,JR Philippe,JL Pattinson,1,0,"",""
ball,2,3.6,Sydney Sixers,JR Philippe,JM Vince,JL Pattinson,1,0,"",""
ball,2,4.1,Sydney Sixers,JR Philippe,JM Vince,BCJ Cutting,1,0,"",""
ball,2,4.2,Sydney Sixers,JM Vince,JR Philippe,BCJ Cutting,1,0,"",""
ball,2,4.3,Sydney Sixers,JR Philippe,JM Vince,BCJ Cutting,1,0,"",""
ball,2,4.4,Sydney Sixers,JM Vince,JR Philippe,BCJ Cutting,1,0,"",""
ball,2,4.5,Sydney Sixers,JR Philippe,JM Vince,BCJ Cutting,1,0,"",""
ball,2,4.6,Sydney Sixers,JM Vince,JR Philippe,BCJ Cutting,0,0,"",""
ball,2,5.1,Sydney Sixers,JR Philippe,JM Vince,B Laughlin,0,0,"",""
ball,2,5.2,Sydney Sixers,JR Philippe,JM Vince,B Laughlin,0,0,"",""
ball,2,5.3,Sydney Sixers,JR Philippe,JM Vince,B Laughlin,4,0,"",""
ball,2,5.4,Sydney Sixers,JR Philippe,JM Vince,B Laughlin,1,0,"",""
ball,2,5.5,Sydney Sixers,JM Vince,JR Philippe,B Laughlin,4,0,"",""
ball,2,5.6,Sydney Sixers,JM Vince,JR Philippe,B Laughlin,4,0,"",""
ball,2,6.1,Sydney Sixers,JR Philippe,JM Vince,MJ Swepson,1,0,"",""
ball,2,6.2,Sydney Sixers,JM Vince,JR Philippe,MJ Swepson,1,0,"",""
ball,2,6.3,Sydney Sixers,JR Philippe,JM Vince,MJ Swepson,1,0,"",""
ball,2,6.4,Sydney Sixers,JM Vince,JR Philippe,MJ Swepson,1,0,"",""
ball,2,6.5,Sydney Sixers,JR Philippe,JM Vince,MJ Swepson,0,0,"",""
ball,2,6.6,Sydney Sixers,JR Philippe,JM Vince,MJ Swepson,1,0,"",""
ball,2,7.1,Sydney Sixers,JR Philippe,JM Vince,Mujeeb Ur Rahman,1,0,"",""
ball,2,7.2,Sydney Sixers,JM Vince,JR Philippe,Mujeeb Ur Rahman,0,0,"",""
ball,2,7.3,Sydney Sixers,JM Vince,JR Philippe,Mujeeb Ur Rahman,6,0,"",""
ball,2,7.4,Sydney Sixers,JM Vince,JR Philippe,Mujeeb Ur Rahman,0,0,"",""
ball,2,7.5,Sydney Sixers,JM Vince,JR Philippe,Mujeeb Ur Rahman,0,0,"",""
ball,2,7.6,Sydney Sixers,JM Vince,JR Philippe,Mujeeb Ur Rahman,1,0,"",""
ball,2,8.1,Sydney Sixers,JM Vince,JR Philippe,MJ Swepson,4,0,"",""
ball,2,8.2,Sydney Sixers,JM Vince,JR Philippe,MJ Swepson,0,0,"",""
ball,2,8.3,Sydney Sixers,JM Vince,JR Philippe,MJ Swepson,1,0,"",""
ball,2,8.4,Sydney Sixers,JR Philippe,JM Vince,MJ Swepson,1,0,"",""
ball,2,8.5,Sydney Sixers,JM Vince,JR Philippe,MJ Swepson,0,0,"",""
ball,2,8.6,Sydney Sixers,JM Vince,JR Philippe,MJ Swepson,0,1,"",""
ball,2,8.7,Sydney Sixers,JM Vince,JR Philippe,MJ Swepson,4,0,"",""
ball,2,9.1,Sydney Sixers,JR Philippe,JM Vince,B Laughlin,1,0,"",""
ball,2,9.2,Sydney Sixers,JM Vince,JR Philippe,B Laughlin,0,0,"",""
ball,2,9.3,Sydney Sixers,JM Vince,JR Philippe,B Laughlin,1,0,"",""
ball,2,9.4,Sydney Sixers,JR Philippe,JM Vince,B Laughlin,1,0,"",""
ball,2,9.5,Sydney Sixers,JM Vince,JR Philippe,B Laughlin,0,0,caught,JM Vince
ball,2,9.6,Sydney Sixers,JR Philippe,SPD Smith,B Laughlin,1,0,"",""
ball,2,10.1,Sydney Sixers,JR Philippe,SPD Smith,Mujeeb Ur Rahman,0,0,"",""
ball,2,10.2,Sydney Sixers,JR Philippe,SPD Smith,Mujeeb Ur Rahman,1,0,"",""
ball,2,10.3,Sydney Sixers,SPD Smith,JR Philippe,Mujeeb Ur Rahman,0,1,"",""
ball,2,10.4,Sydney Sixers,SPD Smith,JR Philippe,Mujeeb Ur Rahman,0,0,"",""
ball,2,10.5,Sydney Sixers,SPD Smith,JR Philippe,Mujeeb Ur Rahman,1,0,"",""
ball,2,10.6,Sydney Sixers,JR Philippe,SPD Smith,Mujeeb Ur Rahman,1,0,"",""
ball,2,10.7,Sydney Sixers,SPD Smith,JR Philippe,Mujeeb Ur Rahman,1,0,"",""
ball,2,11.1,Sydney Sixers,SPD Smith,JR Philippe,B Laughlin,1,0,"",""
ball,2,11.2,Sydney Sixers,JR Philippe,SPD Smith,B Laughlin,6,0,"",""
ball,2,11.3,Sydney Sixers,JR Philippe,SPD Smith,B Laughlin,4,0,"",""
ball,2,11.4,Sydney Sixers,JR Philippe,SPD Smith,B Laughlin,2,0,"",""
ball,2,11.5,Sydney Sixers,JR Philippe,SPD Smith,B Laughlin,0,1,"",""
ball,2,11.6,Sydney Sixers,SPD Smith,JR Philippe,B Laughlin,0,0,"",""
ball,2,12.1,Sydney Sixers,JR Philippe,SPD Smith,M Labuschagne,0,0,"",""
ball,2,12.2,Sydney Sixers,JR Philippe,SPD Smith,M Labuschagne,1,0,"",""
ball,2,12.3,Sydney Sixers,SPD Smith,JR Philippe,M Labuschagne,4,0,"",""
ball,2,12.4,Sydney Sixers,SPD Smith,JR Philippe,M Labuschagne,1,0,"",""
ball,2,12.5,Sydney Sixers,JR Philippe,SPD Smith,M Labuschagne,4,0,"",""
ball,2,12.6,Sydney Sixers,JR Philippe,SPD Smith,M Labuschagne,1,0,"",""
ball,2,13.1,Sydney Sixers,JR Philippe,SPD Smith,JL Pattinson,4,0,"",""
ball,2,13.2,Sydney Sixers,JR Philippe,SPD Smith,JL Pattinson,2,0,"",""
ball,2,13.3,Sydney Sixers,JR Philippe,SPD Smith,JL Pattinson,0,1,"",""
ball,2,13.4,Sydney Sixers,JR Philippe,SPD Smith,JL Pattinson,1,0,"",""
ball,2,13.5,Sydney Sixers,SPD Smith,JR Philippe,JL Pattinson,1,0,"",""
ball,2,13.6,Sydney Sixers,JR Philippe,SPD Smith,JL Pattinson,0,1,"",""
ball,2,13.7,Sydney Sixers,SPD Smith,JR Philippe,JL Pattinson,0,0,caught,SPD Smith
ball,2,14.1,Sydney Sixers,JR Philippe,MC Henriques,MJ Swepson,0,1,"",""
ball,2,14.2,Sydney Sixers,MC Henriques,JR Philippe,MJ Swepson,1,0,"",""
ball,2,14.3,Sydney Sixers,JR Philippe,MC Henriques,MJ Swepson,1,0,"",""
ball,2,14.4,Sydney Sixers,MC Henriques,JR Philippe,MJ Swepson,0,0,"",""
ball,2,14.5,Sydney Sixers,MC Henriques,JR Philippe,MJ Swepson,1,0,"",""
ball,2,14.6,Sydney Sixers,JR Philippe,MC Henriques,MJ Swepson,3,0,"",""
ball,2,15.1,Sydney Sixers,JR Philippe,MC Henriques,JL Pattinson,0,1,"",""
ball,2,15.2,Sydney Sixers,MC Henriques,JR Philippe,JL Pattinson,0,0,"",""
ball,2,15.3,Sydney Sixers,MC Henriques,JR Philippe,JL Pattinson,1,0,"",""
ball,2,15.4,Sydney Sixers,JR Philippe,MC Henriques,JL Pattinson,0,1,"",""
ball,2,15.5,Sydney Sixers,MC Henriques,JR Philippe,JL Pattinson,1,0,"",""
