version,1.3.0
info,team,Hobart Hurricanes
info,team,Sydney Thunder
info,gender,male
info,season,2019/20
info,date,2020/01/24
info,competition,Big Bash League
info,match_number,50
info,venue,Bellerive Oval
info,city,Hobart
info,toss_winner,Hobart Hurricanes
info,toss_decision,bat
info,player_of_match,DJM Short
info,umpire,GA Abood
info,umpire,SA Lightbody
info,reserve_umpire,M Qureshi
info,tv_umpire,AK Wilds
info,match_referee,SR Bernard
info,winner,Hobart Hurricanes
info,winner_runs,57
ball,1,0.1,Hobart Hurricanes,MS Wade,DJM Short,AJ Nair,1,0,"",""
ball,1,0.2,Hobart Hurricanes,DJM Short,MS Wade,AJ Nair,0,0,"",""
ball,1,0.3,Hobart Hurricanes,DJM Short,MS Wade,AJ Nair,0,1,"",""
ball,1,0.4,Hobart Hurricanes,DJM Short,MS Wade,AJ Nair,0,0,bowled,DJM Short
ball,1,0.5,Hobart Hurricanes,M Wright,MS Wade,AJ Nair,0,0,"",""
ball,1,0.6,Hobart Hurricanes,M Wright,MS Wade,AJ Nair,0,0,"",""
ball,1,0.7,Hobart Hurricanes,M Wright,MS Wade,AJ Nair,0,0,"",""
ball,1,1.1,Hobart Hurricanes,MS Wade,M Wright,JD Cook,1,0,"",""
ball,1,1.2,Hobart Hurricanes,M Wright,MS Wade,JD Cook,0,0,"",""
ball,1,1.3,Hobart Hurricanes,M Wright,MS Wade,JD Cook,1,0,"",""
ball,1,1.4,Hobart Hurricanes,MS Wade,M Wright,JD Cook,1,0,"",""
ball,1,1.5,Hobart Hurricanes,M Wright,MS Wade,JD Cook,0,0,"",""
ball,1,1.6,Hobart Hurricanes,M Wright,MS Wade,JD Cook,0,0,"",""
ball,1,2.1,Hobart Hurricanes,MS Wade,M Wright,CH Morris,2,0,"",""
ball,1,2.2,Hobart Hurricanes,MS Wade,M Wright,CH Morris,4,0,"",""
ball,1,2.3,Hobart Hurricanes,MS Wade,M Wright,CH Morris,0,0,"",""
ball,1,2.4,Hobart Hurricanes,MS Wade,M Wright,CH Morris,4,0,"",""
ball,1,2.5,Hobart Hurricanes,MS Wade,M Wright,CH Morris,0,0,"",""
ball,1,2.6,Hobart Hurricanes,MS Wade,M Wright,CH Morris,1,0,"",""
ball,1,3.1,Hobart Hurricanes,MS Wade,M Wright,AJ Nair,4,0,"",""
ball,1,3.2,Hobart Hurricanes,MS Wade,M Wright,AJ Nair,0,2,"",""
ball,1,3.3,Hobart Hurricanes,M Wright,MS Wade,AJ Nair,0,0,"",""
ball,1,3.4,Hobart Hurricanes,M Wright,MS Wade,AJ Nair,4,0,"",""
ball,1,3.5,Hobart Hurricanes,M Wright,MS Wade,AJ Nair,1,0,"",""
ball,1,3.6,Hobart Hurricanes,MS Wade,M Wright,AJ Nair,0,0,"",""
ball,1,3.7,Hobart Hurricanes,MS Wade,M Wright,AJ Nair,1,0,"",""
ball,1,4.1,Hobart Hurricanes,MS Wade,M Wright,GS Sandhu,1,0,"",""
ball,1,4.2,Hobart Hurricanes,M Wright,MS Wade,GS Sandhu,4,0,"",""
ball,1,4.3,Hobart Hurricanes,M Wright,MS Wade,GS Sandhu,1,0,"",""
ball,1,4.4,Hobart Hurricanes,MS Wade,M Wright,GS Sandhu,0,0,"",""
ball,1,4.5,Hobart Hurricanes,MS Wade,M Wright,GS Sandhu,2,0,"",""
ball,1,4.6,Hobart Hurricanes,MS Wade,M Wright,GS Sandhu,1,0,"",""
ball,1,5.1,Hobart Hurricanes,MS Wade,M Wright,DR Sams,1,0,"",""
ball,1,5.2,Hobart Hurricanes,M Wright,MS Wade,DR Sams,1,0,"",""
ball,1,5.3,Hobart Hurricanes,MS Wade,M Wright,DR Sams,1,0,"",""
ball,1,5.4,Hobart Hurricanes,M Wright,MS Wade,DR Sams,1,0,"",""
ball,1,5.5,Hobart Hurricanes,MS Wade,M Wright,DR Sams,4,0,"",""
ball,1,5.6,Hobart Hurricanes,MS Wade,M Wright,DR Sams,1,0,"",""
ball,1,6.1,Hobart Hurricanes,MS Wade,M Wright,L Bowe,4,0,"",""
ball,1,6.2,Hobart Hurricanes,MS Wade,M Wright,L Bowe,1,0,"",""
ball,1,6.3,Hobart Hurricanes,M Wright,MS Wade,L Bowe,1,0,"",""
ball,1,6.4,Hobart Hurricanes,MS Wade,M Wright,L Bowe,0,0,"",""
ball,1,6.5,Hobart Hurricanes,MS Wade,M Wright,L Bowe,6,0,"",""
ball,1,6.6,Hobart Hurricanes,MS Wade,M Wright,L Bowe,0,0,"",""
ball,1,7.1,Hobart Hurricanes,M Wright,MS Wade,GS Sandhu,6,0,"",""
ball,1,7.2,Hobart Hurricanes,M Wright,MS Wade,GS Sandhu,1,0,"",""
ball,1,7.3,Hobart Hurricanes,MS Wade,M Wright,GS Sandhu,1,0,"",""
ball,1,7.4,Hobart Hurricanes,M Wright,MS Wade,GS Sandhu,6,0,"",""
ball,1,7.5,Hobart Hurricanes,M Wright,MS Wade,GS Sandhu,2,0,"",""
ball,1,7.6,Hobart Hurricanes,M Wright,MS Wade,GS Sandhu,2,0,"",""
ball,1,8.1,Hobart Hurricanes,MS Wade,M Wright,CH Morris,1,0,"",""
ball,1,8.2,Hobart Hurricanes,M Wright,MS Wade,CH Morris,0,0,"",""
ball,1,8.3,Hobart Hurricanes,M Wright,MS Wade,CH Morris,1,0,"",""
ball,1,8.4,Hobart Hurricanes,MS Wade,M Wright,CH Morris,1,0,"",""
ball,1,8.5,Hobart Hurricanes,M Wright,MS Wade,CH Morris,0,1,"",""
ball,1,8.6,Hobart Hurricanes,M Wright,MS Wade,CH Morris,0,0,"",""
ball,1,8.7,Hobart Hurricanes,M Wright,MS Wade,CH Morris,1,0,"",""
ball,1,9.1,Hobart Hurricanes,M Wright,MS Wade,JD Cook,1,0,"",""
ball,1,9.2,Hobart Hurricanes,MS Wade,M Wright,JD Cook,0,0,"",""
ball,1,9.3,Hobart Hurricanes,MS Wade,M Wright,JD Cook,1,0,"",""
ball,1,9.4,Hobart Hurricanes,M Wright,MS Wade,JD Cook,1,0,"",""
ball,1,9.5,Hobart Hurricanes,MS Wade,M Wright,JD Cook,1,0,"",""
ball,1,9.6,Hobart Hurricanes,M Wright,MS Wade,JD Cook,4,0,"",""
ball,1,10.1,Hobart Hurricanes,MS Wade,M Wright,DR Sams,6,0,"",""
ball,1,10.2,Hobart Hurricanes,MS Wade,M Wright,DR Sams,4,0,"",""
ball,1,10.3,Hobart Hurricanes,MS Wade,M Wright,DR Sams,0,0,caught,MS Wade
ball,1,10.4,Hobart Hurricanes,DA Miller,M Wright,DR Sams,1,0,"",""
ball,1,10.5,Hobart Hurricanes,M Wright,DA Miller,DR Sams,1,0,"",""
ball,1,10.6,Hobart Hurricanes,DA Miller,M Wright,DR Sams,0,0,"",""
ball,1,11.1,Hobart Hurricanes,M Wright,DA Miller,L Bowe,1,0,"",""
ball,1,11.2,Hobart Hurricanes,DA Miller,M Wright,L Bowe,1,0,"",""
ball,1,11.3,Hobart Hurricanes,M Wright,DA Miller,L Bowe,1,0,"",""
ball,1,11.4,Hobart Hurricanes,DA Miller,M Wright,L Bowe,1,0,"",""
ball,1,11.5,Hobart Hurricanes,M Wright,DA Miller,L Bowe,1,0,"",""
ball,1,11.6,Hobart Hurricanes,DA Miller,M Wright,L Bowe,1,0,"",""
ball,1,12.1,Hobart Hurricanes,DA Miller,M Wright,AJ Nair,1,0,"",""
ball,1,12.2,Hobart Hurricanes,M Wright,DA Miller,AJ Nair,1,0,"",""
ball,1,12.3,Hobart Hurricanes,DA Miller,M Wright,AJ Nair,1,0,"",""
ball,1,12.4,Hobart Hurricanes,M Wright,DA Miller,AJ Nair,1,0,"",""
ball,1,12.5,Hobart Hurricanes,DA Miller,M Wright,AJ Nair,0,0,caught,DA Miller
ball,1,12.6,Hobart Hurricanes,M Wright,BR McDermott,AJ Nair,1,0,"",""
ball,1,13.1,Hobart Hurricanes,M Wright,BR McDermott,JD Cook,1,0,"",""
ball,1,13.2,Hobart Hurricanes,BR McDermott,M Wright,JD Cook,0,0,"",""
ball,1,13.3,Hobart Hurricanes,BR McDermott,M Wright,JD Cook,4,0,"",""
ball,1,13.4,Hobart Hurricanes,BR McDermott,M Wright,JD Cook,1,0,"",""
ball,1,13.5,Hobart Hurricanes,M Wright,BR McDermott,JD Cook,0,0,"",""
ball,1,13.6,Hobart Hurricanes,M Wright,BR McDermott,JD Cook,0,0,"",""
ball,1,14.1,Hobart Hurricanes,BR McDermott,M Wright,L Bowe,0,0,"",""
ball,1,14.2,Hobart Hurricanes,BR McDermott,M Wright,L Bowe,4,0,"",""
ball,1,14.3,Hobart Hurricanes,BR McDermott,M Wright,L Bowe,0,0,"",""
ball,1,14.4,Hobart Hurricanes,BR McDermott,M Wright,L Bowe,1,0,"",""
ball,1,14.5,Hobart Hurricanes,M Wright,BR McDermott,L Bowe,1,0,"",""
ball,1,14.6,Hobart Hurricanes,BR McDermott,M Wright,L Bowe,2,0,"",""
ball,1,15.1,Hobart Hurricanes,M Wright,BR McDermott,JD Cook,2,0,"",""
ball,1,15.2,Hobart Hurricanes,M Wright,BR McDermott,JD Cook,4,0,"",""
ball,1,15.3,Hobart Hurricanes,M Wright,BR McDermott,JD Cook,6,0,"",""
ball,1,15.4,Hobart Hurricanes,M Wright,BR McDermott,JD Cook,1,0,"",""
ball,1,15.5,Hobart Hurricanes,BR McDermott,M Wright,JD Cook,0,0,"",""
ball,1,15.6,Hobart Hurricanes,BR McDermott,M Wright,JD Cook,0,0,"",""
ball,1,16.1,Hobart Hurricanes,M Wright,BR McDermott,DR Sams,1,0,"",""
ball,1,16.2,Hobart Hurricanes,BR McDermott,M Wright,DR Sams,0,0,bowled,BR McDermott
ball,1,16.3,Hobart Hurricanes,GJ Bailey,M Wright,DR Sams,1,0,"",""
ball,1,16.4,Hobart Hurricanes,M Wright,GJ Bailey,DR Sams,2,0,"",""
ball,1,16.5,Hobart Hurricanes,M Wright,GJ Bailey,DR Sams,0,0,caught,M Wright
ball,1,16.6,Hobart Hurricanes,CA Rose,GJ Bailey,DR Sams,1,0,"",""
ball,1,17.1,Hobart Hurricanes,CA Rose,GJ Bailey,CH Morris,1,0,"",""
ball,1,17.2,Hobart Hurricanes,GJ Bailey,CA Rose,CH Morris,1,0,"",""
ball,1,17.3,Hobart Hurricanes,CA Rose,GJ Bailey,CH Morris,1,0,"",""
ball,1,17.4,Hobart Hurricanes,GJ Bailey,CA Rose,CH Morris,4,0,"",""
ball,1,17.5,Hobart Hurricanes,GJ Bailey,CA Rose,CH Morris,2,0,"",""
ball,1,17.6,Hobart Hurricanes,GJ Bailey,CA Rose,CH Morris,4,0,"",""
ball,1,18.1,Hobart Hurricanes,CA Rose,GJ Bailey,GS Sandhu,2,0,"",""
ball,1,18.2,Hobart Hurricanes,CA Rose,GJ Bailey,GS Sandhu,0,1,"",""
ball,1,18.3,Hobart Hurricanes,GJ Bailey,CA Rose,GS Sandhu,6,0,"",""
ball,1,18.4,Hobart Hurricanes,GJ Bailey,CA Rose,GS Sandhu,4,0,"",""
ball,1,18.5,Hobart Hurricanes,GJ Bailey,CA Rose,GS Sandhu,6,0,"",""
ball,1,18.6,Hobart Hurricanes,GJ Bailey,CA Rose,GS Sandhu,1,0,"",""
ball,1,19.1,Hobart Hurricanes,GJ Bailey,CA Rose,DR Sams,0,0,caught,GJ Bailey
ball,1,19.2,Hobart Hurricanes,CA Rose,NT Ellis,DR Sams,1,0,"",""
ball,1,19.3,Hobart Hurricanes,NT Ellis,CA Rose,DR Sams,2,0,"",""
ball,1,19.4,Hobart Hurricanes,NT Ellis,CA Rose,DR Sams,0,1,"",""
ball,1,19.5,Hobart Hurricanes,NT Ellis,CA Rose,DR Sams,0,1,"",""
ball,1,19.6,Hobart Hurricanes,NT Ellis,CA Rose,DR Sams,1,0,"",""
ball,1,19.7,Hobart Hurricanes,CA Rose,NT Ellis,DR Sams,1,0,"",""
ball,1,19.8,Hobart Hurricanes,NT Ellis,CA Rose,DR Sams,1,0,"",""
ball,2,0.1,Sydney Thunder,UT Khawaja,AD Hales,JP Faulkner,0,0,"",""
ball,2,0.2,Sydney Thunder,UT Khawaja,AD Hales,JP Faulkner,1,0,"",""
ball,2,0.3,Sydney Thunder,AD Hales,UT Khawaja,JP Faulkner,1,0,"",""
ball,2,0.4,Sydney Thunder,UT Khawaja,AD Hales,JP Faulkner,2,0,"",""
ball,2,0.5,Sydney Thunder,UT Khawaja,AD Hales,JP Faulkner,0,0,"",""
ball,2,0.6,Sydney Thunder,UT Khawaja,AD Hales,JP Faulkner,0,0,"",""
ball,2,1.1,Sydney Thunder,AD Hales,UT Khawaja,CA Rose,0,0,"",""
ball,2,1.2,Sydney Thunder,AD Hales,UT Khawaja,CA Rose,4,0,"",""
ball,2,1.3,Sydney Thunder,AD Hales,UT Khawaja,CA Rose,0,0,"",""
ball,2,1.4,Sydney Thunder,AD Hales,UT Khawaja,CA Rose,1,0,"",""
ball,2,1.5,Sydney Thunder,UT Khawaja,AD Hales,CA Rose,0,0,"",""
ball,2,1.6,Sydney Thunder,UT Khawaja,AD Hales,CA Rose,0,0,"",""
ball,2,2.1,Sydney Thunder,AD Hales,UT Khawaja,JP Faulkner,6,0,"",""
ball,2,2.2,Sydney Thunder,AD Hales,UT Khawaja,JP Faulkner,0,0,"",""
ball,2,2.3,Sydney Thunder,AD Hales,UT Khawaja,JP Faulkner,0,0,"",""
ball,2,2.4,Sydney Thunder,AD Hales,UT Khawaja,JP Faulkner,4,0,"",""
ball,2,2.5,Sydney Thunder,AD Hales,UT Khawaja,JP Faulkner,0,1,"",""
ball,2,2.6,Sydney Thunder,UT Khawaja,AD Hales,JP Faulkner,0,0,caught,UT Khawaja
ball,2,3.1,Sydney Thunder,AD Hales,CJ Ferguson,SM Boland,0,0,"",""
ball,2,3.2,Sydney Thunder,AD Hales,CJ Ferguson,SM Boland,0,0,"",""
ball,2,3.3,Sydney Thunder,AD Hales,CJ Ferguson,SM Boland,4,0,"",""
ball,2,3.4,Sydney Thunder,AD Hales,CJ Ferguson,SM Boland,0,0,"",""
ball,2,3.5,Sydney Thunder,AD Hales,CJ Ferguson,SM Boland,0,0,"",""
ball,2,3.6,Sydney Thunder,AD Hales,CJ Ferguson,SM Boland,1,0,"",""
ball,2,4.1,Sydney Thunder,AD Hales,CJ Ferguson,NT Ellis,2,0,"",""
ball,2,4.2,Sydney Thunder,AD Hales,CJ Ferguson,NT Ellis,1,0,"",""
ball,2,4.3,Sydney Thunder,CJ Ferguson,AD Hales,NT Ellis,3,0,"",""
ball,2,4.4,Sydney Thunder,AD Hales,CJ Ferguson,NT Ellis,0,0,"",""
ball,2,4.5,Sydney Thunder,AD Hales,CJ Ferguson,NT Ellis,0,0,"",""
ball,2,4.6,Sydney Thunder,AD Hales,CJ Ferguson,NT Ellis,0,1,"",""
ball,2,4.7,Sydney Thunder,AD Hales,CJ Ferguson,NT Ellis,0,0,"",""
ball,2,5.1,Sydney Thunder,CJ Ferguson,AD Hales,CA Rose,0,0,"",""
ball,2,5.2,Sydney Thunder,CJ Ferguson,AD Hales,CA Rose,1,0,"",""
ball,2,5.3,Sydney Thunder,AD Hales,CJ Ferguson,CA Rose,6,0,"",""
ball,2,5.4,Sydney Thunder,AD Hales,CJ Ferguson,CA Rose,6,0,"",""
ball,2,5.5,Sydney Thunder,AD Hales,CJ Ferguson,CA Rose,6,0,"",""
ball,2,5.6,Sydney Thunder,AD Hales,CJ Ferguson,CA Rose,4,0,"",""
ball,2,6.1,Sydney Thunder,CJ Ferguson,AD Hales,Qais Ahmad,0,0,"",""
ball,2,6.2,Sydney Thunder,CJ Ferguson,AD Hales,Qais Ahmad,1,0,"",""
ball,2,6.3,Sydney Thunder,AD Hales,CJ Ferguson,Qais Ahmad,1,0,"",""
ball,2,6.4,Sydney Thunder,CJ Ferguson,AD Hales,Qais Ahmad,1,0,"",""
ball,2,6.5,Sydney Thunder,AD Hales,CJ Ferguson,Qais Ahmad,2,0,"",""
ball,2,6.6,Sydney Thunder,AD Hales,CJ Ferguson,Qais Ahmad,0,0,"",""
ball,2,7.1,Sydney Thunder,CJ Ferguson,AD Hales,SM Boland,6,0,"",""
ball,2,7.2,Sydney Thunder,CJ Ferguson,AD Hales,SM Boland,0,0,caught,CJ Ferguson
ball,2,7.3,Sydney Thunder,AD Hales,AI Ross,SM Boland,1,0,"",""
ball,2,7.4,Sydney Thunder,AI Ross,AD Hales,SM Boland,0,0,"",""
ball,2,7.5,Sydney Thunder,AI Ross,AD Hales,SM Boland,0,0,"",""
ball,2,7.6,Sydney Thunder,AI Ross,AD Hales,SM Boland,1,0,"",""
ball,2,8.1,Sydney Thunder,AI Ross,AD Hales,Qais Ahmad,2,0,"",""
ball,2,8.2,Sydney Thunder,AI Ross,AD Hales,Qais Ahmad,1,0,"",""
ball,2,8.3,Sydney Thunder,AD Hales,AI Ross,Qais Ahmad,1,0,"",""
ball,2,8.4,Sydney Thunder,AI Ross,AD Hales,Qais Ahmad,0,1,"",""
ball,2,8.5,Sydney Thunder,AI Ross,AD Hales,Qais Ahmad,4,0,"",""
ball,2,8.6,Sydney Thunder,AI Ross,AD Hales,Qais Ahmad,1,0,"",""
ball,2,8.7,Sydney Thunder,AD Hales,AI Ross,Qais Ahmad,1,0,"",""
ball,2,9.1,Sydney Thunder,AD Hales,AI Ross,SM Boland,0,0,"",""
ball,2,9.2,Sydney Thunder,AD Hales,AI Ross,SM Boland,1,0,"",""
ball,2,9.3,Sydney Thunder,AI Ross,AD Hales,SM Boland,4,0,"",""
ball,2,9.4,Sydney Thunder,AI Ross,AD Hales,SM Boland,0,0,"",""
ball,2,9.5,Sydney Thunder,AI Ross,AD Hales,SM Boland,0,0,"",""
ball,2,9.6,Sydney Thunder,AI Ross,AD Hales,SM Boland,1,0,"",""
ball,2,10.1,Sydney Thunder,AI Ross,AD Hales,DJM Short,1,0,"",""
ball,2,10.2,Sydney Thunder,AD Hales,AI Ross,DJM Short,1,0,"",""
ball,2,10.3,Sydney Thunder,AI Ross,AD Hales,DJM Short,1,0,"",""
ball,2,10.4,Sydney Thunder,AD Hales,AI Ross,DJM Short,1,0,"",""
ball,2,10.5,Sydney Thunder,AI Ross,AD Hales,DJM Short,1,0,"",""
ball,2,10.6,Sydney Thunder,AD Hales,AI Ross,DJM Short,1,0,"",""
ball,2,11.1,Sydney Thunder,AD Hales,AI Ross,NT Ellis,1,0,"",""
ball,2,11.2,Sydney Thunder,AI Ross,AD Hales,NT Ellis,1,0,"",""
ball,2,11.3,Sydney Thunder,AD Hales,AI Ross,NT Ellis,1,0,"",""
ball,2,11.4,Sydney Thunder,AI Ross,AD Hales,NT Ellis,1,0,"",""
ball,2,11.5,Sydney Thunder,AD Hales,AI Ross,NT Ellis,0,0,"",""
ball,2,11.6,Sydney Thunder,AD Hales,AI Ross,NT Ellis,1,0,"",""
ball,2,12.1,Sydney Thunder,AD Hales,AI Ross,DJM Short,4,0,"",""
ball,2,12.2,Sydney Thunder,AD Hales,AI Ross,DJM Short,0,0,caught,AD Hales
ball,2,12.3,Sydney Thunder,CH Morris,AI Ross,DJM Short,1,0,"",""
ball,2,12.4,Sydney Thunder,AI Ross,CH Morris,DJM Short,1,0,"",""
ball,2,12.5,Sydney Thunder,CH Morris,AI Ross,DJM Short,0,0,"",""
ball,2,12.6,Sydney Thunder,CH Morris,AI Ross,DJM Short,0,0,lbw,CH Morris
ball,2,13.1,Sydney Thunder,AI Ross,JS Lenton,JP Faulkner,1,0,"",""
ball,2,13.2,Sydney Thunder,JS Lenton,AI Ross,JP Faulkner,0,0,"",""
ball,2,13.3,Sydney Thunder,JS Lenton,AI Ross,JP Faulkner,1,0,"",""
ball,2,13.4,Sydney Thunder,AI Ross,JS Lenton,JP Faulkner,1,0,"",""
ball,2,13.5,Sydney Thunder,JS Lenton,AI Ross,JP Faulkner,0,0,"",""
ball,2,13.6,Sydney Thunder,JS Lenton,AI Ross,JP Faulkner,1,0,"",""
ball,2,14.1,Sydney Thunder,JS Lenton,AI Ross,DJM Short,0,0,"",""
ball,2,14.2,Sydney Thunder,JS Lenton,AI Ross,DJM Short,0,0,caught,JS Lenton
ball,2,14.3,Sydney Thunder,AI Ross,DR Sams,DJM Short,0,0,"",""
ball,2,14.4,Sydney Thunder,AI Ross,DR Sams,DJM Short,1,0,"",""
ball,2,14.5,Sydney Thunder,DR Sams,AI Ross,DJM Short,1,0,"",""
ball,2,14.6,Sydney Thunder,AI Ross,DR Sams,DJM Short,1,0,"",""
ball,2,15.1,Sydney Thunder,AI Ross,DR Sams,SM Boland,1,0,"",""
ball,2,15.2,Sydney Thunder,DR Sams,AI Ross,SM Boland,0,0,"",""
ball,2,15.3,Sydney Thunder,DR Sams,AI Ross,SM Boland,0,0,caught,DR Sams
ball,2,15.4,Sydney Thunder,AI Ross,AJ Nair,SM Boland,6,0,"",""
ball,2,15.5,Sydney Thunder,AI Ross,AJ Nair,SM Boland,4,0,"",""
ball,2,15.6,Sydney Thunder,AI Ross,AJ Nair,SM Boland,1,0,"",""
ball,2,16.1,Sydney Thunder,AI Ross,AJ Nair,DJM Short,0,0,caught,AI Ross
ball,2,16.2,Sydney Thunder,AJ Nair,GS Sandhu,DJM Short,0,0,"",""
ball,2,16.3,Sydney Thunder,AJ Nair,GS Sandhu,DJM Short,4,0,"",""
ball,2,16.4,Sydney Thunder,AJ Nair,GS Sandhu,DJM Short,0,0,caught,AJ Nair
ball,2,16.5,Sydney Thunder,GS Sandhu,JD Cook,DJM Short,2,0,"",""
ball,2,16.6,Sydney Thunder,GS Sandhu,JD Cook,DJM Short,0,0,"",""
ball,2,17.1,Sydney Thunder,JD Cook,GS Sandhu,NT Ellis,0,1,"",""
ball,2,17.2,Sydney Thunder,GS Sandhu,JD Cook,NT Ellis,0,0,bowled,GS Sandhu
ball,2,17.3,Sydney Thunder,L Bowe,JD Cook,NT Ellis,0,0,run out,L Bowe
