version,1.3.0
info,team,Perth Scorchers
info,team,Melbourne Renegades
info,gender,male
info,season,2020/21
info,date,2020/12/12
info,competition,Big Bash League
info,match_number,4
info,venue,Bellerive Oval
info,city,Hobart
info,toss_winner,Perth Scorchers
info,toss_decision,bat
info,player_of_match,JK Lalor
info,umpire,DM Koch
info,umpire,MW Graham-Smith
info,reserve_umpire,NR Johnstone
info,tv_umpire,DR Close
info,match_referee,David Johnston
info,winner,Melbourne Renegades
info,winner_wickets,7
ball,1,0.1,Perth Scorchers,JP Inglis,C Munro,JK Lalor,0,0,"",""
ball,1,0.2,Perth Scorchers,JP Inglis,C Munro,JK Lalor,4,0,"",""
ball,1,0.3,Perth Scorchers,JP Inglis,C Munro,JK Lalor,1,0,"",""
ball,1,0.4,Perth Scorchers,C Munro,JP Inglis,JK Lalor,0,0,"",""
ball,1,0.5,Perth Scorchers,C Munro,JP Inglis,JK Lalor,0,0,"",""
ball,1,0.6,Perth Scorchers,C Munro,JP Inglis,JK Lalor,0,0,bowled,C Munro
ball,1,1.1,Perth Scorchers,JP Inglis,JM Clarke,KW Richardson,4,0,"",""
ball,1,1.2,Perth Scorchers,JP Inglis,JM Clarke,KW Richardson,0,0,"",""
ball,1,1.3,Perth Scorchers,JP Inglis,JM Clarke,KW Richardson,0,0,caught,JP Inglis
ball,1,1.4,Perth Scorchers,MR Marsh,JM Clarke,KW Richardson,0,0,"",""
ball,1,1.5,Perth Scorchers,MR Marsh,JM Clarke,KW Richardson,0,0,"",""
ball,1,1.6,Perth Scorchers,MR Marsh,JM Clarke,KW Richardson,0,0,"",""
ball,1,2.1,Perth Scorchers,JM Clarke,MR Marsh,JK Lalor,4,0,"",""
ball,1,2.2,Perth Scorchers,JM Clarke,MR Marsh,JK Lalor,0,0,"",""
ball,1,2.3,Perth Scorchers,JM Clarke,MR Marsh,JK Lalor,0,0,"",""
ball,1,2.4,Perth Scorchers,JM Clarke,MR Marsh,JK Lalor,6,0,"",""
ball,1,2.5,Perth Scorchers,JM Clarke,MR Marsh,JK Lalor,0,0,"",""
ball,1,2.6,Perth Scorchers,JM Clarke,MR Marsh,JK Lalor,0,0,caught,JM Clarke
ball,1,3.1,Perth Scorchers,AJ Turner,MR Marsh,P Hatzoglou,4,0,"",""
ball,1,3.2,Perth Scorchers,AJ Turner,MR Marsh,P Hatzoglou,0,0,"",""
ball,1,3.3,Perth Scorchers,AJ Turner,MR Marsh,P Hatzoglou,0,0,"",""
ball,1,3.4,Perth Scorchers,AJ Turner,MR Marsh,P Hatzoglou,0,0,"",""
ball,1,3.5,Perth Scorchers,AJ Turner,MR Marsh,P Hatzoglou,4,0,"",""
ball,1,3.6,Perth Scorchers,AJ Turner,MR Marsh,P Hatzoglou,4,0,"",""
ball,1,4.1,Perth Scorchers,MR Marsh,AJ Turner,JA Prestwidge,4,0,"",""
ball,1,4.2,Perth Scorchers,MR Marsh,AJ Turner,JA Prestwidge,1,0,"",""
ball,1,4.3,Perth Scorchers,AJ Turner,MR Marsh,JA Prestwidge,0,1,"",""
ball,1,4.4,Perth Scorchers,AJ Turner,MR Marsh,JA Prestwidge,2,0,"",""
ball,1,4.5,Perth Scorchers,AJ Turner,MR Marsh,JA Prestwidge,0,0,"",""
ball,1,4.6,Perth Scorchers,AJ Turner,MR Marsh,JA Prestwidge,4,0,"",""
ball,1,4.7,Perth Scorchers,AJ Turner,MR Marsh,JA Prestwidge,0,0,"",""
ball,1,5.1,Perth Scorchers,MR Marsh,AJ Turner,BAC Howell,0,0,"",""
ball,1,5.2,Perth Scorchers,MR Marsh,AJ Turner,BAC Howell,4,0,"",""
ball,1,5.3,Perth Scorchers,MR Marsh,AJ Turner,BAC Howell,0,0,"",""
ball,1,5.4,Perth Scorchers,MR Marsh,AJ Turner,BAC Howell,1,0,"",""
ball,1,5.5,Perth Scorchers,AJ Turner,MR Marsh,BAC Howell,1,0,"",""
ball,1,5.6,Perth Scorchers,MR Marsh,AJ Turner,BAC Howell,1,0,"",""
ball,1,6.1,Perth Scorchers,MR Marsh,AJ Turner,JA Prestwidge,0,0,"",""
ball,1,6.2,Perth Scorchers,MR Marsh,AJ Turner,JA Prestwidge,2,0,"",""
ball,1,6.3,Perth Scorchers,MR Marsh,AJ Turner,JA Prestwidge,1,0,"",""
ball,1,6.4,Perth Scorchers,AJ Turner,MR Marsh,JA Prestwidge,0,0,"",""
ball,1,6.5,Perth Scorchers,AJ Turner,MR Marsh,JA Prestwidge,4,0,"",""
ball,1,6.6,Perth Scorchers,AJ Turner,MR Marsh,JA Prestwidge,1,0,"",""
ball,1,7.1,Perth Scorchers,AJ Turner,MR Marsh,BAC Howell,0,0,"",""
ball,1,7.2,Perth Scorchers,AJ Turner,MR Marsh,BAC Howell,0,0,run out,AJ Turner
ball,1,7.3,Perth Scorchers,MR Marsh,CT Bancroft,BAC Howell,1,0,"",""
ball,1,7.4,Perth Scorchers,CT Bancroft,MR Marsh,BAC Howell,0,0,"",""
ball,1,7.5,Perth Scorchers,CT Bancroft,MR Marsh,BAC Howell,2,0,"",""
ball,1,7.6,Perth Scorchers,CT Bancroft,MR Marsh,BAC Howell,1,0,"",""
ball,1,8.1,Perth Scorchers,CT Bancroft,MR Marsh,P Hatzoglou,0,0,lbw,CT Bancroft
ball,1,8.2,Perth Scorchers,AM Hardie,MR Marsh,P Hatzoglou,0,1,"",""
ball,1,8.3,Perth Scorchers,AM Hardie,MR Marsh,P Hatzoglou,0,0,"",""
ball,1,8.4,Perth Scorchers,AM Hardie,MR Marsh,P Hatzoglou,0,3,"",""
ball,1,8.5,Perth Scorchers,AM Hardie,MR Marsh,P Hatzoglou,0,0,"",""
ball,1,8.6,Perth Scorchers,AM Hardie,MR Marsh,P Hatzoglou,4,0,"",""
ball,1,8.7,Perth Scorchers,AM Hardie,MR Marsh,P Hatzoglou,0,0,"",""
ball,1,8.8,Perth Scorchers,AM Hardie,MR Marsh,P Hatzoglou,1,0,"",""
ball,1,9.1,Perth Scorchers,AM Hardie,MR Marsh,BJ Webster,0,0,"",""
ball,1,9.2,Perth Scorchers,AM Hardie,MR Marsh,BJ Webster,1,0,"",""
ball,1,9.3,Perth Scorchers,MR Marsh,AM Hardie,BJ Webster,1,0,"",""
ball,1,9.4,Perth Scorchers,AM Hardie,MR Marsh,BJ Webster,0,0,"",""
ball,1,9.5,Perth Scorchers,AM Hardie,MR Marsh,BJ Webster,1,0,"",""
ball,1,9.6,Perth Scorchers,MR Marsh,AM Hardie,BJ Webster,1,0,"",""
ball,1,10.1,Perth Scorchers,MR Marsh,AM Hardie,P Hatzoglou,0,0,"",""
ball,1,10.2,Perth Scorchers,MR Marsh,AM Hardie,P Hatzoglou,0,0,lbw,MR Marsh
ball,1,10.3,Perth Scorchers,JA Richardson,AM Hardie,P Hatzoglou,1,0,"",""
ball,1,10.4,Perth Scorchers,AM Hardie,JA Richardson,P Hatzoglou,1,0,"",""
ball,1,10.5,Perth Scorchers,JA Richardson,AM Hardie,P Hatzoglou,0,0,"",""
ball,1,10.6,Perth Scorchers,JA Richardson,AM Hardie,P Hatzoglou,2,0,"",""
ball,1,11.1,Perth Scorchers,AM Hardie,JA Richardson,BJ Webster,1,0,"",""
ball,1,11.2,Perth Scorchers,JA Richardson,AM Hardie,BJ Webster,1,0,"",""
ball,1,11.3,Perth Scorchers,AM Hardie,JA Richardson,BJ Webster,0,0,"",""
ball,1,11.4,Perth Scorchers,AM Hardie,JA Richardson,BJ Webster,1,0,"",""
ball,1,11.5,Perth Scorchers,JA Richardson,AM Hardie,BJ Webster,1,0,"",""
ball,1,11.6,Perth Scorchers,AM Hardie,JA Richardson,BJ Webster,1,0,"",""
ball,1,12.1,Perth Scorchers,AM Hardie,JA Richardson,P Hatzoglou,0,0,"",""
ball,1,12.2,Perth Scorchers,AM Hardie,JA Richardson,P Hatzoglou,1,0,"",""
ball,1,12.3,Perth Scorchers,JA Richardson,AM Hardie,P Hatzoglou,1,0,"",""
ball,1,12.4,Perth Scorchers,AM Hardie,JA Richardson,P Hatzoglou,0,0,"",""
ball,1,12.5,Perth Scorchers,AM Hardie,JA Richardson,P Hatzoglou,1,0,"",""
ball,1,12.6,Perth Scorchers,JA Richardson,AM Hardie,P Hatzoglou,1,0,"",""
ball,1,13.1,Perth Scorchers,JA Richardson,AM Hardie,BJ Webster,1,0,"",""
ball,1,13.2,Perth Scorchers,AM Hardie,JA Richardson,BJ Webster,1,0,"",""
ball,1,13.3,Perth Scorchers,JA Richardson,AM Hardie,BJ Webster,0,0,caught,JA Richardson
ball,1,13.4,Perth Scorchers,AM Hardie,AJ Tye,BJ Webster,1,0,"",""
ball,1,13.5,Perth Scorchers,AJ Tye,AM Hardie,BJ Webster,1,0,"",""
ball,1,13.6,Perth Scorchers,AM Hardie,AJ Tye,BJ Webster,1,0,"",""
ball,1,14.1,Perth Scorchers,AM Hardie,AJ Tye,KW Richardson,1,0,"",""
ball,1,14.2,Perth Scorchers,AJ Tye,AM Hardie,KW Richardson,0,1,"",""
ball,1,14.3,Perth Scorchers,AM Hardie,AJ Tye,KW Richardson,4,0,"",""
ball,1,14.4,Perth Scorchers,AM Hardie,AJ Tye,KW Richardson,0,0,"",""
ball,1,14.5,Perth Scorchers,AM Hardie,AJ Tye,KW Richardson,1,0,"",""
ball,1,14.6,Perth Scorchers,AJ Tye,AM Hardie,KW Richardson,6,0,"",""
ball,1,15.1,Perth Scorchers,AM Hardie,AJ Tye,BAC Howell,0,0,"",""
ball,1,15.2,Perth Scorchers,AM Hardie,AJ Tye,BAC Howell,1,0,"",""
ball,1,15.3,Perth Scorchers,AJ Tye,AM Hardie,BAC Howell,0,0,"",""
ball,1,15.4,Perth Scorchers,AJ Tye,AM Hardie,BAC Howell,0,0,"",""
ball,1,15.5,Perth Scorchers,AJ Tye,AM Hardie,BAC Howell,2,0,"",""
ball,1,15.6,Perth Scorchers,AJ Tye,AM Hardie,BAC Howell,0,0,"",""
ball,1,16.1,Perth Scorchers,AM Hardie,AJ Tye,JK Lalor,1,0,"",""
ball,1,16.2,Perth Scorchers,AJ Tye,AM Hardie,JK Lalor,2,0,"",""
ball,1,16.3,Perth Scorchers,AJ Tye,AM Hardie,JK Lalor,1,0,"",""
ball,1,16.4,Perth Scorchers,AM Hardie,AJ Tye,JK Lalor,2,1,"",""
ball,1,16.5,Perth Scorchers,AM Hardie,AJ Tye,JK Lalor,1,0,"",""
ball,1,16.6,Perth Scorchers,AJ Tye,AM Hardie,JK Lalor,1,0,"",""
ball,1,16.7,Perth Scorchers,AM Hardie,AJ Tye,JK Lalor,0,0,"",""
ball,1,17.1,Perth Scorchers,AJ Tye,AM Hardie,KW Richardson,0,0,"",""
ball,1,17.2,Perth Scorchers,AJ Tye,AM Hardie,KW Richardson,2,0,"",""
ball,1,17.3,Perth Scorchers,AJ Tye,AM Hardie,KW Richardson,0,0,caught,AJ Tye
ball,1,17.4,Perth Scorchers,JP Behrendorff,AM Hardie,KW Richardson,1,0,"",""
ball,1,17.5,Perth Scorchers,AM Hardie,JP Behrendorff,KW Richardson,2,0,"",""
ball,1,17.6,Perth Scorchers,AM Hardie,JP Behrendorff,KW Richardson,1,0,"",""
ball,1,18.1,Perth Scorchers,AM Hardie,JP Behrendorff,JK Lalor,2,0,"",""
ball,1,18.2,Perth Scorchers,AM Hardie,JP Behrendorff,JK Lalor,1,0,"",""
ball,1,18.3,Perth Scorchers,JP Behrendorff,AM Hardie,JK Lalor,1,0,"",""
ball,1,18.4,Perth Scorchers,AM Hardie,JP Behrendorff,JK Lalor,0,0,caught,AM Hardie
ball,1,18.5,Perth Scorchers,JP Behrendorff,Fawad Ahmed,JK Lalor,1,0,"",""
ball,1,18.6,Perth Scorchers,Fawad Ahmed,JP Behrendorff,JK Lalor,1,0,"",""
ball,1,19.1,Perth Scorchers,Fawad Ahmed,JP Behrendorff,KW Richardson,0,0,caught,Fawad Ahmed
ball,2,0.1,Melbourne Renegades,SE Marsh,AJ Finch,JP Behrendorff,0,0,"",""
ball,2,0.2,Melbourne Renegades,SE Marsh,AJ Finch,JP Behrendorff,0,0,"",""
ball,2,0.3,Melbourne Renegades,SE Marsh,AJ Finch,JP Behrendorff,1,0,"",""
ball,2,0.4,Melbourne Renegades,AJ Finch,SE Marsh,JP Behrendorff,4,0,"",""
ball,2,0.5,Melbourne Renegades,AJ Finch,SE Marsh,JP Behrendorff,1,0,"",""
ball,2,0.6,Melbourne Renegades,SE Marsh,AJ Finch,JP Behrendorff,4,0,"",""
ball,2,1.1,Melbourne Renegades,AJ Finch,SE Marsh,JA Richardson,1,0,"",""
ball,2,1.2,Melbourne Renegades,SE Marsh,AJ Finch,JA Richardson,1,0,"",""
ball,2,1.3,Melbourne Renegades,AJ Finch,SE Marsh,JA Richardson,0,0,"",""
ball,2,1.4,Melbourne Renegades,AJ Finch,SE Marsh,JA Richardson,0,1,"",""
ball,2,1.5,Melbourne Renegades,SE Marsh,AJ Finch,JA Richardson,0,0,"",""
ball,2,1.6,Melbourne Renegades,SE Marsh,AJ Finch,JA Richardson,4,0,"",""
ball,2,2.1,Melbourne Renegades,AJ Finch,SE Marsh,JP Behrendorff,0,0,"",""
ball,2,2.2,Melbourne Renegades,AJ Finch,SE Marsh,JP Behrendorff,0,0,"",""
ball,2,2.3,Melbourne Renegades,AJ Finch,SE Marsh,JP Behrendorff,0,0,"",""
ball,2,2.4,Melbourne Renegades,AJ Finch,SE Marsh,JP Behrendorff,4,0,"",""
ball,2,2.5,Melbourne Renegades,AJ Finch,SE Marsh,JP Behrendorff,4,0,"",""
ball,2,2.6,Melbourne Renegades,AJ Finch,SE Marsh,JP Behrendorff,0,0,"",""
ball,2,3.1,Melbourne Renegades,SE Marsh,AJ Finch,AJ Tye,0,0,"",""
ball,2,3.2,Melbourne Renegades,SE Marsh,AJ Finch,AJ Tye,1,0,"",""
ball,2,3.3,Melbourne Renegades,AJ Finch,SE Marsh,AJ Tye,0,0,"",""
ball,2,3.4,Melbourne Renegades,AJ Finch,SE Marsh,AJ Tye,0,1,"",""
ball,2,3.5,Melbourne Renegades,SE Marsh,AJ Finch,AJ Tye,1,0,"",""
ball,2,3.6,Melbourne Renegades,AJ Finch,SE Marsh,AJ Tye,0,1,"",""
ball,2,4.1,Melbourne Renegades,AJ Finch,SE Marsh,JP Behrendorff,0,0,"",""
ball,2,4.2,Melbourne Renegades,AJ Finch,SE Marsh,JP Behrendorff,4,0,"",""
ball,2,4.3,Melbourne Renegades,AJ Finch,SE Marsh,JP Behrendorff,0,0,"",""
ball,2,4.4,Melbourne Renegades,AJ Finch,SE Marsh,JP Behrendorff,0,1,"",""
ball,2,4.5,Melbourne Renegades,SE Marsh,AJ Finch,JP Behrendorff,0,0,"",""
ball,2,4.6,Melbourne Renegades,SE Marsh,AJ Finch,JP Behrendorff,0,0,"",""
ball,2,5.1,Melbourne Renegades,AJ Finch,SE Marsh,Fawad Ahmed,1,0,"",""
ball,2,5.2,Melbourne Renegades,SE Marsh,AJ Finch,Fawad Ahmed,2,0,"",""
ball,2,5.3,Melbourne Renegades,SE Marsh,AJ Finch,Fawad Ahmed,1,0,"",""
ball,2,5.4,Melbourne Renegades,AJ Finch,SE Marsh,Fawad Ahmed,0,0,"",""
ball,2,5.5,Melbourne Renegades,AJ Finch,SE Marsh,Fawad Ahmed,0,1,"",""
ball,2,5.6,Melbourne Renegades,AJ Finch,SE Marsh,Fawad Ahmed,1,0,"",""
ball,2,5.7,Melbourne Renegades,SE Marsh,AJ Finch,Fawad Ahmed,1,0,"",""
ball,2,6.1,Melbourne Renegades,SE Marsh,AJ Finch,JP Behrendorff,0,0,"",""
ball,2,6.2,Melbourne Renegades,SE Marsh,AJ Finch,JP Behrendorff,0,1,"",""
ball,2,6.3,Melbourne Renegades,AJ Finch,SE Marsh,JP Behrendorff,3,0,"",""
ball,2,6.4,Melbourne Renegades,SE Marsh,AJ Finch,JP Behrendorff,4,1,"",""
ball,2,6.5,Melbourne Renegades,SE Marsh,AJ Finch,JP Behrendorff,0,0,"",""
ball,2,6.6,Melbourne Renegades,SE Marsh,AJ Finch,JP Behrendorff,4,0,"",""
ball,2,6.7,Melbourne Renegades,SE Marsh,AJ Finch,JP Behrendorff,0,0,"",""
ball,2,7.1,Melbourne Renegades,AJ Finch,SE Marsh,AJ Tye,4,0,"",""
ball,2,7.2,Melbourne Renegades,AJ Finch,SE Marsh,AJ Tye,1,0,"",""
ball,2,7.3,Melbourne Renegades,SE Marsh,AJ Finch,AJ Tye,0,0,"",""
ball,2,7.4,Melbourne Renegades,SE Marsh,AJ Finch,AJ Tye,3,0,"",""
ball,2,7.5,Melbourne Renegades,AJ Finch,SE Marsh,AJ Tye,6,0,"",""
ball,2,7.6,Melbourne Renegades,AJ Finch,SE Marsh,AJ Tye,1,0,"",""
ball,2,8.1,Melbourne Renegades,AJ Finch,SE Marsh,JA Richardson,0,0,"",""
ball,2,8.2,Melbourne Renegades,AJ Finch,SE Marsh,JA Richardson,0,1,"",""
ball,2,8.3,Melbourne Renegades,AJ Finch,SE Marsh,JA Richardson,0,0,caught,AJ Finch
ball,2,8.4,Melbourne Renegades,SE Marsh,SB Harper,JA Richardson,1,0,"",""
ball,2,8.5,Melbourne Renegades,SB Harper,SE Marsh,JA Richardson,0,0,"",""
ball,2,8.6,Melbourne Renegades,SB Harper,SE Marsh,JA Richardson,0,0,"",""
ball,2,8.7,Melbourne Renegades,SB Harper,SE Marsh,JA Richardson,2,0,"",""
ball,2,9.1,Melbourne Renegades,SE Marsh,SB Harper,AJ Tye,6,0,"",""
ball,2,9.2,Melbourne Renegades,SE Marsh,SB Harper,AJ Tye,1,0,"",""
ball,2,9.3,Melbourne Renegades,SB Harper,SE Marsh,AJ Tye,0,0,"",""
ball,2,9.4,Melbourne Renegades,SB Harper,SE Marsh,AJ Tye,1,0,"",""
ball,2,9.5,Melbourne Renegades,SE Marsh,SB Harper,AJ Tye,4,0,"",""
ball,2,9.6,Melbourne Renegades,SE Marsh,SB Harper,AJ Tye,0,0,"",""
ball,2,10.1,Melbourne Renegades,SB Harper,SE Marsh,AM Hardie,1,0,"",""
ball,2,10.2,Melbourne Renegades,SE Marsh,SB Harper,AM Hardie,1,0,"",""
ball,2,10.3,Melbourne Renegades,SB Harper,SE Marsh,AM Hardie,1,0,"",""
ball,2,10.4,Melbourne Renegades,SE Marsh,SB Harper,AM Hardie,0,0,"",""
ball,2,10.5,Melbourne Renegades,SE Marsh,SB Harper,AM Hardie,1,0,"",""
ball,2,10.6,Melbourne Renegades,SB Harper,SE Marsh,AM Hardie,0,0,"",""
ball,2,11.1,Melbourne Renegades,SE Marsh,SB Harper,Fawad Ahmed,2,0,"",""
ball,2,11.2,Melbourne Renegades,SE Marsh,SB Harper,Fawad Ahmed,2,0,"",""
ball,2,11.3,Melbourne Renegades,SE Marsh,SB Harper,Fawad Ahmed,1,0,"",""
ball,2,11.4,Melbourne Renegades,SB Harper,SE Marsh,Fawad Ahmed,0,0,caught and bowled,SB Harper
ball,2,11.5,Melbourne Renegades,RR Rossouw,SE Marsh,Fawad Ahmed,2,0,"",""
ball,2,11.6,Melbourne Renegades,RR Rossouw,SE Marsh,Fawad Ahmed,1,0,"",""
ball,2,12.1,Melbourne Renegades,RR Rossouw,SE Marsh,AJ Turner,0,1,"",""
ball,2,12.2,Melbourne Renegades,RR Rossouw,SE Marsh,AJ Turner,0,1,"",""
ball,2,12.3,Melbourne Renegades,RR Rossouw,SE Marsh,AJ Turner,1,0,"",""
ball,2,12.4,Melbourne Renegades,SE Marsh,RR Rossouw,AJ Turner,1,0,"",""
ball,2,12.5,Melbourne Renegades,RR Rossouw,SE Marsh,AJ Turner,0,0,"",""
ball,2,12.6,Melbourne Renegades,RR Rossouw,SE Marsh,AJ Turner,2,0,"",""
ball,2,12.7,Melbourne Renegades,RR Rossouw,SE Marsh,AJ Turner,1,0,"",""
ball,2,12.8,Melbourne Renegades,SE Marsh,RR Rossouw,AJ Turner,1,0,"",""
ball,2,13.1,Melbourne Renegades,SE Marsh,RR Rossouw,Fawad Ahmed,0,0,"",""
ball,2,13.2,Melbourne Renegades,SE Marsh,RR Rossouw,Fawad Ahmed,4,0,"",""
ball,2,13.3,Melbourne Renegades,SE Marsh,RR Rossouw,Fawad Ahmed,1,0,"",""
ball,2,13.4,Melbourne Renegades,RR Rossouw,SE Marsh,Fawad Ahmed,1,0,"",""
ball,2,13.5,Melbourne Renegades,SE Marsh,RR Rossouw,Fawad Ahmed,1,0,"",""
ball,2,13.6,Melbourne Renegades,RR Rossouw,SE Marsh,Fawad Ahmed,0,1,"",""
ball,2,14.1,Melbourne Renegades,RR Rossouw,SE Marsh,JA Richardson,4,0,"",""
ball,2,14.2,Melbourne Renegades,RR Rossouw,SE Marsh,JA Richardson,0,0,"",""
ball,2,14.3,Melbourne Renegades,RR Rossouw,SE Marsh,JA Richardson,1,0,"",""
ball,2,14.4,Melbourne Renegades,SE Marsh,RR Rossouw,JA Richardson,1,0,"",""
ball,2,14.5,Melbourne Renegades,RR Rossouw,SE Marsh,JA Richardson,1,0,"",""
ball,2,14.6,Melbourne Renegades,SE Marsh,RR Rossouw,JA Richardson,1,0,"",""
ball,2,15.1,Melbourne Renegades,SE Marsh,RR Rossouw,AJ Tye,1,0,"",""
ball,2,15.2,Melbourne Renegades,RR Rossouw,SE Marsh,AJ Tye,1,0,"",""
ball,2,15.3,Melbourne Renegades,SE Marsh,RR Rossouw,AJ Tye,4,0,"",""
ball,2,15.4,Melbourne Renegades,SE Marsh,RR Rossouw,AJ Tye,0,0,"",""
ball,2,15.5,Melbourne Renegades,SE Marsh,RR Rossouw,AJ Tye,1,0,"",""
ball,2,15.6,Melbourne Renegades,RR Rossouw,SE Marsh,AJ Tye,1,0,"",""
ball,2,16.1,Melbourne Renegades,RR Rossouw,SE Marsh,JA Richardson,1,0,"",""
ball,2,16.2,Melbourne Renegades,SE Marsh,RR Rossouw,JA Richardson,0,0,bowled,SE Marsh
ball,2,16.3,Melbourne Renegades,J Fraser-McGurk,RR Rossouw,JA Richardson,0,0,"",""
ball,2,16.4,Melbourne Renegades,J Fraser-McGurk,RR Rossouw,JA Richardson,0,1,"",""
