version,1.3.0
info,team,Hobart Hurricanes
info,team,Adelaide Strikers
info,gender,male
info,season,2020/21
info,date,2020/12/13
info,competition,Big Bash League
info,match_number,5
info,venue,Bellerive Oval
info,city,Hobart
info,toss_winner,Adelaide Strikers
info,toss_decision,field
info,player_of_match,DJM Short
info,umpire,DR Close
info,umpire,NR Johnstone
info,reserve_umpire,M Qureshi
info,tv_umpire,P Wilson
info,match_referee,Dave Gilbert
info,winner,Hobart Hurricanes
info,winner_runs,11
ball,1,0.1,Hobart Hurricanes,DJM Short,WG Jacks,DJ Worrall,0,0,"",""
ball,1,0.2,Hobart Hurricanes,DJM Short,WG Jacks,DJ Worrall,0,0,"",""
ball,1,0.3,Hobart Hurricanes,DJM Short,WG Jacks,DJ Worrall,0,0,"",""
ball,1,0.4,Hobart Hurricanes,DJM Short,WG Jacks,DJ Worrall,0,0,"",""
ball,1,0.5,Hobart Hurricanes,DJM Short,WG Jacks,DJ Worrall,1,0,"",""
ball,1,0.6,Hobart Hurricanes,WG Jacks,DJM Short,DJ Worrall,0,0,"",""
ball,1,1.1,Hobart Hurricanes,DJM Short,WG Jacks,DR Briggs,1,0,"",""
ball,1,1.2,Hobart Hurricanes,WG Jacks,DJM Short,DR Briggs,0,0,"",""
ball,1,1.3,Hobart Hurricanes,WG Jacks,DJM Short,DR Briggs,6,0,"",""
ball,1,1.4,Hobart Hurricanes,WG Jacks,DJM Short,DR Briggs,0,0,"",""
ball,1,1.5,Hobart Hurricanes,WG Jacks,DJM Short,DR Briggs,1,0,"",""
ball,1,1.6,Hobart Hurricanes,DJM Short,WG Jacks,DR Briggs,4,0,"",""
ball,1,2.1,Hobart Hurricanes,WG Jacks,DJM Short,DJ Worrall,2,0,"",""
ball,1,2.2,Hobart Hurricanes,WG Jacks,DJM Short,DJ Worrall,0,0,"",""
ball,1,2.3,Hobart Hurricanes,WG Jacks,DJM Short,DJ Worrall,1,0,"",""
ball,1,2.4,Hobart Hurricanes,DJM Short,WG Jacks,DJ Worrall,1,0,"",""
ball,1,2.5,Hobart Hurricanes,WG Jacks,DJM Short,DJ Worrall,4,0,"",""
ball,1,2.6,Hobart Hurricanes,WG Jacks,DJM Short,DJ Worrall,0,0,"",""
ball,1,3.1,Hobart Hurricanes,DJM Short,WG Jacks,PM Siddle,4,0,"",""
ball,1,3.2,Hobart Hurricanes,DJM Short,WG Jacks,PM Siddle,0,0,"",""
ball,1,3.3,Hobart Hurricanes,DJM Short,WG Jacks,PM Siddle,0,0,"",""
ball,1,3.4,Hobart Hurricanes,DJM Short,WG Jacks,PM Siddle,1,0,"",""
ball,1,3.5,Hobart Hurricanes,WG Jacks,DJM Short,PM Siddle,1,0,"",""
ball,1,3.6,Hobart Hurricanes,DJM Short,WG Jacks,PM Siddle,1,0,"",""
ball,1,4.1,Hobart Hurricanes,DJM Short,WG Jacks,WA Agar,1,0,"",""
ball,1,4.2,Hobart Hurricanes,WG Jacks,DJM Short,WA Agar,4,0,"",""
ball,1,4.3,Hobart Hurricanes,WG Jacks,DJM Short,WA Agar,0,0,"",""
ball,1,4.4,Hobart Hurricanes,WG Jacks,DJM Short,WA Agar,1,0,"",""
ball,1,4.5,Hobart Hurricanes,DJM Short,WG Jacks,WA Agar,0,1,"",""
ball,1,4.6,Hobart Hurricanes,DJM Short,WG Jacks,WA Agar,0,0,"",""
ball,1,4.7,Hobart Hurricanes,DJM Short,WG Jacks,WA Agar,1,0,"",""
ball,1,5.1,Hobart Hurricanes,DJM Short,WG Jacks,Rashid Khan,0,1,"",""
ball,1,5.2,Hobart Hurricanes,WG Jacks,DJM Short,Rashid Khan,1,0,"",""
ball,1,5.3,Hobart Hurricanes,DJM Short,WG Jacks,Rashid Khan,1,0,"",""
ball,1,5.4,Hobart Hurricanes,WG Jacks,DJM Short,Rashid Khan,0,0,"",""
ball,1,5.5,Hobart Hurricanes,WG Jacks,DJM Short,Rashid Khan,0,0,"",""
ball,1,5.6,Hobart Hurricanes,WG Jacks,DJM Short,Rashid Khan,2,0,"",""
ball,1,6.1,Hobart Hurricanes,DJM Short,WG Jacks,DR Briggs,4,0,"",""
ball,1,6.2,Hobart Hurricanes,DJM Short,WG Jacks,DR Briggs,0,1,"",""
ball,1,6.3,Hobart Hurricanes,DJM Short,WG Jacks,DR Briggs,1,0,"",""
ball,1,6.4,Hobart Hurricanes,WG Jacks,DJM Short,DR Briggs,6,0,"",""
ball,1,6.5,Hobart Hurricanes,WG Jacks,DJM Short,DR Briggs,1,0,"",""
ball,1,6.6,Hobart Hurricanes,DJM Short,WG Jacks,DR Briggs,1,0,"",""
ball,1,6.7,Hobart Hurricanes,WG Jacks,DJM Short,DR Briggs,1,0,"",""
ball,1,7.1,Hobart Hurricanes,WG Jacks,DJM Short,PM Siddle,1,0,"",""
ball,1,7.2,Hobart Hurricanes,DJM Short,WG Jacks,PM Siddle,1,0,"",""
ball,1,7.3,Hobart Hurricanes,WG Jacks,DJM Short,PM Siddle,1,0,"",""
ball,1,7.4,Hobart Hurricanes,DJM Short,WG Jacks,PM Siddle,1,0,"",""
ball,1,7.5,Hobart Hurricanes,WG Jacks,DJM Short,PM Siddle,1,0,"",""
ball,1,7.6,Hobart Hurricanes,DJM Short,WG Jacks,PM Siddle,1,0,"",""
ball,1,8.1,Hobart Hurricanes,DJM Short,WG Jacks,WA Agar,1,0,"",""
ball,1,8.2,Hobart Hurricanes,WG Jacks,DJM Short,WA Agar,0,0,caught,WG Jacks
ball,1,8.3,Hobart Hurricanes,DJM Short,CA Ingram,WA Agar,0,0,"",""
ball,1,8.4,Hobart Hurricanes,DJM Short,CA Ingram,WA Agar,0,0,"",""
ball,1,8.5,Hobart Hurricanes,DJM Short,CA Ingram,WA Agar,0,0,"",""
ball,1,8.6,Hobart Hurricanes,DJM Short,CA Ingram,WA Agar,1,0,"",""
ball,1,9.1,Hobart Hurricanes,DJM Short,CA Ingram,Rashid Khan,1,0,"",""
ball,1,9.2,Hobart Hurricanes,CA Ingram,DJM Short,Rashid Khan,1,0,"",""
ball,1,9.3,Hobart Hurricanes,DJM Short,CA Ingram,Rashid Khan,1,0,"",""
ball,1,9.4,Hobart Hurricanes,CA Ingram,DJM Short,Rashid Khan,0,0,"",""
ball,1,9.5,Hobart Hurricanes,CA Ingram,DJM Short,Rashid Khan,0,0,"",""
ball,1,9.6,Hobart Hurricanes,CA Ingram,DJM Short,Rashid Khan,2,0,"",""
ball,1,10.1,Hobart Hurricanes,DJM Short,CA Ingram,MT Renshaw,4,0,"",""
ball,1,10.2,Hobart Hurricanes,DJM Short,CA Ingram,MT Renshaw,0,0,"",""
ball,1,10.3,Hobart Hurricanes,DJM Short,CA Ingram,MT Renshaw,1,0,"",""
ball,1,10.4,Hobart Hurricanes,CA Ingram,DJM Short,MT Renshaw,1,0,"",""
ball,1,10.5,Hobart Hurricanes,DJM Short,CA Ingram,MT Renshaw,1,0,"",""
ball,1,10.6,Hobart Hurricanes,CA Ingram,DJM Short,MT Renshaw,1,0,"",""
ball,1,11.1,Hobart Hurricanes,CA Ingram,DJM Short,DJ Worrall,0,0,"",""
ball,1,11.2,Hobart Hurricanes,CA Ingram,DJM Short,DJ Worrall,1,0,"",""
ball,1,11.3,Hobart Hurricanes,DJM Short,CA Ingram,DJ Worrall,1,0,"",""
ball,1,11.4,Hobart Hurricanes,CA Ingram,DJM Short,DJ Worrall,4,0,"",""
ball,1,11.5,Hobart Hurricanes,CA Ingram,DJM Short,DJ Worrall,6,0,"",""
ball,1,11.6,Hobart Hurricanes,CA Ingram,DJM Short,DJ Worrall,2,0,"",""
ball,1,12.1,Hobart Hurricanes,DJM Short,CA Ingram,MT Renshaw,0,0,"",""
ball,1,12.2,Hobart Hurricanes,DJM Short,CA Ingram,MT Renshaw,1,0,"",""
ball,1,12.3,Hobart Hurricanes,CA Ingram,DJM Short,MT Renshaw,1,0,"",""
ball,1,12.4,Hobart Hurricanes,DJM Short,CA Ingram,MT Renshaw,1,0,"",""
ball,1,12.5,Hobart Hurricanes,CA Ingram,DJM Short,MT Renshaw,1,0,"",""
ball,1,12.6,Hobart Hurricanes,DJM Short,CA Ingram,MT Renshaw,0,0,"",""
ball,1,13.1,Hobart Hurricanes,CA Ingram,DJM Short,Rashid Khan,1,0,"",""
ball,1,13.2,Hobart Hurricanes,DJM Short,CA Ingram,Rashid Khan,6,0,"",""
ball,1,13.3,Hobart Hurricanes,DJM Short,CA Ingram,Rashid Khan,6,0,"",""
ball,1,13.4,Hobart Hurricanes,DJM Short,CA Ingram,Rashid Khan,4,0,"",""
ball,1,13.5,Hobart Hurricanes,DJM Short,CA Ingram,Rashid Khan,6,0,"",""
ball,1,13.6,Hobart Hurricanes,DJM Short,CA Ingram,Rashid Khan,2,0,"",""
ball,1,14.1,Hobart Hurricanes,CA Ingram,DJM Short,WA Agar,1,0,"",""
ball,1,14.2,Hobart Hurricanes,DJM Short,CA Ingram,WA Agar,4,0,"",""
ball,1,14.3,Hobart Hurricanes,DJM Short,CA Ingram,WA Agar,6,0,"",""
ball,1,14.4,Hobart Hurricanes,DJM Short,CA Ingram,WA Agar,0,0,caught,DJM Short
ball,1,14.5,Hobart Hurricanes,PSP Handscomb,CA Ingram,WA Agar,1,0,"",""
ball,1,14.6,Hobart Hurricanes,CA Ingram,PSP Handscomb,WA Agar,1,0,"",""
ball,1,15.1,Hobart Hurricanes,CA Ingram,PSP Handscomb,PM Siddle,1,0,"",""
ball,1,15.2,Hobart Hurricanes,PSP Handscomb,CA Ingram,PM Siddle,1,0,"",""
ball,1,15.3,Hobart Hurricanes,CA Ingram,PSP Handscomb,PM Siddle,1,0,"",""
ball,1,15.4,Hobart Hurricanes,PSP Handscomb,CA Ingram,PM Siddle,1,0,"",""
ball,1,15.5,Hobart Hurricanes,CA Ingram,PSP Handscomb,PM Siddle,0,0,caught,CA Ingram
ball,1,15.6,Hobart Hurricanes,PSP Handscomb,TH David,PM Siddle,1,0,"",""
ball,1,16.1,Hobart Hurricanes,PSP Handscomb,TH David,Rashid Khan,0,0,lbw,PSP Handscomb
ball,1,16.2,Hobart Hurricanes,M Wright,TH David,Rashid Khan,0,0,"",""
ball,1,16.3,Hobart Hurricanes,M Wright,TH David,Rashid Khan,1,0,"",""
ball,1,16.4,Hobart Hurricanes,TH David,M Wright,Rashid Khan,2,0,"",""
ball,1,16.5,Hobart Hurricanes,TH David,M Wright,Rashid Khan,0,0,"",""
ball,1,16.6,Hobart Hurricanes,TH David,M Wright,Rashid Khan,1,0,"",""
ball,1,17.1,Hobart Hurricanes,TH David,M Wright,DJ Worrall,1,0,"",""
ball,1,17.2,Hobart Hurricanes,M Wright,TH David,DJ Worrall,0,0,bowled,M Wright
ball,1,17.3,Hobart Hurricanes,JP Faulkner,TH David,DJ Worrall,1,0,"",""
ball,1,17.4,Hobart Hurricanes,TH David,JP Faulkner,DJ Worrall,2,1,"",""
ball,1,17.5,Hobart Hurricanes,TH David,JP Faulkner,DJ Worrall,6,0,"",""
ball,1,17.6,Hobart Hurricanes,TH David,JP Faulkner,DJ Worrall,1,0,"",""
ball,1,17.7,Hobart Hurricanes,JP Faulkner,TH David,DJ Worrall,2,1,"",""
ball,1,17.8,Hobart Hurricanes,JP Faulkner,TH David,DR Briggs,1,0,"",""
ball,1,18.1,Hobart Hurricanes,JP Faulkner,TH David,WA Agar,1,0,"",""
ball,1,18.2,Hobart Hurricanes,TH David,JP Faulkner,WA Agar,2,0,"",""
ball,1,18.3,Hobart Hurricanes,TH David,JP Faulkner,WA Agar,0,0,"",""
ball,1,18.4,Hobart Hurricanes,TH David,JP Faulkner,WA Agar,1,0,"",""
ball,1,18.5,Hobart Hurricanes,JP Faulkner,TH David,WA Agar,0,0,"",""
ball,1,18.6,Hobart Hurricanes,JP Faulkner,TH David,WA Agar,1,0,"",""
ball,1,19.1,Hobart Hurricanes,JP Faulkner,TH David,PM Siddle,4,0,"",""
ball,1,19.2,Hobart Hurricanes,JP Faulkner,TH David,PM Siddle,1,0,"",""
ball,1,19.3,Hobart Hurricanes,TH David,JP Faulkner,PM Siddle,2,0,"",""
ball,1,19.4,Hobart Hurricanes,TH David,JP Faulkner,PM Siddle,1,0,"",""
ball,1,19.5,Hobart Hurricanes,JP Faulkner,TH David,PM Siddle,1,0,"",""
ball,1,19.6,Hobart Hurricanes,TH David,JP Faulkner,PM Siddle,2,0,"",""
ball,2,0.1,Adelaide Strikers,PD Salt,J Weatherald,JP Faulkner,2,0,"",""
ball,2,0.2,Adelaide Strikers,PD Salt,J Weatherald,JP Faulkner,1,0,"",""
ball,2,0.3,Adelaide Strikers,J Weatherald,PD Salt,JP Faulkner,0,0,"",""
ball,2,0.4,Adelaide Strikers,J Weatherald,PD Salt,JP Faulkner,1,0,"",""
ball,2,0.5,Adelaide Strikers,PD Salt,J Weatherald,JP Faulkner,1,0,"",""
ball,2,0.6,Adelaide Strikers,J Weatherald,PD Salt,JP Faulkner,0,0,"",""
ball,2,1.1,Adelaide Strikers,PD Salt,J Weatherald,J Botha,1,0,"",""
ball,2,1.2,Adelaide Strikers,J Weatherald,PD Salt,J Botha,0,0,"",""
ball,2,1.3,Adelaide Strikers,J Weatherald,PD Salt,J Botha,0,0,caught,J Weatherald
ball,2,1.4,Adelaide Strikers,MT Renshaw,PD Salt,J Botha,1,0,"",""
ball,2,1.5,Adelaide Strikers,PD Salt,MT Renshaw,J Botha,1,0,"",""
ball,2,1.6,Adelaide Strikers,MT Renshaw,PD Salt,J Botha,2,0,"",""
ball,2,2.1,Adelaide Strikers,PD Salt,MT Renshaw,JP Faulkner,1,0,"",""
ball,2,2.2,Adelaide Strikers,MT Renshaw,PD Salt,JP Faulkner,0,0,"",""
ball,2,2.3,Adelaide Strikers,MT Renshaw,PD Salt,JP Faulkner,3,0,"",""
ball,2,2.4,Adelaide Strikers,PD Salt,MT Renshaw,JP Faulkner,1,0,"",""
ball,2,2.5,Adelaide Strikers,MT Renshaw,PD Salt,JP Faulkner,1,0,"",""
ball,2,2.6,Adelaide Strikers,PD Salt,MT Renshaw,JP Faulkner,0,0,bowled,PD Salt
ball,2,3.1,Adelaide Strikers,MT Renshaw,HJ Nielsen,J Botha,1,0,"",""
ball,2,3.2,Adelaide Strikers,HJ Nielsen,MT Renshaw,J Botha,1,0,"",""
ball,2,3.3,Adelaide Strikers,MT Renshaw,HJ Nielsen,J Botha,1,0,"",""
ball,2,3.4,Adelaide Strikers,HJ Nielsen,MT Renshaw,J Botha,0,0,"",""
ball,2,3.5,Adelaide Strikers,HJ Nielsen,MT Renshaw,J Botha,0,0,"",""
ball,2,3.6,Adelaide Strikers,HJ Nielsen,MT Renshaw,J Botha,0,0,"",""
ball,2,4.1,Adelaide Strikers,MT Renshaw,HJ Nielsen,SM Boland,1,0,"",""
ball,2,4.2,Adelaide Strikers,HJ Nielsen,MT Renshaw,SM Boland,0,0,"",""
ball,2,4.3,Adelaide Strikers,HJ Nielsen,MT Renshaw,SM Boland,1,0,"",""
ball,2,4.4,Adelaide Strikers,MT Renshaw,HJ Nielsen,SM Boland,1,0,"",""
ball,2,4.5,Adelaide Strikers,HJ Nielsen,MT Renshaw,SM Boland,1,0,"",""
ball,2,4.6,Adelaide Strikers,MT Renshaw,HJ Nielsen,SM Boland,0,0,"",""
ball,2,5.1,Adelaide Strikers,HJ Nielsen,MT Renshaw,J Botha,0,0,"",""
ball,2,5.2,Adelaide Strikers,HJ Nielsen,MT Renshaw,J Botha,4,0,"",""
ball,2,5.3,Adelaide Strikers,HJ Nielsen,MT Renshaw,J Botha,1,0,"",""
ball,2,5.4,Adelaide Strikers,MT Renshaw,HJ Nielsen,J Botha,6,0,"",""
ball,2,5.5,Adelaide Strikers,MT Renshaw,HJ Nielsen,J Botha,1,0,"",""
ball,2,5.6,Adelaide Strikers,HJ Nielsen,MT Renshaw,J Botha,0,0,lbw,HJ Nielsen
ball,2,6.1,Adelaide Strikers,MT Renshaw,JW Wells,RP Meredith,1,0,"",""
ball,2,6.2,Adelaide Strikers,JW Wells,MT Renshaw,RP Meredith,0,0,lbw,JW Wells
ball,2,6.3,Adelaide Strikers,RJ Gibson,MT Renshaw,RP Meredith,1,0,"",""
ball,2,6.4,Adelaide Strikers,MT Renshaw,RJ Gibson,RP Meredith,0,0,"",""
ball,2,6.5,Adelaide Strikers,MT Renshaw,RJ Gibson,RP Meredith,1,0,"",""
ball,2,6.6,Adelaide Strikers,RJ Gibson,MT Renshaw,RP Meredith,0,0,"",""
ball,2,7.1,Adelaide Strikers,MT Renshaw,RJ Gibson,NT Ellis,0,0,"",""
ball,2,7.2,Adelaide Strikers,MT Renshaw,RJ Gibson,NT Ellis,2,0,"",""
ball,2,7.3,Adelaide Strikers,MT Renshaw,RJ Gibson,NT Ellis,0,0,"",""
ball,2,7.4,Adelaide Strikers,MT Renshaw,RJ Gibson,NT Ellis,0,1,"",""
ball,2,7.5,Adelaide Strikers,RJ Gibson,MT Renshaw,NT Ellis,4,0,"",""
ball,2,7.6,Adelaide Strikers,RJ Gibson,MT Renshaw,NT Ellis,2,0,"",""
ball,2,8.1,Adelaide Strikers,MT Renshaw,RJ Gibson,RP Meredith,0,0,"",""
ball,2,8.2,Adelaide Strikers,MT Renshaw,RJ Gibson,RP Meredith,2,0,"",""
ball,2,8.3,Adelaide Strikers,MT Renshaw,RJ Gibson,RP Meredith,0,0,run out,RJ Gibson
ball,2,8.4,Adelaide Strikers,Rashid Khan,MT Renshaw,RP Meredith,0,0,caught,Rashid Khan
ball,2,8.5,Adelaide Strikers,MT Renshaw,DJ Worrall,RP Meredith,1,0,"",""
ball,2,8.6,Adelaide Strikers,DJ Worrall,MT Renshaw,RP Meredith,0,1,"",""
ball,2,8.7,Adelaide Strikers,DJ Worrall,MT Renshaw,RP Meredith,0,0,"",""
ball,2,9.1,Adelaide Strikers,MT Renshaw,DJ Worrall,SM Boland,1,0,"",""
ball,2,9.2,Adelaide Strikers,DJ Worrall,MT Renshaw,SM Boland,1,0,"",""
ball,2,9.3,Adelaide Strikers,MT Renshaw,DJ Worrall,SM Boland,6,0,"",""
ball,2,9.4,Adelaide Strikers,MT Renshaw,DJ Worrall,SM Boland,1,0,"",""
ball,2,9.5,Adelaide Strikers,DJ Worrall,MT Renshaw,SM Boland,0,1,"",""
ball,2,9.6,Adelaide Strikers,DJ Worrall,MT Renshaw,SM Boland,6,0,"",""
ball,2,9.7,Adelaide Strikers,DJ Worrall,MT Renshaw,SM Boland,1,0,"",""
ball,2,10.1,Adelaide Strikers,DJ Worrall,MT Renshaw,RP Meredith,4,0,"",""
ball,2,10.2,Adelaide Strikers,DJ Worrall,MT Renshaw,RP Meredith,0,0,"",""
ball,2,10.3,Adelaide Strikers,DJ Worrall,MT Renshaw,RP Meredith,4,0,"",""
ball,2,10.4,Adelaide Strikers,DJ Worrall,MT Renshaw,RP Meredith,0,0,"",""
ball,2,10.5,Adelaide Strikers,DJ Worrall,MT Renshaw,RP Meredith,0,0,"",""
ball,2,10.6,Adelaide Strikers,DJ Worrall,MT Renshaw,RP Meredith,1,0,"",""
ball,2,11.1,Adelaide Strikers,DJ Worrall,MT Renshaw,JP Faulkner,0,0,"",""
ball,2,11.2,Adelaide Strikers,DJ Worrall,MT Renshaw,JP Faulkner,1,0,"",""
ball,2,11.3,Adelaide Strikers,MT Renshaw,DJ Worrall,JP Faulkner,0,0,caught,MT Renshaw
ball,2,11.4,Adelaide Strikers,DJ Worrall,PM Siddle,JP Faulkner,0,1,"",""
ball,2,11.5,Adelaide Strikers,PM Siddle,DJ Worrall,JP Faulkner,0,0,"",""
ball,2,11.6,Adelaide Strikers,PM Siddle,DJ Worrall,JP Faulkner,0,0,"",""
ball,2,12.1,Adelaide Strikers,DJ Worrall,PM Siddle,RP Meredith,0,0,"",""
ball,2,12.2,Adelaide Strikers,DJ Worrall,PM Siddle,RP Meredith,6,0,"",""
ball,2,12.3,Adelaide Strikers,DJ Worrall,PM Siddle,RP Meredith,4,0,"",""
ball,2,12.4,Adelaide Strikers,DJ Worrall,PM Siddle,RP Meredith,0,0,"",""
ball,2,12.5,Adelaide Strikers,DJ Worrall,PM Siddle,RP Meredith,4,0,"",""
ball,2,12.6,Adelaide Strikers,DJ Worrall,PM Siddle,RP Meredith,0,0,"",""
ball,2,13.1,Adelaide Strikers,PM Siddle,DJ Worrall,JP Faulkner,0,0,caught,PM Siddle
ball,2,13.2,Adelaide Strikers,WA Agar,DJ Worrall,JP Faulkner,2,0,"",""
ball,2,13.3,Adelaide Strikers,WA Agar,DJ Worrall,JP Faulkner,1,0,"",""
ball,2,13.4,Adelaide Strikers,DJ Worrall,WA Agar,JP Faulkner,6,0,"",""
ball,2,13.5,Adelaide Strikers,DJ Worrall,WA Agar,JP Faulkner,0,0,"",""
ball,2,13.6,Adelaide Strikers,DJ Worrall,WA Agar,JP Faulkner,0,0,"",""
ball,2,14.1,Adelaide Strikers,WA Agar,DJ Worrall,NT Ellis,0,0,"",""
ball,2,14.2,Adelaide Strikers,WA Agar,DJ Worrall,NT Ellis,0,0,bowled,WA Agar
ball,2,14.3,Adelaide Strikers,DR Briggs,DJ Worrall,NT Ellis,2,0,"",""
ball,2,14.4,Adelaide Strikers,DR Briggs,DJ Worrall,NT Ellis,0,1,"",""
ball,2,14.5,Adelaide Strikers,DJ Worrall,DR Briggs,NT Ellis,1,0,"",""
ball,2,14.6,Adelaide Strikers,DR Briggs,DJ Worrall,NT Ellis,0,0,"",""
ball,2,15.1,Adelaide Strikers,DJ Worrall,DR Briggs,SM Boland,2,0,"",""
ball,2,15.2,Adelaide Strikers,DJ Worrall,DR Briggs,SM Boland,4,0,"",""
ball,2,15.3,Adelaide Strikers,DJ Worrall,DR Briggs,SM Boland,4,0,"",""
ball,2,15.4,Adelaide Strikers,DJ Worrall,DR Briggs,SM Boland,1,0,"",""
ball,2,15.5,Adelaide Strikers,DR Briggs,DJ Worrall,SM Boland,0,0,"",""
ball,2,15.6,Adelaide Strikers,DR Briggs,DJ Worrall,SM Boland,1,0,"",""
ball,2,16.1,Adelaide Strikers,DR Briggs,DJ Worrall,NT Ellis,0,0,"",""
ball,2,16.2,Adelaide Strikers,DR Briggs,DJ Worrall,NT Ellis,4,0,"",""
ball,2,16.3,Adelaide Strikers,DR Briggs,DJ Worrall,NT Ellis,0,0,"",""
ball,2,16.4,Adelaide Strikers,DR Briggs,DJ Worrall,NT Ellis,6,0,"",""
ball,2,16.5,Adelaide Strikers,DR Briggs,DJ Worrall,NT Ellis,0,0,"",""
ball,2,16.6,Adelaide Strikers,DR Briggs,DJ Worrall,NT Ellis,4,0,"",""
ball,2,17.1,Adelaide Strikers,DJ Worrall,DR Briggs,DJM Short,1,0,"",""
ball,2,17.2,Adelaide Strikers,DR Briggs,DJ Worrall,DJM Short,0,0,"",""
ball,2,17.3,Adelaide Strikers,DR Briggs,DJ Worrall,DJM Short,4,0,"",""
ball,2,17.4,Adelaide Strikers,DR Briggs,DJ Worrall,DJM Short,4,0,"",""
ball,2,17.5,Adelaide Strikers,DR Briggs,DJ Worrall,DJM Short,6,0,"",""
ball,2,17.6,Adelaide Strikers,DR Briggs,DJ Worrall,DJM Short,2,0,"",""
ball,2,18.1,Adelaide Strikers,DJ Worrall,DR Briggs,NT Ellis,1,0,"",""
ball,2,18.2,Adelaide Strikers,DR Briggs,DJ Worrall,NT Ellis,1,0,"",""
ball,2,18.3,Adelaide Strikers,DJ Worrall,DR Briggs,NT Ellis,0,1,"",""
ball,2,18.4,Adelaide Strikers,DJ Worrall,DR Briggs,NT Ellis,0,0,"",""
ball,2,18.5,Adelaide Strikers,DJ Worrall,DR Briggs,NT Ellis,0,0,"",""
ball,2,18.6,Adelaide Strikers,DJ Worrall,DR Briggs,NT Ellis,4,0,"",""
ball,2,18.7,Adelaide Strikers,DJ Worrall,DR Briggs,NT Ellis,1,0,"",""
ball,2,19.1,Adelaide Strikers,DJ Worrall,DR Briggs,SM Boland,1,0,"",""
ball,2,19.2,Adelaide Strikers,DR Briggs,DJ Worrall,SM Boland,1,0,"",""
ball,2,19.3,Adelaide Strikers,DJ Worrall,DR Briggs,SM Boland,2,0,"",""
ball,2,19.4,Adelaide Strikers,DJ Worrall,DR Briggs,SM Boland,0,0,"",""
ball,2,19.5,Adelaide Strikers,DJ Worrall,DR Briggs,SM Boland,2,0,"",""
ball,2,19.6,Adelaide Strikers,DJ Worrall,DR Briggs,SM Boland,0,0,"",""
