version,1.3.0
info,team,Brisbane Heat
info,team,Melbourne Stars
info,gender,male
info,season,2020/21
info,date,2020/12/11
info,competition,Big Bash League
info,match_number,2
info,venue,Manuka Oval
info,city,Canberra
info,toss_winner,Melbourne Stars
info,toss_decision,field
info,player_of_match,NM Coulter-Nile
info,umpire,PJ Gillespie
info,umpire,SAJ Craig
info,reserve_umpire,BC Treloar
info,tv_umpire,GJ Davidson
info,match_referee,RL Parry
info,winner,Melbourne Stars
info,winner_wickets,6
ball,1,0.1,Brisbane Heat,M Bryant,SD Heazlett,GJ Maxwell,0,0,"",""
ball,1,0.2,Brisbane Heat,M Bryant,SD Heazlett,GJ Maxwell,1,0,"",""
ball,1,0.3,Brisbane Heat,SD Heazlett,M Bryant,GJ Maxwell,0,0,"",""
ball,1,0.4,Brisbane Heat,SD Heazlett,M Bryant,GJ Maxwell,0,0,"",""
ball,1,0.5,Brisbane Heat,SD Heazlett,M Bryant,GJ Maxwell,0,0,"",""
ball,1,0.6,Brisbane Heat,SD Heazlett,M Bryant,GJ Maxwell,4,0,"",""
ball,1,1.1,Brisbane Heat,M Bryant,SD Heazlett,B Stanlake,0,0,"",""
ball,1,1.2,Brisbane Heat,M Bryant,SD Heazlett,B Stanlake,0,0,"",""
ball,1,1.3,Brisbane Heat,M Bryant,SD Heazlett,B Stanlake,0,0,"",""
ball,1,1.4,Brisbane Heat,M Bryant,SD Heazlett,B Stanlake,0,1,"",""
ball,1,1.5,Brisbane Heat,SD Heazlett,M Bryant,B Stanlake,4,0,"",""
ball,1,1.6,Brisbane Heat,SD Heazlett,M Bryant,B Stanlake,0,0,"",""
ball,1,2.1,Brisbane Heat,M Bryant,SD Heazlett,GJ Maxwell,1,0,"",""
ball,1,2.2,Brisbane Heat,SD Heazlett,M Bryant,GJ Maxwell,1,0,"",""
ball,1,2.3,Brisbane Heat,M Bryant,SD Heazlett,GJ Maxwell,0,0,"",""
ball,1,2.4,Brisbane Heat,M Bryant,SD Heazlett,GJ Maxwell,1,0,"",""
ball,1,2.5,Brisbane Heat,SD Heazlett,M Bryant,GJ Maxwell,0,0,"",""
ball,1,2.6,Brisbane Heat,SD Heazlett,M Bryant,GJ Maxwell,1,0,"",""
ball,1,3.1,Brisbane Heat,SD Heazlett,M Bryant,Dilbar Hussain,1,0,"",""
ball,1,3.2,Brisbane Heat,M Bryant,SD Heazlett,Dilbar Hussain,0,0,"",""
ball,1,3.3,Brisbane Heat,M Bryant,SD Heazlett,Dilbar Hussain,1,0,"",""
ball,1,3.4,Brisbane Heat,SD Heazlett,M Bryant,Dilbar Hussain,2,0,"",""
ball,1,3.5,Brisbane Heat,SD Heazlett,M Bryant,Dilbar Hussain,1,0,"",""
ball,1,3.6,Brisbane Heat,M Bryant,SD Heazlett,Dilbar Hussain,0,0,"",""
ball,1,4.1,Brisbane Heat,SD Heazlett,M Bryant,CD Hinchliffe,0,0,lbw,SD Heazlett
ball,1,4.2,Brisbane Heat,CA Lynn,M Bryant,CD Hinchliffe,1,0,"",""
ball,1,4.3,Brisbane Heat,M Bryant,CA Lynn,CD Hinchliffe,2,0,"",""
ball,1,4.4,Brisbane Heat,M Bryant,CA Lynn,CD Hinchliffe,1,0,"",""
ball,1,4.5,Brisbane Heat,CA Lynn,M Bryant,CD Hinchliffe,0,0,"",""
ball,1,4.6,Brisbane Heat,CA Lynn,M Bryant,CD Hinchliffe,1,0,"",""
ball,1,5.1,Brisbane Heat,CA Lynn,M Bryant,A Zampa,0,0,"",""
ball,1,5.2,Brisbane Heat,CA Lynn,M Bryant,A Zampa,1,0,"",""
ball,1,5.3,Brisbane Heat,M Bryant,CA Lynn,A Zampa,1,0,"",""
ball,1,5.4,Brisbane Heat,CA Lynn,M Bryant,A Zampa,0,0,"",""
ball,1,5.5,Brisbane Heat,CA Lynn,M Bryant,A Zampa,0,0,"",""
ball,1,5.6,Brisbane Heat,CA Lynn,M Bryant,A Zampa,6,0,"",""
ball,1,6.1,Brisbane Heat,M Bryant,CA Lynn,CD Hinchliffe,4,0,"",""
ball,1,6.2,Brisbane Heat,M Bryant,CA Lynn,CD Hinchliffe,1,0,"",""
ball,1,6.3,Brisbane Heat,CA Lynn,M Bryant,CD Hinchliffe,1,0,"",""
ball,1,6.4,Brisbane Heat,M Bryant,CA Lynn,CD Hinchliffe,6,0,"",""
ball,1,6.5,Brisbane Heat,M Bryant,CA Lynn,CD Hinchliffe,1,0,"",""
ball,1,6.6,Brisbane Heat,CA Lynn,M Bryant,CD Hinchliffe,1,0,"",""
ball,1,7.1,Brisbane Heat,CA Lynn,M Bryant,NM Coulter-Nile,1,0,"",""
ball,1,7.2,Brisbane Heat,M Bryant,CA Lynn,NM Coulter-Nile,0,0,caught,M Bryant
ball,1,7.3,Brisbane Heat,DW Lawrence,CA Lynn,NM Coulter-Nile,0,0,"",""
ball,1,7.4,Brisbane Heat,DW Lawrence,CA Lynn,NM Coulter-Nile,0,0,"",""
ball,1,7.5,Brisbane Heat,DW Lawrence,CA Lynn,NM Coulter-Nile,1,0,"",""
ball,1,7.6,Brisbane Heat,CA Lynn,DW Lawrence,NM Coulter-Nile,0,0,"",""
ball,1,8.1,Brisbane Heat,DW Lawrence,CA Lynn,Dilbar Hussain,4,0,"",""
ball,1,8.2,Brisbane Heat,DW Lawrence,CA Lynn,Dilbar Hussain,0,0,"",""
ball,1,8.3,Brisbane Heat,DW Lawrence,CA Lynn,Dilbar Hussain,2,0,"",""
ball,1,8.4,Brisbane Heat,DW Lawrence,CA Lynn,Dilbar Hussain,1,0,run out,DW Lawrence
ball,1,8.5,Brisbane Heat,TLW Cooper,CA Lynn,Dilbar Hussain,0,0,"",""
ball,1,8.6,Brisbane Heat,TLW Cooper,CA Lynn,Dilbar Hussain,0,0,"",""
ball,1,9.1,Brisbane Heat,CA Lynn,TLW Cooper,A Zampa,1,0,"",""
ball,1,9.2,Brisbane Heat,TLW Cooper,CA Lynn,A Zampa,1,0,"",""
ball,1,9.3,Brisbane Heat,CA Lynn,TLW Cooper,A Zampa,1,0,"",""
ball,1,9.4,Brisbane Heat,TLW Cooper,CA Lynn,A Zampa,1,0,"",""
ball,1,9.5,Brisbane Heat,CA Lynn,TLW Cooper,A Zampa,0,0,"",""
ball,1,9.6,Brisbane Heat,CA Lynn,TLW Cooper,A Zampa,0,0,"",""
ball,1,10.1,Brisbane Heat,TLW Cooper,CA Lynn,B Stanlake,4,0,"",""
ball,1,10.2,Brisbane Heat,TLW Cooper,CA Lynn,B Stanlake,0,1,"",""
ball,1,10.3,Brisbane Heat,CA Lynn,TLW Cooper,B Stanlake,4,0,"",""
ball,1,10.4,Brisbane Heat,CA Lynn,TLW Cooper,B Stanlake,1,0,"",""
ball,1,10.5,Brisbane Heat,TLW Cooper,CA Lynn,B Stanlake,0,1,"",""
ball,1,10.6,Brisbane Heat,CA Lynn,TLW Cooper,B Stanlake,1,0,"",""
ball,1,11.1,Brisbane Heat,CA Lynn,TLW Cooper,NM Coulter-Nile,0,0,caught,CA Lynn
ball,1,11.2,Brisbane Heat,TLW Cooper,JJ Peirson,NM Coulter-Nile,0,0,"",""
ball,1,11.3,Brisbane Heat,TLW Cooper,JJ Peirson,NM Coulter-Nile,1,0,"",""
ball,1,11.4,Brisbane Heat,JJ Peirson,TLW Cooper,NM Coulter-Nile,1,0,"",""
ball,1,11.5,Brisbane Heat,TLW Cooper,JJ Peirson,NM Coulter-Nile,0,1,"",""
ball,1,11.6,Brisbane Heat,JJ Peirson,TLW Cooper,NM Coulter-Nile,0,0,"",""
ball,1,12.1,Brisbane Heat,TLW Cooper,JJ Peirson,ADS Fletcher,6,0,"",""
ball,1,12.2,Brisbane Heat,TLW Cooper,JJ Peirson,ADS Fletcher,0,0,"",""
ball,1,12.3,Brisbane Heat,TLW Cooper,JJ Peirson,ADS Fletcher,0,0,"",""
ball,1,12.4,Brisbane Heat,TLW Cooper,JJ Peirson,ADS Fletcher,0,1,"",""
ball,1,12.5,Brisbane Heat,JJ Peirson,TLW Cooper,ADS Fletcher,2,0,"",""
ball,1,12.6,Brisbane Heat,JJ Peirson,TLW Cooper,ADS Fletcher,0,0,"",""
ball,1,13.1,Brisbane Heat,TLW Cooper,JJ Peirson,A Zampa,1,0,"",""
ball,1,13.2,Brisbane Heat,JJ Peirson,TLW Cooper,A Zampa,1,0,"",""
ball,1,13.3,Brisbane Heat,TLW Cooper,JJ Peirson,A Zampa,1,0,"",""
ball,1,13.4,Brisbane Heat,JJ Peirson,TLW Cooper,A Zampa,2,0,"",""
ball,1,13.5,Brisbane Heat,JJ Peirson,TLW Cooper,A Zampa,1,0,"",""
ball,1,13.6,Brisbane Heat,TLW Cooper,JJ Peirson,A Zampa,0,0,"",""
ball,1,14.1,Brisbane Heat,JJ Peirson,TLW Cooper,GJ Maxwell,1,0,"",""
ball,1,14.2,Brisbane Heat,TLW Cooper,JJ Peirson,GJ Maxwell,2,0,"",""
ball,1,14.3,Brisbane Heat,TLW Cooper,JJ Peirson,GJ Maxwell,0,0,"",""
ball,1,14.4,Brisbane Heat,TLW Cooper,JJ Peirson,GJ Maxwell,1,0,"",""
ball,1,14.5,Brisbane Heat,JJ Peirson,TLW Cooper,GJ Maxwell,1,0,"",""
ball,1,14.6,Brisbane Heat,TLW Cooper,JJ Peirson,GJ Maxwell,6,0,"",""
ball,1,15.1,Brisbane Heat,JJ Peirson,TLW Cooper,A Zampa,1,0,"",""
ball,1,15.2,Brisbane Heat,TLW Cooper,JJ Peirson,A Zampa,1,0,"",""
ball,1,15.3,Brisbane Heat,JJ Peirson,TLW Cooper,A Zampa,1,0,"",""
ball,1,15.4,Brisbane Heat,TLW Cooper,JJ Peirson,A Zampa,1,0,"",""
ball,1,15.5,Brisbane Heat,JJ Peirson,TLW Cooper,A Zampa,2,0,"",""
ball,1,15.6,Brisbane Heat,JJ Peirson,TLW Cooper,A Zampa,0,0,"",""
ball,1,16.1,Brisbane Heat,TLW Cooper,JJ Peirson,Dilbar Hussain,0,0,bowled,TLW Cooper
ball,1,16.2,Brisbane Heat,S Milenko,JJ Peirson,Dilbar Hussain,0,0,caught,S Milenko
ball,1,16.3,Brisbane Heat,JJ Peirson,JP Wood,Dilbar Hussain,0,0,"",""
ball,1,16.4,Brisbane Heat,JJ Peirson,JP Wood,Dilbar Hussain,4,1,"",""
ball,1,16.5,Brisbane Heat,JJ Peirson,JP Wood,Dilbar Hussain,1,0,"",""
ball,1,16.6,Brisbane Heat,JP Wood,JJ Peirson,Dilbar Hussain,1,0,"",""
ball,1,16.7,Brisbane Heat,JJ Peirson,JP Wood,Dilbar Hussain,0,0,"",""
ball,1,17.1,Brisbane Heat,JP Wood,JJ Peirson,NM Coulter-Nile,1,0,"",""
ball,1,17.2,Brisbane Heat,JJ Peirson,JP Wood,NM Coulter-Nile,0,0,"",""
ball,1,17.3,Brisbane Heat,JJ Peirson,JP Wood,NM Coulter-Nile,0,0,"",""
ball,1,17.4,Brisbane Heat,JJ Peirson,JP Wood,NM Coulter-Nile,0,0,"",""
ball,1,17.5,Brisbane Heat,JJ Peirson,JP Wood,NM Coulter-Nile,0,0,caught,JJ Peirson
ball,1,17.6,Brisbane Heat,JP Wood,XC Bartlett,NM Coulter-Nile,0,0,run out,JP Wood
ball,1,18.1,Brisbane Heat,MP Kuhnemann,XC Bartlett,Dilbar Hussain,0,0,"",""
ball,1,18.2,Brisbane Heat,MP Kuhnemann,XC Bartlett,Dilbar Hussain,1,0,"",""
ball,1,18.3,Brisbane Heat,XC Bartlett,MP Kuhnemann,Dilbar Hussain,0,0,"",""
ball,1,18.4,Brisbane Heat,XC Bartlett,MP Kuhnemann,Dilbar Hussain,1,0,"",""
ball,1,18.5,Brisbane Heat,MP Kuhnemann,XC Bartlett,Dilbar Hussain,0,0,"",""
ball,1,18.6,Brisbane Heat,MP Kuhnemann,XC Bartlett,Dilbar Hussain,4,0,"",""
ball,1,19.1,Brisbane Heat,XC Bartlett,MP Kuhnemann,NM Coulter-Nile,1,0,"",""
ball,1,19.2,Brisbane Heat,MP Kuhnemann,XC Bartlett,NM Coulter-Nile,2,0,"",""
ball,1,19.3,Brisbane Heat,MP Kuhnemann,XC Bartlett,NM Coulter-Nile,2,0,"",""
ball,1,19.4,Brisbane Heat,MP Kuhnemann,XC Bartlett,NM Coulter-Nile,0,0,run out,XC Bartlett
ball,1,19.5,Brisbane Heat,MP Kuhnemann,B Laughlin,NM Coulter-Nile,0,0,caught,MP Kuhnemann
ball,2,0.1,Melbourne Stars,MP Stoinis,ADS Fletcher,XC Bartlett,0,0,"",""
ball,2,0.2,Melbourne Stars,MP Stoinis,ADS Fletcher,XC Bartlett,0,0,caught,MP Stoinis
ball,2,0.3,Melbourne Stars,HWR Cartwright,ADS Fletcher,XC Bartlett,0,0,"",""
ball,2,0.4,Melbourne Stars,HWR Cartwright,ADS Fletcher,XC Bartlett,0,0,"",""
ball,2,0.5,Melbourne Stars,HWR Cartwright,ADS Fletcher,XC Bartlett,0,0,"",""
ball,2,0.6,Melbourne Stars,HWR Cartwright,ADS Fletcher,XC Bartlett,0,0,"",""
ball,2,1.1,Melbourne Stars,ADS Fletcher,HWR Cartwright,MP Kuhnemann,0,0,"",""
ball,2,1.2,Melbourne Stars,ADS Fletcher,HWR Cartwright,MP Kuhnemann,0,0,"",""
ball,2,1.3,Melbourne Stars,ADS Fletcher,HWR Cartwright,MP Kuhnemann,0,0,"",""
ball,2,1.4,Melbourne Stars,ADS Fletcher,HWR Cartwright,MP Kuhnemann,0,0,"",""
ball,2,1.5,Melbourne Stars,ADS Fletcher,HWR Cartwright,MP Kuhnemann,0,0,"",""
ball,2,1.6,Melbourne Stars,ADS Fletcher,HWR Cartwright,MP Kuhnemann,1,0,"",""
ball,2,2.1,Melbourne Stars,ADS Fletcher,HWR Cartwright,XC Bartlett,0,0,"",""
ball,2,2.2,Melbourne Stars,ADS Fletcher,HWR Cartwright,XC Bartlett,6,0,"",""
ball,2,2.3,Melbourne Stars,ADS Fletcher,HWR Cartwright,XC Bartlett,1,0,"",""
ball,2,2.4,Melbourne Stars,HWR Cartwright,ADS Fletcher,XC Bartlett,4,0,"",""
ball,2,2.5,Melbourne Stars,HWR Cartwright,ADS Fletcher,XC Bartlett,4,0,"",""
ball,2,2.6,Melbourne Stars,HWR Cartwright,ADS Fletcher,XC Bartlett,0,0,"",""
ball,2,3.1,Melbourne Stars,ADS Fletcher,HWR Cartwright,MP Kuhnemann,4,0,"",""
ball,2,3.2,Melbourne Stars,ADS Fletcher,HWR Cartwright,MP Kuhnemann,0,0,caught and bowled,ADS Fletcher
ball,2,3.3,Melbourne Stars,HWR Cartwright,BR Dunk,MP Kuhnemann,1,0,"",""
ball,2,3.4,Melbourne Stars,BR Dunk,HWR Cartwright,MP Kuhnemann,1,0,"",""
ball,2,3.5,Melbourne Stars,HWR Cartwright,BR Dunk,MP Kuhnemann,1,0,"",""
ball,2,3.6,Melbourne Stars,BR Dunk,HWR Cartwright,MP Kuhnemann,0,0,"",""
ball,2,4.1,Melbourne Stars,HWR Cartwright,BR Dunk,XC Bartlett,1,0,"",""
ball,2,4.2,Melbourne Stars,BR Dunk,HWR Cartwright,XC Bartlett,0,0,"",""
ball,2,4.3,Melbourne Stars,BR Dunk,HWR Cartwright,XC Bartlett,1,0,"",""
ball,2,4.4,Melbourne Stars,HWR Cartwright,BR Dunk,XC Bartlett,1,0,"",""
ball,2,4.5,Melbourne Stars,BR Dunk,HWR Cartwright,XC Bartlett,1,0,"",""
ball,2,4.6,Melbourne Stars,HWR Cartwright,BR Dunk,XC Bartlett,1,0,"",""
ball,2,5.1,Melbourne Stars,HWR Cartwright,BR Dunk,B Laughlin,2,0,"",""
ball,2,5.2,Melbourne Stars,HWR Cartwright,BR Dunk,B Laughlin,1,0,"",""
ball,2,5.3,Melbourne Stars,BR Dunk,HWR Cartwright,B Laughlin,2,0,"",""
ball,2,5.4,Melbourne Stars,BR Dunk,HWR Cartwright,B Laughlin,0,0,"",""
ball,2,5.5,Melbourne Stars,BR Dunk,HWR Cartwright,B Laughlin,0,0,"",""
ball,2,5.6,Melbourne Stars,BR Dunk,HWR Cartwright,B Laughlin,1,0,"",""
ball,2,6.1,Melbourne Stars,BR Dunk,HWR Cartwright,JP Wood,0,0,caught,BR Dunk
ball,2,6.2,Melbourne Stars,HWR Cartwright,GJ Maxwell,JP Wood,0,0,"",""
ball,2,6.3,Melbourne Stars,HWR Cartwright,GJ Maxwell,JP Wood,1,0,"",""
ball,2,6.4,Melbourne Stars,GJ Maxwell,HWR Cartwright,JP Wood,0,0,"",""
ball,2,6.5,Melbourne Stars,GJ Maxwell,HWR Cartwright,JP Wood,1,0,"",""
ball,2,6.6,Melbourne Stars,HWR Cartwright,GJ Maxwell,JP Wood,0,0,"",""
ball,2,7.1,Melbourne Stars,GJ Maxwell,HWR Cartwright,XC Bartlett,1,0,"",""
ball,2,7.2,Melbourne Stars,HWR Cartwright,GJ Maxwell,XC Bartlett,0,0,"",""
ball,2,7.3,Melbourne Stars,HWR Cartwright,GJ Maxwell,XC Bartlett,4,0,"",""
ball,2,7.4,Melbourne Stars,HWR Cartwright,GJ Maxwell,XC Bartlett,1,0,"",""
ball,2,7.5,Melbourne Stars,GJ Maxwell,HWR Cartwright,XC Bartlett,1,0,"",""
ball,2,7.6,Melbourne Stars,HWR Cartwright,GJ Maxwell,XC Bartlett,1,0,"",""
ball,2,8.1,Melbourne Stars,HWR Cartwright,GJ Maxwell,JP Wood,0,0,"",""
ball,2,8.2,Melbourne Stars,HWR Cartwright,GJ Maxwell,JP Wood,0,0,"",""
ball,2,8.3,Melbourne Stars,HWR Cartwright,GJ Maxwell,JP Wood,1,0,"",""
ball,2,8.4,Melbourne Stars,GJ Maxwell,HWR Cartwright,JP Wood,0,0,"",""
ball,2,8.5,Melbourne Stars,GJ Maxwell,HWR Cartwright,JP Wood,4,0,"",""
ball,2,8.6,Melbourne Stars,GJ Maxwell,HWR Cartwright,JP Wood,6,0,"",""
ball,2,9.1,Melbourne Stars,HWR Cartwright,GJ Maxwell,B Laughlin,1,0,"",""
ball,2,9.2,Melbourne Stars,GJ Maxwell,HWR Cartwright,B Laughlin,2,0,"",""
ball,2,9.3,Melbourne Stars,GJ Maxwell,HWR Cartwright,B Laughlin,1,0,"",""
ball,2,9.4,Melbourne Stars,HWR Cartwright,GJ Maxwell,B Laughlin,1,0,"",""
ball,2,9.5,Melbourne Stars,GJ Maxwell,HWR Cartwright,B Laughlin,2,0,"",""
ball,2,9.6,Melbourne Stars,GJ Maxwell,HWR Cartwright,B Laughlin,4,0,"",""
ball,2,10.1,Melbourne Stars,HWR Cartwright,GJ Maxwell,MP Kuhnemann,2,0,"",""
ball,2,10.2,Melbourne Stars,HWR Cartwright,GJ Maxwell,MP Kuhnemann,1,0,"",""
ball,2,10.3,Melbourne Stars,GJ Maxwell,HWR Cartwright,MP Kuhnemann,1,0,"",""
ball,2,10.4,Melbourne Stars,HWR Cartwright,GJ Maxwell,MP Kuhnemann,0,1,"",""
ball,2,10.5,Melbourne Stars,HWR Cartwright,GJ Maxwell,MP Kuhnemann,0,0,"",""
ball,2,10.6,Melbourne Stars,HWR Cartwright,GJ Maxwell,MP Kuhnemann,0,0,"",""
ball,2,10.7,Melbourne Stars,HWR Cartwright,GJ Maxwell,MP Kuhnemann,6,0,"",""
ball,2,11.1,Melbourne Stars,GJ Maxwell,HWR Cartwright,B Laughlin,2,0,"",""
ball,2,11.2,Melbourne Stars,GJ Maxwell,HWR Cartwright,B Laughlin,0,0,"",""
ball,2,11.3,Melbourne Stars,GJ Maxwell,HWR Cartwright,B Laughlin,1,0,"",""
ball,2,11.4,Melbourne Stars,HWR Cartwright,GJ Maxwell,B Laughlin,1,0,"",""
ball,2,11.5,Melbourne Stars,GJ Maxwell,HWR Cartwright,B Laughlin,4,0,"",""
ball,2,11.6,Melbourne Stars,GJ Maxwell,HWR Cartwright,B Laughlin,0,0,"",""
ball,2,12.1,Melbourne Stars,HWR Cartwright,GJ Maxwell,MP Kuhnemann,1,0,"",""
ball,2,12.2,Melbourne Stars,GJ Maxwell,HWR Cartwright,MP Kuhnemann,1,0,"",""
ball,2,12.3,Melbourne Stars,HWR Cartwright,GJ Maxwell,MP Kuhnemann,1,0,"",""
ball,2,12.4,Melbourne Stars,GJ Maxwell,HWR Cartwright,MP Kuhnemann,1,0,"",""
ball,2,12.5,Melbourne Stars,HWR Cartwright,GJ Maxwell,MP Kuhnemann,0,0,"",""
ball,2,12.6,Melbourne Stars,HWR Cartwright,GJ Maxwell,MP Kuhnemann,0,0,"",""
ball,2,13.1,Melbourne Stars,GJ Maxwell,HWR Cartwright,DW Lawrence,0,1,"",""
ball,2,13.2,Melbourne Stars,GJ Maxwell,HWR Cartwright,DW Lawrence,0,0,"",""
ball,2,13.3,Melbourne Stars,GJ Maxwell,HWR Cartwright,DW Lawrence,1,0,"",""
ball,2,13.4,Melbourne Stars,HWR Cartwright,GJ Maxwell,DW Lawrence,4,0,"",""
ball,2,13.5,Melbourne Stars,HWR Cartwright,GJ Maxwell,DW Lawrence,1,0,"",""
ball,2,13.6,Melbourne Stars,GJ Maxwell,HWR Cartwright,DW Lawrence,1,0,"",""
ball,2,13.7,Melbourne Stars,HWR Cartwright,GJ Maxwell,DW Lawrence,0,0,"",""
ball,2,14.1,Melbourne Stars,GJ Maxwell,HWR Cartwright,JP Wood,6,0,"",""
ball,2,14.2,Melbourne Stars,GJ Maxwell,HWR Cartwright,JP Wood,0,0,"",""
ball,2,14.3,Melbourne Stars,GJ Maxwell,HWR Cartwright,JP Wood,6,0,"",""
ball,2,14.4,Melbourne Stars,GJ Maxwell,HWR Cartwright,JP Wood,0,0,bowled,GJ Maxwell
ball,2,14.5,Melbourne Stars,NCR Larkin,HWR Cartwright,JP Wood,2,0,"",""
ball,2,14.6,Melbourne Stars,NCR Larkin,HWR Cartwright,JP Wood,1,0,"",""
ball,2,15.1,Melbourne Stars,NCR Larkin,HWR Cartwright,B Laughlin,1,0,"",""
ball,2,15.2,Melbourne Stars,HWR Cartwright,NCR Larkin,B Laughlin,1,0,"",""
ball,2,15.3,Melbourne Stars,NCR Larkin,HWR Cartwright,B Laughlin,0,0,"",""
ball,2,15.4,Melbourne Stars,NCR Larkin,HWR Cartwright,B Laughlin,0,0,"",""
ball,2,15.5,Melbourne Stars,NCR Larkin,HWR Cartwright,B Laughlin,0,1,"",""
ball,2,15.6,Melbourne Stars,NCR Larkin,HWR Cartwright,B Laughlin,1,0,"",""
ball,2,15.7,Melbourne Stars,HWR Cartwright,NCR Larkin,B Laughlin,1,0,"",""
ball,2,16.1,Melbourne Stars,HWR Cartwright,NCR Larkin,DW Lawrence,1,0,"",""
ball,2,16.2,Melbourne Stars,NCR Larkin,HWR Cartwright,DW Lawrence,6,0,"",""
ball,2,16.3,Melbourne Stars,NCR Larkin,HWR Cartwright,DW Lawrence,0,0,"",""
ball,2,16.4,Melbourne Stars,NCR Larkin,HWR Cartwright,DW Lawrence,0,0,"",""
ball,2,16.5,Melbourne Stars,NCR Larkin,HWR Cartwright,DW Lawrence,0,0,"",""
ball,2,16.6,Melbourne Stars,NCR Larkin,HWR Cartwright,DW Lawrence,1,0,"",""
ball,2,17.1,Melbourne Stars,NCR Larkin,HWR Cartwright,S Milenko,4,0,"",""
