version,1.3.0
info,team,Melbourne Stars
info,team,Sydney Thunder
info,gender,male
info,season,2020/21
info,date,2020/12/12
info,competition,Big Bash League
info,match_number,3
info,venue,Manuka Oval
info,city,Canberra
info,toss_winner,Melbourne Stars
info,toss_decision,bat
info,player_of_match,A Zampa
info,umpire,GJ Davidson
info,umpire,PJ Gillespie
info,reserve_umpire,BC Treloar
info,tv_umpire,SAJ Craig
info,match_referee,RL Parry
info,winner,Melbourne Stars
info,winner_runs,22
ball,1,0.1,Melbourne Stars,MP Stoinis,ADS Fletcher,JD Cook,0,0,"",""
ball,1,0.2,Melbourne Stars,MP Stoinis,ADS Fletcher,JD Cook,0,0,"",""
ball,1,0.3,Melbourne Stars,MP Stoinis,ADS Fletcher,JD Cook,6,0,"",""
ball,1,0.4,Melbourne Stars,MP Stoinis,ADS Fletcher,JD Cook,1,0,"",""
ball,1,0.5,Melbourne Stars,ADS Fletcher,MP Stoinis,JD Cook,0,0,"",""
ball,1,0.6,Melbourne Stars,ADS Fletcher,MP Stoinis,JD Cook,1,0,"",""
ball,1,1.1,Melbourne Stars,ADS Fletcher,MP Stoinis,DR Sams,4,0,"",""
ball,1,1.2,Melbourne Stars,ADS Fletcher,MP Stoinis,DR Sams,0,0,"",""
ball,1,1.3,Melbourne Stars,ADS Fletcher,MP Stoinis,DR Sams,0,0,"",""
ball,1,1.4,Melbourne Stars,ADS Fletcher,MP Stoinis,DR Sams,1,0,"",""
ball,1,1.5,Melbourne Stars,MP Stoinis,ADS Fletcher,DR Sams,1,0,"",""
ball,1,1.6,Melbourne Stars,ADS Fletcher,MP Stoinis,DR Sams,6,0,"",""
ball,1,2.1,Melbourne Stars,MP Stoinis,ADS Fletcher,CJ Green,4,0,"",""
ball,1,2.2,Melbourne Stars,MP Stoinis,ADS Fletcher,CJ Green,6,0,"",""
ball,1,2.3,Melbourne Stars,MP Stoinis,ADS Fletcher,CJ Green,2,0,"",""
ball,1,2.4,Melbourne Stars,MP Stoinis,ADS Fletcher,CJ Green,0,0,"",""
ball,1,2.5,Melbourne Stars,MP Stoinis,ADS Fletcher,CJ Green,4,0,"",""
ball,1,2.6,Melbourne Stars,MP Stoinis,ADS Fletcher,CJ Green,1,0,"",""
ball,1,3.1,Melbourne Stars,MP Stoinis,ADS Fletcher,N McAndrew,0,0,"",""
ball,1,3.2,Melbourne Stars,MP Stoinis,ADS Fletcher,N McAndrew,0,0,"",""
ball,1,3.3,Melbourne Stars,MP Stoinis,ADS Fletcher,N McAndrew,0,0,"",""
ball,1,3.4,Melbourne Stars,MP Stoinis,ADS Fletcher,N McAndrew,0,0,"",""
ball,1,3.5,Melbourne Stars,MP Stoinis,ADS Fletcher,N McAndrew,0,0,"",""
ball,1,3.6,Melbourne Stars,MP Stoinis,ADS Fletcher,N McAndrew,4,0,"",""
ball,1,4.1,Melbourne Stars,ADS Fletcher,MP Stoinis,T Sangha,0,0,"",""
ball,1,4.2,Melbourne Stars,ADS Fletcher,MP Stoinis,T Sangha,0,0,"",""
ball,1,4.3,Melbourne Stars,ADS Fletcher,MP Stoinis,T Sangha,0,0,lbw,ADS Fletcher
ball,1,4.4,Melbourne Stars,GJ Maxwell,MP Stoinis,T Sangha,1,0,"",""
ball,1,4.5,Melbourne Stars,MP Stoinis,GJ Maxwell,T Sangha,1,0,"",""
ball,1,4.6,Melbourne Stars,GJ Maxwell,MP Stoinis,T Sangha,0,2,"",""
ball,1,4.7,Melbourne Stars,MP Stoinis,GJ Maxwell,T Sangha,1,0,"",""
ball,1,5.1,Melbourne Stars,MP Stoinis,GJ Maxwell,N McAndrew,1,0,"",""
ball,1,5.2,Melbourne Stars,GJ Maxwell,MP Stoinis,N McAndrew,1,0,"",""
ball,1,5.3,Melbourne Stars,MP Stoinis,GJ Maxwell,N McAndrew,4,0,"",""
ball,1,5.4,Melbourne Stars,MP Stoinis,GJ Maxwell,N McAndrew,2,0,"",""
ball,1,5.5,Melbourne Stars,MP Stoinis,GJ Maxwell,N McAndrew,0,1,"",""
ball,1,5.6,Melbourne Stars,MP Stoinis,GJ Maxwell,N McAndrew,4,0,"",""
ball,1,5.7,Melbourne Stars,MP Stoinis,GJ Maxwell,N McAndrew,0,0,"",""
ball,1,6.1,Melbourne Stars,GJ Maxwell,MP Stoinis,JD Cook,1,0,"",""
ball,1,6.2,Melbourne Stars,MP Stoinis,GJ Maxwell,JD Cook,1,0,"",""
ball,1,6.3,Melbourne Stars,GJ Maxwell,MP Stoinis,JD Cook,1,0,"",""
ball,1,6.4,Melbourne Stars,MP Stoinis,GJ Maxwell,JD Cook,2,0,"",""
ball,1,6.5,Melbourne Stars,MP Stoinis,GJ Maxwell,JD Cook,1,0,"",""
ball,1,6.6,Melbourne Stars,GJ Maxwell,MP Stoinis,JD Cook,2,0,"",""
ball,1,7.1,Melbourne Stars,MP Stoinis,GJ Maxwell,CJ Green,1,0,"",""
ball,1,7.2,Melbourne Stars,GJ Maxwell,MP Stoinis,CJ Green,2,0,"",""
ball,1,7.3,Melbourne Stars,GJ Maxwell,MP Stoinis,CJ Green,2,0,"",""
ball,1,7.4,Melbourne Stars,GJ Maxwell,MP Stoinis,CJ Green,1,0,"",""
ball,1,7.5,Melbourne Stars,MP Stoinis,GJ Maxwell,CJ Green,4,0,"",""
ball,1,7.6,Melbourne Stars,MP Stoinis,GJ Maxwell,CJ Green,2,0,"",""
ball,1,8.1,Melbourne Stars,GJ Maxwell,MP Stoinis,T Sangha,0,0,"",""
ball,1,8.2,Melbourne Stars,GJ Maxwell,MP Stoinis,T Sangha,4,0,"",""
ball,1,8.3,Melbourne Stars,GJ Maxwell,MP Stoinis,T Sangha,0,0,"",""
ball,1,8.4,Melbourne Stars,GJ Maxwell,MP Stoinis,T Sangha,0,1,"",""
ball,1,8.5,Melbourne Stars,MP Stoinis,GJ Maxwell,T Sangha,1,0,"",""
ball,1,8.6,Melbourne Stars,GJ Maxwell,MP Stoinis,T Sangha,1,0,"",""
ball,1,9.1,Melbourne Stars,GJ Maxwell,MP Stoinis,BCJ Cutting,1,0,"",""
ball,1,9.2,Melbourne Stars,MP Stoinis,GJ Maxwell,BCJ Cutting,1,0,"",""
ball,1,9.3,Melbourne Stars,GJ Maxwell,MP Stoinis,BCJ Cutting,1,0,"",""
ball,1,9.4,Melbourne Stars,MP Stoinis,GJ Maxwell,BCJ Cutting,2,0,"",""
ball,1,9.5,Melbourne Stars,MP Stoinis,GJ Maxwell,BCJ Cutting,1,0,"",""
ball,1,9.6,Melbourne Stars,GJ Maxwell,MP Stoinis,BCJ Cutting,0,0,"",""
ball,1,10.1,Melbourne Stars,MP Stoinis,GJ Maxwell,JD Cook,2,0,"",""
ball,1,10.2,Melbourne Stars,MP Stoinis,GJ Maxwell,JD Cook,1,0,"",""
ball,1,10.3,Melbourne Stars,GJ Maxwell,MP Stoinis,JD Cook,1,0,"",""
ball,1,10.4,Melbourne Stars,MP Stoinis,GJ Maxwell,JD Cook,0,1,"",""
ball,1,10.5,Melbourne Stars,MP Stoinis,GJ Maxwell,JD Cook,0,0,caught,MP Stoinis
ball,1,10.6,Melbourne Stars,GJ Maxwell,HWR Cartwright,JD Cook,1,0,"",""
ball,1,10.7,Melbourne Stars,HWR Cartwright,GJ Maxwell,JD Cook,0,0,"",""
ball,1,11.1,Melbourne Stars,GJ Maxwell,HWR Cartwright,N McAndrew,1,0,"",""
ball,1,11.2,Melbourne Stars,HWR Cartwright,GJ Maxwell,N McAndrew,1,0,"",""
ball,1,11.3,Melbourne Stars,GJ Maxwell,HWR Cartwright,N McAndrew,0,0,"",""
ball,1,11.4,Melbourne Stars,GJ Maxwell,HWR Cartwright,N McAndrew,4,0,"",""
ball,1,11.5,Melbourne Stars,GJ Maxwell,HWR Cartwright,N McAndrew,1,0,"",""
ball,1,11.6,Melbourne Stars,HWR Cartwright,GJ Maxwell,N McAndrew,2,0,"",""
ball,1,12.1,Melbourne Stars,GJ Maxwell,HWR Cartwright,DR Sams,2,0,"",""
ball,1,12.2,Melbourne Stars,GJ Maxwell,HWR Cartwright,DR Sams,1,0,"",""
ball,1,12.3,Melbourne Stars,HWR Cartwright,GJ Maxwell,DR Sams,0,0,"",""
ball,1,12.4,Melbourne Stars,HWR Cartwright,GJ Maxwell,DR Sams,0,0,"",""
ball,1,12.5,Melbourne Stars,HWR Cartwright,GJ Maxwell,DR Sams,0,0,"",""
ball,1,12.6,Melbourne Stars,HWR Cartwright,GJ Maxwell,DR Sams,6,0,"",""
ball,1,13.1,Melbourne Stars,GJ Maxwell,HWR Cartwright,N McAndrew,0,1,"",""
ball,1,13.2,Melbourne Stars,GJ Maxwell,HWR Cartwright,N McAndrew,1,0,"",""
ball,1,13.3,Melbourne Stars,HWR Cartwright,GJ Maxwell,N McAndrew,0,0,caught,HWR Cartwright
ball,1,13.4,Melbourne Stars,GJ Maxwell,BR Dunk,N McAndrew,0,1,"",""
ball,1,13.5,Melbourne Stars,GJ Maxwell,BR Dunk,N McAndrew,4,0,"",""
ball,1,13.6,Melbourne Stars,GJ Maxwell,BR Dunk,N McAndrew,0,1,"",""
ball,1,13.7,Melbourne Stars,GJ Maxwell,BR Dunk,N McAndrew,1,0,"",""
ball,1,13.8,Melbourne Stars,BR Dunk,GJ Maxwell,N McAndrew,0,0,"",""
ball,1,13.9,Melbourne Stars,BR Dunk,GJ Maxwell,N McAndrew,1,0,"",""
ball,1,14.1,Melbourne Stars,BR Dunk,GJ Maxwell,CJ Green,2,0,"",""
ball,1,14.2,Melbourne Stars,BR Dunk,GJ Maxwell,CJ Green,1,0,"",""
ball,1,14.3,Melbourne Stars,GJ Maxwell,BR Dunk,CJ Green,4,0,"",""
ball,1,14.4,Melbourne Stars,GJ Maxwell,BR Dunk,CJ Green,0,0,lbw,GJ Maxwell
ball,1,14.5,Melbourne Stars,NCR Larkin,BR Dunk,CJ Green,2,0,"",""
ball,1,14.6,Melbourne Stars,NCR Larkin,BR Dunk,CJ Green,0,0,"",""
ball,1,15.1,Melbourne Stars,BR Dunk,NCR Larkin,T Sangha,1,0,"",""
ball,1,15.2,Melbourne Stars,NCR Larkin,BR Dunk,T Sangha,1,0,"",""
ball,1,15.3,Melbourne Stars,BR Dunk,NCR Larkin,T Sangha,1,0,"",""
ball,1,15.4,Melbourne Stars,NCR Larkin,BR Dunk,T Sangha,1,0,"",""
ball,1,15.5,Melbourne Stars,BR Dunk,NCR Larkin,T Sangha,1,0,"",""
ball,1,15.6,Melbourne Stars,NCR Larkin,BR Dunk,T Sangha,1,0,"",""
ball,1,16.1,Melbourne Stars,NCR Larkin,BR Dunk,JD Cook,1,0,"",""
ball,1,16.2,Melbourne Stars,BR Dunk,NCR Larkin,JD Cook,0,1,"",""
ball,1,16.3,Melbourne Stars,BR Dunk,NCR Larkin,JD Cook,0,0,"",""
ball,1,16.4,Melbourne Stars,BR Dunk,NCR Larkin,JD Cook,6,0,"",""
ball,1,16.5,Melbourne Stars,BR Dunk,NCR Larkin,JD Cook,2,0,"",""
ball,1,16.6,Melbourne Stars,BR Dunk,NCR Larkin,JD Cook,1,0,"",""
ball,1,16.7,Melbourne Stars,NCR Larkin,BR Dunk,JD Cook,0,1,"",""
ball,1,17.1,Melbourne Stars,NCR Larkin,BR Dunk,T Sangha,1,0,"",""
ball,1,17.2,Melbourne Stars,BR Dunk,NCR Larkin,T Sangha,0,0,caught,BR Dunk
ball,1,17.3,Melbourne Stars,NCR Larkin,CD Hinchliffe,T Sangha,3,0,"",""
ball,1,17.4,Melbourne Stars,CD Hinchliffe,NCR Larkin,T Sangha,1,0,"",""
ball,1,17.5,Melbourne Stars,NCR Larkin,CD Hinchliffe,T Sangha,2,0,"",""
ball,1,17.6,Melbourne Stars,NCR Larkin,CD Hinchliffe,T Sangha,2,0,"",""
ball,1,18.1,Melbourne Stars,CD Hinchliffe,NCR Larkin,CJ Green,0,0,lbw,CD Hinchliffe
ball,1,18.2,Melbourne Stars,A Zampa,NCR Larkin,CJ Green,1,0,"",""
ball,1,18.3,Melbourne Stars,NCR Larkin,A Zampa,CJ Green,1,0,"",""
ball,1,18.4,Melbourne Stars,A Zampa,NCR Larkin,CJ Green,0,0,"",""
ball,1,18.5,Melbourne Stars,A Zampa,NCR Larkin,CJ Green,0,0,"",""
ball,1,18.6,Melbourne Stars,A Zampa,NCR Larkin,CJ Green,2,0,"",""
ball,1,19.1,Melbourne Stars,NCR Larkin,A Zampa,DR Sams,0,0,"",""
ball,1,19.2,Melbourne Stars,NCR Larkin,A Zampa,DR Sams,0,0,bowled,NCR Larkin
ball,1,19.3,Melbourne Stars,LC Hatcher,A Zampa,DR Sams,1,0,"",""
ball,1,19.4,Melbourne Stars,A Zampa,LC Hatcher,DR Sams,0,0,bowled,A Zampa
ball,1,19.5,Melbourne Stars,B Stanlake,LC Hatcher,DR Sams,1,0,"",""
ball,1,19.6,Melbourne Stars,LC Hatcher,B Stanlake,DR Sams,1,0,"",""
ball,2,0.1,Sydney Thunder,UT Khawaja,AD Hales,GJ Maxwell,1,0,"",""
ball,2,0.2,Sydney Thunder,AD Hales,UT Khawaja,GJ Maxwell,1,0,"",""
ball,2,0.3,Sydney Thunder,UT Khawaja,AD Hales,GJ Maxwell,1,0,"",""
ball,2,0.4,Sydney Thunder,AD Hales,UT Khawaja,GJ Maxwell,0,0,"",""
ball,2,0.5,Sydney Thunder,AD Hales,UT Khawaja,GJ Maxwell,4,0,"",""
ball,2,0.6,Sydney Thunder,AD Hales,UT Khawaja,GJ Maxwell,4,0,"",""
ball,2,1.1,Sydney Thunder,UT Khawaja,AD Hales,B Stanlake,0,0,"",""
ball,2,1.2,Sydney Thunder,UT Khawaja,AD Hales,B Stanlake,4,0,"",""
ball,2,1.3,Sydney Thunder,UT Khawaja,AD Hales,B Stanlake,0,0,"",""
ball,2,1.4,Sydney Thunder,UT Khawaja,AD Hales,B Stanlake,1,0,"",""
ball,2,1.5,Sydney Thunder,AD Hales,UT Khawaja,B Stanlake,4,0,"",""
ball,2,1.6,Sydney Thunder,AD Hales,UT Khawaja,B Stanlake,0,0,"",""
ball,2,2.1,Sydney Thunder,UT Khawaja,AD Hales,Dilbar Hussain,0,1,"",""
ball,2,2.2,Sydney Thunder,UT Khawaja,AD Hales,Dilbar Hussain,0,0,caught,UT Khawaja
ball,2,2.3,Sydney Thunder,CJ Ferguson,AD Hales,Dilbar Hussain,0,0,"",""
ball,2,2.4,Sydney Thunder,CJ Ferguson,AD Hales,Dilbar Hussain,4,0,"",""
ball,2,2.5,Sydney Thunder,CJ Ferguson,AD Hales,Dilbar Hussain,0,0,"",""
ball,2,2.6,Sydney Thunder,CJ Ferguson,AD Hales,Dilbar Hussain,1,0,"",""
ball,2,2.7,Sydney Thunder,AD Hales,CJ Ferguson,Dilbar Hussain,1,0,"",""
ball,2,3.1,Sydney Thunder,AD Hales,CJ Ferguson,B Stanlake,0,0,"",""
ball,2,3.2,Sydney Thunder,AD Hales,CJ Ferguson,B Stanlake,0,0,"",""
ball,2,3.3,Sydney Thunder,AD Hales,CJ Ferguson,B Stanlake,1,0,"",""
ball,2,3.4,Sydney Thunder,CJ Ferguson,AD Hales,B Stanlake,1,0,"",""
ball,2,3.5,Sydney Thunder,AD Hales,CJ Ferguson,B Stanlake,1,0,"",""
ball,2,3.6,Sydney Thunder,CJ Ferguson,AD Hales,B Stanlake,0,0,"",""
ball,2,4.1,Sydney Thunder,AD Hales,CJ Ferguson,CD Hinchliffe,1,0,"",""
ball,2,4.2,Sydney Thunder,CJ Ferguson,AD Hales,CD Hinchliffe,1,0,"",""
ball,2,4.3,Sydney Thunder,AD Hales,CJ Ferguson,CD Hinchliffe,4,0,"",""
ball,2,4.4,Sydney Thunder,AD Hales,CJ Ferguson,CD Hinchliffe,0,0,"",""
ball,2,4.5,Sydney Thunder,AD Hales,CJ Ferguson,CD Hinchliffe,1,0,"",""
ball,2,4.6,Sydney Thunder,CJ Ferguson,AD Hales,CD Hinchliffe,4,0,"",""
ball,2,5.1,Sydney Thunder,AD Hales,CJ Ferguson,A Zampa,0,0,"",""
ball,2,5.2,Sydney Thunder,AD Hales,CJ Ferguson,A Zampa,0,0,"",""
ball,2,5.3,Sydney Thunder,AD Hales,CJ Ferguson,A Zampa,0,0,"",""
ball,2,5.4,Sydney Thunder,AD Hales,CJ Ferguson,A Zampa,0,0,"",""
ball,2,5.5,Sydney Thunder,AD Hales,CJ Ferguson,A Zampa,0,0,"",""
ball,2,5.6,Sydney Thunder,AD Hales,CJ Ferguson,A Zampa,1,0,"",""
ball,2,6.1,Sydney Thunder,AD Hales,CJ Ferguson,LC Hatcher,1,0,"",""
ball,2,6.2,Sydney Thunder,CJ Ferguson,AD Hales,LC Hatcher,1,0,"",""
ball,2,6.3,Sydney Thunder,AD Hales,CJ Ferguson,LC Hatcher,6,0,"",""
ball,2,6.4,Sydney Thunder,AD Hales,CJ Ferguson,LC Hatcher,0,0,"",""
ball,2,6.5,Sydney Thunder,AD Hales,CJ Ferguson,LC Hatcher,0,0,"",""
ball,2,6.6,Sydney Thunder,AD Hales,CJ Ferguson,LC Hatcher,1,0,"",""
ball,2,7.1,Sydney Thunder,AD Hales,CJ Ferguson,A Zampa,1,0,"",""
ball,2,7.2,Sydney Thunder,CJ Ferguson,AD Hales,A Zampa,1,0,"",""
ball,2,7.3,Sydney Thunder,AD Hales,CJ Ferguson,A Zampa,0,0,"",""
ball,2,7.4,Sydney Thunder,AD Hales,CJ Ferguson,A Zampa,0,0,"",""
ball,2,7.5,Sydney Thunder,AD Hales,CJ Ferguson,A Zampa,1,0,"",""
ball,2,7.6,Sydney Thunder,CJ Ferguson,AD Hales,A Zampa,1,0,"",""
ball,2,8.1,Sydney Thunder,CJ Ferguson,AD Hales,Dilbar Hussain,1,0,"",""
ball,2,8.2,Sydney Thunder,AD Hales,CJ Ferguson,Dilbar Hussain,0,0,"",""
ball,2,8.3,Sydney Thunder,AD Hales,CJ Ferguson,Dilbar Hussain,0,0,"",""
ball,2,8.4,Sydney Thunder,AD Hales,CJ Ferguson,Dilbar Hussain,1,0,"",""
ball,2,8.5,Sydney Thunder,CJ Ferguson,AD Hales,Dilbar Hussain,2,0,"",""
ball,2,8.6,Sydney Thunder,CJ Ferguson,AD Hales,HWR Cartwright,1,0,"",""
ball,2,9.1,Sydney Thunder,CJ Ferguson,AD Hales,LC Hatcher,1,0,"",""
ball,2,9.2,Sydney Thunder,AD Hales,CJ Ferguson,LC Hatcher,1,0,"",""
ball,2,9.3,Sydney Thunder,CJ Ferguson,AD Hales,LC Hatcher,1,0,"",""
ball,2,9.4,Sydney Thunder,AD Hales,CJ Ferguson,LC Hatcher,0,1,"",""
ball,2,9.5,Sydney Thunder,AD Hales,CJ Ferguson,LC Hatcher,1,0,"",""
ball,2,9.6,Sydney Thunder,CJ Ferguson,AD Hales,LC Hatcher,1,0,"",""
ball,2,9.7,Sydney Thunder,AD Hales,CJ Ferguson,LC Hatcher,0,1,"",""
ball,2,9.8,Sydney Thunder,AD Hales,CJ Ferguson,LC Hatcher,1,0,"",""
ball,2,10.1,Sydney Thunder,AD Hales,CJ Ferguson,HWR Cartwright,6,0,"",""
ball,2,10.2,Sydney Thunder,AD Hales,CJ Ferguson,HWR Cartwright,1,0,"",""
ball,2,10.3,Sydney Thunder,CJ Ferguson,AD Hales,HWR Cartwright,2,0,"",""
ball,2,10.4,Sydney Thunder,CJ Ferguson,AD Hales,HWR Cartwright,1,0,"",""
ball,2,10.5,Sydney Thunder,AD Hales,CJ Ferguson,HWR Cartwright,1,0,"",""
ball,2,10.6,Sydney Thunder,CJ Ferguson,AD Hales,HWR Cartwright,1,0,"",""
ball,2,11.1,Sydney Thunder,CJ Ferguson,AD Hales,B Stanlake,1,0,"",""
ball,2,11.2,Sydney Thunder,AD Hales,CJ Ferguson,B Stanlake,1,0,"",""
ball,2,11.3,Sydney Thunder,CJ Ferguson,AD Hales,B Stanlake,0,0,"",""
ball,2,11.4,Sydney Thunder,CJ Ferguson,AD Hales,B Stanlake,0,0,"",""
ball,2,11.5,Sydney Thunder,CJ Ferguson,AD Hales,B Stanlake,4,0,"",""
ball,2,11.6,Sydney Thunder,CJ Ferguson,AD Hales,B Stanlake,4,0,"",""
ball,2,12.1,Sydney Thunder,AD Hales,CJ Ferguson,CD Hinchliffe,0,0,caught,AD Hales
ball,2,12.2,Sydney Thunder,CJ Ferguson,AI Ross,CD Hinchliffe,1,0,"",""
ball,2,12.3,Sydney Thunder,AI Ross,CJ Ferguson,CD Hinchliffe,1,0,"",""
ball,2,12.4,Sydney Thunder,CJ Ferguson,AI Ross,CD Hinchliffe,4,0,"",""
ball,2,12.5,Sydney Thunder,CJ Ferguson,AI Ross,CD Hinchliffe,1,0,"",""
ball,2,12.6,Sydney Thunder,AI Ross,CJ Ferguson,CD Hinchliffe,0,0,"",""
ball,2,13.1,Sydney Thunder,CJ Ferguson,AI Ross,HWR Cartwright,1,0,"",""
ball,2,13.2,Sydney Thunder,AI Ross,CJ Ferguson,HWR Cartwright,1,0,"",""
ball,2,13.3,Sydney Thunder,CJ Ferguson,AI Ross,HWR Cartwright,1,0,"",""
ball,2,13.4,Sydney Thunder,AI Ross,CJ Ferguson,HWR Cartwright,1,0,"",""
ball,2,13.5,Sydney Thunder,CJ Ferguson,AI Ross,HWR Cartwright,6,0,"",""
ball,2,13.6,Sydney Thunder,CJ Ferguson,AI Ross,HWR Cartwright,1,0,"",""
ball,2,14.1,Sydney Thunder,CJ Ferguson,AI Ross,LC Hatcher,1,0,"",""
ball,2,14.2,Sydney Thunder,AI Ross,CJ Ferguson,LC Hatcher,0,0,"",""
ball,2,14.3,Sydney Thunder,AI Ross,CJ Ferguson,LC Hatcher,0,1,"",""
ball,2,14.4,Sydney Thunder,AI Ross,CJ Ferguson,LC Hatcher,1,0,"",""
ball,2,14.5,Sydney Thunder,CJ Ferguson,AI Ross,LC Hatcher,4,0,"",""
ball,2,14.6,Sydney Thunder,CJ Ferguson,AI Ross,LC Hatcher,0,0,caught,CJ Ferguson
ball,2,14.7,Sydney Thunder,AI Ross,BCJ Cutting,LC Hatcher,1,0,"",""
ball,2,15.1,Sydney Thunder,AI Ross,BCJ Cutting,A Zampa,1,0,"",""
ball,2,15.2,Sydney Thunder,BCJ Cutting,AI Ross,A Zampa,0,0,"",""
ball,2,15.3,Sydney Thunder,BCJ Cutting,AI Ross,A Zampa,0,0,"",""
ball,2,15.4,Sydney Thunder,BCJ Cutting,AI Ross,A Zampa,0,0,"",""
ball,2,15.5,Sydney Thunder,BCJ Cutting,AI Ross,A Zampa,0,0,"",""
ball,2,15.6,Sydney Thunder,BCJ Cutting,AI Ross,A Zampa,1,0,"",""
ball,2,16.1,Sydney Thunder,BCJ Cutting,AI Ross,LC Hatcher,1,0,"",""
ball,2,16.2,Sydney Thunder,AI Ross,BCJ Cutting,LC Hatcher,1,0,"",""
ball,2,16.3,Sydney Thunder,BCJ Cutting,AI Ross,LC Hatcher,0,0,caught,BCJ Cutting
ball,2,16.4,Sydney Thunder,DR Sams,AI Ross,LC Hatcher,0,0,caught,DR Sams
ball,2,16.5,Sydney Thunder,CJ Green,AI Ross,LC Hatcher,1,0,"",""
ball,2,16.6,Sydney Thunder,AI Ross,CJ Green,LC Hatcher,0,1,"",""
ball,2,17.1,Sydney Thunder,AI Ross,CJ Green,B Stanlake,6,0,"",""
ball,2,17.2,Sydney Thunder,AI Ross,CJ Green,B Stanlake,0,0,"",""
ball,2,17.3,Sydney Thunder,AI Ross,CJ Green,B Stanlake,4,0,"",""
ball,2,17.4,Sydney Thunder,AI Ross,CJ Green,B Stanlake,1,0,"",""
ball,2,17.5,Sydney Thunder,CJ Green,AI Ross,B Stanlake,0,0,"",""
ball,2,17.6,Sydney Thunder,CJ Green,AI Ross,B Stanlake,1,0,"",""
ball,2,18.1,Sydney Thunder,CJ Green,AI Ross,HWR Cartwright,1,0,"",""
ball,2,18.2,Sydney Thunder,AI Ross,CJ Green,HWR Cartwright,0,0,caught,AI Ross
ball,2,18.3,Sydney Thunder,CJ Green,N McAndrew,HWR Cartwright,2,0,"",""
ball,2,18.4,Sydney Thunder,CJ Green,N McAndrew,HWR Cartwright,0,0,caught,CJ Green
ball,2,18.5,Sydney Thunder,N McAndrew,BJ Holt,HWR Cartwright,0,0,"",""
ball,2,18.6,Sydney Thunder,N McAndrew,BJ Holt,HWR Cartwright,4,1,"",""
ball,2,18.7,Sydney Thunder,N McAndrew,BJ Holt,HWR Cartwright,2,0,"",""
ball,2,19.1,Sydney Thunder,BJ Holt,N McAndrew,A Zampa,0,0,"",""
ball,2,19.2,Sydney Thunder,BJ Holt,N McAndrew,A Zampa,1,0,"",""
ball,2,19.3,Sydney Thunder,N McAndrew,BJ Holt,A Zampa,0,0,caught,N McAndrew
ball,2,19.4,Sydney Thunder,BJ Holt,JD Cook,A Zampa,0,0,caught,BJ Holt
ball,2,19.5,Sydney Thunder,JD Cook,T Sangha,A Zampa,2,0,"",""
ball,2,19.6,Sydney Thunder,JD Cook,T Sangha,A Zampa,0,0,"",""
