version,1.3.0
info,team,Perth Scorchers
info,team,Melbourne Stars
info,gender,male
info,season,2020/21
info,date,2020/12/16
info,competition,Big Bash League
info,match_number,9
info,venue,Aurora Stadium
info,city,Launceston
info,toss_winner,Melbourne Stars
info,toss_decision,field
info,umpire,MW Graham-Smith
info,umpire,SJ Nogajski
info,reserve_umpire,P Wilson
info,tv_umpire,DM Koch
info,match_referee,David Johnston
info,outcome,no result
ball,1,0.1,Perth Scorchers,JP Inglis,C Munro,B Stanlake,2,0,"",""
ball,1,0.2,Perth Scorchers,JP Inglis,C Munro,B Stanlake,0,0,"",""
ball,1,0.3,Perth Scorchers,JP Inglis,C Munro,B Stanlake,0,1,"",""
ball,1,0.4,Perth Scorchers,C Munro,JP Inglis,B Stanlake,0,0,"",""
ball,1,0.5,Perth Scorchers,C Munro,JP Inglis,B Stanlake,0,0,"",""
ball,1,0.6,Perth Scorchers,C Munro,JP Inglis,B Stanlake,4,0,"",""
ball,1,1.1,Perth Scorchers,JP Inglis,C Munro,NM Coulter-Nile,0,0,"",""
ball,1,1.2,Perth Scorchers,JP Inglis,C Munro,NM Coulter-Nile,0,0,"",""
ball,1,1.3,Perth Scorchers,JP Inglis,C Munro,NM Coulter-Nile,0,0,"",""
ball,1,1.4,Perth Scorchers,JP Inglis,C Munro,NM Coulter-Nile,1,0,"",""
ball,1,1.5,Perth Scorchers,C Munro,JP Inglis,NM Coulter-Nile,1,0,"",""
ball,1,1.6,Perth Scorchers,JP Inglis,C Munro,NM Coulter-Nile,4,0,"",""
ball,1,2.1,Perth Scorchers,C Munro,JP Inglis,B Stanlake,0,0,"",""
ball,1,2.2,Perth Scorchers,C Munro,JP Inglis,B Stanlake,1,0,"",""
ball,1,2.3,Perth Scorchers,JP Inglis,C Munro,B Stanlake,0,0,"",""
ball,1,2.4,Perth Scorchers,JP Inglis,C Munro,B Stanlake,0,0,caught,JP Inglis
ball,1,2.5,Perth Scorchers,C Munro,JM Clarke,B Stanlake,0,0,"",""
ball,1,2.6,Perth Scorchers,C Munro,JM Clarke,B Stanlake,0,1,"",""
ball,1,2.7,Perth Scorchers,C Munro,JM Clarke,B Stanlake,0,0,"",""
ball,1,3.1,Perth Scorchers,JM Clarke,C Munro,NM Coulter-Nile,1,0,"",""
ball,1,3.2,Perth Scorchers,C Munro,JM Clarke,NM Coulter-Nile,1,0,"",""
ball,1,3.3,Perth Scorchers,JM Clarke,C Munro,NM Coulter-Nile,0,0,"",""
ball,1,3.4,Perth Scorchers,JM Clarke,C Munro,NM Coulter-Nile,2,0,"",""
ball,1,3.5,Perth Scorchers,JM Clarke,C Munro,NM Coulter-Nile,4,0,"",""
ball,1,3.6,Perth Scorchers,JM Clarke,C Munro,NM Coulter-Nile,2,0,"",""
ball,1,4.1,Perth Scorchers,C Munro,JM Clarke,GJ Maxwell,1,0,"",""
ball,1,4.2,Perth Scorchers,JM Clarke,C Munro,GJ Maxwell,1,0,"",""
ball,1,4.3,Perth Scorchers,C Munro,JM Clarke,GJ Maxwell,1,0,"",""
ball,1,4.4,Perth Scorchers,JM Clarke,C Munro,GJ Maxwell,1,0,"",""
ball,1,4.5,Perth Scorchers,C Munro,JM Clarke,GJ Maxwell,1,0,"",""
ball,1,4.6,Perth Scorchers,JM Clarke,C Munro,GJ Maxwell,1,0,"",""
ball,1,5.1,Perth Scorchers,JM Clarke,C Munro,TL O'Connell,1,0,"",""
ball,1,5.2,Perth Scorchers,C Munro,JM Clarke,TL O'Connell,1,0,"",""
ball,1,5.3,Perth Scorchers,JM Clarke,C Munro,TL O'Connell,6,0,"",""
ball,1,5.4,Perth Scorchers,JM Clarke,C Munro,TL O'Connell,6,0,"",""
ball,1,5.5,Perth Scorchers,JM Clarke,C Munro,TL O'Connell,1,0,"",""
ball,1,5.6,Perth Scorchers,C Munro,JM Clarke,TL O'Connell,0,0,"",""
ball,1,6.1,Perth Scorchers,JM Clarke,C Munro,CD Hinchliffe,1,0,"",""
ball,1,6.2,Perth Scorchers,C Munro,JM Clarke,CD Hinchliffe,4,0,"",""
ball,1,6.3,Perth Scorchers,C Munro,JM Clarke,CD Hinchliffe,1,0,"",""
ball,1,6.4,Perth Scorchers,JM Clarke,C Munro,CD Hinchliffe,6,0,"",""
ball,1,6.5,Perth Scorchers,JM Clarke,C Munro,CD Hinchliffe,1,0,"",""
ball,1,6.6,Perth Scorchers,C Munro,JM Clarke,CD Hinchliffe,4,0,"",""
ball,1,7.1,Perth Scorchers,JM Clarke,C Munro,LC Hatcher,0,0,caught,JM Clarke
ball,1,7.2,Perth Scorchers,MR Marsh,C Munro,LC Hatcher,0,0,lbw,MR Marsh
ball,1,7.3,Perth Scorchers,AJ Turner,C Munro,LC Hatcher,0,1,"",""
ball,1,7.4,Perth Scorchers,AJ Turner,C Munro,LC Hatcher,0,0,"",""
ball,1,7.5,Perth Scorchers,AJ Turner,C Munro,LC Hatcher,0,1,"",""
ball,1,7.6,Perth Scorchers,AJ Turner,C Munro,LC Hatcher,1,0,"",""
ball,1,7.7,Perth Scorchers,C Munro,AJ Turner,LC Hatcher,0,0,"",""
ball,1,7.8,Perth Scorchers,C Munro,AJ Turner,LC Hatcher,4,0,"",""
ball,1,8.1,Perth Scorchers,AJ Turner,C Munro,B Stanlake,1,0,"",""
ball,1,8.2,Perth Scorchers,C Munro,AJ Turner,B Stanlake,2,0,"",""
ball,1,8.3,Perth Scorchers,C Munro,AJ Turner,B Stanlake,2,0,"",""
ball,1,8.4,Perth Scorchers,C Munro,AJ Turner,B Stanlake,6,0,"",""
ball,1,8.5,Perth Scorchers,C Munro,AJ Turner,B Stanlake,0,0,"",""
ball,1,8.6,Perth Scorchers,C Munro,AJ Turner,B Stanlake,1,0,"",""
ball,1,9.1,Perth Scorchers,C Munro,AJ Turner,LC Hatcher,4,0,"",""
ball,1,9.2,Perth Scorchers,C Munro,AJ Turner,LC Hatcher,1,0,"",""
ball,1,9.3,Perth Scorchers,AJ Turner,C Munro,LC Hatcher,0,0,"",""
ball,1,9.4,Perth Scorchers,AJ Turner,C Munro,LC Hatcher,0,2,"",""
ball,1,9.5,Perth Scorchers,AJ Turner,C Munro,LC Hatcher,0,0,"",""
ball,1,9.6,Perth Scorchers,AJ Turner,C Munro,LC Hatcher,2,0,"",""
ball,1,10.1,Perth Scorchers,C Munro,AJ Turner,GJ Maxwell,1,0,"",""
ball,1,10.2,Perth Scorchers,AJ Turner,C Munro,GJ Maxwell,2,0,"",""
ball,1,10.3,Perth Scorchers,AJ Turner,C Munro,GJ Maxwell,6,0,"",""
ball,1,10.4,Perth Scorchers,AJ Turner,C Munro,GJ Maxwell,6,0,"",""
ball,1,10.5,Perth Scorchers,AJ Turner,C Munro,GJ Maxwell,1,0,"",""
ball,1,10.6,Perth Scorchers,C Munro,AJ Turner,GJ Maxwell,0,0,"",""
ball,1,11.1,Perth Scorchers,AJ Turner,C Munro,HWR Cartwright,1,0,"",""
ball,1,11.2,Perth Scorchers,C Munro,AJ Turner,HWR Cartwright,1,0,"",""
ball,1,11.3,Perth Scorchers,AJ Turner,C Munro,HWR Cartwright,6,0,"",""
ball,1,11.4,Perth Scorchers,AJ Turner,C Munro,HWR Cartwright,1,0,"",""
ball,1,11.5,Perth Scorchers,C Munro,AJ Turner,HWR Cartwright,0,2,"",""
ball,1,11.6,Perth Scorchers,AJ Turner,C Munro,HWR Cartwright,6,0,"",""
ball,1,11.7,Perth Scorchers,AJ Turner,C Munro,HWR Cartwright,6,0,"",""
ball,1,12.1,Perth Scorchers,C Munro,AJ Turner,NJ Maddinson,2,0,"",""
ball,1,12.2,Perth Scorchers,C Munro,AJ Turner,NJ Maddinson,1,0,"",""
ball,1,12.3,Perth Scorchers,AJ Turner,C Munro,NJ Maddinson,0,0,caught,AJ Turner
ball,1,12.4,Perth Scorchers,CT Bancroft,C Munro,NJ Maddinson,1,0,"",""
ball,1,12.5,Perth Scorchers,C Munro,CT Bancroft,NJ Maddinson,1,0,"",""
ball,1,12.6,Perth Scorchers,CT Bancroft,C Munro,NJ Maddinson,0,0,"",""
ball,1,13.1,Perth Scorchers,C Munro,CT Bancroft,NM Coulter-Nile,1,0,"",""
ball,1,13.2,Perth Scorchers,CT Bancroft,C Munro,NM Coulter-Nile,1,0,"",""
ball,1,13.3,Perth Scorchers,C Munro,CT Bancroft,NM Coulter-Nile,1,0,"",""
ball,1,13.4,Perth Scorchers,CT Bancroft,C Munro,NM Coulter-Nile,2,0,"",""
ball,1,13.5,Perth Scorchers,CT Bancroft,C Munro,NM Coulter-Nile,1,0,"",""
ball,1,13.6,Perth Scorchers,C Munro,CT Bancroft,NM Coulter-Nile,1,0,"",""
ball,1,14.1,Perth Scorchers,C Munro,CT Bancroft,NJ Maddinson,0,0,caught,C Munro
ball,1,14.2,Perth Scorchers,CT Bancroft,AM Hardie,NJ Maddinson,1,0,"",""
ball,1,14.3,Perth Scorchers,AM Hardie,CT Bancroft,NJ Maddinson,0,0,"",""
ball,1,14.4,Perth Scorchers,AM Hardie,CT Bancroft,NJ Maddinson,0,0,"",""
ball,1,14.5,Perth Scorchers,AM Hardie,CT Bancroft,NJ Maddinson,1,0,"",""
ball,1,14.6,Perth Scorchers,CT Bancroft,AM Hardie,NJ Maddinson,1,0,"",""
ball,1,15.1,Perth Scorchers,CT Bancroft,AM Hardie,LC Hatcher,1,0,"",""
ball,1,15.2,Perth Scorchers,AM Hardie,CT Bancroft,LC Hatcher,1,0,"",""
ball,1,15.3,Perth Scorchers,CT Bancroft,AM Hardie,LC Hatcher,1,0,"",""
ball,1,15.4,Perth Scorchers,AM Hardie,CT Bancroft,LC Hatcher,0,0,"",""
ball,1,15.5,Perth Scorchers,AM Hardie,CT Bancroft,LC Hatcher,0,1,"",""
ball,1,15.6,Perth Scorchers,CT Bancroft,AM Hardie,LC Hatcher,0,0,"",""
ball,1,16.1,Perth Scorchers,AM Hardie,CT Bancroft,B Stanlake,0,1,"",""
ball,1,16.2,Perth Scorchers,CT Bancroft,AM Hardie,B Stanlake,3,0,"",""
ball,1,16.3,Perth Scorchers,AM Hardie,CT Bancroft,B Stanlake,0,0,caught,AM Hardie
ball,1,16.4,Perth Scorchers,CT Bancroft,JA Richardson,B Stanlake,3,0,"",""
ball,1,16.5,Perth Scorchers,JA Richardson,CT Bancroft,B Stanlake,0,1,"",""
ball,1,16.6,Perth Scorchers,JA Richardson,CT Bancroft,B Stanlake,0,0,"",""
ball,1,16.7,Perth Scorchers,JA Richardson,CT Bancroft,B Stanlake,1,0,"",""
ball,2,0.1,Melbourne Stars,ADS Fletcher,MP Stoinis,JS Paris,1,0,"",""
ball,2,0.2,Melbourne Stars,MP Stoinis,ADS Fletcher,JS Paris,3,0,"",""
ball,2,0.3,Melbourne Stars,ADS Fletcher,MP Stoinis,JS Paris,1,0,"",""
ball,2,0.4,Melbourne Stars,MP Stoinis,ADS Fletcher,JS Paris,1,0,"",""
ball,2,0.5,Melbourne Stars,ADS Fletcher,MP Stoinis,JS Paris,0,0,"",""
ball,2,0.6,Melbourne Stars,ADS Fletcher,MP Stoinis,JS Paris,4,0,"",""
ball,2,1.1,Melbourne Stars,MP Stoinis,ADS Fletcher,JA Richardson,0,0,lbw,MP Stoinis
