version,1.3.0
info,team,Perth Scorchers
info,team,Brisbane Heat
info,gender,male
info,season,2011/12
info,date,2011/12/29
info,competition,Big Bash League
info,venue,Western Australia Cricket Association Ground
info,city,Perth
info,toss_winner,Perth Scorchers
info,toss_decision,bat
info,player_of_match,MJ North
info,umpire,MD Martell
info,umpire,P Wilson
info,tv_umpire,NR Johnstone
info,match_referee,RJ Evans (2)
info,winner,Perth Scorchers
info,winner_runs,10
ball,1,0.1,Perth Scorchers,HH Gibbs,MJ North,RJ Harris,0,0,"",""
ball,1,0.2,Perth Scorchers,HH Gibbs,MJ North,RJ Harris,4,0,"",""
ball,1,0.3,Perth Scorchers,HH Gibbs,MJ North,RJ Harris,0,0,"",""
ball,1,0.4,Perth Scorchers,HH Gibbs,MJ North,RJ Harris,6,0,"",""
ball,1,0.5,Perth Scorchers,HH Gibbs,MJ North,RJ Harris,0,0,"",""
ball,1,0.6,Perth Scorchers,HH Gibbs,MJ North,RJ Harris,0,0,"",""
ball,1,1.1,Perth Scorchers,MJ North,HH Gibbs,NM Hauritz,1,0,"",""
ball,1,1.2,Perth Scorchers,HH Gibbs,MJ North,NM Hauritz,2,0,"",""
ball,1,1.3,Perth Scorchers,HH Gibbs,MJ North,NM Hauritz,4,0,"",""
ball,1,1.4,Perth Scorchers,HH Gibbs,MJ North,NM Hauritz,0,0,"",""
ball,1,1.5,Perth Scorchers,HH Gibbs,MJ North,NM Hauritz,0,1,"",""
ball,1,1.6,Perth Scorchers,MJ North,HH Gibbs,NM Hauritz,1,0,"",""
ball,1,2.1,Perth Scorchers,MJ North,HH Gibbs,RJ Harris,0,0,"",""
ball,1,2.2,Perth Scorchers,MJ North,HH Gibbs,RJ Harris,0,0,"",""
ball,1,2.3,Perth Scorchers,MJ North,HH Gibbs,RJ Harris,4,0,"",""
ball,1,2.4,Perth Scorchers,MJ North,HH Gibbs,RJ Harris,0,0,"",""
ball,1,2.5,Perth Scorchers,MJ North,HH Gibbs,RJ Harris,4,0,"",""
ball,1,2.6,Perth Scorchers,MJ North,HH Gibbs,RJ Harris,0,0,"",""
ball,1,3.1,Perth Scorchers,HH Gibbs,MJ North,DT Christian,4,0,"",""
ball,1,3.2,Perth Scorchers,HH Gibbs,MJ North,DT Christian,4,0,"",""
ball,1,3.3,Perth Scorchers,HH Gibbs,MJ North,DT Christian,2,0,"",""
ball,1,3.4,Perth Scorchers,HH Gibbs,MJ North,DT Christian,1,0,"",""
ball,1,3.5,Perth Scorchers,MJ North,HH Gibbs,DT Christian,0,2,"",""
ball,1,3.6,Perth Scorchers,MJ North,HH Gibbs,DT Christian,1,0,"",""
ball,1,4.1,Perth Scorchers,MJ North,HH Gibbs,MG Neser,2,0,"",""
ball,1,4.2,Perth Scorchers,MJ North,HH Gibbs,MG Neser,0,0,"",""
ball,1,4.3,Perth Scorchers,MJ North,HH Gibbs,MG Neser,0,0,"",""
ball,1,4.4,Perth Scorchers,MJ North,HH Gibbs,MG Neser,4,0,"",""
ball,1,4.5,Perth Scorchers,MJ North,HH Gibbs,MG Neser,0,0,"",""
ball,1,4.6,Perth Scorchers,MJ North,HH Gibbs,MG Neser,6,0,"",""
ball,1,5.1,Perth Scorchers,HH Gibbs,MJ North,AC McDermott,0,0,"",""
ball,1,5.2,Perth Scorchers,HH Gibbs,MJ North,AC McDermott,0,0,"",""
ball,1,5.3,Perth Scorchers,HH Gibbs,MJ North,AC McDermott,6,0,"",""
ball,1,5.4,Perth Scorchers,HH Gibbs,MJ North,AC McDermott,0,0,"",""
ball,1,5.5,Perth Scorchers,HH Gibbs,MJ North,AC McDermott,3,0,"",""
ball,1,5.6,Perth Scorchers,MJ North,HH Gibbs,AC McDermott,6,0,"",""
ball,1,6.1,Perth Scorchers,HH Gibbs,MJ North,MG Neser,1,0,"",""
ball,1,6.2,Perth Scorchers,MJ North,HH Gibbs,MG Neser,0,1,"",""
ball,1,6.3,Perth Scorchers,MJ North,HH Gibbs,MG Neser,0,0,"",""
ball,1,6.4,Perth Scorchers,MJ North,HH Gibbs,MG Neser,1,0,"",""
ball,1,6.5,Perth Scorchers,HH Gibbs,MJ North,MG Neser,1,0,"",""
ball,1,6.6,Perth Scorchers,MJ North,HH Gibbs,MG Neser,4,0,"",""
ball,1,6.7,Perth Scorchers,MJ North,HH Gibbs,MG Neser,0,1,"",""
ball,1,7.1,Perth Scorchers,MJ North,HH Gibbs,DT Christian,0,0,"",""
ball,1,7.2,Perth Scorchers,MJ North,HH Gibbs,DT Christian,0,0,"",""
ball,1,7.3,Perth Scorchers,MJ North,HH Gibbs,DT Christian,2,0,"",""
ball,1,7.4,Perth Scorchers,MJ North,HH Gibbs,DT Christian,1,0,"",""
ball,1,7.5,Perth Scorchers,HH Gibbs,MJ North,DT Christian,0,0,bowled,HH Gibbs
ball,1,7.6,Perth Scorchers,MR Marsh,MJ North,DT Christian,4,0,"",""
ball,1,8.1,Perth Scorchers,MJ North,MR Marsh,RE van der Merwe,0,0,"",""
ball,1,8.2,Perth Scorchers,MJ North,MR Marsh,RE van der Merwe,2,0,"",""
ball,1,8.3,Perth Scorchers,MJ North,MR Marsh,RE van der Merwe,1,0,"",""
ball,1,8.4,Perth Scorchers,MR Marsh,MJ North,RE van der Merwe,1,0,"",""
ball,1,8.5,Perth Scorchers,MJ North,MR Marsh,RE van der Merwe,0,0,bowled,MJ North
ball,1,8.6,Perth Scorchers,SM Katich,MR Marsh,RE van der Merwe,1,0,"",""
ball,1,9.1,Perth Scorchers,SM Katich,MR Marsh,DT Christian,0,0,"",""
ball,1,9.2,Perth Scorchers,SM Katich,MR Marsh,DT Christian,0,0,"",""
ball,1,9.3,Perth Scorchers,SM Katich,MR Marsh,DT Christian,1,0,"",""
ball,1,9.4,Perth Scorchers,MR Marsh,SM Katich,DT Christian,0,0,"",""
ball,1,9.5,Perth Scorchers,MR Marsh,SM Katich,DT Christian,1,0,"",""
ball,1,9.6,Perth Scorchers,SM Katich,MR Marsh,DT Christian,0,0,"",""
ball,1,10.1,Perth Scorchers,MR Marsh,SM Katich,RE van der Merwe,1,0,"",""
ball,1,10.2,Perth Scorchers,SM Katich,MR Marsh,RE van der Merwe,2,0,"",""
ball,1,10.3,Perth Scorchers,SM Katich,MR Marsh,RE van der Merwe,0,0,"",""
ball,1,10.4,Perth Scorchers,SM Katich,MR Marsh,RE van der Merwe,1,0,"",""
ball,1,10.5,Perth Scorchers,MR Marsh,SM Katich,RE van der Merwe,4,0,"",""
ball,1,10.6,Perth Scorchers,MR Marsh,SM Katich,RE van der Merwe,1,0,"",""
ball,1,11.1,Perth Scorchers,MR Marsh,SM Katich,AC McDermott,0,0,"",""
ball,1,11.2,Perth Scorchers,MR Marsh,SM Katich,AC McDermott,2,0,"",""
ball,1,11.3,Perth Scorchers,MR Marsh,SM Katich,AC McDermott,0,1,"",""
ball,1,11.4,Perth Scorchers,MR Marsh,SM Katich,AC McDermott,0,0,"",""
ball,1,11.5,Perth Scorchers,MR Marsh,SM Katich,AC McDermott,1,0,"",""
ball,1,11.6,Perth Scorchers,SM Katich,MR Marsh,AC McDermott,0,0,"",""
ball,1,11.7,Perth Scorchers,SM Katich,MR Marsh,AC McDermott,2,0,"",""
ball,1,12.1,Perth Scorchers,MR Marsh,SM Katich,RE van der Merwe,6,0,"",""
ball,1,12.2,Perth Scorchers,MR Marsh,SM Katich,RE van der Merwe,1,0,"",""
ball,1,12.3,Perth Scorchers,SM Katich,MR Marsh,RE van der Merwe,1,0,"",""
ball,1,12.4,Perth Scorchers,MR Marsh,SM Katich,RE van der Merwe,6,0,"",""
ball,1,12.5,Perth Scorchers,MR Marsh,SM Katich,RE van der Merwe,1,0,"",""
ball,1,12.6,Perth Scorchers,SM Katich,MR Marsh,RE van der Merwe,1,0,"",""
ball,1,13.1,Perth Scorchers,SM Katich,MR Marsh,NM Hauritz,0,0,bowled,SM Katich
ball,1,13.2,Perth Scorchers,L Ronchi,MR Marsh,NM Hauritz,1,0,"",""
ball,1,13.3,Perth Scorchers,MR Marsh,L Ronchi,NM Hauritz,0,0,"",""
ball,1,13.4,Perth Scorchers,MR Marsh,L Ronchi,NM Hauritz,1,0,"",""
ball,1,13.5,Perth Scorchers,L Ronchi,MR Marsh,NM Hauritz,1,0,"",""
ball,1,13.6,Perth Scorchers,MR Marsh,L Ronchi,NM Hauritz,1,0,"",""
ball,1,14.1,Perth Scorchers,MR Marsh,L Ronchi,MG Neser,0,0,"",""
ball,1,14.2,Perth Scorchers,MR Marsh,L Ronchi,MG Neser,2,0,"",""
ball,1,14.3,Perth Scorchers,MR Marsh,L Ronchi,MG Neser,0,0,caught,MR Marsh
ball,1,14.4,Perth Scorchers,L Ronchi,PD Collingwood,MG Neser,0,0,caught,L Ronchi
ball,1,14.5,Perth Scorchers,NJ Rimmington,PD Collingwood,MG Neser,0,0,"",""
ball,1,14.6,Perth Scorchers,NJ Rimmington,PD Collingwood,MG Neser,1,0,"",""
ball,1,15.1,Perth Scorchers,NJ Rimmington,PD Collingwood,NM Hauritz,1,0,"",""
ball,1,15.2,Perth Scorchers,PD Collingwood,NJ Rimmington,NM Hauritz,0,0,"",""
ball,1,15.3,Perth Scorchers,PD Collingwood,NJ Rimmington,NM Hauritz,1,0,"",""
ball,1,15.4,Perth Scorchers,NJ Rimmington,PD Collingwood,NM Hauritz,1,0,"",""
ball,1,15.5,Perth Scorchers,PD Collingwood,NJ Rimmington,NM Hauritz,1,0,"",""
ball,1,15.6,Perth Scorchers,NJ Rimmington,PD Collingwood,NM Hauritz,0,0,"",""
ball,1,16.1,Perth Scorchers,PD Collingwood,NJ Rimmington,RJ Harris,4,0,"",""
ball,1,16.2,Perth Scorchers,PD Collingwood,NJ Rimmington,RJ Harris,4,0,"",""
ball,1,16.3,Perth Scorchers,PD Collingwood,NJ Rimmington,RJ Harris,0,0,"",""
ball,1,16.4,Perth Scorchers,PD Collingwood,NJ Rimmington,RJ Harris,1,0,"",""
ball,1,16.5,Perth Scorchers,NJ Rimmington,PD Collingwood,RJ Harris,1,0,"",""
ball,1,16.6,Perth Scorchers,PD Collingwood,NJ Rimmington,RJ Harris,1,0,"",""
ball,1,17.1,Perth Scorchers,PD Collingwood,NJ Rimmington,DT Christian,2,0,"",""
ball,1,17.2,Perth Scorchers,PD Collingwood,NJ Rimmington,DT Christian,0,0,lbw,PD Collingwood
ball,1,17.3,Perth Scorchers,NM Coulter-Nile,NJ Rimmington,DT Christian,1,0,"",""
ball,1,17.4,Perth Scorchers,NJ Rimmington,NM Coulter-Nile,DT Christian,1,0,"",""
ball,1,17.5,Perth Scorchers,NM Coulter-Nile,NJ Rimmington,DT Christian,1,0,"",""
ball,1,17.6,Perth Scorchers,NJ Rimmington,NM Coulter-Nile,DT Christian,1,0,"",""
ball,1,18.1,Perth Scorchers,NJ Rimmington,NM Coulter-Nile,RJ Harris,1,0,"",""
ball,1,18.2,Perth Scorchers,NM Coulter-Nile,NJ Rimmington,RJ Harris,4,0,"",""
ball,1,18.3,Perth Scorchers,NM Coulter-Nile,NJ Rimmington,RJ Harris,0,0,"",""
ball,1,18.4,Perth Scorchers,NM Coulter-Nile,NJ Rimmington,RJ Harris,0,1,"",""
ball,1,18.5,Perth Scorchers,NJ Rimmington,NM Coulter-Nile,RJ Harris,0,0,bowled,NJ Rimmington
ball,1,18.6,Perth Scorchers,GB Hogg,NM Coulter-Nile,RJ Harris,1,0,"",""
ball,1,19.1,Perth Scorchers,GB Hogg,NM Coulter-Nile,AC McDermott,1,0,"",""
ball,1,19.2,Perth Scorchers,NM Coulter-Nile,GB Hogg,AC McDermott,0,0,run out,GB Hogg
ball,1,19.3,Perth Scorchers,MA Beer,NM Coulter-Nile,AC McDermott,1,0,"",""
ball,1,19.4,Perth Scorchers,NM Coulter-Nile,MA Beer,AC McDermott,1,0,"",""
ball,1,19.5,Perth Scorchers,MA Beer,NM Coulter-Nile,AC McDermott,1,0,"",""
ball,1,19.6,Perth Scorchers,NM Coulter-Nile,MA Beer,AC McDermott,0,1,"",""
ball,2,0.1,Brisbane Heat,CA Lynn,ML Hayden,MA Beer,0,0,"",""
ball,2,0.2,Brisbane Heat,CA Lynn,ML Hayden,MA Beer,0,0,"",""
ball,2,0.3,Brisbane Heat,CA Lynn,ML Hayden,MA Beer,0,0,"",""
ball,2,0.4,Brisbane Heat,CA Lynn,ML Hayden,MA Beer,4,0,"",""
ball,2,0.5,Brisbane Heat,CA Lynn,ML Hayden,MA Beer,0,0,"",""
ball,2,0.6,Brisbane Heat,CA Lynn,ML Hayden,MA Beer,0,0,"",""
ball,2,1.1,Brisbane Heat,ML Hayden,CA Lynn,NJ Rimmington,0,1,"",""
ball,2,1.2,Brisbane Heat,ML Hayden,CA Lynn,NJ Rimmington,2,0,"",""
ball,2,1.3,Brisbane Heat,ML Hayden,CA Lynn,NJ Rimmington,0,0,"",""
ball,2,1.4,Brisbane Heat,ML Hayden,CA Lynn,NJ Rimmington,0,0,"",""
ball,2,1.5,Brisbane Heat,ML Hayden,CA Lynn,NJ Rimmington,4,0,"",""
ball,2,1.6,Brisbane Heat,ML Hayden,CA Lynn,NJ Rimmington,1,0,"",""
ball,2,1.7,Brisbane Heat,CA Lynn,ML Hayden,NJ Rimmington,0,0,caught,CA Lynn
ball,2,2.1,Brisbane Heat,ML Hayden,PJ Forrest,NM Coulter-Nile,0,1,"",""
ball,2,2.2,Brisbane Heat,PJ Forrest,ML Hayden,NM Coulter-Nile,1,0,"",""
ball,2,2.3,Brisbane Heat,ML Hayden,PJ Forrest,NM Coulter-Nile,4,0,"",""
ball,2,2.4,Brisbane Heat,ML Hayden,PJ Forrest,NM Coulter-Nile,0,0,"",""
ball,2,2.5,Brisbane Heat,ML Hayden,PJ Forrest,NM Coulter-Nile,0,0,"",""
ball,2,2.6,Brisbane Heat,ML Hayden,PJ Forrest,NM Coulter-Nile,1,0,"",""
ball,2,3.1,Brisbane Heat,ML Hayden,PJ Forrest,BM Edmondson,0,0,"",""
ball,2,3.2,Brisbane Heat,ML Hayden,PJ Forrest,BM Edmondson,4,0,"",""
ball,2,3.3,Brisbane Heat,ML Hayden,PJ Forrest,BM Edmondson,1,0,"",""
ball,2,3.4,Brisbane Heat,PJ Forrest,ML Hayden,BM Edmondson,1,0,"",""
ball,2,3.5,Brisbane Heat,ML Hayden,PJ Forrest,BM Edmondson,1,0,"",""
ball,2,3.6,Brisbane Heat,PJ Forrest,ML Hayden,BM Edmondson,0,0,"",""
ball,2,4.1,Brisbane Heat,ML Hayden,PJ Forrest,NM Coulter-Nile,0,0,"",""
ball,2,4.2,Brisbane Heat,ML Hayden,PJ Forrest,NM Coulter-Nile,1,0,"",""
ball,2,4.3,Brisbane Heat,PJ Forrest,ML Hayden,NM Coulter-Nile,4,0,"",""
ball,2,4.4,Brisbane Heat,PJ Forrest,ML Hayden,NM Coulter-Nile,4,0,"",""
ball,2,4.5,Brisbane Heat,PJ Forrest,ML Hayden,NM Coulter-Nile,0,0,"",""
ball,2,4.6,Brisbane Heat,PJ Forrest,ML Hayden,NM Coulter-Nile,1,0,"",""
ball,2,5.1,Brisbane Heat,PJ Forrest,ML Hayden,BM Edmondson,0,0,"",""
ball,2,5.2,Brisbane Heat,PJ Forrest,ML Hayden,BM Edmondson,1,0,"",""
ball,2,5.3,Brisbane Heat,ML Hayden,PJ Forrest,BM Edmondson,3,0,"",""
ball,2,5.4,Brisbane Heat,PJ Forrest,ML Hayden,BM Edmondson,0,0,"",""
ball,2,5.5,Brisbane Heat,PJ Forrest,ML Hayden,BM Edmondson,1,0,"",""
ball,2,5.6,Brisbane Heat,ML Hayden,PJ Forrest,BM Edmondson,4,0,"",""
ball,2,6.1,Brisbane Heat,PJ Forrest,ML Hayden,MR Marsh,1,0,"",""
ball,2,6.2,Brisbane Heat,ML Hayden,PJ Forrest,MR Marsh,0,0,"",""
ball,2,6.3,Brisbane Heat,ML Hayden,PJ Forrest,MR Marsh,4,0,"",""
ball,2,6.4,Brisbane Heat,ML Hayden,PJ Forrest,MR Marsh,1,0,"",""
ball,2,6.5,Brisbane Heat,PJ Forrest,ML Hayden,MR Marsh,1,0,"",""
ball,2,6.6,Brisbane Heat,ML Hayden,PJ Forrest,MR Marsh,0,0,"",""
ball,2,7.1,Brisbane Heat,PJ Forrest,ML Hayden,GB Hogg,1,0,"",""
ball,2,7.2,Brisbane Heat,ML Hayden,PJ Forrest,GB Hogg,0,0,"",""
ball,2,7.3,Brisbane Heat,ML Hayden,PJ Forrest,GB Hogg,0,0,"",""
ball,2,7.4,Brisbane Heat,ML Hayden,PJ Forrest,GB Hogg,2,0,"",""
ball,2,7.5,Brisbane Heat,ML Hayden,PJ Forrest,GB Hogg,0,0,stumped,ML Hayden
ball,2,7.6,Brisbane Heat,AW Robinson,PJ Forrest,GB Hogg,2,0,"",""
ball,2,8.1,Brisbane Heat,PJ Forrest,AW Robinson,NM Coulter-Nile,1,0,"",""
ball,2,8.2,Brisbane Heat,AW Robinson,PJ Forrest,NM Coulter-Nile,0,0,"",""
ball,2,8.3,Brisbane Heat,AW Robinson,PJ Forrest,NM Coulter-Nile,0,0,"",""
ball,2,8.4,Brisbane Heat,AW Robinson,PJ Forrest,NM Coulter-Nile,1,0,"",""
ball,2,8.5,Brisbane Heat,PJ Forrest,AW Robinson,NM Coulter-Nile,1,0,"",""
ball,2,8.6,Brisbane Heat,AW Robinson,PJ Forrest,NM Coulter-Nile,0,0,"",""
ball,2,9.1,Brisbane Heat,PJ Forrest,AW Robinson,GB Hogg,0,0,"",""
ball,2,9.2,Brisbane Heat,PJ Forrest,AW Robinson,GB Hogg,1,0,"",""
ball,2,9.3,Brisbane Heat,AW Robinson,PJ Forrest,GB Hogg,0,0,"",""
ball,2,9.4,Brisbane Heat,AW Robinson,PJ Forrest,GB Hogg,0,0,"",""
ball,2,9.5,Brisbane Heat,AW Robinson,PJ Forrest,GB Hogg,2,0,"",""
ball,2,9.6,Brisbane Heat,AW Robinson,PJ Forrest,GB Hogg,1,0,"",""
ball,2,10.1,Brisbane Heat,AW Robinson,PJ Forrest,NM Coulter-Nile,1,0,"",""
ball,2,10.2,Brisbane Heat,PJ Forrest,AW Robinson,NM Coulter-Nile,0,0,"",""
ball,2,10.3,Brisbane Heat,PJ Forrest,AW Robinson,NM Coulter-Nile,0,0,"",""
ball,2,10.4,Brisbane Heat,PJ Forrest,AW Robinson,NM Coulter-Nile,0,1,"",""
ball,2,10.5,Brisbane Heat,PJ Forrest,AW Robinson,NM Coulter-Nile,6,0,"",""
ball,2,10.6,Brisbane Heat,PJ Forrest,AW Robinson,NM Coulter-Nile,1,0,"",""
ball,2,10.7,Brisbane Heat,AW Robinson,PJ Forrest,NM Coulter-Nile,0,0,"",""
ball,2,11.1,Brisbane Heat,PJ Forrest,AW Robinson,GB Hogg,0,0,"",""
ball,2,11.2,Brisbane Heat,PJ Forrest,AW Robinson,GB Hogg,0,0,"",""
ball,2,11.3,Brisbane Heat,PJ Forrest,AW Robinson,GB Hogg,2,0,"",""
ball,2,11.4,Brisbane Heat,PJ Forrest,AW Robinson,GB Hogg,1,0,"",""
ball,2,11.5,Brisbane Heat,AW Robinson,PJ Forrest,GB Hogg,1,0,"",""
ball,2,11.6,Brisbane Heat,PJ Forrest,AW Robinson,GB Hogg,0,0,"",""
ball,2,12.1,Brisbane Heat,AW Robinson,PJ Forrest,MA Beer,1,0,"",""
ball,2,12.2,Brisbane Heat,PJ Forrest,AW Robinson,MA Beer,1,0,"",""
ball,2,12.3,Brisbane Heat,AW Robinson,PJ Forrest,MA Beer,1,0,"",""
ball,2,12.4,Brisbane Heat,PJ Forrest,AW Robinson,MA Beer,1,0,"",""
ball,2,12.5,Brisbane Heat,AW Robinson,PJ Forrest,MA Beer,0,0,"",""
ball,2,12.6,Brisbane Heat,AW Robinson,PJ Forrest,MA Beer,1,0,"",""
ball,2,13.1,Brisbane Heat,AW Robinson,PJ Forrest,GB Hogg,1,0,"",""
ball,2,13.2,Brisbane Heat,PJ Forrest,AW Robinson,GB Hogg,0,0,"",""
ball,2,13.3,Brisbane Heat,PJ Forrest,AW Robinson,GB Hogg,6,0,"",""
ball,2,13.4,Brisbane Heat,PJ Forrest,AW Robinson,GB Hogg,1,0,"",""
ball,2,13.5,Brisbane Heat,AW Robinson,PJ Forrest,GB Hogg,1,0,"",""
ball,2,13.6,Brisbane Heat,PJ Forrest,AW Robinson,GB Hogg,4,0,"",""
ball,2,14.1,Brisbane Heat,AW Robinson,PJ Forrest,MA Beer,1,0,"",""
ball,2,14.2,Brisbane Heat,PJ Forrest,AW Robinson,MA Beer,0,0,"",""
ball,2,14.3,Brisbane Heat,PJ Forrest,AW Robinson,MA Beer,6,0,"",""
ball,2,14.4,Brisbane Heat,PJ Forrest,AW Robinson,MA Beer,1,0,"",""
ball,2,14.5,Brisbane Heat,AW Robinson,PJ Forrest,MA Beer,1,0,"",""
ball,2,14.6,Brisbane Heat,PJ Forrest,AW Robinson,MA Beer,1,0,"",""
ball,2,15.1,Brisbane Heat,PJ Forrest,AW Robinson,NJ Rimmington,2,0,"",""
ball,2,15.2,Brisbane Heat,PJ Forrest,AW Robinson,NJ Rimmington,1,0,"",""
ball,2,15.3,Brisbane Heat,AW Robinson,PJ Forrest,NJ Rimmington,0,1,"",""
ball,2,15.4,Brisbane Heat,AW Robinson,PJ Forrest,NJ Rimmington,0,1,"",""
ball,2,15.5,Brisbane Heat,AW Robinson,PJ Forrest,NJ Rimmington,4,0,"",""
ball,2,15.6,Brisbane Heat,AW Robinson,PJ Forrest,NJ Rimmington,0,0,"",""
ball,2,15.7,Brisbane Heat,AW Robinson,PJ Forrest,NJ Rimmington,0,0,caught,AW Robinson
ball,2,15.8,Brisbane Heat,DT Christian,PJ Forrest,NJ Rimmington,1,0,"",""
ball,2,16.1,Brisbane Heat,DT Christian,PJ Forrest,BM Edmondson,1,0,"",""
ball,2,16.2,Brisbane Heat,PJ Forrest,DT Christian,BM Edmondson,0,0,"",""
ball,2,16.3,Brisbane Heat,PJ Forrest,DT Christian,BM Edmondson,6,0,"",""
ball,2,16.4,Brisbane Heat,PJ Forrest,DT Christian,BM Edmondson,0,0,bowled,PJ Forrest
ball,2,16.5,Brisbane Heat,RE van der Merwe,DT Christian,BM Edmondson,0,0,"",""
ball,2,16.6,Brisbane Heat,RE van der Merwe,DT Christian,BM Edmondson,4,0,"",""
ball,2,17.1,Brisbane Heat,DT Christian,RE van der Merwe,NJ Rimmington,1,0,"",""
ball,2,17.2,Brisbane Heat,RE van der Merwe,DT Christian,NJ Rimmington,1,0,"",""
ball,2,17.3,Brisbane Heat,DT Christian,RE van der Merwe,NJ Rimmington,4,0,"",""
ball,2,17.4,Brisbane Heat,DT Christian,RE van der Merwe,NJ Rimmington,0,0,"",""
ball,2,17.5,Brisbane Heat,DT Christian,RE van der Merwe,NJ Rimmington,2,0,"",""
ball,2,17.6,Brisbane Heat,DT Christian,RE van der Merwe,NJ Rimmington,0,0,"",""
ball,2,18.1,Brisbane Heat,RE van der Merwe,DT Christian,BM Edmondson,1,0,run out,RE van der Merwe
ball,2,18.2,Brisbane Heat,MG Neser,DT Christian,BM Edmondson,3,0,"",""
ball,2,18.3,Brisbane Heat,DT Christian,MG Neser,BM Edmondson,0,0,bowled,DT Christian
ball,2,18.4,Brisbane Heat,CD Hartley,MG Neser,BM Edmondson,1,0,"",""
ball,2,18.5,Brisbane Heat,MG Neser,CD Hartley,BM Edmondson,1,0,"",""
ball,2,18.6,Brisbane Heat,CD Hartley,MG Neser,BM Edmondson,0,1,"",""
ball,2,19.1,Brisbane Heat,CD Hartley,MG Neser,NJ Rimmington,1,0,"",""
ball,2,19.2,Brisbane Heat,MG Neser,CD Hartley,NJ Rimmington,1,0,"",""
ball,2,19.3,Brisbane Heat,CD Hartley,MG Neser,NJ Rimmington,2,0,"",""
ball,2,19.4,Brisbane Heat,CD Hartley,MG Neser,NJ Rimmington,0,1,"",""
ball,2,19.5,Brisbane Heat,MG Neser,CD Hartley,NJ Rimmington,0,0,"",""
ball,2,19.6,Brisbane Heat,MG Neser,CD Hartley,NJ Rimmington,6,0,"",""
