version,1.3.0
info,team,Sydney Sixers
info,team,Perth Scorchers
info,gender,male
info,season,2012/13
info,date,2012/12/16
info,competition,Big Bash League
info,venue,Sydney Cricket Ground
info,city,
info,toss_winner,Perth Scorchers
info,toss_decision,field
info,player_of_match,MA Beer
info,umpire,GA Abood
info,umpire,AP Ward
info,tv_umpire,AJ Barrow
info,match_referee,RJ Evans (2)
info,winner,Perth Scorchers
info,winner_wickets,7
ball,1,0.1,Sydney Sixers,MC Henriques,DLR Smith,AC Thomas,0,0,"",""
ball,1,0.2,Sydney Sixers,MC Henriques,DLR Smith,AC Thomas,0,0,"",""
ball,1,0.3,Sydney Sixers,MC Henriques,DLR Smith,AC Thomas,0,0,"",""
ball,1,0.4,Sydney Sixers,MC Henriques,DLR Smith,AC Thomas,1,0,"",""
ball,1,0.5,Sydney Sixers,DLR Smith,MC Henriques,AC Thomas,1,0,"",""
ball,1,0.6,Sydney Sixers,MC Henriques,DLR Smith,AC Thomas,2,0,"",""
ball,1,1.1,Sydney Sixers,DLR Smith,MC Henriques,MA Beer,0,0,"",""
ball,1,1.2,Sydney Sixers,DLR Smith,MC Henriques,MA Beer,0,0,"",""
ball,1,1.3,Sydney Sixers,DLR Smith,MC Henriques,MA Beer,0,0,"",""
ball,1,1.4,Sydney Sixers,DLR Smith,MC Henriques,MA Beer,0,0,caught,DLR Smith
ball,1,1.5,Sydney Sixers,BJ Haddin,MC Henriques,MA Beer,4,0,"",""
ball,1,1.6,Sydney Sixers,BJ Haddin,MC Henriques,MA Beer,1,0,"",""
ball,1,2.1,Sydney Sixers,BJ Haddin,MC Henriques,AC Thomas,0,0,"",""
ball,1,2.2,Sydney Sixers,BJ Haddin,MC Henriques,AC Thomas,2,0,"",""
ball,1,2.3,Sydney Sixers,BJ Haddin,MC Henriques,AC Thomas,1,0,"",""
ball,1,2.4,Sydney Sixers,MC Henriques,BJ Haddin,AC Thomas,0,0,"",""
ball,1,2.5,Sydney Sixers,MC Henriques,BJ Haddin,AC Thomas,0,0,"",""
ball,1,2.6,Sydney Sixers,MC Henriques,BJ Haddin,AC Thomas,0,0,caught,MC Henriques
ball,1,3.1,Sydney Sixers,BJ Haddin,SPD Smith,MA Beer,2,0,"",""
ball,1,3.2,Sydney Sixers,BJ Haddin,SPD Smith,MA Beer,0,0,"",""
ball,1,3.3,Sydney Sixers,BJ Haddin,SPD Smith,MA Beer,0,0,caught,BJ Haddin
ball,1,3.4,Sydney Sixers,BMAJ Mendis,SPD Smith,MA Beer,0,0,"",""
ball,1,3.5,Sydney Sixers,BMAJ Mendis,SPD Smith,MA Beer,0,0,"",""
ball,1,3.6,Sydney Sixers,BMAJ Mendis,SPD Smith,MA Beer,0,0,"",""
ball,1,4.1,Sydney Sixers,SPD Smith,BMAJ Mendis,NM Coulter-Nile,0,0,"",""
ball,1,4.2,Sydney Sixers,SPD Smith,BMAJ Mendis,NM Coulter-Nile,0,0,caught,SPD Smith
ball,1,4.3,Sydney Sixers,DJ Thornely,BMAJ Mendis,NM Coulter-Nile,0,0,"",""
ball,1,4.4,Sydney Sixers,DJ Thornely,BMAJ Mendis,NM Coulter-Nile,1,0,"",""
ball,1,4.5,Sydney Sixers,BMAJ Mendis,DJ Thornely,NM Coulter-Nile,0,0,"",""
ball,1,4.6,Sydney Sixers,BMAJ Mendis,DJ Thornely,NM Coulter-Nile,0,0,"",""
ball,1,5.1,Sydney Sixers,DJ Thornely,BMAJ Mendis,MA Beer,1,0,"",""
ball,1,5.2,Sydney Sixers,BMAJ Mendis,DJ Thornely,MA Beer,2,0,"",""
ball,1,5.3,Sydney Sixers,BMAJ Mendis,DJ Thornely,MA Beer,0,0,run out,BMAJ Mendis
ball,1,5.4,Sydney Sixers,DJ Thornely,SNJ O'Keefe,MA Beer,0,0,"",""
ball,1,5.5,Sydney Sixers,DJ Thornely,SNJ O'Keefe,MA Beer,1,0,"",""
ball,1,5.6,Sydney Sixers,SNJ O'Keefe,DJ Thornely,MA Beer,0,0,"",""
ball,1,6.1,Sydney Sixers,DJ Thornely,SNJ O'Keefe,NM Coulter-Nile,0,1,"",""
ball,1,6.2,Sydney Sixers,SNJ O'Keefe,DJ Thornely,NM Coulter-Nile,0,0,"",""
ball,1,6.3,Sydney Sixers,SNJ O'Keefe,DJ Thornely,NM Coulter-Nile,0,0,"",""
ball,1,6.4,Sydney Sixers,SNJ O'Keefe,DJ Thornely,NM Coulter-Nile,1,0,"",""
ball,1,6.5,Sydney Sixers,DJ Thornely,SNJ O'Keefe,NM Coulter-Nile,0,0,"",""
ball,1,6.6,Sydney Sixers,DJ Thornely,SNJ O'Keefe,NM Coulter-Nile,0,0,"",""
ball,1,7.1,Sydney Sixers,SNJ O'Keefe,DJ Thornely,GB Hogg,1,0,"",""
ball,1,7.2,Sydney Sixers,DJ Thornely,SNJ O'Keefe,GB Hogg,1,0,"",""
ball,1,7.3,Sydney Sixers,SNJ O'Keefe,DJ Thornely,GB Hogg,0,0,"",""
ball,1,7.4,Sydney Sixers,SNJ O'Keefe,DJ Thornely,GB Hogg,1,0,"",""
ball,1,7.5,Sydney Sixers,DJ Thornely,SNJ O'Keefe,GB Hogg,0,0,"",""
ball,1,7.6,Sydney Sixers,DJ Thornely,SNJ O'Keefe,GB Hogg,0,0,"",""
ball,1,8.1,Sydney Sixers,SNJ O'Keefe,DJ Thornely,HWR Cartwright,1,0,"",""
ball,1,8.2,Sydney Sixers,DJ Thornely,SNJ O'Keefe,HWR Cartwright,0,0,"",""
ball,1,8.3,Sydney Sixers,DJ Thornely,SNJ O'Keefe,HWR Cartwright,1,0,"",""
ball,1,8.4,Sydney Sixers,SNJ O'Keefe,DJ Thornely,HWR Cartwright,0,0,"",""
ball,1,8.5,Sydney Sixers,SNJ O'Keefe,DJ Thornely,HWR Cartwright,2,0,"",""
ball,1,8.6,Sydney Sixers,SNJ O'Keefe,DJ Thornely,HWR Cartwright,0,0,"",""
ball,1,9.1,Sydney Sixers,DJ Thornely,SNJ O'Keefe,GB Hogg,0,0,stumped,DJ Thornely
ball,1,9.2,Sydney Sixers,IA Moran,SNJ O'Keefe,GB Hogg,1,0,"",""
ball,1,9.3,Sydney Sixers,SNJ O'Keefe,IA Moran,GB Hogg,0,0,"",""
ball,1,9.4,Sydney Sixers,SNJ O'Keefe,IA Moran,GB Hogg,0,0,"",""
ball,1,9.5,Sydney Sixers,SNJ O'Keefe,IA Moran,GB Hogg,1,0,"",""
ball,1,9.6,Sydney Sixers,IA Moran,SNJ O'Keefe,GB Hogg,0,0,"",""
ball,1,10.1,Sydney Sixers,SNJ O'Keefe,IA Moran,HWR Cartwright,0,0,"",""
ball,1,10.2,Sydney Sixers,SNJ O'Keefe,IA Moran,HWR Cartwright,2,0,"",""
ball,1,10.3,Sydney Sixers,SNJ O'Keefe,IA Moran,HWR Cartwright,0,0,"",""
ball,1,10.4,Sydney Sixers,SNJ O'Keefe,IA Moran,HWR Cartwright,1,0,"",""
ball,1,10.5,Sydney Sixers,IA Moran,SNJ O'Keefe,HWR Cartwright,4,0,"",""
ball,1,10.6,Sydney Sixers,IA Moran,SNJ O'Keefe,HWR Cartwright,4,0,"",""
ball,1,11.1,Sydney Sixers,SNJ O'Keefe,IA Moran,GB Hogg,4,0,"",""
ball,1,11.2,Sydney Sixers,SNJ O'Keefe,IA Moran,GB Hogg,0,0,"",""
ball,1,11.3,Sydney Sixers,SNJ O'Keefe,IA Moran,GB Hogg,1,0,"",""
ball,1,11.4,Sydney Sixers,IA Moran,SNJ O'Keefe,GB Hogg,1,0,"",""
ball,1,11.5,Sydney Sixers,SNJ O'Keefe,IA Moran,GB Hogg,1,0,"",""
ball,1,11.6,Sydney Sixers,IA Moran,SNJ O'Keefe,GB Hogg,1,0,"",""
ball,1,12.1,Sydney Sixers,IA Moran,SNJ O'Keefe,NM Coulter-Nile,1,0,"",""
ball,1,12.2,Sydney Sixers,SNJ O'Keefe,IA Moran,NM Coulter-Nile,0,0,"",""
ball,1,12.3,Sydney Sixers,SNJ O'Keefe,IA Moran,NM Coulter-Nile,1,0,"",""
ball,1,12.4,Sydney Sixers,IA Moran,SNJ O'Keefe,NM Coulter-Nile,0,0,"",""
ball,1,12.5,Sydney Sixers,IA Moran,SNJ O'Keefe,NM Coulter-Nile,0,0,"",""
ball,1,12.6,Sydney Sixers,IA Moran,SNJ O'Keefe,NM Coulter-Nile,0,0,"",""
ball,1,13.1,Sydney Sixers,SNJ O'Keefe,IA Moran,MA Beer,1,0,"",""
ball,1,13.2,Sydney Sixers,IA Moran,SNJ O'Keefe,MA Beer,1,0,"",""
ball,1,13.3,Sydney Sixers,SNJ O'Keefe,IA Moran,MA Beer,0,0,"",""
ball,1,13.4,Sydney Sixers,SNJ O'Keefe,IA Moran,MA Beer,1,0,"",""
ball,1,13.5,Sydney Sixers,IA Moran,SNJ O'Keefe,MA Beer,1,0,"",""
ball,1,13.6,Sydney Sixers,SNJ O'Keefe,IA Moran,MA Beer,4,0,"",""
ball,1,14.1,Sydney Sixers,IA Moran,SNJ O'Keefe,HWR Cartwright,6,0,"",""
ball,1,14.2,Sydney Sixers,IA Moran,SNJ O'Keefe,HWR Cartwright,0,0,caught,IA Moran
ball,1,14.3,Sydney Sixers,SNJ O'Keefe,B Lee,HWR Cartwright,0,0,"",""
ball,1,14.4,Sydney Sixers,SNJ O'Keefe,B Lee,HWR Cartwright,0,1,"",""
ball,1,14.5,Sydney Sixers,SNJ O'Keefe,B Lee,HWR Cartwright,0,0,"",""
ball,1,14.6,Sydney Sixers,SNJ O'Keefe,B Lee,HWR Cartwright,1,0,"",""
ball,1,14.7,Sydney Sixers,B Lee,SNJ O'Keefe,HWR Cartwright,1,0,"",""
ball,1,15.1,Sydney Sixers,B Lee,SNJ O'Keefe,GB Hogg,0,0,"",""
ball,1,15.2,Sydney Sixers,B Lee,SNJ O'Keefe,GB Hogg,0,0,"",""
ball,1,15.3,Sydney Sixers,B Lee,SNJ O'Keefe,GB Hogg,1,0,"",""
ball,1,15.4,Sydney Sixers,SNJ O'Keefe,B Lee,GB Hogg,1,0,"",""
ball,1,15.5,Sydney Sixers,B Lee,SNJ O'Keefe,GB Hogg,0,0,"",""
ball,1,15.6,Sydney Sixers,B Lee,SNJ O'Keefe,GB Hogg,0,0,"",""
ball,1,16.1,Sydney Sixers,SNJ O'Keefe,B Lee,HWR Cartwright,4,0,"",""
ball,1,16.2,Sydney Sixers,SNJ O'Keefe,B Lee,HWR Cartwright,0,0,bowled,SNJ O'Keefe
ball,1,16.3,Sydney Sixers,SP Narine,B Lee,HWR Cartwright,1,0,"",""
ball,1,16.4,Sydney Sixers,B Lee,SP Narine,HWR Cartwright,0,0,"",""
ball,1,16.5,Sydney Sixers,B Lee,SP Narine,HWR Cartwright,6,0,"",""
ball,1,16.6,Sydney Sixers,B Lee,SP Narine,HWR Cartwright,6,0,"",""
ball,1,17.1,Sydney Sixers,SP Narine,B Lee,AC Thomas,4,0,"",""
ball,1,17.2,Sydney Sixers,SP Narine,B Lee,AC Thomas,0,1,"",""
ball,1,17.3,Sydney Sixers,SP Narine,B Lee,AC Thomas,0,0,caught,SP Narine
ball,1,17.4,Sydney Sixers,LW Feldman,B Lee,AC Thomas,0,0,"",""
ball,1,17.5,Sydney Sixers,LW Feldman,B Lee,AC Thomas,0,0,"",""
ball,1,17.6,Sydney Sixers,LW Feldman,B Lee,AC Thomas,2,0,"",""
ball,1,17.7,Sydney Sixers,LW Feldman,B Lee,AC Thomas,6,0,"",""
ball,1,18.1,Sydney Sixers,B Lee,LW Feldman,NM Coulter-Nile,1,0,"",""
ball,1,18.2,Sydney Sixers,LW Feldman,B Lee,NM Coulter-Nile,0,0,"",""
ball,1,18.3,Sydney Sixers,LW Feldman,B Lee,NM Coulter-Nile,0,0,"",""
ball,1,18.4,Sydney Sixers,LW Feldman,B Lee,NM Coulter-Nile,2,0,"",""
ball,1,18.5,Sydney Sixers,LW Feldman,B Lee,NM Coulter-Nile,1,0,"",""
ball,1,18.6,Sydney Sixers,B Lee,LW Feldman,NM Coulter-Nile,1,0,"",""
ball,1,19.1,Sydney Sixers,B Lee,LW Feldman,AC Thomas,1,0,"",""
ball,1,19.2,Sydney Sixers,LW Feldman,B Lee,AC Thomas,1,0,"",""
ball,1,19.3,Sydney Sixers,B Lee,LW Feldman,AC Thomas,2,0,"",""
ball,1,19.4,Sydney Sixers,B Lee,LW Feldman,AC Thomas,2,0,"",""
ball,1,19.5,Sydney Sixers,B Lee,LW Feldman,AC Thomas,1,0,"",""
ball,1,19.6,Sydney Sixers,LW Feldman,B Lee,AC Thomas,0,1,"",""
ball,2,0.1,Perth Scorchers,SE Marsh,HH Gibbs,B Lee,4,0,"",""
ball,2,0.2,Perth Scorchers,SE Marsh,HH Gibbs,B Lee,0,1,"",""
ball,2,0.3,Perth Scorchers,SE Marsh,HH Gibbs,B Lee,0,0,"",""
ball,2,0.4,Perth Scorchers,SE Marsh,HH Gibbs,B Lee,1,0,"",""
ball,2,0.5,Perth Scorchers,HH Gibbs,SE Marsh,B Lee,0,0,"",""
ball,2,0.6,Perth Scorchers,HH Gibbs,SE Marsh,B Lee,0,0,"",""
ball,2,0.7,Perth Scorchers,HH Gibbs,SE Marsh,B Lee,0,0,"",""
ball,2,1.1,Perth Scorchers,SE Marsh,HH Gibbs,LW Feldman,0,1,"",""
ball,2,1.2,Perth Scorchers,SE Marsh,HH Gibbs,LW Feldman,0,0,"",""
ball,2,1.3,Perth Scorchers,SE Marsh,HH Gibbs,LW Feldman,1,0,"",""
ball,2,1.4,Perth Scorchers,HH Gibbs,SE Marsh,LW Feldman,0,0,"",""
ball,2,1.5,Perth Scorchers,HH Gibbs,SE Marsh,LW Feldman,1,0,"",""
ball,2,1.6,Perth Scorchers,SE Marsh,HH Gibbs,LW Feldman,0,0,"",""
ball,2,1.7,Perth Scorchers,SE Marsh,HH Gibbs,LW Feldman,1,0,"",""
ball,2,2.1,Perth Scorchers,SE Marsh,HH Gibbs,B Lee,0,0,"",""
ball,2,2.2,Perth Scorchers,SE Marsh,HH Gibbs,B Lee,1,1,"",""
ball,2,2.3,Perth Scorchers,HH Gibbs,SE Marsh,B Lee,0,0,"",""
ball,2,2.4,Perth Scorchers,HH Gibbs,SE Marsh,B Lee,1,0,"",""
ball,2,2.5,Perth Scorchers,SE Marsh,HH Gibbs,B Lee,2,0,"",""
ball,2,2.6,Perth Scorchers,SE Marsh,HH Gibbs,B Lee,1,0,"",""
ball,2,2.7,Perth Scorchers,HH Gibbs,SE Marsh,B Lee,0,0,"",""
ball,2,3.1,Perth Scorchers,SE Marsh,HH Gibbs,SP Narine,0,0,"",""
ball,2,3.2,Perth Scorchers,SE Marsh,HH Gibbs,SP Narine,0,0,"",""
ball,2,3.3,Perth Scorchers,SE Marsh,HH Gibbs,SP Narine,0,0,"",""
ball,2,3.4,Perth Scorchers,SE Marsh,HH Gibbs,SP Narine,0,0,"",""
ball,2,3.5,Perth Scorchers,SE Marsh,HH Gibbs,SP Narine,0,1,"",""
ball,2,3.6,Perth Scorchers,SE Marsh,HH Gibbs,SP Narine,1,0,"",""
ball,2,3.7,Perth Scorchers,HH Gibbs,SE Marsh,SP Narine,1,0,"",""
ball,2,4.1,Perth Scorchers,HH Gibbs,SE Marsh,B Lee,4,0,"",""
ball,2,4.2,Perth Scorchers,HH Gibbs,SE Marsh,B Lee,4,0,"",""
ball,2,4.3,Perth Scorchers,HH Gibbs,SE Marsh,B Lee,1,0,"",""
ball,2,4.4,Perth Scorchers,SE Marsh,HH Gibbs,B Lee,1,0,"",""
ball,2,4.5,Perth Scorchers,HH Gibbs,SE Marsh,B Lee,0,0,"",""
ball,2,4.6,Perth Scorchers,HH Gibbs,SE Marsh,B Lee,0,0,"",""
ball,2,5.1,Perth Scorchers,SE Marsh,HH Gibbs,SP Narine,0,0,"",""
ball,2,5.2,Perth Scorchers,SE Marsh,HH Gibbs,SP Narine,2,0,"",""
ball,2,5.3,Perth Scorchers,SE Marsh,HH Gibbs,SP Narine,0,0,"",""
ball,2,5.4,Perth Scorchers,SE Marsh,HH Gibbs,SP Narine,0,3,"",""
ball,2,5.5,Perth Scorchers,SE Marsh,HH Gibbs,SP Narine,1,0,"",""
ball,2,5.6,Perth Scorchers,HH Gibbs,SE Marsh,SP Narine,0,0,"",""
ball,2,5.7,Perth Scorchers,HH Gibbs,SE Marsh,SP Narine,0,0,"",""
ball,2,6.1,Perth Scorchers,SE Marsh,HH Gibbs,LW Feldman,0,0,"",""
ball,2,6.2,Perth Scorchers,SE Marsh,HH Gibbs,LW Feldman,0,0,"",""
ball,2,6.3,Perth Scorchers,SE Marsh,HH Gibbs,LW Feldman,0,0,"",""
ball,2,6.4,Perth Scorchers,SE Marsh,HH Gibbs,LW Feldman,4,0,"",""
ball,2,6.5,Perth Scorchers,SE Marsh,HH Gibbs,LW Feldman,0,0,"",""
ball,2,6.6,Perth Scorchers,SE Marsh,HH Gibbs,LW Feldman,2,0,"",""
ball,2,7.1,Perth Scorchers,HH Gibbs,SE Marsh,SNJ O'Keefe,0,0,"",""
ball,2,7.2,Perth Scorchers,HH Gibbs,SE Marsh,SNJ O'Keefe,4,0,"",""
ball,2,7.3,Perth Scorchers,HH Gibbs,SE Marsh,SNJ O'Keefe,0,0,"",""
ball,2,7.4,Perth Scorchers,HH Gibbs,SE Marsh,SNJ O'Keefe,1,0,"",""
ball,2,7.5,Perth Scorchers,SE Marsh,HH Gibbs,SNJ O'Keefe,4,0,"",""
ball,2,7.6,Perth Scorchers,SE Marsh,HH Gibbs,SNJ O'Keefe,0,0,"",""
ball,2,8.1,Perth Scorchers,HH Gibbs,SE Marsh,BMAJ Mendis,1,0,"",""
ball,2,8.2,Perth Scorchers,SE Marsh,HH Gibbs,BMAJ Mendis,0,0,"",""
ball,2,8.3,Perth Scorchers,SE Marsh,HH Gibbs,BMAJ Mendis,0,0,caught,SE Marsh
ball,2,8.4,Perth Scorchers,MJ North,HH Gibbs,BMAJ Mendis,0,0,"",""
ball,2,8.5,Perth Scorchers,MJ North,HH Gibbs,BMAJ Mendis,0,0,"",""
ball,2,8.6,Perth Scorchers,MJ North,HH Gibbs,BMAJ Mendis,0,0,"",""
ball,2,9.1,Perth Scorchers,HH Gibbs,MJ North,SP Narine,1,0,"",""
ball,2,9.2,Perth Scorchers,MJ North,HH Gibbs,SP Narine,0,0,"",""
ball,2,9.3,Perth Scorchers,MJ North,HH Gibbs,SP Narine,4,0,"",""
ball,2,9.4,Perth Scorchers,MJ North,HH Gibbs,SP Narine,0,4,"",""
ball,2,9.5,Perth Scorchers,MJ North,HH Gibbs,SP Narine,0,0,"",""
ball,2,9.6,Perth Scorchers,MJ North,HH Gibbs,SP Narine,0,0,"",""
ball,2,10.1,Perth Scorchers,HH Gibbs,MJ North,BMAJ Mendis,1,0,"",""
ball,2,10.2,Perth Scorchers,MJ North,HH Gibbs,BMAJ Mendis,1,0,"",""
ball,2,10.3,Perth Scorchers,HH Gibbs,MJ North,BMAJ Mendis,1,0,"",""
ball,2,10.4,Perth Scorchers,MJ North,HH Gibbs,BMAJ Mendis,2,0,"",""
ball,2,10.5,Perth Scorchers,MJ North,HH Gibbs,BMAJ Mendis,0,0,"",""
ball,2,10.6,Perth Scorchers,MJ North,HH Gibbs,BMAJ Mendis,1,0,"",""
ball,2,11.1,Perth Scorchers,MJ North,HH Gibbs,SNJ O'Keefe,0,1,"",""
ball,2,11.2,Perth Scorchers,MJ North,HH Gibbs,SNJ O'Keefe,1,0,"",""
ball,2,11.3,Perth Scorchers,HH Gibbs,MJ North,SNJ O'Keefe,0,0,"",""
ball,2,11.4,Perth Scorchers,HH Gibbs,MJ North,SNJ O'Keefe,1,0,"",""
ball,2,11.5,Perth Scorchers,MJ North,HH Gibbs,SNJ O'Keefe,1,0,"",""
ball,2,11.6,Perth Scorchers,HH Gibbs,MJ North,SNJ O'Keefe,0,0,"",""
ball,2,11.7,Perth Scorchers,HH Gibbs,MJ North,SNJ O'Keefe,1,0,"",""
ball,2,12.1,Perth Scorchers,HH Gibbs,MJ North,BMAJ Mendis,2,0,"",""
ball,2,12.2,Perth Scorchers,HH Gibbs,MJ North,BMAJ Mendis,1,0,"",""
ball,2,12.3,Perth Scorchers,MJ North,HH Gibbs,BMAJ Mendis,0,0,"",""
ball,2,12.4,Perth Scorchers,MJ North,HH Gibbs,BMAJ Mendis,1,0,"",""
ball,2,12.5,Perth Scorchers,HH Gibbs,MJ North,BMAJ Mendis,0,0,"",""
ball,2,12.6,Perth Scorchers,HH Gibbs,MJ North,BMAJ Mendis,0,0,"",""
ball,2,13.1,Perth Scorchers,MJ North,HH Gibbs,SP Narine,0,0,"",""
ball,2,13.2,Perth Scorchers,MJ North,HH Gibbs,SP Narine,0,0,"",""
ball,2,13.3,Perth Scorchers,MJ North,HH Gibbs,SP Narine,0,0,"",""
ball,2,13.4,Perth Scorchers,MJ North,HH Gibbs,SP Narine,1,0,"",""
ball,2,13.5,Perth Scorchers,HH Gibbs,MJ North,SP Narine,1,0,"",""
ball,2,13.6,Perth Scorchers,MJ North,HH Gibbs,SP Narine,0,0,"",""
ball,2,14.1,Perth Scorchers,HH Gibbs,MJ North,BMAJ Mendis,2,0,"",""
ball,2,14.2,Perth Scorchers,HH Gibbs,MJ North,BMAJ Mendis,1,0,"",""
ball,2,14.3,Perth Scorchers,MJ North,HH Gibbs,BMAJ Mendis,0,0,"",""
ball,2,14.4,Perth Scorchers,MJ North,HH Gibbs,BMAJ Mendis,1,0,"",""
ball,2,14.5,Perth Scorchers,HH Gibbs,MJ North,BMAJ Mendis,0,0,"",""
ball,2,14.6,Perth Scorchers,HH Gibbs,MJ North,BMAJ Mendis,4,0,"",""
ball,2,15.1,Perth Scorchers,MJ North,HH Gibbs,SNJ O'Keefe,0,0,"",""
ball,2,15.2,Perth Scorchers,MJ North,HH Gibbs,SNJ O'Keefe,1,0,"",""
ball,2,15.3,Perth Scorchers,HH Gibbs,MJ North,SNJ O'Keefe,1,0,"",""
ball,2,15.4,Perth Scorchers,MJ North,HH Gibbs,SNJ O'Keefe,0,0,"",""
ball,2,15.5,Perth Scorchers,MJ North,HH Gibbs,SNJ O'Keefe,4,0,"",""
ball,2,15.6,Perth Scorchers,MJ North,HH Gibbs,SNJ O'Keefe,4,0,"",""
ball,2,16.1,Perth Scorchers,HH Gibbs,MJ North,B Lee,4,0,"",""
ball,2,16.2,Perth Scorchers,HH Gibbs,MJ North,B Lee,0,0,"",""
ball,2,16.3,Perth Scorchers,HH Gibbs,MJ North,B Lee,1,0,"",""
ball,2,16.4,Perth Scorchers,MJ North,HH Gibbs,B Lee,0,0,"",""
ball,2,16.5,Perth Scorchers,MJ North,HH Gibbs,B Lee,0,0,"",""
ball,2,16.6,Perth Scorchers,MJ North,HH Gibbs,B Lee,0,0,"",""
ball,2,17.1,Perth Scorchers,HH Gibbs,MJ North,LW Feldman,0,0,bowled,HH Gibbs
ball,2,17.2,Perth Scorchers,HWR Cartwright,MJ North,LW Feldman,0,0,"",""
ball,2,17.3,Perth Scorchers,HWR Cartwright,MJ North,LW Feldman,1,0,"",""
ball,2,17.4,Perth Scorchers,MJ North,HWR Cartwright,LW Feldman,0,0,"",""
ball,2,17.5,Perth Scorchers,MJ North,HWR Cartwright,LW Feldman,1,0,"",""
ball,2,17.6,Perth Scorchers,HWR Cartwright,MJ North,LW Feldman,0,0,"",""
ball,2,18.1,Perth Scorchers,MJ North,HWR Cartwright,SNJ O'Keefe,0,0,caught,MJ North
ball,2,18.2,Perth Scorchers,SM Katich,HWR Cartwright,SNJ O'Keefe,6,0,"",""
ball,2,18.3,Perth Scorchers,SM Katich,HWR Cartwright,SNJ O'Keefe,1,0,"",""
ball,2,18.4,Perth Scorchers,HWR Cartwright,SM Katich,SNJ O'Keefe,0,0,"",""
ball,2,18.5,Perth Scorchers,HWR Cartwright,SM Katich,SNJ O'Keefe,2,0,"",""
ball,2,18.6,Perth Scorchers,HWR Cartwright,SM Katich,SNJ O'Keefe,2,0,"",""
ball,2,19.1,Perth Scorchers,SM Katich,HWR Cartwright,LW Feldman,0,0,"",""
ball,2,19.2,Perth Scorchers,SM Katich,HWR Cartwright,LW Feldman,1,0,"",""
