version,1.3.0
info,team,Melbourne Renegades
info,team,Adelaide Strikers
info,gender,male
info,season,2012/13
info,date,2013/01/02
info,competition,Big Bash League
info,venue,Docklands Stadium
info,city,Melbourne
info,toss_winner,Adelaide Strikers
info,toss_decision,field
info,player_of_match,M Muralitharan
info,umpire,SJ Nogajski
info,umpire,P Wilson
info,tv_umpire,SD Fry
info,match_referee,DJ Burns
info,winner,Melbourne Renegades
info,winner_runs,48
ball,1,0.1,Melbourne Renegades,MW Hill,AJ Finch,GD Putland,0,0,"",""
ball,1,0.2,Melbourne Renegades,MW Hill,AJ Finch,GD Putland,0,0,"",""
ball,1,0.3,Melbourne Renegades,MW Hill,AJ Finch,GD Putland,0,0,"",""
ball,1,0.4,Melbourne Renegades,MW Hill,AJ Finch,GD Putland,0,0,"",""
ball,1,0.5,Melbourne Renegades,MW Hill,AJ Finch,GD Putland,0,0,"",""
ball,1,0.6,Melbourne Renegades,MW Hill,AJ Finch,GD Putland,0,1,"",""
ball,1,1.1,Melbourne Renegades,MW Hill,AJ Finch,BE Young,1,0,"",""
ball,1,1.2,Melbourne Renegades,AJ Finch,MW Hill,BE Young,1,0,"",""
ball,1,1.3,Melbourne Renegades,MW Hill,AJ Finch,BE Young,2,0,"",""
ball,1,1.4,Melbourne Renegades,MW Hill,AJ Finch,BE Young,0,0,lbw,MW Hill
ball,1,1.5,Melbourne Renegades,MN Samuels,AJ Finch,BE Young,2,0,"",""
ball,1,1.6,Melbourne Renegades,MN Samuels,AJ Finch,BE Young,0,0,"",""
ball,1,2.1,Melbourne Renegades,AJ Finch,MN Samuels,GD Putland,4,0,"",""
ball,1,2.2,Melbourne Renegades,AJ Finch,MN Samuels,GD Putland,0,0,"",""
ball,1,2.3,Melbourne Renegades,AJ Finch,MN Samuels,GD Putland,1,0,"",""
ball,1,2.4,Melbourne Renegades,MN Samuels,AJ Finch,GD Putland,0,0,"",""
ball,1,2.5,Melbourne Renegades,MN Samuels,AJ Finch,GD Putland,0,1,"",""
ball,1,2.6,Melbourne Renegades,MN Samuels,AJ Finch,GD Putland,0,1,"",""
ball,1,2.7,Melbourne Renegades,AJ Finch,MN Samuels,GD Putland,0,0,"",""
ball,1,3.1,Melbourne Renegades,MN Samuels,AJ Finch,BE Young,4,0,"",""
ball,1,3.2,Melbourne Renegades,MN Samuels,AJ Finch,BE Young,6,0,"",""
ball,1,3.3,Melbourne Renegades,MN Samuels,AJ Finch,BE Young,4,0,"",""
ball,1,3.4,Melbourne Renegades,MN Samuels,AJ Finch,BE Young,0,0,"",""
ball,1,3.5,Melbourne Renegades,MN Samuels,AJ Finch,BE Young,0,0,caught,MN Samuels
ball,1,3.6,Melbourne Renegades,BJ Rohrer,AJ Finch,BE Young,0,0,"",""
ball,1,4.1,Melbourne Renegades,AJ Finch,BJ Rohrer,KW Richardson,0,0,"",""
ball,1,4.2,Melbourne Renegades,AJ Finch,BJ Rohrer,KW Richardson,1,0,"",""
ball,1,4.3,Melbourne Renegades,BJ Rohrer,AJ Finch,KW Richardson,0,0,"",""
ball,1,4.4,Melbourne Renegades,BJ Rohrer,AJ Finch,KW Richardson,4,0,"",""
ball,1,4.5,Melbourne Renegades,BJ Rohrer,AJ Finch,KW Richardson,0,0,"",""
ball,1,4.6,Melbourne Renegades,BJ Rohrer,AJ Finch,KW Richardson,0,1,"",""
ball,1,4.7,Melbourne Renegades,BJ Rohrer,AJ Finch,KW Richardson,4,0,"",""
ball,1,5.1,Melbourne Renegades,AJ Finch,BJ Rohrer,MG Neser,0,0,"",""
ball,1,5.2,Melbourne Renegades,AJ Finch,BJ Rohrer,MG Neser,1,0,"",""
ball,1,5.3,Melbourne Renegades,BJ Rohrer,AJ Finch,MG Neser,4,0,"",""
ball,1,5.4,Melbourne Renegades,BJ Rohrer,AJ Finch,MG Neser,1,0,"",""
ball,1,5.5,Melbourne Renegades,AJ Finch,BJ Rohrer,MG Neser,0,0,"",""
ball,1,5.6,Melbourne Renegades,AJ Finch,BJ Rohrer,MG Neser,4,0,"",""
ball,1,6.1,Melbourne Renegades,BJ Rohrer,AJ Finch,J Botha,1,0,"",""
ball,1,6.2,Melbourne Renegades,AJ Finch,BJ Rohrer,J Botha,0,0,"",""
ball,1,6.3,Melbourne Renegades,AJ Finch,BJ Rohrer,J Botha,1,0,"",""
ball,1,6.4,Melbourne Renegades,BJ Rohrer,AJ Finch,J Botha,1,0,"",""
ball,1,6.5,Melbourne Renegades,AJ Finch,BJ Rohrer,J Botha,0,0,caught,AJ Finch
ball,1,6.6,Melbourne Renegades,TLW Cooper,BJ Rohrer,J Botha,0,0,"",""
ball,1,7.1,Melbourne Renegades,BJ Rohrer,TLW Cooper,MG Neser,0,1,"",""
ball,1,7.2,Melbourne Renegades,BJ Rohrer,TLW Cooper,MG Neser,0,1,"",""
ball,1,7.3,Melbourne Renegades,TLW Cooper,BJ Rohrer,MG Neser,2,0,"",""
ball,1,7.4,Melbourne Renegades,TLW Cooper,BJ Rohrer,MG Neser,0,0,"",""
ball,1,7.5,Melbourne Renegades,TLW Cooper,BJ Rohrer,MG Neser,1,0,"",""
ball,1,7.6,Melbourne Renegades,BJ Rohrer,TLW Cooper,MG Neser,2,0,"",""
ball,1,7.7,Melbourne Renegades,BJ Rohrer,TLW Cooper,MG Neser,0,0,"",""
ball,1,8.1,Melbourne Renegades,TLW Cooper,BJ Rohrer,J Botha,1,0,"",""
ball,1,8.2,Melbourne Renegades,BJ Rohrer,TLW Cooper,J Botha,1,0,"",""
ball,1,8.3,Melbourne Renegades,TLW Cooper,BJ Rohrer,J Botha,1,0,"",""
ball,1,8.4,Melbourne Renegades,BJ Rohrer,TLW Cooper,J Botha,1,0,"",""
ball,1,8.5,Melbourne Renegades,TLW Cooper,BJ Rohrer,J Botha,1,0,"",""
ball,1,8.6,Melbourne Renegades,BJ Rohrer,TLW Cooper,J Botha,1,0,"",""
ball,1,9.1,Melbourne Renegades,BJ Rohrer,TLW Cooper,BE Young,0,0,"",""
ball,1,9.2,Melbourne Renegades,BJ Rohrer,TLW Cooper,BE Young,2,0,"",""
ball,1,9.3,Melbourne Renegades,BJ Rohrer,TLW Cooper,BE Young,2,0,"",""
ball,1,9.4,Melbourne Renegades,BJ Rohrer,TLW Cooper,BE Young,2,0,"",""
ball,1,9.5,Melbourne Renegades,BJ Rohrer,TLW Cooper,BE Young,2,0,"",""
ball,1,9.6,Melbourne Renegades,BJ Rohrer,TLW Cooper,BE Young,0,0,"",""
ball,1,10.1,Melbourne Renegades,TLW Cooper,BJ Rohrer,J Botha,0,0,"",""
ball,1,10.2,Melbourne Renegades,TLW Cooper,BJ Rohrer,J Botha,1,0,"",""
ball,1,10.3,Melbourne Renegades,BJ Rohrer,TLW Cooper,J Botha,1,0,"",""
ball,1,10.4,Melbourne Renegades,TLW Cooper,BJ Rohrer,J Botha,0,0,"",""
ball,1,10.5,Melbourne Renegades,TLW Cooper,BJ Rohrer,J Botha,0,0,"",""
ball,1,10.6,Melbourne Renegades,TLW Cooper,BJ Rohrer,J Botha,1,0,"",""
ball,1,11.1,Melbourne Renegades,TLW Cooper,BJ Rohrer,KA Pollard,0,1,"",""
ball,1,11.2,Melbourne Renegades,TLW Cooper,BJ Rohrer,KA Pollard,1,0,"",""
ball,1,11.3,Melbourne Renegades,BJ Rohrer,TLW Cooper,KA Pollard,1,0,"",""
ball,1,11.4,Melbourne Renegades,TLW Cooper,BJ Rohrer,KA Pollard,1,0,"",""
ball,1,11.5,Melbourne Renegades,BJ Rohrer,TLW Cooper,KA Pollard,3,0,"",""
ball,1,11.6,Melbourne Renegades,TLW Cooper,BJ Rohrer,KA Pollard,0,0,"",""
ball,1,11.7,Melbourne Renegades,TLW Cooper,BJ Rohrer,KA Pollard,1,0,"",""
ball,1,12.1,Melbourne Renegades,TLW Cooper,BJ Rohrer,KW Richardson,0,0,"",""
ball,1,12.2,Melbourne Renegades,TLW Cooper,BJ Rohrer,KW Richardson,2,0,"",""
ball,1,12.3,Melbourne Renegades,TLW Cooper,BJ Rohrer,KW Richardson,1,0,"",""
ball,1,12.4,Melbourne Renegades,BJ Rohrer,TLW Cooper,KW Richardson,1,0,"",""
ball,1,12.5,Melbourne Renegades,TLW Cooper,BJ Rohrer,KW Richardson,0,0,"",""
ball,1,12.6,Melbourne Renegades,TLW Cooper,BJ Rohrer,KW Richardson,2,0,"",""
ball,1,13.1,Melbourne Renegades,BJ Rohrer,TLW Cooper,KA Pollard,1,0,"",""
ball,1,13.2,Melbourne Renegades,TLW Cooper,BJ Rohrer,KA Pollard,6,0,"",""
ball,1,13.3,Melbourne Renegades,TLW Cooper,BJ Rohrer,KA Pollard,1,0,"",""
ball,1,13.4,Melbourne Renegades,BJ Rohrer,TLW Cooper,KA Pollard,0,0,caught and bowled,BJ Rohrer
ball,1,13.5,Melbourne Renegades,TLW Cooper,PM Nevill,KA Pollard,1,0,"",""
ball,1,13.6,Melbourne Renegades,PM Nevill,TLW Cooper,KA Pollard,0,0,"",""
ball,1,14.1,Melbourne Renegades,TLW Cooper,PM Nevill,BE Young,2,0,"",""
ball,1,14.2,Melbourne Renegades,TLW Cooper,PM Nevill,BE Young,1,0,"",""
ball,1,14.3,Melbourne Renegades,PM Nevill,TLW Cooper,BE Young,1,0,"",""
ball,1,14.4,Melbourne Renegades,TLW Cooper,PM Nevill,BE Young,2,0,"",""
ball,1,14.5,Melbourne Renegades,TLW Cooper,PM Nevill,BE Young,2,0,"",""
ball,1,14.6,Melbourne Renegades,TLW Cooper,PM Nevill,BE Young,1,0,"",""
ball,1,15.1,Melbourne Renegades,TLW Cooper,PM Nevill,MG Neser,2,0,"",""
ball,1,15.2,Melbourne Renegades,TLW Cooper,PM Nevill,MG Neser,1,0,"",""
ball,1,15.3,Melbourne Renegades,PM Nevill,TLW Cooper,MG Neser,2,0,"",""
ball,1,15.4,Melbourne Renegades,PM Nevill,TLW Cooper,MG Neser,0,0,"",""
ball,1,15.5,Melbourne Renegades,PM Nevill,TLW Cooper,MG Neser,0,0,caught and bowled,PM Nevill
ball,1,15.6,Melbourne Renegades,TLW Cooper,WD Sheridan,MG Neser,0,1,"",""
ball,1,15.7,Melbourne Renegades,TLW Cooper,WD Sheridan,MG Neser,0,0,"",""
ball,1,16.1,Melbourne Renegades,WD Sheridan,TLW Cooper,J Botha,0,0,"",""
ball,1,16.2,Melbourne Renegades,WD Sheridan,TLW Cooper,J Botha,1,0,"",""
ball,1,16.3,Melbourne Renegades,TLW Cooper,WD Sheridan,J Botha,0,0,"",""
ball,1,16.4,Melbourne Renegades,TLW Cooper,WD Sheridan,J Botha,2,0,"",""
ball,1,16.5,Melbourne Renegades,TLW Cooper,WD Sheridan,J Botha,1,0,"",""
ball,1,16.6,Melbourne Renegades,WD Sheridan,TLW Cooper,J Botha,1,0,"",""
ball,1,17.1,Melbourne Renegades,WD Sheridan,TLW Cooper,MG Neser,1,0,"",""
ball,1,17.2,Melbourne Renegades,TLW Cooper,WD Sheridan,MG Neser,6,0,"",""
ball,1,17.3,Melbourne Renegades,TLW Cooper,WD Sheridan,MG Neser,2,0,"",""
ball,1,17.4,Melbourne Renegades,TLW Cooper,WD Sheridan,MG Neser,1,0,"",""
ball,1,17.5,Melbourne Renegades,WD Sheridan,TLW Cooper,MG Neser,0,1,"",""
ball,1,17.6,Melbourne Renegades,WD Sheridan,TLW Cooper,MG Neser,2,0,"",""
ball,1,17.7,Melbourne Renegades,WD Sheridan,TLW Cooper,MG Neser,1,0,"",""
ball,1,18.1,Melbourne Renegades,WD Sheridan,TLW Cooper,GD Putland,4,0,"",""
ball,1,18.2,Melbourne Renegades,WD Sheridan,TLW Cooper,GD Putland,1,0,"",""
ball,1,18.3,Melbourne Renegades,TLW Cooper,WD Sheridan,GD Putland,1,0,"",""
ball,1,18.4,Melbourne Renegades,WD Sheridan,TLW Cooper,GD Putland,1,1,"",""
ball,1,18.5,Melbourne Renegades,TLW Cooper,WD Sheridan,GD Putland,4,0,"",""
ball,1,18.6,Melbourne Renegades,TLW Cooper,WD Sheridan,GD Putland,1,0,"",""
ball,1,18.7,Melbourne Renegades,WD Sheridan,TLW Cooper,GD Putland,2,0,"",""
ball,1,19.1,Melbourne Renegades,TLW Cooper,WD Sheridan,KW Richardson,2,0,"",""
ball,1,19.2,Melbourne Renegades,TLW Cooper,WD Sheridan,KW Richardson,0,0,"",""
ball,1,19.3,Melbourne Renegades,TLW Cooper,WD Sheridan,KW Richardson,0,1,"",""
ball,1,19.4,Melbourne Renegades,WD Sheridan,TLW Cooper,KW Richardson,1,0,"",""
ball,1,19.5,Melbourne Renegades,TLW Cooper,WD Sheridan,KW Richardson,4,0,"",""
ball,1,19.6,Melbourne Renegades,TLW Cooper,WD Sheridan,KW Richardson,0,0,caught,TLW Cooper
ball,2,0.1,Adelaide Strikers,M Klinger,TP Ludeman,AW O'Brien,0,0,"",""
ball,2,0.2,Adelaide Strikers,M Klinger,TP Ludeman,AW O'Brien,1,0,"",""
ball,2,0.3,Adelaide Strikers,TP Ludeman,M Klinger,AW O'Brien,1,0,"",""
ball,2,0.4,Adelaide Strikers,M Klinger,TP Ludeman,AW O'Brien,0,0,"",""
ball,2,0.5,Adelaide Strikers,M Klinger,TP Ludeman,AW O'Brien,2,0,"",""
ball,2,0.6,Adelaide Strikers,M Klinger,TP Ludeman,AW O'Brien,2,0,"",""
ball,2,1.1,Adelaide Strikers,TP Ludeman,M Klinger,DJ Pattinson,0,0,"",""
ball,2,1.2,Adelaide Strikers,TP Ludeman,M Klinger,DJ Pattinson,0,0,"",""
ball,2,1.3,Adelaide Strikers,TP Ludeman,M Klinger,DJ Pattinson,0,0,"",""
ball,2,1.4,Adelaide Strikers,TP Ludeman,M Klinger,DJ Pattinson,4,0,"",""
ball,2,1.5,Adelaide Strikers,TP Ludeman,M Klinger,DJ Pattinson,1,0,"",""
ball,2,1.6,Adelaide Strikers,M Klinger,TP Ludeman,DJ Pattinson,1,0,"",""
ball,2,2.1,Adelaide Strikers,M Klinger,TP Ludeman,NJ Rimmington,0,0,"",""
ball,2,2.2,Adelaide Strikers,M Klinger,TP Ludeman,NJ Rimmington,4,0,"",""
ball,2,2.3,Adelaide Strikers,M Klinger,TP Ludeman,NJ Rimmington,1,0,"",""
ball,2,2.4,Adelaide Strikers,TP Ludeman,M Klinger,NJ Rimmington,0,0,"",""
ball,2,2.5,Adelaide Strikers,TP Ludeman,M Klinger,NJ Rimmington,0,0,caught,TP Ludeman
ball,2,2.6,Adelaide Strikers,CJ Ferguson,M Klinger,NJ Rimmington,0,0,"",""
ball,2,3.1,Adelaide Strikers,M Klinger,CJ Ferguson,DJ Pattinson,0,0,"",""
ball,2,3.2,Adelaide Strikers,M Klinger,CJ Ferguson,DJ Pattinson,4,0,"",""
ball,2,3.3,Adelaide Strikers,M Klinger,CJ Ferguson,DJ Pattinson,4,0,"",""
ball,2,3.4,Adelaide Strikers,M Klinger,CJ Ferguson,DJ Pattinson,0,0,"",""
ball,2,3.5,Adelaide Strikers,M Klinger,CJ Ferguson,DJ Pattinson,1,0,"",""
ball,2,3.6,Adelaide Strikers,CJ Ferguson,M Klinger,DJ Pattinson,0,0,"",""
ball,2,4.1,Adelaide Strikers,M Klinger,CJ Ferguson,AW O'Brien,1,0,"",""
ball,2,4.2,Adelaide Strikers,CJ Ferguson,M Klinger,AW O'Brien,0,0,"",""
ball,2,4.3,Adelaide Strikers,CJ Ferguson,M Klinger,AW O'Brien,1,0,"",""
ball,2,4.4,Adelaide Strikers,M Klinger,CJ Ferguson,AW O'Brien,2,0,"",""
ball,2,4.5,Adelaide Strikers,M Klinger,CJ Ferguson,AW O'Brien,1,0,"",""
ball,2,4.6,Adelaide Strikers,CJ Ferguson,M Klinger,AW O'Brien,1,0,"",""
ball,2,5.1,Adelaide Strikers,CJ Ferguson,M Klinger,NJ Rimmington,1,0,"",""
ball,2,5.2,Adelaide Strikers,M Klinger,CJ Ferguson,NJ Rimmington,0,0,caught,M Klinger
ball,2,5.3,Adelaide Strikers,NJ Reardon,CJ Ferguson,NJ Rimmington,0,0,"",""
ball,2,5.4,Adelaide Strikers,NJ Reardon,CJ Ferguson,NJ Rimmington,0,0,"",""
ball,2,5.5,Adelaide Strikers,NJ Reardon,CJ Ferguson,NJ Rimmington,0,0,"",""
ball,2,5.6,Adelaide Strikers,NJ Reardon,CJ Ferguson,NJ Rimmington,1,0,"",""
ball,2,6.1,Adelaide Strikers,NJ Reardon,CJ Ferguson,M Muralitharan,1,0,"",""
ball,2,6.2,Adelaide Strikers,CJ Ferguson,NJ Reardon,M Muralitharan,1,0,"",""
ball,2,6.3,Adelaide Strikers,NJ Reardon,CJ Ferguson,M Muralitharan,0,0,"",""
ball,2,6.4,Adelaide Strikers,NJ Reardon,CJ Ferguson,M Muralitharan,1,0,"",""
ball,2,6.5,Adelaide Strikers,CJ Ferguson,NJ Reardon,M Muralitharan,2,0,"",""
ball,2,6.6,Adelaide Strikers,CJ Ferguson,NJ Reardon,M Muralitharan,0,0,"",""
ball,2,7.1,Adelaide Strikers,NJ Reardon,CJ Ferguson,MN Samuels,1,0,"",""
ball,2,7.2,Adelaide Strikers,CJ Ferguson,NJ Reardon,MN Samuels,0,0,"",""
ball,2,7.3,Adelaide Strikers,CJ Ferguson,NJ Reardon,MN Samuels,0,0,caught,CJ Ferguson
ball,2,7.4,Adelaide Strikers,J Botha,NJ Reardon,MN Samuels,1,0,"",""
ball,2,7.5,Adelaide Strikers,NJ Reardon,J Botha,MN Samuels,0,0,"",""
ball,2,7.6,Adelaide Strikers,NJ Reardon,J Botha,MN Samuels,0,0,"",""
ball,2,8.1,Adelaide Strikers,J Botha,NJ Reardon,M Muralitharan,4,0,"",""
ball,2,8.2,Adelaide Strikers,J Botha,NJ Reardon,M Muralitharan,0,0,"",""
ball,2,8.3,Adelaide Strikers,J Botha,NJ Reardon,M Muralitharan,0,0,"",""
ball,2,8.4,Adelaide Strikers,J Botha,NJ Reardon,M Muralitharan,0,1,"",""
ball,2,8.5,Adelaide Strikers,J Botha,NJ Reardon,M Muralitharan,2,0,"",""
ball,2,8.6,Adelaide Strikers,J Botha,NJ Reardon,M Muralitharan,1,0,"",""
ball,2,8.7,Adelaide Strikers,NJ Reardon,J Botha,M Muralitharan,0,0,bowled,NJ Reardon
ball,2,9.1,Adelaide Strikers,J Botha,KA Pollard,WD Sheridan,0,0,"",""
ball,2,9.2,Adelaide Strikers,J Botha,KA Pollard,WD Sheridan,0,0,"",""
ball,2,9.3,Adelaide Strikers,J Botha,KA Pollard,WD Sheridan,0,0,"",""
ball,2,9.4,Adelaide Strikers,J Botha,KA Pollard,WD Sheridan,0,0,"",""
ball,2,9.5,Adelaide Strikers,J Botha,KA Pollard,WD Sheridan,1,0,"",""
ball,2,9.6,Adelaide Strikers,KA Pollard,J Botha,WD Sheridan,0,0,"",""
ball,2,10.1,Adelaide Strikers,J Botha,KA Pollard,M Muralitharan,1,0,"",""
ball,2,10.2,Adelaide Strikers,KA Pollard,J Botha,M Muralitharan,0,0,lbw,KA Pollard
ball,2,10.3,Adelaide Strikers,TP Doropoulos,J Botha,M Muralitharan,0,0,lbw,TP Doropoulos
ball,2,10.4,Adelaide Strikers,MG Neser,J Botha,M Muralitharan,1,0,"",""
ball,2,10.5,Adelaide Strikers,J Botha,MG Neser,M Muralitharan,1,0,"",""
ball,2,10.6,Adelaide Strikers,MG Neser,J Botha,M Muralitharan,0,0,"",""
ball,2,11.1,Adelaide Strikers,J Botha,MG Neser,NJ Rimmington,0,0,"",""
ball,2,11.2,Adelaide Strikers,J Botha,MG Neser,NJ Rimmington,1,0,"",""
ball,2,11.3,Adelaide Strikers,MG Neser,J Botha,NJ Rimmington,0,0,"",""
ball,2,11.4,Adelaide Strikers,MG Neser,J Botha,NJ Rimmington,1,0,"",""
ball,2,11.5,Adelaide Strikers,J Botha,MG Neser,NJ Rimmington,1,0,"",""
ball,2,11.6,Adelaide Strikers,MG Neser,J Botha,NJ Rimmington,2,0,"",""
ball,2,12.1,Adelaide Strikers,J Botha,MG Neser,MN Samuels,1,0,"",""
ball,2,12.2,Adelaide Strikers,MG Neser,J Botha,MN Samuels,0,0,"",""
ball,2,12.3,Adelaide Strikers,MG Neser,J Botha,MN Samuels,1,0,"",""
ball,2,12.4,Adelaide Strikers,J Botha,MG Neser,MN Samuels,1,0,"",""
ball,2,12.5,Adelaide Strikers,MG Neser,J Botha,MN Samuels,0,0,"",""
ball,2,12.6,Adelaide Strikers,MG Neser,J Botha,MN Samuels,1,0,"",""
ball,2,13.1,Adelaide Strikers,MG Neser,J Botha,DJ Pattinson,2,0,"",""
ball,2,13.2,Adelaide Strikers,MG Neser,J Botha,DJ Pattinson,1,0,"",""
ball,2,13.3,Adelaide Strikers,J Botha,MG Neser,DJ Pattinson,2,0,"",""
ball,2,13.4,Adelaide Strikers,J Botha,MG Neser,DJ Pattinson,2,0,"",""
ball,2,13.5,Adelaide Strikers,J Botha,MG Neser,DJ Pattinson,1,0,"",""
ball,2,13.6,Adelaide Strikers,MG Neser,J Botha,DJ Pattinson,4,0,"",""
ball,2,14.1,Adelaide Strikers,J Botha,MG Neser,AW O'Brien,0,0,"",""
ball,2,14.2,Adelaide Strikers,J Botha,MG Neser,AW O'Brien,1,0,"",""
ball,2,14.3,Adelaide Strikers,MG Neser,J Botha,AW O'Brien,2,0,"",""
ball,2,14.4,Adelaide Strikers,MG Neser,J Botha,AW O'Brien,1,0,"",""
ball,2,14.5,Adelaide Strikers,J Botha,MG Neser,AW O'Brien,1,0,"",""
ball,2,14.6,Adelaide Strikers,MG Neser,J Botha,AW O'Brien,2,0,"",""
ball,2,15.1,Adelaide Strikers,J Botha,MG Neser,NJ Rimmington,0,0,"",""
ball,2,15.2,Adelaide Strikers,J Botha,MG Neser,NJ Rimmington,0,1,"",""
ball,2,15.3,Adelaide Strikers,MG Neser,J Botha,NJ Rimmington,2,0,"",""
ball,2,15.4,Adelaide Strikers,MG Neser,J Botha,NJ Rimmington,1,0,"",""
ball,2,15.5,Adelaide Strikers,J Botha,MG Neser,NJ Rimmington,6,0,"",""
ball,2,15.6,Adelaide Strikers,J Botha,MG Neser,NJ Rimmington,1,0,"",""
ball,2,16.1,Adelaide Strikers,J Botha,MG Neser,M Muralitharan,1,0,"",""
ball,2,16.2,Adelaide Strikers,MG Neser,J Botha,M Muralitharan,0,1,"",""
ball,2,16.3,Adelaide Strikers,J Botha,MG Neser,M Muralitharan,1,0,"",""
ball,2,16.4,Adelaide Strikers,MG Neser,J Botha,M Muralitharan,0,0,"",""
ball,2,16.5,Adelaide Strikers,MG Neser,J Botha,M Muralitharan,0,0,"",""
ball,2,16.6,Adelaide Strikers,MG Neser,J Botha,M Muralitharan,0,0,"",""
ball,2,17.1,Adelaide Strikers,J Botha,MG Neser,MN Samuels,0,0,caught,J Botha
ball,2,17.2,Adelaide Strikers,KW Richardson,MG Neser,MN Samuels,0,0,caught,KW Richardson
ball,2,17.3,Adelaide Strikers,MG Neser,BE Young,MN Samuels,1,0,"",""
ball,2,17.4,Adelaide Strikers,BE Young,MG Neser,MN Samuels,2,0,"",""
ball,2,17.5,Adelaide Strikers,BE Young,MG Neser,MN Samuels,1,0,"",""
ball,2,17.6,Adelaide Strikers,MG Neser,BE Young,MN Samuels,6,0,"",""
ball,2,18.1,Adelaide Strikers,BE Young,MG Neser,WD Sheridan,0,0,bowled,BE Young
ball,2,18.2,Adelaide Strikers,GD Putland,MG Neser,WD Sheridan,0,1,"",""
ball,2,18.3,Adelaide Strikers,MG Neser,GD Putland,WD Sheridan,1,0,run out,GD Putland
