version,1.3.0
info,team,Adelaide Strikers
info,team,Perth Scorchers
info,gender,male
info,season,2012/13
info,date,2013/01/10
info,competition,Big Bash League
info,venue,Adelaide Oval
info,city,
info,toss_winner,Perth Scorchers
info,toss_decision,bat
info,player_of_match,SE Marsh
info,umpire,MD Martell
info,umpire,P Wilson
info,tv_umpire,SJ Nogajski
info,match_referee,DJ Burns
info,winner,Perth Scorchers
info,winner_runs,98
ball,1,0.1,Perth Scorchers,SE Marsh,HH Gibbs,BE Young,0,0,"",""
ball,1,0.2,Perth Scorchers,SE Marsh,HH Gibbs,BE Young,0,0,"",""
ball,1,0.3,Perth Scorchers,SE Marsh,HH Gibbs,BE Young,0,0,"",""
ball,1,0.4,Perth Scorchers,SE Marsh,HH Gibbs,BE Young,4,0,"",""
ball,1,0.5,Perth Scorchers,SE Marsh,HH Gibbs,BE Young,1,0,"",""
ball,1,0.6,Perth Scorchers,HH Gibbs,SE Marsh,BE Young,0,0,"",""
ball,1,1.1,Perth Scorchers,SE Marsh,HH Gibbs,NM Lyon,4,0,"",""
ball,1,1.2,Perth Scorchers,SE Marsh,HH Gibbs,NM Lyon,4,0,"",""
ball,1,1.3,Perth Scorchers,SE Marsh,HH Gibbs,NM Lyon,4,0,"",""
ball,1,1.4,Perth Scorchers,SE Marsh,HH Gibbs,NM Lyon,1,0,"",""
ball,1,1.5,Perth Scorchers,HH Gibbs,SE Marsh,NM Lyon,0,0,"",""
ball,1,1.6,Perth Scorchers,HH Gibbs,SE Marsh,NM Lyon,4,0,"",""
ball,1,2.1,Perth Scorchers,SE Marsh,HH Gibbs,BE Young,0,0,"",""
ball,1,2.2,Perth Scorchers,SE Marsh,HH Gibbs,BE Young,0,0,"",""
ball,1,2.3,Perth Scorchers,SE Marsh,HH Gibbs,BE Young,0,0,"",""
ball,1,2.4,Perth Scorchers,SE Marsh,HH Gibbs,BE Young,0,0,"",""
ball,1,2.5,Perth Scorchers,SE Marsh,HH Gibbs,BE Young,1,0,"",""
ball,1,2.6,Perth Scorchers,HH Gibbs,SE Marsh,BE Young,0,0,"",""
ball,1,3.1,Perth Scorchers,SE Marsh,HH Gibbs,SW Tait,0,0,"",""
ball,1,3.2,Perth Scorchers,SE Marsh,HH Gibbs,SW Tait,0,0,"",""
ball,1,3.3,Perth Scorchers,SE Marsh,HH Gibbs,SW Tait,1,0,"",""
ball,1,3.4,Perth Scorchers,HH Gibbs,SE Marsh,SW Tait,0,0,"",""
ball,1,3.5,Perth Scorchers,HH Gibbs,SE Marsh,SW Tait,0,0,"",""
ball,1,3.6,Perth Scorchers,HH Gibbs,SE Marsh,SW Tait,1,0,"",""
ball,1,4.1,Perth Scorchers,HH Gibbs,SE Marsh,BE Young,6,0,"",""
ball,1,4.2,Perth Scorchers,HH Gibbs,SE Marsh,BE Young,2,0,"",""
ball,1,4.3,Perth Scorchers,HH Gibbs,SE Marsh,BE Young,4,0,"",""
ball,1,4.4,Perth Scorchers,HH Gibbs,SE Marsh,BE Young,4,0,"",""
ball,1,4.5,Perth Scorchers,HH Gibbs,SE Marsh,BE Young,1,0,"",""
ball,1,4.6,Perth Scorchers,SE Marsh,HH Gibbs,BE Young,0,0,"",""
ball,1,5.1,Perth Scorchers,HH Gibbs,SE Marsh,KW Richardson,1,0,"",""
ball,1,5.2,Perth Scorchers,SE Marsh,HH Gibbs,KW Richardson,4,0,"",""
ball,1,5.3,Perth Scorchers,SE Marsh,HH Gibbs,KW Richardson,0,0,"",""
ball,1,5.4,Perth Scorchers,SE Marsh,HH Gibbs,KW Richardson,1,0,"",""
ball,1,5.5,Perth Scorchers,HH Gibbs,SE Marsh,KW Richardson,1,0,"",""
ball,1,5.6,Perth Scorchers,SE Marsh,HH Gibbs,KW Richardson,0,0,"",""
ball,1,6.1,Perth Scorchers,HH Gibbs,SE Marsh,CJ Boyce,4,0,"",""
ball,1,6.2,Perth Scorchers,HH Gibbs,SE Marsh,CJ Boyce,0,0,"",""
ball,1,6.3,Perth Scorchers,HH Gibbs,SE Marsh,CJ Boyce,1,0,"",""
ball,1,6.4,Perth Scorchers,SE Marsh,HH Gibbs,CJ Boyce,0,0,"",""
ball,1,6.5,Perth Scorchers,SE Marsh,HH Gibbs,CJ Boyce,1,0,"",""
ball,1,6.6,Perth Scorchers,HH Gibbs,SE Marsh,CJ Boyce,1,0,"",""
ball,1,7.1,Perth Scorchers,HH Gibbs,SE Marsh,J Botha,0,0,"",""
ball,1,7.2,Perth Scorchers,HH Gibbs,SE Marsh,J Botha,0,0,"",""
ball,1,7.3,Perth Scorchers,HH Gibbs,SE Marsh,J Botha,2,0,"",""
ball,1,7.4,Perth Scorchers,HH Gibbs,SE Marsh,J Botha,2,0,"",""
ball,1,7.5,Perth Scorchers,HH Gibbs,SE Marsh,J Botha,1,0,"",""
ball,1,7.6,Perth Scorchers,SE Marsh,HH Gibbs,J Botha,1,0,"",""
ball,1,8.1,Perth Scorchers,SE Marsh,HH Gibbs,CJ Boyce,1,0,"",""
ball,1,8.2,Perth Scorchers,HH Gibbs,SE Marsh,CJ Boyce,6,0,"",""
ball,1,8.3,Perth Scorchers,HH Gibbs,SE Marsh,CJ Boyce,1,0,"",""
ball,1,8.4,Perth Scorchers,SE Marsh,HH Gibbs,CJ Boyce,1,0,"",""
ball,1,8.5,Perth Scorchers,HH Gibbs,SE Marsh,CJ Boyce,1,0,"",""
ball,1,8.6,Perth Scorchers,SE Marsh,HH Gibbs,CJ Boyce,1,0,"",""
ball,1,9.1,Perth Scorchers,SE Marsh,HH Gibbs,J Botha,0,0,"",""
ball,1,9.2,Perth Scorchers,SE Marsh,HH Gibbs,J Botha,1,0,"",""
ball,1,9.3,Perth Scorchers,HH Gibbs,SE Marsh,J Botha,1,0,"",""
ball,1,9.4,Perth Scorchers,SE Marsh,HH Gibbs,J Botha,1,0,"",""
ball,1,9.5,Perth Scorchers,HH Gibbs,SE Marsh,J Botha,1,0,"",""
ball,1,9.6,Perth Scorchers,SE Marsh,HH Gibbs,J Botha,1,0,"",""
ball,1,10.1,Perth Scorchers,SE Marsh,HH Gibbs,KW Richardson,1,0,"",""
ball,1,10.2,Perth Scorchers,HH Gibbs,SE Marsh,KW Richardson,1,0,"",""
ball,1,10.3,Perth Scorchers,SE Marsh,HH Gibbs,KW Richardson,2,0,"",""
ball,1,10.4,Perth Scorchers,SE Marsh,HH Gibbs,KW Richardson,0,0,"",""
ball,1,10.5,Perth Scorchers,SE Marsh,HH Gibbs,KW Richardson,2,0,"",""
ball,1,10.6,Perth Scorchers,SE Marsh,HH Gibbs,KW Richardson,1,0,"",""
ball,1,11.1,Perth Scorchers,SE Marsh,HH Gibbs,J Botha,1,0,"",""
ball,1,11.2,Perth Scorchers,HH Gibbs,SE Marsh,J Botha,1,0,"",""
ball,1,11.3,Perth Scorchers,SE Marsh,HH Gibbs,J Botha,1,0,"",""
ball,1,11.4,Perth Scorchers,HH Gibbs,SE Marsh,J Botha,2,0,"",""
ball,1,11.5,Perth Scorchers,HH Gibbs,SE Marsh,J Botha,4,0,"",""
ball,1,11.6,Perth Scorchers,HH Gibbs,SE Marsh,J Botha,1,0,"",""
ball,1,12.1,Perth Scorchers,HH Gibbs,SE Marsh,BE Young,0,0,bowled,HH Gibbs
ball,1,12.2,Perth Scorchers,AC Voges,SE Marsh,BE Young,1,0,"",""
ball,1,12.3,Perth Scorchers,SE Marsh,AC Voges,BE Young,2,0,"",""
ball,1,12.4,Perth Scorchers,SE Marsh,AC Voges,BE Young,0,0,"",""
ball,1,12.5,Perth Scorchers,SE Marsh,AC Voges,BE Young,1,0,"",""
ball,1,12.6,Perth Scorchers,AC Voges,SE Marsh,BE Young,1,0,"",""
ball,1,13.1,Perth Scorchers,AC Voges,SE Marsh,SW Tait,0,0,"",""
ball,1,13.2,Perth Scorchers,AC Voges,SE Marsh,SW Tait,0,1,"",""
ball,1,13.3,Perth Scorchers,AC Voges,SE Marsh,SW Tait,1,0,"",""
ball,1,13.4,Perth Scorchers,SE Marsh,AC Voges,SW Tait,0,1,"",""
ball,1,13.5,Perth Scorchers,SE Marsh,AC Voges,SW Tait,1,0,"",""
ball,1,13.6,Perth Scorchers,AC Voges,SE Marsh,SW Tait,2,0,"",""
ball,1,13.7,Perth Scorchers,AC Voges,SE Marsh,SW Tait,4,0,"",""
ball,1,13.8,Perth Scorchers,AC Voges,SE Marsh,SW Tait,4,0,"",""
ball,1,14.1,Perth Scorchers,SE Marsh,AC Voges,CJ Boyce,0,0,"",""
ball,1,14.2,Perth Scorchers,SE Marsh,AC Voges,CJ Boyce,1,0,"",""
ball,1,14.3,Perth Scorchers,AC Voges,SE Marsh,CJ Boyce,1,0,"",""
ball,1,14.4,Perth Scorchers,SE Marsh,AC Voges,CJ Boyce,6,0,"",""
ball,1,14.5,Perth Scorchers,SE Marsh,AC Voges,CJ Boyce,1,0,"",""
ball,1,14.6,Perth Scorchers,AC Voges,SE Marsh,CJ Boyce,1,0,"",""
ball,1,15.1,Perth Scorchers,AC Voges,SE Marsh,J Botha,2,0,"",""
ball,1,15.2,Perth Scorchers,AC Voges,SE Marsh,J Botha,4,0,"",""
ball,1,15.3,Perth Scorchers,AC Voges,SE Marsh,J Botha,1,0,"",""
ball,1,15.4,Perth Scorchers,SE Marsh,AC Voges,J Botha,1,0,"",""
ball,1,15.5,Perth Scorchers,AC Voges,SE Marsh,J Botha,6,0,"",""
ball,1,15.6,Perth Scorchers,AC Voges,SE Marsh,J Botha,2,0,"",""
ball,1,16.1,Perth Scorchers,SE Marsh,AC Voges,KW Richardson,1,0,"",""
ball,1,16.2,Perth Scorchers,AC Voges,SE Marsh,KW Richardson,4,0,"",""
ball,1,16.3,Perth Scorchers,AC Voges,SE Marsh,KW Richardson,1,0,"",""
ball,1,16.4,Perth Scorchers,SE Marsh,AC Voges,KW Richardson,2,0,"",""
ball,1,16.5,Perth Scorchers,SE Marsh,AC Voges,KW Richardson,4,0,"",""
ball,1,16.6,Perth Scorchers,SE Marsh,AC Voges,KW Richardson,2,0,"",""
ball,1,17.1,Perth Scorchers,AC Voges,SE Marsh,SW Tait,1,0,"",""
ball,1,17.2,Perth Scorchers,SE Marsh,AC Voges,SW Tait,1,0,"",""
ball,1,17.3,Perth Scorchers,AC Voges,SE Marsh,SW Tait,0,1,"",""
ball,1,17.4,Perth Scorchers,AC Voges,SE Marsh,SW Tait,0,0,caught,AC Voges
ball,1,17.5,Perth Scorchers,SE Marsh,NM Coulter-Nile,SW Tait,0,0,"",""
ball,1,17.6,Perth Scorchers,SE Marsh,NM Coulter-Nile,SW Tait,0,5,"",""
ball,1,17.7,Perth Scorchers,SE Marsh,NM Coulter-Nile,SW Tait,1,0,"",""
ball,1,17.8,Perth Scorchers,NM Coulter-Nile,SE Marsh,SW Tait,0,1,"",""
ball,1,17.9,Perth Scorchers,NM Coulter-Nile,SE Marsh,SW Tait,0,0,"",""
ball,1,18.1,Perth Scorchers,SE Marsh,NM Coulter-Nile,KW Richardson,0,0,"",""
ball,1,18.2,Perth Scorchers,SE Marsh,NM Coulter-Nile,KW Richardson,4,0,"",""
ball,1,18.3,Perth Scorchers,SE Marsh,NM Coulter-Nile,KW Richardson,6,0,"",""
ball,1,18.4,Perth Scorchers,SE Marsh,NM Coulter-Nile,KW Richardson,4,0,"",""
ball,1,18.5,Perth Scorchers,SE Marsh,NM Coulter-Nile,KW Richardson,0,0,caught,SE Marsh
ball,1,18.6,Perth Scorchers,TIF Triffitt,NM Coulter-Nile,KW Richardson,0,0,bowled,TIF Triffitt
ball,1,19.1,Perth Scorchers,NM Coulter-Nile,MJ North,SW Tait,0,1,"",""
ball,1,19.2,Perth Scorchers,MJ North,NM Coulter-Nile,SW Tait,0,0,"",""
ball,1,19.3,Perth Scorchers,MJ North,NM Coulter-Nile,SW Tait,1,0,"",""
ball,1,19.4,Perth Scorchers,NM Coulter-Nile,MJ North,SW Tait,2,0,"",""
ball,1,19.5,Perth Scorchers,NM Coulter-Nile,MJ North,SW Tait,1,0,"",""
ball,1,19.6,Perth Scorchers,MJ North,NM Coulter-Nile,SW Tait,6,0,"",""
ball,2,0.1,Adelaide Strikers,TM Head,M Klinger,MA Beer,0,0,"",""
ball,2,0.2,Adelaide Strikers,TM Head,M Klinger,MA Beer,4,0,"",""
ball,2,0.3,Adelaide Strikers,TM Head,M Klinger,MA Beer,0,1,"",""
ball,2,0.4,Adelaide Strikers,M Klinger,TM Head,MA Beer,0,0,"",""
ball,2,0.5,Adelaide Strikers,M Klinger,TM Head,MA Beer,0,0,bowled,M Klinger
ball,2,0.6,Adelaide Strikers,TP Ludeman,TM Head,MA Beer,0,0,"",""
ball,2,1.1,Adelaide Strikers,TM Head,TP Ludeman,JP Behrendorff,0,0,"",""
ball,2,1.2,Adelaide Strikers,TM Head,TP Ludeman,JP Behrendorff,0,0,bowled,TM Head
ball,2,1.3,Adelaide Strikers,CJ Ferguson,TP Ludeman,JP Behrendorff,0,0,"",""
ball,2,1.4,Adelaide Strikers,CJ Ferguson,TP Ludeman,JP Behrendorff,1,0,"",""
ball,2,1.5,Adelaide Strikers,TP Ludeman,CJ Ferguson,JP Behrendorff,0,0,"",""
ball,2,1.6,Adelaide Strikers,TP Ludeman,CJ Ferguson,JP Behrendorff,1,0,"",""
ball,2,2.1,Adelaide Strikers,TP Ludeman,CJ Ferguson,MA Beer,1,0,"",""
ball,2,2.2,Adelaide Strikers,CJ Ferguson,TP Ludeman,MA Beer,1,0,"",""
ball,2,2.3,Adelaide Strikers,TP Ludeman,CJ Ferguson,MA Beer,1,0,"",""
ball,2,2.4,Adelaide Strikers,CJ Ferguson,TP Ludeman,MA Beer,1,0,"",""
ball,2,2.5,Adelaide Strikers,TP Ludeman,CJ Ferguson,MA Beer,2,0,"",""
ball,2,2.6,Adelaide Strikers,TP Ludeman,CJ Ferguson,MA Beer,0,0,"",""
ball,2,3.1,Adelaide Strikers,CJ Ferguson,TP Ludeman,JP Behrendorff,4,0,"",""
ball,2,3.2,Adelaide Strikers,CJ Ferguson,TP Ludeman,JP Behrendorff,0,1,"",""
ball,2,3.3,Adelaide Strikers,CJ Ferguson,TP Ludeman,JP Behrendorff,0,0,"",""
ball,2,3.4,Adelaide Strikers,CJ Ferguson,TP Ludeman,JP Behrendorff,1,0,"",""
ball,2,3.5,Adelaide Strikers,TP Ludeman,CJ Ferguson,JP Behrendorff,1,0,"",""
ball,2,3.6,Adelaide Strikers,CJ Ferguson,TP Ludeman,JP Behrendorff,0,0,"",""
ball,2,3.7,Adelaide Strikers,CJ Ferguson,TP Ludeman,JP Behrendorff,1,0,"",""
ball,2,4.1,Adelaide Strikers,CJ Ferguson,TP Ludeman,AC Thomas,1,0,"",""
ball,2,4.2,Adelaide Strikers,TP Ludeman,CJ Ferguson,AC Thomas,0,0,"",""
ball,2,4.3,Adelaide Strikers,TP Ludeman,CJ Ferguson,AC Thomas,0,0,"",""
ball,2,4.4,Adelaide Strikers,TP Ludeman,CJ Ferguson,AC Thomas,0,0,"",""
ball,2,4.5,Adelaide Strikers,TP Ludeman,CJ Ferguson,AC Thomas,2,0,"",""
ball,2,4.6,Adelaide Strikers,TP Ludeman,CJ Ferguson,AC Thomas,1,0,"",""
ball,2,5.1,Adelaide Strikers,TP Ludeman,CJ Ferguson,MA Beer,1,0,"",""
ball,2,5.2,Adelaide Strikers,CJ Ferguson,TP Ludeman,MA Beer,0,0,"",""
ball,2,5.3,Adelaide Strikers,CJ Ferguson,TP Ludeman,MA Beer,0,0,"",""
ball,2,5.4,Adelaide Strikers,CJ Ferguson,TP Ludeman,MA Beer,1,0,"",""
ball,2,5.5,Adelaide Strikers,TP Ludeman,CJ Ferguson,MA Beer,0,0,"",""
ball,2,5.6,Adelaide Strikers,TP Ludeman,CJ Ferguson,MA Beer,1,0,"",""
ball,2,6.1,Adelaide Strikers,TP Ludeman,CJ Ferguson,NM Coulter-Nile,0,0,caught,TP Ludeman
ball,2,6.2,Adelaide Strikers,NJ Reardon,CJ Ferguson,NM Coulter-Nile,0,0,"",""
ball,2,6.3,Adelaide Strikers,NJ Reardon,CJ Ferguson,NM Coulter-Nile,0,1,"",""
ball,2,6.4,Adelaide Strikers,CJ Ferguson,NJ Reardon,NM Coulter-Nile,1,0,"",""
ball,2,6.5,Adelaide Strikers,NJ Reardon,CJ Ferguson,NM Coulter-Nile,0,0,"",""
ball,2,6.6,Adelaide Strikers,NJ Reardon,CJ Ferguson,NM Coulter-Nile,0,0,caught and bowled,NJ Reardon
ball,2,7.1,Adelaide Strikers,CJ Ferguson,J Botha,GB Hogg,0,0,"",""
ball,2,7.2,Adelaide Strikers,CJ Ferguson,J Botha,GB Hogg,0,0,"",""
ball,2,7.3,Adelaide Strikers,CJ Ferguson,J Botha,GB Hogg,1,0,"",""
ball,2,7.4,Adelaide Strikers,J Botha,CJ Ferguson,GB Hogg,4,0,"",""
ball,2,7.5,Adelaide Strikers,J Botha,CJ Ferguson,GB Hogg,4,0,"",""
ball,2,7.6,Adelaide Strikers,J Botha,CJ Ferguson,GB Hogg,0,0,"",""
ball,2,8.1,Adelaide Strikers,CJ Ferguson,J Botha,NM Coulter-Nile,0,0,caught,CJ Ferguson
ball,2,8.2,Adelaide Strikers,J Botha,KW Richardson,NM Coulter-Nile,1,0,"",""
ball,2,8.3,Adelaide Strikers,KW Richardson,J Botha,NM Coulter-Nile,0,0,"",""
ball,2,8.4,Adelaide Strikers,KW Richardson,J Botha,NM Coulter-Nile,1,0,"",""
ball,2,8.5,Adelaide Strikers,J Botha,KW Richardson,NM Coulter-Nile,4,0,"",""
ball,2,8.6,Adelaide Strikers,J Botha,KW Richardson,NM Coulter-Nile,1,0,"",""
ball,2,9.1,Adelaide Strikers,J Botha,KW Richardson,GB Hogg,0,0,"",""
ball,2,9.2,Adelaide Strikers,J Botha,KW Richardson,GB Hogg,0,0,"",""
ball,2,9.3,Adelaide Strikers,J Botha,KW Richardson,GB Hogg,0,0,"",""
ball,2,9.4,Adelaide Strikers,J Botha,KW Richardson,GB Hogg,0,0,"",""
ball,2,9.5,Adelaide Strikers,J Botha,KW Richardson,GB Hogg,0,0,"",""
ball,2,9.6,Adelaide Strikers,J Botha,KW Richardson,GB Hogg,0,1,"",""
ball,2,9.7,Adelaide Strikers,J Botha,KW Richardson,GB Hogg,1,0,"",""
ball,2,10.1,Adelaide Strikers,J Botha,KW Richardson,NM Coulter-Nile,1,0,"",""
ball,2,10.2,Adelaide Strikers,KW Richardson,J Botha,NM Coulter-Nile,1,0,"",""
ball,2,10.3,Adelaide Strikers,J Botha,KW Richardson,NM Coulter-Nile,0,0,"",""
ball,2,10.4,Adelaide Strikers,J Botha,KW Richardson,NM Coulter-Nile,1,0,"",""
ball,2,10.5,Adelaide Strikers,KW Richardson,J Botha,NM Coulter-Nile,1,0,"",""
ball,2,10.6,Adelaide Strikers,J Botha,KW Richardson,NM Coulter-Nile,0,1,"",""
ball,2,10.7,Adelaide Strikers,J Botha,KW Richardson,NM Coulter-Nile,0,0,"",""
ball,2,11.1,Adelaide Strikers,KW Richardson,J Botha,GB Hogg,4,0,"",""
ball,2,11.2,Adelaide Strikers,KW Richardson,J Botha,GB Hogg,0,0,"",""
ball,2,11.3,Adelaide Strikers,KW Richardson,J Botha,GB Hogg,1,0,"",""
ball,2,11.4,Adelaide Strikers,J Botha,KW Richardson,GB Hogg,0,0,caught,J Botha
ball,2,11.5,Adelaide Strikers,KW Richardson,CJ Boyce,GB Hogg,2,0,"",""
ball,2,11.6,Adelaide Strikers,KW Richardson,CJ Boyce,GB Hogg,0,0,"",""
ball,2,12.1,Adelaide Strikers,CJ Boyce,KW Richardson,JP Behrendorff,1,0,"",""
ball,2,12.2,Adelaide Strikers,KW Richardson,CJ Boyce,JP Behrendorff,4,0,"",""
ball,2,12.3,Adelaide Strikers,KW Richardson,CJ Boyce,JP Behrendorff,1,0,"",""
ball,2,12.4,Adelaide Strikers,CJ Boyce,KW Richardson,JP Behrendorff,0,0,"",""
ball,2,12.5,Adelaide Strikers,CJ Boyce,KW Richardson,JP Behrendorff,1,0,"",""
ball,2,12.6,Adelaide Strikers,KW Richardson,CJ Boyce,JP Behrendorff,2,0,"",""
ball,2,13.1,Adelaide Strikers,CJ Boyce,KW Richardson,GB Hogg,0,0,"",""
ball,2,13.2,Adelaide Strikers,CJ Boyce,KW Richardson,GB Hogg,1,0,"",""
ball,2,13.3,Adelaide Strikers,KW Richardson,CJ Boyce,GB Hogg,0,0,"",""
ball,2,13.4,Adelaide Strikers,KW Richardson,CJ Boyce,GB Hogg,0,0,"",""
ball,2,13.5,Adelaide Strikers,KW Richardson,CJ Boyce,GB Hogg,2,0,"",""
ball,2,13.6,Adelaide Strikers,KW Richardson,CJ Boyce,GB Hogg,1,0,"",""
ball,2,14.1,Adelaide Strikers,KW Richardson,CJ Boyce,AC Thomas,0,0,caught,KW Richardson
ball,2,14.2,Adelaide Strikers,CJ Boyce,NM Lyon,AC Thomas,1,0,"",""
ball,2,14.3,Adelaide Strikers,NM Lyon,CJ Boyce,AC Thomas,1,0,"",""
ball,2,14.4,Adelaide Strikers,CJ Boyce,NM Lyon,AC Thomas,1,0,"",""
ball,2,14.5,Adelaide Strikers,NM Lyon,CJ Boyce,AC Thomas,1,0,"",""
ball,2,14.6,Adelaide Strikers,CJ Boyce,NM Lyon,AC Thomas,0,0,"",""
ball,2,15.1,Adelaide Strikers,NM Lyon,CJ Boyce,MA Beer,0,0,bowled,NM Lyon
ball,2,15.2,Adelaide Strikers,BE Young,CJ Boyce,MA Beer,0,0,"",""
ball,2,15.3,Adelaide Strikers,BE Young,CJ Boyce,MA Beer,0,0,"",""
ball,2,15.4,Adelaide Strikers,BE Young,CJ Boyce,MA Beer,1,0,"",""
ball,2,15.5,Adelaide Strikers,CJ Boyce,BE Young,MA Beer,0,0,"",""
ball,2,15.6,Adelaide Strikers,CJ Boyce,BE Young,MA Beer,0,0,"",""
ball,2,16.1,Adelaide Strikers,BE Young,CJ Boyce,AC Thomas,1,0,"",""
ball,2,16.2,Adelaide Strikers,CJ Boyce,BE Young,AC Thomas,1,0,"",""
ball,2,16.3,Adelaide Strikers,BE Young,CJ Boyce,AC Thomas,1,0,"",""
ball,2,16.4,Adelaide Strikers,CJ Boyce,BE Young,AC Thomas,1,0,"",""
ball,2,16.5,Adelaide Strikers,BE Young,CJ Boyce,AC Thomas,1,0,"",""
ball,2,16.6,Adelaide Strikers,CJ Boyce,BE Young,AC Thomas,0,0,caught,CJ Boyce
ball,2,17.1,Adelaide Strikers,SW Tait,BE Young,JP Behrendorff,1,0,"",""
ball,2,17.2,Adelaide Strikers,BE Young,SW Tait,JP Behrendorff,0,0,"",""
ball,2,17.3,Adelaide Strikers,BE Young,SW Tait,JP Behrendorff,1,0,"",""
ball,2,17.4,Adelaide Strikers,SW Tait,BE Young,JP Behrendorff,1,0,"",""
ball,2,17.5,Adelaide Strikers,BE Young,SW Tait,JP Behrendorff,0,1,"",""
ball,2,17.6,Adelaide Strikers,BE Young,SW Tait,JP Behrendorff,2,0,"",""
ball,2,17.7,Adelaide Strikers,BE Young,SW Tait,JP Behrendorff,1,0,"",""
ball,2,18.1,Adelaide Strikers,BE Young,SW Tait,AC Thomas,0,0,"",""
ball,2,18.2,Adelaide Strikers,BE Young,SW Tait,AC Thomas,1,0,"",""
ball,2,18.3,Adelaide Strikers,SW Tait,BE Young,AC Thomas,0,0,bowled,SW Tait
