version,1.3.0
info,team,Perth Scorchers
info,team,Sydney Thunder
info,gender,male
info,season,2013/14
info,date,2014/01/03
info,competition,Big Bash League
info,venue,Western Australia Cricket Association Ground
info,city,Perth
info,toss_winner,Sydney Thunder
info,toss_decision,bat
info,player_of_match,SM Katich
info,umpire,GC Joshua
info,umpire,DB Mealey
info,reserve_umpire,NR Johnstone
info,tv_umpire,SJ Nogajski
info,match_referee,RW Stratford
info,winner,Perth Scorchers
info,winner_wickets,6
ball,1,0.1,Sydney Thunder,DP Hughes,TM Dilshan,AC Thomas,4,0,"",""
ball,1,0.2,Sydney Thunder,DP Hughes,TM Dilshan,AC Thomas,0,0,"",""
ball,1,0.3,Sydney Thunder,DP Hughes,TM Dilshan,AC Thomas,0,0,"",""
ball,1,0.4,Sydney Thunder,DP Hughes,TM Dilshan,AC Thomas,0,0,"",""
ball,1,0.5,Sydney Thunder,DP Hughes,TM Dilshan,AC Thomas,0,0,"",""
ball,1,0.6,Sydney Thunder,DP Hughes,TM Dilshan,AC Thomas,1,0,"",""
ball,1,1.1,Sydney Thunder,DP Hughes,TM Dilshan,JP Behrendorff,0,0,"",""
ball,1,1.2,Sydney Thunder,DP Hughes,TM Dilshan,JP Behrendorff,0,0,"",""
ball,1,1.3,Sydney Thunder,DP Hughes,TM Dilshan,JP Behrendorff,4,0,"",""
ball,1,1.4,Sydney Thunder,DP Hughes,TM Dilshan,JP Behrendorff,1,0,"",""
ball,1,1.5,Sydney Thunder,TM Dilshan,DP Hughes,JP Behrendorff,0,0,"",""
ball,1,1.6,Sydney Thunder,TM Dilshan,DP Hughes,JP Behrendorff,0,0,"",""
ball,1,2.1,Sydney Thunder,DP Hughes,TM Dilshan,AC Thomas,4,0,"",""
ball,1,2.2,Sydney Thunder,DP Hughes,TM Dilshan,AC Thomas,1,0,"",""
ball,1,2.3,Sydney Thunder,TM Dilshan,DP Hughes,AC Thomas,4,0,"",""
ball,1,2.4,Sydney Thunder,TM Dilshan,DP Hughes,AC Thomas,2,0,"",""
ball,1,2.5,Sydney Thunder,TM Dilshan,DP Hughes,AC Thomas,4,0,"",""
ball,1,2.6,Sydney Thunder,TM Dilshan,DP Hughes,AC Thomas,4,0,"",""
ball,1,3.1,Sydney Thunder,DP Hughes,TM Dilshan,JP Behrendorff,4,0,"",""
ball,1,3.2,Sydney Thunder,DP Hughes,TM Dilshan,JP Behrendorff,4,0,"",""
ball,1,3.3,Sydney Thunder,DP Hughes,TM Dilshan,JP Behrendorff,0,0,"",""
ball,1,3.4,Sydney Thunder,DP Hughes,TM Dilshan,JP Behrendorff,1,0,"",""
ball,1,3.5,Sydney Thunder,TM Dilshan,DP Hughes,JP Behrendorff,0,0,lbw,TM Dilshan
ball,1,3.6,Sydney Thunder,MEK Hussey,DP Hughes,JP Behrendorff,1,0,"",""
ball,1,4.1,Sydney Thunder,MEK Hussey,DP Hughes,Yasir Arafat,1,0,"",""
ball,1,4.2,Sydney Thunder,DP Hughes,MEK Hussey,Yasir Arafat,0,0,"",""
ball,1,4.3,Sydney Thunder,DP Hughes,MEK Hussey,Yasir Arafat,0,0,"",""
ball,1,4.4,Sydney Thunder,DP Hughes,MEK Hussey,Yasir Arafat,0,0,caught,DP Hughes
ball,1,4.5,Sydney Thunder,EJG Morgan,MEK Hussey,Yasir Arafat,0,0,"",""
ball,1,4.6,Sydney Thunder,EJG Morgan,MEK Hussey,Yasir Arafat,0,0,"",""
ball,1,5.1,Sydney Thunder,MEK Hussey,EJG Morgan,JP Behrendorff,0,0,"",""
ball,1,5.2,Sydney Thunder,MEK Hussey,EJG Morgan,JP Behrendorff,0,0,"",""
ball,1,5.3,Sydney Thunder,MEK Hussey,EJG Morgan,JP Behrendorff,1,0,"",""
ball,1,5.4,Sydney Thunder,EJG Morgan,MEK Hussey,JP Behrendorff,0,0,"",""
ball,1,5.5,Sydney Thunder,EJG Morgan,MEK Hussey,JP Behrendorff,0,0,"",""
ball,1,5.6,Sydney Thunder,EJG Morgan,MEK Hussey,JP Behrendorff,0,0,"",""
ball,1,6.1,Sydney Thunder,MEK Hussey,EJG Morgan,Yasir Arafat,0,0,"",""
ball,1,6.2,Sydney Thunder,MEK Hussey,EJG Morgan,Yasir Arafat,1,0,"",""
ball,1,6.3,Sydney Thunder,EJG Morgan,MEK Hussey,Yasir Arafat,1,0,"",""
ball,1,6.4,Sydney Thunder,MEK Hussey,EJG Morgan,Yasir Arafat,0,0,"",""
ball,1,6.5,Sydney Thunder,MEK Hussey,EJG Morgan,Yasir Arafat,1,0,"",""
ball,1,6.6,Sydney Thunder,EJG Morgan,MEK Hussey,Yasir Arafat,1,0,"",""
ball,1,7.1,Sydney Thunder,EJG Morgan,MEK Hussey,JP Behrendorff,1,0,"",""
ball,1,7.2,Sydney Thunder,MEK Hussey,EJG Morgan,JP Behrendorff,1,0,"",""
ball,1,7.3,Sydney Thunder,EJG Morgan,MEK Hussey,JP Behrendorff,4,0,"",""
ball,1,7.4,Sydney Thunder,EJG Morgan,MEK Hussey,JP Behrendorff,1,0,"",""
ball,1,7.5,Sydney Thunder,MEK Hussey,EJG Morgan,JP Behrendorff,0,1,"",""
ball,1,7.6,Sydney Thunder,MEK Hussey,EJG Morgan,JP Behrendorff,0,0,"",""
ball,1,7.7,Sydney Thunder,MEK Hussey,EJG Morgan,JP Behrendorff,1,0,"",""
ball,1,8.1,Sydney Thunder,MEK Hussey,EJG Morgan,MR Marsh,0,0,"",""
ball,1,8.2,Sydney Thunder,MEK Hussey,EJG Morgan,MR Marsh,0,0,"",""
ball,1,8.3,Sydney Thunder,MEK Hussey,EJG Morgan,MR Marsh,2,0,"",""
ball,1,8.4,Sydney Thunder,MEK Hussey,EJG Morgan,MR Marsh,1,0,"",""
ball,1,8.5,Sydney Thunder,EJG Morgan,MEK Hussey,MR Marsh,4,0,"",""
ball,1,8.6,Sydney Thunder,EJG Morgan,MEK Hussey,MR Marsh,1,0,"",""
ball,1,9.1,Sydney Thunder,EJG Morgan,MEK Hussey,AJ Turner,1,0,"",""
ball,1,9.2,Sydney Thunder,MEK Hussey,EJG Morgan,AJ Turner,1,0,"",""
ball,1,9.3,Sydney Thunder,EJG Morgan,MEK Hussey,AJ Turner,4,0,"",""
ball,1,9.4,Sydney Thunder,EJG Morgan,MEK Hussey,AJ Turner,1,0,"",""
ball,1,9.5,Sydney Thunder,MEK Hussey,EJG Morgan,AJ Turner,2,0,"",""
ball,1,9.6,Sydney Thunder,MEK Hussey,EJG Morgan,AJ Turner,0,0,"",""
ball,1,10.1,Sydney Thunder,EJG Morgan,MEK Hussey,MR Marsh,6,0,"",""
ball,1,10.2,Sydney Thunder,EJG Morgan,MEK Hussey,MR Marsh,1,0,"",""
ball,1,10.3,Sydney Thunder,MEK Hussey,EJG Morgan,MR Marsh,0,0,caught,MEK Hussey
ball,1,10.4,Sydney Thunder,EJG Morgan,KR Patterson,MR Marsh,0,1,"",""
ball,1,10.5,Sydney Thunder,KR Patterson,EJG Morgan,MR Marsh,1,0,"",""
ball,1,10.6,Sydney Thunder,EJG Morgan,KR Patterson,MR Marsh,0,1,"",""
ball,1,10.7,Sydney Thunder,EJG Morgan,KR Patterson,MR Marsh,0,0,"",""
ball,1,11.1,Sydney Thunder,KR Patterson,EJG Morgan,GB Hogg,1,0,"",""
ball,1,11.2,Sydney Thunder,EJG Morgan,KR Patterson,GB Hogg,0,1,"",""
ball,1,11.3,Sydney Thunder,KR Patterson,EJG Morgan,GB Hogg,0,2,"",""
ball,1,11.4,Sydney Thunder,KR Patterson,EJG Morgan,GB Hogg,0,0,bowled,KR Patterson
ball,1,11.5,Sydney Thunder,JS Floros,EJG Morgan,GB Hogg,1,0,"",""
ball,1,11.6,Sydney Thunder,EJG Morgan,JS Floros,GB Hogg,1,0,"",""
ball,1,12.1,Sydney Thunder,EJG Morgan,JS Floros,MR Marsh,4,0,"",""
ball,1,12.2,Sydney Thunder,EJG Morgan,JS Floros,MR Marsh,4,0,"",""
ball,1,12.3,Sydney Thunder,EJG Morgan,JS Floros,MR Marsh,1,0,"",""
ball,1,12.4,Sydney Thunder,JS Floros,EJG Morgan,MR Marsh,0,0,"",""
ball,1,12.5,Sydney Thunder,JS Floros,EJG Morgan,MR Marsh,1,0,"",""
ball,1,12.6,Sydney Thunder,EJG Morgan,JS Floros,MR Marsh,0,0,"",""
ball,1,13.1,Sydney Thunder,JS Floros,EJG Morgan,GB Hogg,0,0,"",""
ball,1,13.2,Sydney Thunder,JS Floros,EJG Morgan,GB Hogg,1,0,"",""
ball,1,13.3,Sydney Thunder,EJG Morgan,JS Floros,GB Hogg,4,0,"",""
ball,1,13.4,Sydney Thunder,EJG Morgan,JS Floros,GB Hogg,1,0,"",""
ball,1,13.5,Sydney Thunder,JS Floros,EJG Morgan,GB Hogg,1,0,"",""
ball,1,13.6,Sydney Thunder,EJG Morgan,JS Floros,GB Hogg,1,0,"",""
ball,1,14.1,Sydney Thunder,EJG Morgan,JS Floros,MR Marsh,6,1,"",""
ball,1,14.2,Sydney Thunder,EJG Morgan,JS Floros,MR Marsh,0,1,"",""
ball,1,14.3,Sydney Thunder,EJG Morgan,JS Floros,MR Marsh,0,0,run out,EJG Morgan
ball,1,14.4,Sydney Thunder,RGL Carters,JS Floros,MR Marsh,0,0,"",""
ball,1,14.5,Sydney Thunder,RGL Carters,JS Floros,MR Marsh,1,0,"",""
ball,1,14.6,Sydney Thunder,JS Floros,RGL Carters,MR Marsh,0,0,"",""
ball,1,14.7,Sydney Thunder,JS Floros,RGL Carters,MR Marsh,1,0,"",""
ball,1,14.8,Sydney Thunder,RGL Carters,JS Floros,MR Marsh,0,0,"",""
ball,1,15.1,Sydney Thunder,JS Floros,RGL Carters,GB Hogg,0,0,"",""
ball,1,15.2,Sydney Thunder,JS Floros,RGL Carters,GB Hogg,1,0,"",""
ball,1,15.3,Sydney Thunder,RGL Carters,JS Floros,GB Hogg,0,0,bowled,RGL Carters
ball,1,15.4,Sydney Thunder,GS Sandhu,JS Floros,GB Hogg,0,0,"",""
ball,1,15.5,Sydney Thunder,GS Sandhu,JS Floros,GB Hogg,1,0,"",""
ball,1,15.6,Sydney Thunder,JS Floros,GS Sandhu,GB Hogg,1,0,"",""
ball,1,16.1,Sydney Thunder,JS Floros,GS Sandhu,Yasir Arafat,6,0,"",""
ball,1,16.2,Sydney Thunder,JS Floros,GS Sandhu,Yasir Arafat,1,0,"",""
ball,1,16.3,Sydney Thunder,GS Sandhu,JS Floros,Yasir Arafat,0,0,"",""
ball,1,16.4,Sydney Thunder,GS Sandhu,JS Floros,Yasir Arafat,0,0,"",""
ball,1,16.5,Sydney Thunder,GS Sandhu,JS Floros,Yasir Arafat,0,0,"",""
ball,1,16.6,Sydney Thunder,GS Sandhu,JS Floros,Yasir Arafat,0,0,"",""
ball,1,17.1,Sydney Thunder,JS Floros,GS Sandhu,GB Hogg,0,1,"",""
ball,1,17.2,Sydney Thunder,GS Sandhu,JS Floros,GB Hogg,1,0,"",""
ball,1,17.3,Sydney Thunder,JS Floros,GS Sandhu,GB Hogg,0,1,"",""
ball,1,17.4,Sydney Thunder,GS Sandhu,JS Floros,GB Hogg,0,1,"",""
ball,1,17.5,Sydney Thunder,JS Floros,GS Sandhu,GB Hogg,4,0,"",""
ball,1,17.6,Sydney Thunder,JS Floros,GS Sandhu,GB Hogg,1,0,"",""
ball,1,18.1,Sydney Thunder,JS Floros,GS Sandhu,Yasir Arafat,1,0,"",""
ball,1,18.2,Sydney Thunder,GS Sandhu,JS Floros,Yasir Arafat,1,0,"",""
ball,1,18.3,Sydney Thunder,JS Floros,GS Sandhu,Yasir Arafat,1,0,"",""
ball,1,18.4,Sydney Thunder,GS Sandhu,JS Floros,Yasir Arafat,1,0,"",""
ball,1,18.5,Sydney Thunder,JS Floros,GS Sandhu,Yasir Arafat,6,0,"",""
ball,1,18.6,Sydney Thunder,JS Floros,GS Sandhu,Yasir Arafat,4,0,"",""
ball,1,19.1,Sydney Thunder,GS Sandhu,JS Floros,AC Thomas,1,0,"",""
ball,1,19.2,Sydney Thunder,JS Floros,GS Sandhu,AC Thomas,4,0,"",""
ball,1,19.3,Sydney Thunder,JS Floros,GS Sandhu,AC Thomas,1,0,"",""
ball,1,19.4,Sydney Thunder,GS Sandhu,JS Floros,AC Thomas,1,0,"",""
ball,1,19.5,Sydney Thunder,JS Floros,GS Sandhu,AC Thomas,1,0,"",""
ball,1,19.6,Sydney Thunder,GS Sandhu,JS Floros,AC Thomas,1,0,"",""
ball,2,0.1,Perth Scorchers,CJ Simmons,SE Marsh,TM Dilshan,0,0,"",""
ball,2,0.2,Perth Scorchers,CJ Simmons,SE Marsh,TM Dilshan,0,0,"",""
ball,2,0.3,Perth Scorchers,CJ Simmons,SE Marsh,TM Dilshan,1,0,"",""
ball,2,0.4,Perth Scorchers,SE Marsh,CJ Simmons,TM Dilshan,1,0,"",""
ball,2,0.5,Perth Scorchers,CJ Simmons,SE Marsh,TM Dilshan,0,0,"",""
ball,2,0.6,Perth Scorchers,CJ Simmons,SE Marsh,TM Dilshan,4,0,"",""
ball,2,1.1,Perth Scorchers,SE Marsh,CJ Simmons,GS Sandhu,4,0,"",""
ball,2,1.2,Perth Scorchers,SE Marsh,CJ Simmons,GS Sandhu,1,0,"",""
ball,2,1.3,Perth Scorchers,CJ Simmons,SE Marsh,GS Sandhu,0,0,"",""
ball,2,1.4,Perth Scorchers,CJ Simmons,SE Marsh,GS Sandhu,1,0,"",""
ball,2,1.5,Perth Scorchers,SE Marsh,CJ Simmons,GS Sandhu,4,0,"",""
ball,2,1.6,Perth Scorchers,SE Marsh,CJ Simmons,GS Sandhu,0,0,"",""
ball,2,2.1,Perth Scorchers,CJ Simmons,SE Marsh,DP Nannes,1,0,"",""
ball,2,2.2,Perth Scorchers,SE Marsh,CJ Simmons,DP Nannes,0,0,"",""
ball,2,2.3,Perth Scorchers,SE Marsh,CJ Simmons,DP Nannes,0,0,"",""
ball,2,2.4,Perth Scorchers,SE Marsh,CJ Simmons,DP Nannes,0,0,"",""
ball,2,2.5,Perth Scorchers,SE Marsh,CJ Simmons,DP Nannes,1,0,"",""
ball,2,2.6,Perth Scorchers,CJ Simmons,SE Marsh,DP Nannes,1,0,"",""
ball,2,3.1,Perth Scorchers,CJ Simmons,SE Marsh,CP Tremain,0,0,"",""
ball,2,3.2,Perth Scorchers,CJ Simmons,SE Marsh,CP Tremain,0,0,"",""
ball,2,3.3,Perth Scorchers,CJ Simmons,SE Marsh,CP Tremain,0,0,"",""
ball,2,3.4,Perth Scorchers,CJ Simmons,SE Marsh,CP Tremain,0,0,"",""
ball,2,3.5,Perth Scorchers,CJ Simmons,SE Marsh,CP Tremain,1,0,"",""
ball,2,3.6,Perth Scorchers,SE Marsh,CJ Simmons,CP Tremain,0,0,"",""
ball,2,4.1,Perth Scorchers,CJ Simmons,SE Marsh,DP Nannes,0,0,caught,CJ Simmons
ball,2,4.2,Perth Scorchers,SM Katich,SE Marsh,DP Nannes,1,0,"",""
ball,2,4.3,Perth Scorchers,SE Marsh,SM Katich,DP Nannes,3,0,"",""
ball,2,4.4,Perth Scorchers,SM Katich,SE Marsh,DP Nannes,1,1,"",""
ball,2,4.5,Perth Scorchers,SE Marsh,SM Katich,DP Nannes,4,0,"",""
ball,2,4.6,Perth Scorchers,SE Marsh,SM Katich,DP Nannes,2,0,"",""
ball,2,4.7,Perth Scorchers,SE Marsh,SM Katich,DP Nannes,0,0,"",""
ball,2,5.1,Perth Scorchers,SM Katich,SE Marsh,CP Tremain,6,0,"",""
ball,2,5.2,Perth Scorchers,SM Katich,SE Marsh,CP Tremain,0,1,"",""
ball,2,5.3,Perth Scorchers,SM Katich,SE Marsh,CP Tremain,2,0,"",""
ball,2,5.4,Perth Scorchers,SM Katich,SE Marsh,CP Tremain,4,0,"",""
ball,2,5.5,Perth Scorchers,SM Katich,SE Marsh,CP Tremain,4,0,"",""
ball,2,5.6,Perth Scorchers,SM Katich,SE Marsh,CP Tremain,1,0,"",""
ball,2,5.7,Perth Scorchers,SE Marsh,SM Katich,CP Tremain,0,0,caught,SE Marsh
ball,2,6.1,Perth Scorchers,SM Katich,AC Voges,TM Dilshan,1,0,"",""
ball,2,6.2,Perth Scorchers,AC Voges,SM Katich,TM Dilshan,0,0,"",""
ball,2,6.3,Perth Scorchers,AC Voges,SM Katich,TM Dilshan,1,0,"",""
ball,2,6.4,Perth Scorchers,SM Katich,AC Voges,TM Dilshan,1,0,"",""
ball,2,6.5,Perth Scorchers,AC Voges,SM Katich,TM Dilshan,1,0,"",""
ball,2,6.6,Perth Scorchers,SM Katich,AC Voges,TM Dilshan,6,0,"",""
ball,2,7.1,Perth Scorchers,AC Voges,SM Katich,JS Floros,1,0,"",""
ball,2,7.2,Perth Scorchers,SM Katich,AC Voges,JS Floros,0,1,"",""
ball,2,7.3,Perth Scorchers,AC Voges,SM Katich,JS Floros,2,0,"",""
ball,2,7.4,Perth Scorchers,AC Voges,SM Katich,JS Floros,1,0,"",""
ball,2,7.5,Perth Scorchers,SM Katich,AC Voges,JS Floros,4,0,"",""
ball,2,7.6,Perth Scorchers,SM Katich,AC Voges,JS Floros,1,0,"",""
ball,2,8.1,Perth Scorchers,SM Katich,AC Voges,LW Feldman,0,1,"",""
ball,2,8.2,Perth Scorchers,SM Katich,AC Voges,LW Feldman,0,0,"",""
ball,2,8.3,Perth Scorchers,SM Katich,AC Voges,LW Feldman,2,0,"",""
ball,2,8.4,Perth Scorchers,SM Katich,AC Voges,LW Feldman,2,0,"",""
ball,2,8.5,Perth Scorchers,SM Katich,AC Voges,LW Feldman,2,0,"",""
ball,2,8.6,Perth Scorchers,SM Katich,AC Voges,LW Feldman,1,0,"",""
ball,2,8.7,Perth Scorchers,AC Voges,SM Katich,LW Feldman,0,0,"",""
ball,2,9.1,Perth Scorchers,SM Katich,AC Voges,GS Sandhu,1,0,"",""
ball,2,9.2,Perth Scorchers,AC Voges,SM Katich,GS Sandhu,1,0,"",""
ball,2,9.3,Perth Scorchers,SM Katich,AC Voges,GS Sandhu,1,0,"",""
ball,2,9.4,Perth Scorchers,AC Voges,SM Katich,GS Sandhu,0,0,"",""
ball,2,9.5,Perth Scorchers,AC Voges,SM Katich,GS Sandhu,0,4,"",""
ball,2,9.6,Perth Scorchers,AC Voges,SM Katich,GS Sandhu,1,0,"",""
ball,2,10.1,Perth Scorchers,AC Voges,SM Katich,LW Feldman,0,0,"",""
ball,2,10.2,Perth Scorchers,AC Voges,SM Katich,LW Feldman,0,0,caught,AC Voges
ball,2,10.3,Perth Scorchers,SM Katich,MR Marsh,LW Feldman,1,0,"",""
ball,2,10.4,Perth Scorchers,MR Marsh,SM Katich,LW Feldman,0,0,"",""
ball,2,10.5,Perth Scorchers,MR Marsh,SM Katich,LW Feldman,0,0,"",""
ball,2,10.6,Perth Scorchers,MR Marsh,SM Katich,LW Feldman,1,0,"",""
ball,2,11.1,Perth Scorchers,MR Marsh,SM Katich,CP Tremain,1,0,"",""
ball,2,11.2,Perth Scorchers,SM Katich,MR Marsh,CP Tremain,1,0,"",""
ball,2,11.3,Perth Scorchers,MR Marsh,SM Katich,CP Tremain,0,0,"",""
ball,2,11.4,Perth Scorchers,MR Marsh,SM Katich,CP Tremain,3,0,"",""
ball,2,11.5,Perth Scorchers,SM Katich,MR Marsh,CP Tremain,1,0,"",""
ball,2,11.6,Perth Scorchers,MR Marsh,SM Katich,CP Tremain,4,0,"",""
ball,2,12.1,Perth Scorchers,SM Katich,MR Marsh,LW Feldman,0,0,"",""
ball,2,12.2,Perth Scorchers,SM Katich,MR Marsh,LW Feldman,4,0,"",""
ball,2,12.3,Perth Scorchers,SM Katich,MR Marsh,LW Feldman,1,0,"",""
ball,2,12.4,Perth Scorchers,MR Marsh,SM Katich,LW Feldman,0,0,"",""
ball,2,12.5,Perth Scorchers,MR Marsh,SM Katich,LW Feldman,1,0,"",""
ball,2,12.6,Perth Scorchers,SM Katich,MR Marsh,LW Feldman,4,0,"",""
ball,2,13.1,Perth Scorchers,MR Marsh,SM Katich,TM Dilshan,3,0,"",""
ball,2,13.2,Perth Scorchers,SM Katich,MR Marsh,TM Dilshan,1,0,"",""
ball,2,13.3,Perth Scorchers,MR Marsh,SM Katich,TM Dilshan,1,0,"",""
ball,2,13.4,Perth Scorchers,SM Katich,MR Marsh,TM Dilshan,2,0,"",""
ball,2,13.5,Perth Scorchers,SM Katich,MR Marsh,TM Dilshan,3,0,"",""
ball,2,13.6,Perth Scorchers,MR Marsh,SM Katich,TM Dilshan,1,0,"",""
ball,2,14.1,Perth Scorchers,MR Marsh,SM Katich,LW Feldman,1,0,"",""
ball,2,14.2,Perth Scorchers,SM Katich,MR Marsh,LW Feldman,2,0,"",""
ball,2,14.3,Perth Scorchers,SM Katich,MR Marsh,LW Feldman,4,0,"",""
ball,2,14.4,Perth Scorchers,SM Katich,MR Marsh,LW Feldman,1,0,"",""
ball,2,14.5,Perth Scorchers,MR Marsh,SM Katich,LW Feldman,1,0,"",""
ball,2,14.6,Perth Scorchers,SM Katich,MR Marsh,LW Feldman,0,0,"",""
ball,2,15.1,Perth Scorchers,MR Marsh,SM Katich,GS Sandhu,0,0,"",""
ball,2,15.2,Perth Scorchers,MR Marsh,SM Katich,GS Sandhu,1,0,"",""
ball,2,15.3,Perth Scorchers,SM Katich,MR Marsh,GS Sandhu,1,0,"",""
ball,2,15.4,Perth Scorchers,MR Marsh,SM Katich,GS Sandhu,1,0,"",""
ball,2,15.5,Perth Scorchers,SM Katich,MR Marsh,GS Sandhu,1,0,"",""
ball,2,15.6,Perth Scorchers,MR Marsh,SM Katich,GS Sandhu,0,0,"",""
ball,2,16.1,Perth Scorchers,SM Katich,MR Marsh,DP Nannes,1,0,"",""
ball,2,16.2,Perth Scorchers,MR Marsh,SM Katich,DP Nannes,0,1,"",""
ball,2,16.3,Perth Scorchers,SM Katich,MR Marsh,DP Nannes,1,0,"",""
ball,2,16.4,Perth Scorchers,MR Marsh,SM Katich,DP Nannes,0,1,"",""
ball,2,16.5,Perth Scorchers,SM Katich,MR Marsh,DP Nannes,1,0,"",""
ball,2,16.6,Perth Scorchers,MR Marsh,SM Katich,DP Nannes,6,0,"",""
ball,2,17.1,Perth Scorchers,SM Katich,MR Marsh,GS Sandhu,4,0,"",""
ball,2,17.2,Perth Scorchers,SM Katich,MR Marsh,GS Sandhu,0,0,"",""
ball,2,17.3,Perth Scorchers,SM Katich,MR Marsh,GS Sandhu,0,0,caught,SM Katich
ball,2,17.4,Perth Scorchers,AJ Turner,MR Marsh,GS Sandhu,1,0,"",""
ball,2,17.5,Perth Scorchers,MR Marsh,AJ Turner,GS Sandhu,2,0,"",""
ball,2,17.6,Perth Scorchers,MR Marsh,AJ Turner,GS Sandhu,1,0,"",""
ball,2,18.1,Perth Scorchers,MR Marsh,AJ Turner,DP Nannes,0,0,"",""
ball,2,18.2,Perth Scorchers,MR Marsh,AJ Turner,DP Nannes,2,0,"",""
ball,2,18.3,Perth Scorchers,MR Marsh,AJ Turner,DP Nannes,0,0,"",""
ball,2,18.4,Perth Scorchers,MR Marsh,AJ Turner,DP Nannes,0,1,"",""
ball,2,18.5,Perth Scorchers,AJ Turner,MR Marsh,DP Nannes,0,0,"",""
ball,2,18.6,Perth Scorchers,AJ Turner,MR Marsh,DP Nannes,1,1,"",""
ball,2,18.7,Perth Scorchers,MR Marsh,AJ Turner,DP Nannes,0,0,"",""
ball,2,19.1,Perth Scorchers,AJ Turner,MR Marsh,CP Tremain,1,0,"",""
ball,2,19.2,Perth Scorchers,MR Marsh,AJ Turner,CP Tremain,4,0,"",""
