version,1.3.0
info,team,Sydney Sixers
info,team,Perth Scorchers
info,gender,male
info,season,2013/14
info,date,2014/01/10
info,competition,Big Bash League
info,venue,Sydney Cricket Ground
info,city,
info,toss_winner,Perth Scorchers
info,toss_decision,bat
info,player_of_match,Yasir Arafat
info,umpire,GA Abood
info,umpire,SD Fry
info,reserve_umpire,AK Wilds
info,tv_umpire,AP Ward
info,match_referee,D Talalla
info,outcome,tie
info,eliminator,Perth Scorchers
ball,1,0.1,Perth Scorchers,CJ Simmons,SM Katich,B Lee,0,0,"",""
ball,1,0.2,Perth Scorchers,CJ Simmons,SM Katich,B Lee,0,0,bowled,CJ Simmons
ball,1,0.3,Perth Scorchers,MR Marsh,SM Katich,B Lee,0,0,"",""
ball,1,0.4,Perth Scorchers,MR Marsh,SM Katich,B Lee,0,0,caught,MR Marsh
ball,1,0.5,Perth Scorchers,SM Whiteman,SM Katich,B Lee,0,0,"",""
ball,1,0.6,Perth Scorchers,SM Whiteman,SM Katich,B Lee,0,0,"",""
ball,1,1.1,Perth Scorchers,SM Katich,SM Whiteman,JR Hazlewood,2,0,"",""
ball,1,1.2,Perth Scorchers,SM Katich,SM Whiteman,JR Hazlewood,4,0,"",""
ball,1,1.3,Perth Scorchers,SM Katich,SM Whiteman,JR Hazlewood,4,0,"",""
ball,1,1.4,Perth Scorchers,SM Katich,SM Whiteman,JR Hazlewood,0,0,"",""
ball,1,1.5,Perth Scorchers,SM Katich,SM Whiteman,JR Hazlewood,4,0,"",""
ball,1,1.6,Perth Scorchers,SM Katich,SM Whiteman,JR Hazlewood,0,0,"",""
ball,1,2.1,Perth Scorchers,SM Whiteman,SM Katich,B Lee,1,0,"",""
ball,1,2.2,Perth Scorchers,SM Katich,SM Whiteman,B Lee,0,0,"",""
ball,1,2.3,Perth Scorchers,SM Katich,SM Whiteman,B Lee,0,0,"",""
ball,1,2.4,Perth Scorchers,SM Katich,SM Whiteman,B Lee,0,0,"",""
ball,1,2.5,Perth Scorchers,SM Katich,SM Whiteman,B Lee,3,0,"",""
ball,1,2.6,Perth Scorchers,SM Whiteman,SM Katich,B Lee,1,0,"",""
ball,1,3.1,Perth Scorchers,SM Whiteman,SM Katich,NM Lyon,0,0,"",""
ball,1,3.2,Perth Scorchers,SM Whiteman,SM Katich,NM Lyon,0,1,"",""
ball,1,3.3,Perth Scorchers,SM Whiteman,SM Katich,NM Lyon,4,0,"",""
ball,1,3.4,Perth Scorchers,SM Whiteman,SM Katich,NM Lyon,1,0,"",""
ball,1,3.5,Perth Scorchers,SM Katich,SM Whiteman,NM Lyon,0,0,"",""
ball,1,3.6,Perth Scorchers,SM Katich,SM Whiteman,NM Lyon,1,0,"",""
ball,1,3.7,Perth Scorchers,SM Whiteman,SM Katich,NM Lyon,1,0,"",""
ball,1,4.1,Perth Scorchers,SM Whiteman,SM Katich,JR Hazlewood,1,0,"",""
ball,1,4.2,Perth Scorchers,SM Katich,SM Whiteman,JR Hazlewood,4,0,"",""
ball,1,4.3,Perth Scorchers,SM Katich,SM Whiteman,JR Hazlewood,1,0,"",""
ball,1,4.4,Perth Scorchers,SM Whiteman,SM Katich,JR Hazlewood,0,0,"",""
ball,1,4.5,Perth Scorchers,SM Whiteman,SM Katich,JR Hazlewood,0,0,"",""
ball,1,4.6,Perth Scorchers,SM Whiteman,SM Katich,JR Hazlewood,0,0,"",""
ball,1,5.1,Perth Scorchers,SM Katich,SM Whiteman,NM Lyon,1,0,"",""
ball,1,5.2,Perth Scorchers,SM Whiteman,SM Katich,NM Lyon,1,0,"",""
ball,1,5.3,Perth Scorchers,SM Katich,SM Whiteman,NM Lyon,1,0,"",""
ball,1,5.4,Perth Scorchers,SM Whiteman,SM Katich,NM Lyon,1,0,"",""
ball,1,5.5,Perth Scorchers,SM Katich,SM Whiteman,NM Lyon,1,0,"",""
ball,1,5.6,Perth Scorchers,SM Whiteman,SM Katich,NM Lyon,0,0,"",""
ball,1,6.1,Perth Scorchers,SM Katich,SM Whiteman,MJ North,1,0,"",""
ball,1,6.2,Perth Scorchers,SM Whiteman,SM Katich,MJ North,1,0,"",""
ball,1,6.3,Perth Scorchers,SM Katich,SM Whiteman,MJ North,1,0,"",""
ball,1,6.4,Perth Scorchers,SM Whiteman,SM Katich,MJ North,2,0,"",""
ball,1,6.5,Perth Scorchers,SM Whiteman,SM Katich,MJ North,0,0,"",""
ball,1,6.6,Perth Scorchers,SM Whiteman,SM Katich,MJ North,1,0,"",""
ball,1,7.1,Perth Scorchers,SM Whiteman,SM Katich,CT Tremlett,1,0,"",""
ball,1,7.2,Perth Scorchers,SM Katich,SM Whiteman,CT Tremlett,1,0,"",""
ball,1,7.3,Perth Scorchers,SM Whiteman,SM Katich,CT Tremlett,1,0,"",""
ball,1,7.4,Perth Scorchers,SM Katich,SM Whiteman,CT Tremlett,2,0,"",""
ball,1,7.5,Perth Scorchers,SM Katich,SM Whiteman,CT Tremlett,4,0,"",""
ball,1,7.6,Perth Scorchers,SM Katich,SM Whiteman,CT Tremlett,0,0,"",""
ball,1,8.1,Perth Scorchers,SM Whiteman,SM Katich,NM Lyon,1,0,"",""
ball,1,8.2,Perth Scorchers,SM Katich,SM Whiteman,NM Lyon,0,0,"",""
ball,1,8.3,Perth Scorchers,SM Katich,SM Whiteman,NM Lyon,0,0,"",""
ball,1,8.4,Perth Scorchers,SM Katich,SM Whiteman,NM Lyon,1,0,"",""
ball,1,8.5,Perth Scorchers,SM Whiteman,SM Katich,NM Lyon,1,0,"",""
ball,1,8.6,Perth Scorchers,SM Katich,SM Whiteman,NM Lyon,1,0,"",""
ball,1,9.1,Perth Scorchers,SM Katich,SM Whiteman,MJ North,0,0,"",""
ball,1,9.2,Perth Scorchers,SM Katich,SM Whiteman,MJ North,0,0,"",""
ball,1,9.3,Perth Scorchers,SM Katich,SM Whiteman,MJ North,1,0,"",""
ball,1,9.4,Perth Scorchers,SM Whiteman,SM Katich,MJ North,1,0,"",""
ball,1,9.5,Perth Scorchers,SM Katich,SM Whiteman,MJ North,1,0,"",""
ball,1,9.6,Perth Scorchers,SM Whiteman,SM Katich,MJ North,1,0,"",""
ball,1,10.1,Perth Scorchers,SM Whiteman,SM Katich,NM Lyon,2,0,"",""
ball,1,10.2,Perth Scorchers,SM Whiteman,SM Katich,NM Lyon,1,0,"",""
ball,1,10.3,Perth Scorchers,SM Katich,SM Whiteman,NM Lyon,1,0,"",""
ball,1,10.4,Perth Scorchers,SM Whiteman,SM Katich,NM Lyon,1,0,"",""
ball,1,10.5,Perth Scorchers,SM Katich,SM Whiteman,NM Lyon,1,0,"",""
ball,1,10.6,Perth Scorchers,SM Whiteman,SM Katich,NM Lyon,0,0,"",""
ball,1,11.1,Perth Scorchers,SM Katich,SM Whiteman,MJ North,0,0,"",""
ball,1,11.2,Perth Scorchers,SM Katich,SM Whiteman,MJ North,2,0,"",""
ball,1,11.3,Perth Scorchers,SM Katich,SM Whiteman,MJ North,1,0,"",""
ball,1,11.4,Perth Scorchers,SM Whiteman,SM Katich,MJ North,1,0,"",""
ball,1,11.5,Perth Scorchers,SM Katich,SM Whiteman,MJ North,1,0,"",""
ball,1,11.6,Perth Scorchers,SM Whiteman,SM Katich,MJ North,1,0,"",""
ball,1,12.1,Perth Scorchers,SM Whiteman,SM Katich,MC Henriques,4,0,"",""
ball,1,12.2,Perth Scorchers,SM Whiteman,SM Katich,MC Henriques,1,0,"",""
ball,1,12.3,Perth Scorchers,SM Katich,SM Whiteman,MC Henriques,2,0,"",""
ball,1,12.4,Perth Scorchers,SM Katich,SM Whiteman,MC Henriques,1,0,"",""
ball,1,12.5,Perth Scorchers,SM Whiteman,SM Katich,MC Henriques,1,0,"",""
ball,1,12.6,Perth Scorchers,SM Katich,SM Whiteman,MC Henriques,2,0,"",""
ball,1,13.1,Perth Scorchers,SM Whiteman,SM Katich,MJ North,1,0,"",""
ball,1,13.2,Perth Scorchers,SM Katich,SM Whiteman,MJ North,1,0,"",""
ball,1,13.3,Perth Scorchers,SM Whiteman,SM Katich,MJ North,1,0,"",""
ball,1,13.4,Perth Scorchers,SM Katich,SM Whiteman,MJ North,1,0,"",""
ball,1,13.5,Perth Scorchers,SM Whiteman,SM Katich,MJ North,1,0,"",""
ball,1,13.6,Perth Scorchers,SM Katich,SM Whiteman,MJ North,0,0,"",""
ball,1,14.1,Perth Scorchers,SM Whiteman,SM Katich,MC Henriques,4,0,"",""
ball,1,14.2,Perth Scorchers,SM Whiteman,SM Katich,MC Henriques,1,0,"",""
ball,1,14.3,Perth Scorchers,SM Katich,SM Whiteman,MC Henriques,1,0,"",""
ball,1,14.4,Perth Scorchers,SM Whiteman,SM Katich,MC Henriques,1,0,"",""
ball,1,14.5,Perth Scorchers,SM Katich,SM Whiteman,MC Henriques,1,0,"",""
ball,1,14.6,Perth Scorchers,SM Whiteman,SM Katich,MC Henriques,0,1,"",""
ball,1,15.1,Perth Scorchers,SM Whiteman,SM Katich,SNJ O'Keefe,1,0,"",""
ball,1,15.2,Perth Scorchers,SM Katich,SM Whiteman,SNJ O'Keefe,4,0,"",""
ball,1,15.3,Perth Scorchers,SM Katich,SM Whiteman,SNJ O'Keefe,2,0,"",""
ball,1,15.4,Perth Scorchers,SM Katich,SM Whiteman,SNJ O'Keefe,1,0,"",""
ball,1,15.5,Perth Scorchers,SM Whiteman,SM Katich,SNJ O'Keefe,0,3,"",""
ball,1,15.6,Perth Scorchers,SM Whiteman,SM Katich,SNJ O'Keefe,0,1,"",""
ball,1,15.7,Perth Scorchers,SM Katich,SM Whiteman,SNJ O'Keefe,1,0,"",""
ball,1,16.1,Perth Scorchers,SM Katich,SM Whiteman,JR Hazlewood,1,0,"",""
ball,1,16.2,Perth Scorchers,SM Whiteman,SM Katich,JR Hazlewood,0,1,"",""
ball,1,16.3,Perth Scorchers,SM Katich,SM Whiteman,JR Hazlewood,0,0,"",""
ball,1,16.4,Perth Scorchers,SM Katich,SM Whiteman,JR Hazlewood,1,0,"",""
ball,1,16.5,Perth Scorchers,SM Whiteman,SM Katich,JR Hazlewood,1,0,"",""
ball,1,16.6,Perth Scorchers,SM Katich,SM Whiteman,JR Hazlewood,4,0,"",""
ball,1,17.1,Perth Scorchers,SM Whiteman,SM Katich,B Lee,1,0,"",""
ball,1,17.2,Perth Scorchers,SM Katich,SM Whiteman,B Lee,1,0,"",""
ball,1,17.3,Perth Scorchers,SM Whiteman,SM Katich,B Lee,2,0,"",""
ball,1,17.4,Perth Scorchers,SM Whiteman,SM Katich,B Lee,6,0,"",""
ball,1,17.5,Perth Scorchers,SM Whiteman,SM Katich,B Lee,0,0,bowled,SM Whiteman
ball,1,17.6,Perth Scorchers,AC Voges,SM Katich,B Lee,2,0,"",""
ball,1,18.1,Perth Scorchers,SM Katich,AC Voges,JR Hazlewood,2,0,"",""
ball,1,18.2,Perth Scorchers,SM Katich,AC Voges,JR Hazlewood,0,0,caught,SM Katich
ball,1,18.3,Perth Scorchers,AJ Turner,AC Voges,JR Hazlewood,0,1,"",""
ball,1,18.4,Perth Scorchers,AC Voges,AJ Turner,JR Hazlewood,0,1,"",""
ball,1,18.5,Perth Scorchers,AC Voges,AJ Turner,JR Hazlewood,2,0,"",""
ball,1,18.6,Perth Scorchers,AC Voges,AJ Turner,JR Hazlewood,2,0,"",""
ball,1,18.7,Perth Scorchers,AC Voges,AJ Turner,JR Hazlewood,2,0,"",""
ball,1,19.1,Perth Scorchers,AJ Turner,AC Voges,B Lee,0,0,caught,AJ Turner
ball,1,19.2,Perth Scorchers,AC Voges,HWR Cartwright,B Lee,4,0,"",""
ball,1,19.3,Perth Scorchers,AC Voges,HWR Cartwright,B Lee,6,0,"",""
ball,1,19.4,Perth Scorchers,AC Voges,HWR Cartwright,B Lee,0,0,"",""
ball,1,19.5,Perth Scorchers,AC Voges,HWR Cartwright,B Lee,1,0,"",""
ball,1,19.6,Perth Scorchers,HWR Cartwright,AC Voges,B Lee,0,1,"",""
ball,2,0.1,Sydney Sixers,SNJ O'Keefe,NJ Maddinson,AJ Turner,1,0,"",""
ball,2,0.2,Sydney Sixers,NJ Maddinson,SNJ O'Keefe,AJ Turner,0,0,"",""
ball,2,0.3,Sydney Sixers,NJ Maddinson,SNJ O'Keefe,AJ Turner,0,1,"",""
ball,2,0.4,Sydney Sixers,SNJ O'Keefe,NJ Maddinson,AJ Turner,4,0,"",""
ball,2,0.5,Sydney Sixers,SNJ O'Keefe,NJ Maddinson,AJ Turner,1,0,"",""
ball,2,0.6,Sydney Sixers,NJ Maddinson,SNJ O'Keefe,AJ Turner,4,0,"",""
ball,2,1.1,Sydney Sixers,SNJ O'Keefe,NJ Maddinson,JP Behrendorff,0,0,"",""
ball,2,1.2,Sydney Sixers,SNJ O'Keefe,NJ Maddinson,JP Behrendorff,4,0,"",""
ball,2,1.3,Sydney Sixers,SNJ O'Keefe,NJ Maddinson,JP Behrendorff,0,0,bowled,SNJ O'Keefe
ball,2,1.4,Sydney Sixers,MC Henriques,NJ Maddinson,JP Behrendorff,0,0,"",""
ball,2,1.5,Sydney Sixers,MC Henriques,NJ Maddinson,JP Behrendorff,0,0,"",""
ball,2,1.6,Sydney Sixers,MC Henriques,NJ Maddinson,JP Behrendorff,0,1,"",""
ball,2,1.7,Sydney Sixers,MC Henriques,NJ Maddinson,JP Behrendorff,0,0,"",""
ball,2,2.1,Sydney Sixers,NJ Maddinson,MC Henriques,Yasir Arafat,0,0,"",""
ball,2,2.2,Sydney Sixers,NJ Maddinson,MC Henriques,Yasir Arafat,0,0,"",""
ball,2,2.3,Sydney Sixers,NJ Maddinson,MC Henriques,Yasir Arafat,4,0,"",""
ball,2,2.4,Sydney Sixers,NJ Maddinson,MC Henriques,Yasir Arafat,0,0,caught,NJ Maddinson
ball,2,2.5,Sydney Sixers,SPD Smith,MC Henriques,Yasir Arafat,0,0,"",""
ball,2,2.6,Sydney Sixers,SPD Smith,MC Henriques,Yasir Arafat,0,0,"",""
ball,2,3.1,Sydney Sixers,MC Henriques,SPD Smith,JP Behrendorff,0,0,caught,MC Henriques
ball,2,3.2,Sydney Sixers,MJ North,SPD Smith,JP Behrendorff,0,0,caught,MJ North
ball,2,3.3,Sydney Sixers,JC Silk,SPD Smith,JP Behrendorff,0,0,"",""
ball,2,3.4,Sydney Sixers,JC Silk,SPD Smith,JP Behrendorff,0,0,"",""
ball,2,3.5,Sydney Sixers,JC Silk,SPD Smith,JP Behrendorff,0,0,"",""
ball,2,3.6,Sydney Sixers,JC Silk,SPD Smith,JP Behrendorff,4,0,"",""
ball,2,4.1,Sydney Sixers,SPD Smith,JC Silk,Yasir Arafat,4,0,"",""
ball,2,4.2,Sydney Sixers,SPD Smith,JC Silk,Yasir Arafat,0,0,"",""
ball,2,4.3,Sydney Sixers,SPD Smith,JC Silk,Yasir Arafat,0,0,"",""
ball,2,4.4,Sydney Sixers,SPD Smith,JC Silk,Yasir Arafat,0,0,"",""
ball,2,4.5,Sydney Sixers,SPD Smith,JC Silk,Yasir Arafat,4,0,"",""
ball,2,4.6,Sydney Sixers,SPD Smith,JC Silk,Yasir Arafat,0,1,"",""
ball,2,5.1,Sydney Sixers,SPD Smith,JC Silk,JP Behrendorff,0,1,"",""
ball,2,5.2,Sydney Sixers,SPD Smith,JC Silk,JP Behrendorff,0,0,"",""
ball,2,5.3,Sydney Sixers,SPD Smith,JC Silk,JP Behrendorff,1,0,"",""
ball,2,5.4,Sydney Sixers,JC Silk,SPD Smith,JP Behrendorff,0,0,"",""
ball,2,5.5,Sydney Sixers,JC Silk,SPD Smith,JP Behrendorff,0,0,"",""
ball,2,5.6,Sydney Sixers,JC Silk,SPD Smith,JP Behrendorff,0,0,"",""
ball,2,5.7,Sydney Sixers,JC Silk,SPD Smith,JP Behrendorff,4,0,"",""
ball,2,6.1,Sydney Sixers,SPD Smith,JC Silk,GB Hogg,1,0,"",""
ball,2,6.2,Sydney Sixers,JC Silk,SPD Smith,GB Hogg,0,0,"",""
ball,2,6.3,Sydney Sixers,JC Silk,SPD Smith,GB Hogg,1,0,"",""
ball,2,6.4,Sydney Sixers,SPD Smith,JC Silk,GB Hogg,1,0,"",""
ball,2,6.5,Sydney Sixers,JC Silk,SPD Smith,GB Hogg,1,0,"",""
ball,2,6.6,Sydney Sixers,SPD Smith,JC Silk,GB Hogg,1,0,"",""
ball,2,7.1,Sydney Sixers,SPD Smith,JC Silk,JP Behrendorff,0,0,"",""
ball,2,7.2,Sydney Sixers,SPD Smith,JC Silk,JP Behrendorff,2,0,"",""
ball,2,7.3,Sydney Sixers,SPD Smith,JC Silk,JP Behrendorff,1,0,"",""
ball,2,7.4,Sydney Sixers,JC Silk,SPD Smith,JP Behrendorff,0,0,"",""
ball,2,7.5,Sydney Sixers,JC Silk,SPD Smith,JP Behrendorff,0,1,"",""
ball,2,7.6,Sydney Sixers,JC Silk,SPD Smith,JP Behrendorff,2,0,"",""
ball,2,7.7,Sydney Sixers,JC Silk,SPD Smith,JP Behrendorff,0,0,"",""
ball,2,8.1,Sydney Sixers,SPD Smith,JC Silk,GB Hogg,1,0,"",""
ball,2,8.2,Sydney Sixers,JC Silk,SPD Smith,GB Hogg,2,0,"",""
ball,2,8.3,Sydney Sixers,JC Silk,SPD Smith,GB Hogg,0,1,"",""
ball,2,8.4,Sydney Sixers,SPD Smith,JC Silk,GB Hogg,1,0,"",""
ball,2,8.5,Sydney Sixers,JC Silk,SPD Smith,GB Hogg,1,0,"",""
ball,2,8.6,Sydney Sixers,SPD Smith,JC Silk,GB Hogg,0,0,"",""
ball,2,9.1,Sydney Sixers,JC Silk,SPD Smith,AC Thomas,3,0,"",""
ball,2,9.2,Sydney Sixers,SPD Smith,JC Silk,AC Thomas,0,0,"",""
ball,2,9.3,Sydney Sixers,SPD Smith,JC Silk,AC Thomas,1,0,"",""
ball,2,9.4,Sydney Sixers,JC Silk,SPD Smith,AC Thomas,0,0,"",""
ball,2,9.5,Sydney Sixers,JC Silk,SPD Smith,AC Thomas,0,4,"",""
ball,2,9.6,Sydney Sixers,JC Silk,SPD Smith,AC Thomas,2,0,"",""
ball,2,10.1,Sydney Sixers,SPD Smith,JC Silk,AC Voges,1,0,"",""
ball,2,10.2,Sydney Sixers,JC Silk,SPD Smith,AC Voges,2,0,"",""
ball,2,10.3,Sydney Sixers,JC Silk,SPD Smith,AC Voges,1,0,"",""
ball,2,10.4,Sydney Sixers,SPD Smith,JC Silk,AC Voges,4,0,"",""
ball,2,10.5,Sydney Sixers,SPD Smith,JC Silk,AC Voges,1,0,"",""
ball,2,10.6,Sydney Sixers,JC Silk,SPD Smith,AC Voges,0,0,caught and bowled,JC Silk
ball,2,11.1,Sydney Sixers,SPD Smith,DLR Smith,AC Thomas,1,0,"",""
ball,2,11.2,Sydney Sixers,DLR Smith,SPD Smith,AC Thomas,1,0,"",""
ball,2,11.3,Sydney Sixers,SPD Smith,DLR Smith,AC Thomas,2,0,"",""
ball,2,11.4,Sydney Sixers,SPD Smith,DLR Smith,AC Thomas,2,0,"",""
ball,2,11.5,Sydney Sixers,SPD Smith,DLR Smith,AC Thomas,0,0,"",""
ball,2,11.6,Sydney Sixers,SPD Smith,DLR Smith,AC Thomas,1,0,"",""
ball,2,12.1,Sydney Sixers,SPD Smith,DLR Smith,AC Voges,1,0,"",""
ball,2,12.2,Sydney Sixers,DLR Smith,SPD Smith,AC Voges,1,0,"",""
ball,2,12.3,Sydney Sixers,SPD Smith,DLR Smith,AC Voges,1,0,"",""
ball,2,12.4,Sydney Sixers,DLR Smith,SPD Smith,AC Voges,1,0,"",""
ball,2,12.5,Sydney Sixers,SPD Smith,DLR Smith,AC Voges,1,0,"",""
ball,2,12.6,Sydney Sixers,DLR Smith,SPD Smith,AC Voges,1,0,"",""
ball,2,13.1,Sydney Sixers,DLR Smith,SPD Smith,MR Marsh,0,0,"",""
ball,2,13.2,Sydney Sixers,DLR Smith,SPD Smith,MR Marsh,4,0,"",""
ball,2,13.3,Sydney Sixers,DLR Smith,SPD Smith,MR Marsh,1,0,"",""
ball,2,13.4,Sydney Sixers,SPD Smith,DLR Smith,MR Marsh,4,0,"",""
ball,2,13.5,Sydney Sixers,SPD Smith,DLR Smith,MR Marsh,2,0,"",""
ball,2,13.6,Sydney Sixers,SPD Smith,DLR Smith,MR Marsh,6,0,"",""
ball,2,14.1,Sydney Sixers,DLR Smith,SPD Smith,GB Hogg,1,0,"",""
ball,2,14.2,Sydney Sixers,SPD Smith,DLR Smith,GB Hogg,1,0,"",""
ball,2,14.3,Sydney Sixers,DLR Smith,SPD Smith,GB Hogg,0,0,"",""
ball,2,14.4,Sydney Sixers,DLR Smith,SPD Smith,GB Hogg,1,0,"",""
ball,2,14.5,Sydney Sixers,SPD Smith,DLR Smith,GB Hogg,2,0,"",""
ball,2,14.6,Sydney Sixers,SPD Smith,DLR Smith,GB Hogg,1,0,"",""
ball,2,15.1,Sydney Sixers,SPD Smith,DLR Smith,AC Thomas,1,0,"",""
ball,2,15.2,Sydney Sixers,DLR Smith,SPD Smith,AC Thomas,0,2,"",""
ball,2,15.3,Sydney Sixers,SPD Smith,DLR Smith,AC Thomas,2,0,"",""
ball,2,15.4,Sydney Sixers,SPD Smith,DLR Smith,AC Thomas,1,0,"",""
ball,2,15.5,Sydney Sixers,DLR Smith,SPD Smith,AC Thomas,1,0,"",""
ball,2,15.6,Sydney Sixers,SPD Smith,DLR Smith,AC Thomas,0,0,"",""
ball,2,15.7,Sydney Sixers,SPD Smith,DLR Smith,AC Thomas,4,0,"",""
ball,2,16.1,Sydney Sixers,DLR Smith,SPD Smith,GB Hogg,0,0,caught,DLR Smith
ball,2,16.2,Sydney Sixers,SPD Smith,B Lee,GB Hogg,1,0,"",""
ball,2,16.3,Sydney Sixers,B Lee,SPD Smith,GB Hogg,0,0,"",""
ball,2,16.4,Sydney Sixers,B Lee,SPD Smith,GB Hogg,1,0,"",""
ball,2,16.5,Sydney Sixers,SPD Smith,B Lee,GB Hogg,2,0,"",""
ball,2,16.6,Sydney Sixers,SPD Smith,B Lee,GB Hogg,1,0,"",""
ball,2,17.1,Sydney Sixers,SPD Smith,B Lee,Yasir Arafat,4,0,"",""
ball,2,17.2,Sydney Sixers,SPD Smith,B Lee,Yasir Arafat,0,0,caught,SPD Smith
ball,2,17.3,Sydney Sixers,NM Lyon,B Lee,Yasir Arafat,0,0,"",""
ball,2,17.4,Sydney Sixers,NM Lyon,B Lee,Yasir Arafat,0,0,bowled,NM Lyon
ball,2,17.5,Sydney Sixers,CT Tremlett,B Lee,Yasir Arafat,0,1,"",""
ball,2,17.6,Sydney Sixers,CT Tremlett,B Lee,Yasir Arafat,0,0,"",""
ball,2,17.7,Sydney Sixers,CT Tremlett,B Lee,Yasir Arafat,1,0,"",""
ball,2,18.1,Sydney Sixers,CT Tremlett,B Lee,AC Thomas,1,0,"",""
ball,2,18.2,Sydney Sixers,B Lee,CT Tremlett,AC Thomas,0,0,"",""
ball,2,18.3,Sydney Sixers,B Lee,CT Tremlett,AC Thomas,6,0,"",""
ball,2,18.4,Sydney Sixers,B Lee,CT Tremlett,AC Thomas,2,0,"",""
ball,2,18.5,Sydney Sixers,B Lee,CT Tremlett,AC Thomas,1,0,"",""
ball,2,18.6,Sydney Sixers,CT Tremlett,B Lee,AC Thomas,4,0,"",""
ball,2,19.1,Sydney Sixers,B Lee,CT Tremlett,Yasir Arafat,2,0,"",""
ball,2,19.2,Sydney Sixers,B Lee,CT Tremlett,Yasir Arafat,1,0,"",""
ball,2,19.3,Sydney Sixers,CT Tremlett,B Lee,Yasir Arafat,1,0,"",""
ball,2,19.4,Sydney Sixers,B Lee,CT Tremlett,Yasir Arafat,0,0,bowled,B Lee
ball,2,19.5,Sydney Sixers,JR Hazlewood,CT Tremlett,Yasir Arafat,1,0,"",""
ball,2,19.6,Sydney Sixers,CT Tremlett,JR Hazlewood,Yasir Arafat,1,0,"",""
ball,3,0.1,Sydney Sixers,SPD Smith,MC Henriques,Yasir Arafat,0,0,bowled,SPD Smith
ball,3,0.2,Sydney Sixers,NJ Maddinson,MC Henriques,Yasir Arafat,1,0,"",""
ball,3,0.3,Sydney Sixers,MC Henriques,NJ Maddinson,Yasir Arafat,0,0,"",""
ball,3,0.4,Sydney Sixers,MC Henriques,NJ Maddinson,Yasir Arafat,0,0,caught,MC Henriques
ball,4,0.1,Perth Scorchers,AC Voges,MR Marsh,B Lee,4,0,"",""
