version,1.3.0
info,team,Melbourne Stars
info,team,Hobart Hurricanes
info,gender,male
info,season,2013/14
info,date,2014/02/04
info,competition,Big Bash League
info,venue,Melbourne Cricket Ground
info,city,
info,toss_winner,Melbourne Stars
info,toss_decision,bat
info,player_of_match,CJ Boyce
info,umpire,GA Abood
info,umpire,AP Ward
info,reserve_umpire,PJ Gillespie
info,tv_umpire,SJ Nogajski
info,match_referee,RW Stratford
info,winner,Hobart Hurricanes
info,winner_wickets,7
ball,1,0.1,Melbourne Stars,CL White,LJ Wright,BW Hilfenhaus,0,0,"",""
ball,1,0.2,Melbourne Stars,CL White,LJ Wright,BW Hilfenhaus,0,0,"",""
ball,1,0.3,Melbourne Stars,CL White,LJ Wright,BW Hilfenhaus,0,0,"",""
ball,1,0.4,Melbourne Stars,CL White,LJ Wright,BW Hilfenhaus,1,0,"",""
ball,1,0.5,Melbourne Stars,LJ Wright,CL White,BW Hilfenhaus,1,0,"",""
ball,1,0.6,Melbourne Stars,CL White,LJ Wright,BW Hilfenhaus,0,0,"",""
ball,1,1.1,Melbourne Stars,LJ Wright,CL White,AD Mascarenhas,0,0,"",""
ball,1,1.2,Melbourne Stars,LJ Wright,CL White,AD Mascarenhas,1,0,"",""
ball,1,1.3,Melbourne Stars,CL White,LJ Wright,AD Mascarenhas,4,0,"",""
ball,1,1.4,Melbourne Stars,CL White,LJ Wright,AD Mascarenhas,1,0,"",""
ball,1,1.5,Melbourne Stars,LJ Wright,CL White,AD Mascarenhas,4,0,"",""
ball,1,1.6,Melbourne Stars,LJ Wright,CL White,AD Mascarenhas,1,0,"",""
ball,1,2.1,Melbourne Stars,LJ Wright,CL White,Shoaib Malik,1,0,"",""
ball,1,2.2,Melbourne Stars,CL White,LJ Wright,Shoaib Malik,0,0,caught,CL White
ball,1,2.3,Melbourne Stars,MS Wade,LJ Wright,Shoaib Malik,1,0,"",""
ball,1,2.4,Melbourne Stars,LJ Wright,MS Wade,Shoaib Malik,0,0,"",""
ball,1,2.5,Melbourne Stars,LJ Wright,MS Wade,Shoaib Malik,1,0,"",""
ball,1,2.6,Melbourne Stars,MS Wade,LJ Wright,Shoaib Malik,1,0,"",""
ball,1,3.1,Melbourne Stars,MS Wade,LJ Wright,AD Mascarenhas,0,0,"",""
ball,1,3.2,Melbourne Stars,MS Wade,LJ Wright,AD Mascarenhas,1,0,"",""
ball,1,3.3,Melbourne Stars,LJ Wright,MS Wade,AD Mascarenhas,0,0,"",""
ball,1,3.4,Melbourne Stars,LJ Wright,MS Wade,AD Mascarenhas,0,0,"",""
ball,1,3.5,Melbourne Stars,LJ Wright,MS Wade,AD Mascarenhas,0,0,"",""
ball,1,3.6,Melbourne Stars,LJ Wright,MS Wade,AD Mascarenhas,2,0,"",""
ball,1,4.1,Melbourne Stars,MS Wade,LJ Wright,Shoaib Malik,0,0,"",""
ball,1,4.2,Melbourne Stars,MS Wade,LJ Wright,Shoaib Malik,0,0,"",""
ball,1,4.3,Melbourne Stars,MS Wade,LJ Wright,Shoaib Malik,0,0,"",""
ball,1,4.4,Melbourne Stars,MS Wade,LJ Wright,Shoaib Malik,1,0,"",""
ball,1,4.5,Melbourne Stars,LJ Wright,MS Wade,Shoaib Malik,0,0,"",""
ball,1,4.6,Melbourne Stars,LJ Wright,MS Wade,Shoaib Malik,0,0,"",""
ball,1,5.1,Melbourne Stars,MS Wade,LJ Wright,AD Mascarenhas,4,0,"",""
ball,1,5.2,Melbourne Stars,MS Wade,LJ Wright,AD Mascarenhas,0,0,caught,MS Wade
ball,1,5.3,Melbourne Stars,LJ Wright,GJ Maxwell,AD Mascarenhas,0,0,"",""
ball,1,5.4,Melbourne Stars,LJ Wright,GJ Maxwell,AD Mascarenhas,1,0,"",""
ball,1,5.5,Melbourne Stars,GJ Maxwell,LJ Wright,AD Mascarenhas,6,0,"",""
ball,1,5.6,Melbourne Stars,GJ Maxwell,LJ Wright,AD Mascarenhas,2,0,"",""
ball,1,6.1,Melbourne Stars,LJ Wright,GJ Maxwell,CJ Boyce,1,0,"",""
ball,1,6.2,Melbourne Stars,GJ Maxwell,LJ Wright,CJ Boyce,0,0,"",""
ball,1,6.3,Melbourne Stars,GJ Maxwell,LJ Wright,CJ Boyce,1,0,"",""
ball,1,6.4,Melbourne Stars,LJ Wright,GJ Maxwell,CJ Boyce,0,0,lbw,LJ Wright
ball,1,6.5,Melbourne Stars,BJ Hodge,GJ Maxwell,CJ Boyce,0,0,"",""
ball,1,6.6,Melbourne Stars,BJ Hodge,GJ Maxwell,CJ Boyce,1,0,"",""
ball,1,7.1,Melbourne Stars,BJ Hodge,GJ Maxwell,DE Bollinger,1,0,"",""
ball,1,7.2,Melbourne Stars,GJ Maxwell,BJ Hodge,DE Bollinger,0,1,"",""
ball,1,7.3,Melbourne Stars,BJ Hodge,GJ Maxwell,DE Bollinger,1,0,"",""
ball,1,7.4,Melbourne Stars,GJ Maxwell,BJ Hodge,DE Bollinger,1,0,"",""
ball,1,7.5,Melbourne Stars,BJ Hodge,GJ Maxwell,DE Bollinger,0,0,"",""
ball,1,7.6,Melbourne Stars,BJ Hodge,GJ Maxwell,DE Bollinger,1,0,"",""
ball,1,8.1,Melbourne Stars,BJ Hodge,GJ Maxwell,CJ Boyce,0,0,"",""
ball,1,8.2,Melbourne Stars,BJ Hodge,GJ Maxwell,CJ Boyce,1,0,"",""
ball,1,8.3,Melbourne Stars,GJ Maxwell,BJ Hodge,CJ Boyce,2,0,"",""
ball,1,8.4,Melbourne Stars,GJ Maxwell,BJ Hodge,CJ Boyce,0,0,"",""
ball,1,8.5,Melbourne Stars,GJ Maxwell,BJ Hodge,CJ Boyce,0,0,caught,GJ Maxwell
ball,1,8.6,Melbourne Stars,DJ Hussey,BJ Hodge,CJ Boyce,1,0,"",""
ball,1,9.1,Melbourne Stars,DJ Hussey,BJ Hodge,DE Bollinger,0,0,"",""
ball,1,9.2,Melbourne Stars,DJ Hussey,BJ Hodge,DE Bollinger,1,0,"",""
ball,1,9.3,Melbourne Stars,BJ Hodge,DJ Hussey,DE Bollinger,2,0,"",""
ball,1,9.4,Melbourne Stars,BJ Hodge,DJ Hussey,DE Bollinger,2,0,"",""
ball,1,9.5,Melbourne Stars,BJ Hodge,DJ Hussey,DE Bollinger,4,0,"",""
ball,1,9.6,Melbourne Stars,BJ Hodge,DJ Hussey,DE Bollinger,1,0,"",""
ball,1,10.1,Melbourne Stars,BJ Hodge,DJ Hussey,BW Hilfenhaus,1,0,"",""
ball,1,10.2,Melbourne Stars,DJ Hussey,BJ Hodge,BW Hilfenhaus,0,0,"",""
ball,1,10.3,Melbourne Stars,DJ Hussey,BJ Hodge,BW Hilfenhaus,0,0,"",""
ball,1,10.4,Melbourne Stars,DJ Hussey,BJ Hodge,BW Hilfenhaus,4,0,"",""
ball,1,10.5,Melbourne Stars,DJ Hussey,BJ Hodge,BW Hilfenhaus,0,0,"",""
ball,1,10.6,Melbourne Stars,DJ Hussey,BJ Hodge,BW Hilfenhaus,1,0,"",""
ball,1,11.1,Melbourne Stars,DJ Hussey,BJ Hodge,B Laughlin,4,0,"",""
ball,1,11.2,Melbourne Stars,DJ Hussey,BJ Hodge,B Laughlin,0,1,"",""
ball,1,11.3,Melbourne Stars,DJ Hussey,BJ Hodge,B Laughlin,0,2,"",""
ball,1,11.4,Melbourne Stars,BJ Hodge,DJ Hussey,B Laughlin,0,0,"",""
ball,1,11.5,Melbourne Stars,BJ Hodge,DJ Hussey,B Laughlin,4,0,"",""
ball,1,11.6,Melbourne Stars,BJ Hodge,DJ Hussey,B Laughlin,0,0,"",""
ball,1,11.7,Melbourne Stars,BJ Hodge,DJ Hussey,B Laughlin,0,0,"",""
ball,1,11.8,Melbourne Stars,BJ Hodge,DJ Hussey,B Laughlin,1,0,"",""
ball,1,12.1,Melbourne Stars,BJ Hodge,DJ Hussey,BW Hilfenhaus,1,0,"",""
ball,1,12.2,Melbourne Stars,DJ Hussey,BJ Hodge,BW Hilfenhaus,1,0,"",""
ball,1,12.3,Melbourne Stars,BJ Hodge,DJ Hussey,BW Hilfenhaus,1,0,"",""
ball,1,12.4,Melbourne Stars,DJ Hussey,BJ Hodge,BW Hilfenhaus,4,0,"",""
ball,1,12.5,Melbourne Stars,DJ Hussey,BJ Hodge,BW Hilfenhaus,1,0,"",""
ball,1,12.6,Melbourne Stars,BJ Hodge,DJ Hussey,BW Hilfenhaus,1,0,"",""
ball,1,13.1,Melbourne Stars,BJ Hodge,DJ Hussey,B Laughlin,1,0,"",""
ball,1,13.2,Melbourne Stars,DJ Hussey,BJ Hodge,B Laughlin,1,0,"",""
ball,1,13.3,Melbourne Stars,BJ Hodge,DJ Hussey,B Laughlin,6,0,"",""
ball,1,13.4,Melbourne Stars,BJ Hodge,DJ Hussey,B Laughlin,0,0,"",""
ball,1,13.5,Melbourne Stars,BJ Hodge,DJ Hussey,B Laughlin,4,0,"",""
ball,1,13.6,Melbourne Stars,BJ Hodge,DJ Hussey,B Laughlin,1,0,"",""
ball,1,14.1,Melbourne Stars,BJ Hodge,DJ Hussey,AD Mascarenhas,1,0,"",""
ball,1,14.2,Melbourne Stars,DJ Hussey,BJ Hodge,AD Mascarenhas,0,0,"",""
ball,1,14.3,Melbourne Stars,DJ Hussey,BJ Hodge,AD Mascarenhas,1,0,"",""
ball,1,14.4,Melbourne Stars,BJ Hodge,DJ Hussey,AD Mascarenhas,2,0,"",""
ball,1,14.5,Melbourne Stars,BJ Hodge,DJ Hussey,AD Mascarenhas,0,0,"",""
ball,1,14.6,Melbourne Stars,BJ Hodge,DJ Hussey,AD Mascarenhas,1,0,"",""
ball,1,15.1,Melbourne Stars,BJ Hodge,DJ Hussey,DE Bollinger,1,0,"",""
ball,1,15.2,Melbourne Stars,DJ Hussey,BJ Hodge,DE Bollinger,0,0,"",""
ball,1,15.3,Melbourne Stars,DJ Hussey,BJ Hodge,DE Bollinger,0,0,"",""
ball,1,15.4,Melbourne Stars,DJ Hussey,BJ Hodge,DE Bollinger,4,0,"",""
ball,1,15.5,Melbourne Stars,DJ Hussey,BJ Hodge,DE Bollinger,0,0,"",""
ball,1,15.6,Melbourne Stars,DJ Hussey,BJ Hodge,DE Bollinger,1,0,"",""
ball,1,16.1,Melbourne Stars,DJ Hussey,BJ Hodge,CJ Boyce,0,0,"",""
ball,1,16.2,Melbourne Stars,DJ Hussey,BJ Hodge,CJ Boyce,0,0,caught,DJ Hussey
ball,1,16.3,Melbourne Stars,BJ Hodge,MP Stoinis,CJ Boyce,1,0,"",""
ball,1,16.4,Melbourne Stars,MP Stoinis,BJ Hodge,CJ Boyce,0,0,"",""
ball,1,16.5,Melbourne Stars,MP Stoinis,BJ Hodge,CJ Boyce,2,0,"",""
ball,1,16.6,Melbourne Stars,MP Stoinis,BJ Hodge,CJ Boyce,1,0,"",""
ball,1,17.1,Melbourne Stars,MP Stoinis,BJ Hodge,DE Bollinger,0,0,"",""
ball,1,17.2,Melbourne Stars,MP Stoinis,BJ Hodge,DE Bollinger,1,0,"",""
ball,1,17.3,Melbourne Stars,BJ Hodge,MP Stoinis,DE Bollinger,4,0,"",""
ball,1,17.4,Melbourne Stars,BJ Hodge,MP Stoinis,DE Bollinger,6,0,"",""
ball,1,17.5,Melbourne Stars,BJ Hodge,MP Stoinis,DE Bollinger,0,0,bowled,BJ Hodge
ball,1,17.6,Melbourne Stars,JW Hastings,MP Stoinis,DE Bollinger,1,0,"",""
ball,1,18.1,Melbourne Stars,JW Hastings,MP Stoinis,BW Hilfenhaus,1,0,"",""
ball,1,18.2,Melbourne Stars,MP Stoinis,JW Hastings,BW Hilfenhaus,1,0,"",""
ball,1,18.3,Melbourne Stars,JW Hastings,MP Stoinis,BW Hilfenhaus,4,0,"",""
ball,1,18.4,Melbourne Stars,JW Hastings,MP Stoinis,BW Hilfenhaus,1,0,"",""
ball,1,18.5,Melbourne Stars,MP Stoinis,JW Hastings,BW Hilfenhaus,1,0,"",""
ball,1,18.6,Melbourne Stars,JW Hastings,MP Stoinis,BW Hilfenhaus,1,0,"",""
ball,1,19.1,Melbourne Stars,JW Hastings,MP Stoinis,B Laughlin,0,0,caught,JW Hastings
ball,1,19.2,Melbourne Stars,JM Muirhead,MP Stoinis,B Laughlin,2,0,"",""
ball,1,19.3,Melbourne Stars,JM Muirhead,MP Stoinis,B Laughlin,4,0,"",""
ball,1,19.4,Melbourne Stars,JM Muirhead,MP Stoinis,B Laughlin,0,0,caught,JM Muirhead
ball,1,19.5,Melbourne Stars,MP Stoinis,SL Malinga,B Laughlin,2,0,"",""
ball,1,19.6,Melbourne Stars,MP Stoinis,SL Malinga,B Laughlin,0,1,"",""
ball,2,0.1,Hobart Hurricanes,BR Dunk,TD Paine,SL Malinga,0,0,"",""
ball,2,0.2,Hobart Hurricanes,BR Dunk,TD Paine,SL Malinga,0,0,"",""
ball,2,0.3,Hobart Hurricanes,BR Dunk,TD Paine,SL Malinga,4,0,"",""
ball,2,0.4,Hobart Hurricanes,BR Dunk,TD Paine,SL Malinga,1,0,"",""
ball,2,0.5,Hobart Hurricanes,TD Paine,BR Dunk,SL Malinga,4,0,"",""
ball,2,0.6,Hobart Hurricanes,TD Paine,BR Dunk,SL Malinga,0,0,"",""
ball,2,1.1,Hobart Hurricanes,BR Dunk,TD Paine,DJ Worrall,0,0,"",""
ball,2,1.2,Hobart Hurricanes,BR Dunk,TD Paine,DJ Worrall,1,0,"",""
ball,2,1.3,Hobart Hurricanes,TD Paine,BR Dunk,DJ Worrall,2,0,"",""
ball,2,1.4,Hobart Hurricanes,TD Paine,BR Dunk,DJ Worrall,2,0,"",""
ball,2,1.5,Hobart Hurricanes,TD Paine,BR Dunk,DJ Worrall,0,0,"",""
ball,2,1.6,Hobart Hurricanes,TD Paine,BR Dunk,DJ Worrall,0,0,"",""
ball,2,2.1,Hobart Hurricanes,BR Dunk,TD Paine,JW Hastings,0,0,"",""
ball,2,2.2,Hobart Hurricanes,BR Dunk,TD Paine,JW Hastings,2,0,"",""
ball,2,2.3,Hobart Hurricanes,BR Dunk,TD Paine,JW Hastings,1,0,"",""
ball,2,2.4,Hobart Hurricanes,TD Paine,BR Dunk,JW Hastings,4,0,"",""
ball,2,2.5,Hobart Hurricanes,TD Paine,BR Dunk,JW Hastings,0,0,"",""
ball,2,2.6,Hobart Hurricanes,TD Paine,BR Dunk,JW Hastings,0,0,"",""
ball,2,3.1,Hobart Hurricanes,BR Dunk,TD Paine,SL Malinga,4,0,"",""
ball,2,3.2,Hobart Hurricanes,BR Dunk,TD Paine,SL Malinga,0,0,"",""
ball,2,3.3,Hobart Hurricanes,BR Dunk,TD Paine,SL Malinga,1,0,"",""
ball,2,3.4,Hobart Hurricanes,TD Paine,BR Dunk,SL Malinga,1,0,"",""
ball,2,3.5,Hobart Hurricanes,BR Dunk,TD Paine,SL Malinga,1,0,"",""
ball,2,3.6,Hobart Hurricanes,TD Paine,BR Dunk,SL Malinga,1,0,"",""
ball,2,4.1,Hobart Hurricanes,TD Paine,BR Dunk,DJ Worrall,1,0,"",""
ball,2,4.2,Hobart Hurricanes,BR Dunk,TD Paine,DJ Worrall,0,0,"",""
ball,2,4.3,Hobart Hurricanes,BR Dunk,TD Paine,DJ Worrall,3,0,"",""
ball,2,4.4,Hobart Hurricanes,TD Paine,BR Dunk,DJ Worrall,1,0,"",""
ball,2,4.5,Hobart Hurricanes,BR Dunk,TD Paine,DJ Worrall,6,0,"",""
ball,2,4.6,Hobart Hurricanes,BR Dunk,TD Paine,DJ Worrall,1,0,"",""
ball,2,5.1,Hobart Hurricanes,BR Dunk,TD Paine,JW Hastings,4,0,"",""
ball,2,5.2,Hobart Hurricanes,BR Dunk,TD Paine,JW Hastings,1,0,"",""
ball,2,5.3,Hobart Hurricanes,TD Paine,BR Dunk,JW Hastings,4,0,"",""
ball,2,5.4,Hobart Hurricanes,TD Paine,BR Dunk,JW Hastings,1,0,"",""
ball,2,5.5,Hobart Hurricanes,BR Dunk,TD Paine,JW Hastings,0,0,caught,BR Dunk
ball,2,5.6,Hobart Hurricanes,Shoaib Malik,TD Paine,JW Hastings,2,0,"",""
ball,2,6.1,Hobart Hurricanes,TD Paine,Shoaib Malik,JM Muirhead,1,0,"",""
ball,2,6.2,Hobart Hurricanes,Shoaib Malik,TD Paine,JM Muirhead,1,0,"",""
ball,2,6.3,Hobart Hurricanes,TD Paine,Shoaib Malik,JM Muirhead,0,0,"",""
ball,2,6.4,Hobart Hurricanes,TD Paine,Shoaib Malik,JM Muirhead,1,0,"",""
ball,2,6.5,Hobart Hurricanes,Shoaib Malik,TD Paine,JM Muirhead,0,1,"",""
ball,2,6.6,Hobart Hurricanes,Shoaib Malik,TD Paine,JM Muirhead,0,0,"",""
ball,2,6.7,Hobart Hurricanes,Shoaib Malik,TD Paine,JM Muirhead,0,0,"",""
ball,2,7.1,Hobart Hurricanes,TD Paine,Shoaib Malik,DJ Worrall,1,0,"",""
ball,2,7.2,Hobart Hurricanes,Shoaib Malik,TD Paine,DJ Worrall,0,0,"",""
ball,2,7.3,Hobart Hurricanes,Shoaib Malik,TD Paine,DJ Worrall,0,1,"",""
ball,2,7.4,Hobart Hurricanes,TD Paine,Shoaib Malik,DJ Worrall,2,0,"",""
ball,2,7.5,Hobart Hurricanes,TD Paine,Shoaib Malik,DJ Worrall,0,0,"",""
ball,2,7.6,Hobart Hurricanes,TD Paine,Shoaib Malik,DJ Worrall,1,0,"",""
ball,2,8.1,Hobart Hurricanes,TD Paine,Shoaib Malik,JM Muirhead,0,0,"",""
ball,2,8.2,Hobart Hurricanes,TD Paine,Shoaib Malik,JM Muirhead,1,0,"",""
ball,2,8.3,Hobart Hurricanes,Shoaib Malik,TD Paine,JM Muirhead,0,0,"",""
ball,2,8.4,Hobart Hurricanes,Shoaib Malik,TD Paine,JM Muirhead,0,0,caught,Shoaib Malik
ball,2,8.5,Hobart Hurricanes,TD Paine,GJ Bailey,JM Muirhead,1,0,"",""
ball,2,8.6,Hobart Hurricanes,GJ Bailey,TD Paine,JM Muirhead,0,0,"",""
ball,2,9.1,Hobart Hurricanes,TD Paine,GJ Bailey,LJ Wright,0,1,"",""
ball,2,9.2,Hobart Hurricanes,TD Paine,GJ Bailey,LJ Wright,1,0,"",""
ball,2,9.3,Hobart Hurricanes,GJ Bailey,TD Paine,LJ Wright,0,0,"",""
ball,2,9.4,Hobart Hurricanes,GJ Bailey,TD Paine,LJ Wright,2,0,"",""
ball,2,9.5,Hobart Hurricanes,GJ Bailey,TD Paine,LJ Wright,1,0,"",""
ball,2,9.6,Hobart Hurricanes,TD Paine,GJ Bailey,LJ Wright,0,0,"",""
ball,2,9.7,Hobart Hurricanes,TD Paine,GJ Bailey,LJ Wright,1,0,"",""
ball,2,10.1,Hobart Hurricanes,TD Paine,GJ Bailey,JM Muirhead,0,0,"",""
ball,2,10.2,Hobart Hurricanes,TD Paine,GJ Bailey,JM Muirhead,0,0,"",""
ball,2,10.3,Hobart Hurricanes,TD Paine,GJ Bailey,JM Muirhead,0,0,"",""
ball,2,10.4,Hobart Hurricanes,TD Paine,GJ Bailey,JM Muirhead,1,0,"",""
ball,2,10.5,Hobart Hurricanes,GJ Bailey,TD Paine,JM Muirhead,1,0,"",""
ball,2,10.6,Hobart Hurricanes,TD Paine,GJ Bailey,JM Muirhead,4,0,"",""
ball,2,11.1,Hobart Hurricanes,GJ Bailey,TD Paine,SL Malinga,0,0,"",""
ball,2,11.2,Hobart Hurricanes,GJ Bailey,TD Paine,SL Malinga,1,0,"",""
ball,2,11.3,Hobart Hurricanes,TD Paine,GJ Bailey,SL Malinga,1,0,"",""
ball,2,11.4,Hobart Hurricanes,GJ Bailey,TD Paine,SL Malinga,1,0,"",""
ball,2,11.5,Hobart Hurricanes,TD Paine,GJ Bailey,SL Malinga,1,0,"",""
ball,2,11.6,Hobart Hurricanes,GJ Bailey,TD Paine,SL Malinga,1,0,"",""
ball,2,12.1,Hobart Hurricanes,GJ Bailey,TD Paine,JM Muirhead,1,0,"",""
ball,2,12.2,Hobart Hurricanes,TD Paine,GJ Bailey,JM Muirhead,1,0,"",""
ball,2,12.3,Hobart Hurricanes,GJ Bailey,TD Paine,JM Muirhead,4,0,"",""
ball,2,12.4,Hobart Hurricanes,GJ Bailey,TD Paine,JM Muirhead,1,0,"",""
ball,2,12.5,Hobart Hurricanes,TD Paine,GJ Bailey,JM Muirhead,4,0,"",""
ball,2,12.6,Hobart Hurricanes,TD Paine,GJ Bailey,JM Muirhead,4,0,"",""
ball,2,13.1,Hobart Hurricanes,GJ Bailey,TD Paine,DJ Worrall,2,0,"",""
ball,2,13.2,Hobart Hurricanes,GJ Bailey,TD Paine,DJ Worrall,4,0,"",""
ball,2,13.3,Hobart Hurricanes,GJ Bailey,TD Paine,DJ Worrall,0,0,"",""
ball,2,13.4,Hobart Hurricanes,GJ Bailey,TD Paine,DJ Worrall,1,0,"",""
ball,2,13.5,Hobart Hurricanes,TD Paine,GJ Bailey,DJ Worrall,2,0,"",""
ball,2,13.6,Hobart Hurricanes,TD Paine,GJ Bailey,DJ Worrall,0,0,"",""
ball,2,14.1,Hobart Hurricanes,GJ Bailey,TD Paine,MP Stoinis,1,0,"",""
ball,2,14.2,Hobart Hurricanes,TD Paine,GJ Bailey,MP Stoinis,2,0,"",""
ball,2,14.3,Hobart Hurricanes,TD Paine,GJ Bailey,MP Stoinis,1,0,"",""
ball,2,14.4,Hobart Hurricanes,GJ Bailey,TD Paine,MP Stoinis,1,0,"",""
ball,2,14.5,Hobart Hurricanes,TD Paine,GJ Bailey,MP Stoinis,0,0,"",""
ball,2,14.6,Hobart Hurricanes,TD Paine,GJ Bailey,MP Stoinis,1,0,"",""
ball,2,15.1,Hobart Hurricanes,TD Paine,GJ Bailey,SL Malinga,1,0,"",""
ball,2,15.2,Hobart Hurricanes,GJ Bailey,TD Paine,SL Malinga,1,0,"",""
ball,2,15.3,Hobart Hurricanes,TD Paine,GJ Bailey,SL Malinga,4,0,"",""
ball,2,15.4,Hobart Hurricanes,TD Paine,GJ Bailey,SL Malinga,4,0,"",""
ball,2,15.5,Hobart Hurricanes,TD Paine,GJ Bailey,SL Malinga,0,0,"",""
ball,2,15.6,Hobart Hurricanes,TD Paine,GJ Bailey,SL Malinga,1,0,"",""
ball,2,16.1,Hobart Hurricanes,TD Paine,GJ Bailey,JW Hastings,0,0,"",""
ball,2,16.2,Hobart Hurricanes,TD Paine,GJ Bailey,JW Hastings,1,0,"",""
ball,2,16.3,Hobart Hurricanes,GJ Bailey,TD Paine,JW Hastings,2,0,"",""
ball,2,16.4,Hobart Hurricanes,GJ Bailey,TD Paine,JW Hastings,1,0,"",""
ball,2,16.5,Hobart Hurricanes,TD Paine,GJ Bailey,JW Hastings,1,0,run out,TD Paine
ball,2,16.6,Hobart Hurricanes,TR Birt,GJ Bailey,JW Hastings,0,0,"",""
ball,2,17.1,Hobart Hurricanes,GJ Bailey,TR Birt,MP Stoinis,0,0,"",""
ball,2,17.2,Hobart Hurricanes,GJ Bailey,TR Birt,MP Stoinis,0,0,"",""
ball,2,17.3,Hobart Hurricanes,GJ Bailey,TR Birt,MP Stoinis,4,0,"",""
ball,2,17.4,Hobart Hurricanes,GJ Bailey,TR Birt,MP Stoinis,1,0,"",""
ball,2,17.5,Hobart Hurricanes,TR Birt,GJ Bailey,MP Stoinis,4,0,"",""
ball,2,17.6,Hobart Hurricanes,TR Birt,GJ Bailey,MP Stoinis,4,0,"",""
ball,2,18.1,Hobart Hurricanes,GJ Bailey,TR Birt,JW Hastings,0,1,"",""
ball,2,18.2,Hobart Hurricanes,GJ Bailey,TR Birt,JW Hastings,1,0,"",""
