version,1.3.0
info,team,Sydney Sixers
info,team,Sydney Thunder
info,gender,male
info,season,2013/14
info,date,2013/12/21
info,competition,Big Bash League
info,venue,Sydney Cricket Ground
info,city,
info,toss_winner,Sydney Sixers
info,toss_decision,field
info,player_of_match,NJ Maddinson
info,umpire,GA Abood
info,umpire,AJ Barrow
info,reserve_umpire,SA Lightbody
info,tv_umpire,GC Joshua
info,match_referee,PL Marshall
info,winner,Sydney Sixers
info,winner_wickets,6
ball,1,0.1,Sydney Thunder,UT Khawaja,DA Warner,B Lee,0,0,"",""
ball,1,0.2,Sydney Thunder,UT Khawaja,DA Warner,B Lee,2,0,"",""
ball,1,0.3,Sydney Thunder,UT Khawaja,DA Warner,B Lee,0,0,"",""
ball,1,0.4,Sydney Thunder,UT Khawaja,DA Warner,B Lee,0,0,"",""
ball,1,0.5,Sydney Thunder,UT Khawaja,DA Warner,B Lee,0,0,"",""
ball,1,0.6,Sydney Thunder,UT Khawaja,DA Warner,B Lee,0,0,"",""
ball,1,1.1,Sydney Thunder,DA Warner,UT Khawaja,JR Hazlewood,0,1,"",""
ball,1,1.2,Sydney Thunder,DA Warner,UT Khawaja,JR Hazlewood,4,0,"",""
ball,1,1.3,Sydney Thunder,DA Warner,UT Khawaja,JR Hazlewood,0,1,"",""
ball,1,1.4,Sydney Thunder,DA Warner,UT Khawaja,JR Hazlewood,0,1,"",""
ball,1,1.5,Sydney Thunder,UT Khawaja,DA Warner,JR Hazlewood,1,0,"",""
ball,1,1.6,Sydney Thunder,DA Warner,UT Khawaja,JR Hazlewood,0,1,"",""
ball,1,1.7,Sydney Thunder,DA Warner,UT Khawaja,JR Hazlewood,0,0,"",""
ball,1,1.8,Sydney Thunder,DA Warner,UT Khawaja,JR Hazlewood,4,0,"",""
ball,1,1.9,Sydney Thunder,DA Warner,UT Khawaja,JR Hazlewood,4,0,"",""
ball,1,2.1,Sydney Thunder,UT Khawaja,DA Warner,B Lee,4,0,"",""
ball,1,2.2,Sydney Thunder,UT Khawaja,DA Warner,B Lee,4,0,"",""
ball,1,2.3,Sydney Thunder,UT Khawaja,DA Warner,B Lee,1,0,"",""
ball,1,2.4,Sydney Thunder,DA Warner,UT Khawaja,B Lee,4,0,"",""
ball,1,2.5,Sydney Thunder,DA Warner,UT Khawaja,B Lee,2,0,"",""
ball,1,2.6,Sydney Thunder,DA Warner,UT Khawaja,B Lee,0,0,"",""
ball,1,3.1,Sydney Thunder,UT Khawaja,DA Warner,JR Hazlewood,4,0,"",""
ball,1,3.2,Sydney Thunder,UT Khawaja,DA Warner,JR Hazlewood,0,0,"",""
ball,1,3.3,Sydney Thunder,UT Khawaja,DA Warner,JR Hazlewood,0,0,"",""
ball,1,3.4,Sydney Thunder,UT Khawaja,DA Warner,JR Hazlewood,4,0,"",""
ball,1,3.5,Sydney Thunder,UT Khawaja,DA Warner,JR Hazlewood,4,0,"",""
ball,1,3.6,Sydney Thunder,UT Khawaja,DA Warner,JR Hazlewood,0,1,"",""
ball,1,3.7,Sydney Thunder,UT Khawaja,DA Warner,JR Hazlewood,0,0,"",""
ball,1,4.1,Sydney Thunder,DA Warner,UT Khawaja,SNJ O'Keefe,1,0,"",""
ball,1,4.2,Sydney Thunder,UT Khawaja,DA Warner,SNJ O'Keefe,0,0,"",""
ball,1,4.3,Sydney Thunder,UT Khawaja,DA Warner,SNJ O'Keefe,1,0,"",""
ball,1,4.4,Sydney Thunder,DA Warner,UT Khawaja,SNJ O'Keefe,6,0,"",""
ball,1,4.5,Sydney Thunder,DA Warner,UT Khawaja,SNJ O'Keefe,0,0,"",""
ball,1,4.6,Sydney Thunder,DA Warner,UT Khawaja,SNJ O'Keefe,1,0,"",""
ball,1,5.1,Sydney Thunder,DA Warner,UT Khawaja,MC Henriques,4,0,"",""
ball,1,5.2,Sydney Thunder,DA Warner,UT Khawaja,MC Henriques,1,0,"",""
ball,1,5.3,Sydney Thunder,UT Khawaja,DA Warner,MC Henriques,3,0,"",""
ball,1,5.4,Sydney Thunder,DA Warner,UT Khawaja,MC Henriques,4,0,"",""
ball,1,5.5,Sydney Thunder,DA Warner,UT Khawaja,MC Henriques,1,0,"",""
ball,1,5.6,Sydney Thunder,UT Khawaja,DA Warner,MC Henriques,3,0,"",""
ball,1,6.1,Sydney Thunder,UT Khawaja,DA Warner,SNJ O'Keefe,0,0,"",""
ball,1,6.2,Sydney Thunder,UT Khawaja,DA Warner,SNJ O'Keefe,0,0,"",""
ball,1,6.3,Sydney Thunder,UT Khawaja,DA Warner,SNJ O'Keefe,1,0,"",""
ball,1,6.4,Sydney Thunder,DA Warner,UT Khawaja,SNJ O'Keefe,1,0,"",""
ball,1,6.5,Sydney Thunder,UT Khawaja,DA Warner,SNJ O'Keefe,1,0,"",""
ball,1,6.6,Sydney Thunder,DA Warner,UT Khawaja,SNJ O'Keefe,2,0,"",""
ball,1,7.1,Sydney Thunder,UT Khawaja,DA Warner,RS Bopara,1,0,"",""
ball,1,7.2,Sydney Thunder,DA Warner,UT Khawaja,RS Bopara,0,5,"",""
ball,1,7.3,Sydney Thunder,DA Warner,UT Khawaja,RS Bopara,2,0,"",""
ball,1,7.4,Sydney Thunder,DA Warner,UT Khawaja,RS Bopara,0,0,"",""
ball,1,7.5,Sydney Thunder,DA Warner,UT Khawaja,RS Bopara,2,0,"",""
ball,1,7.6,Sydney Thunder,DA Warner,UT Khawaja,RS Bopara,1,0,"",""
ball,1,7.7,Sydney Thunder,UT Khawaja,DA Warner,RS Bopara,4,0,"",""
ball,1,8.1,Sydney Thunder,DA Warner,UT Khawaja,SNJ O'Keefe,2,0,"",""
ball,1,8.2,Sydney Thunder,DA Warner,UT Khawaja,SNJ O'Keefe,0,0,"",""
ball,1,8.3,Sydney Thunder,DA Warner,UT Khawaja,SNJ O'Keefe,1,0,"",""
ball,1,8.4,Sydney Thunder,UT Khawaja,DA Warner,SNJ O'Keefe,1,0,"",""
ball,1,8.5,Sydney Thunder,DA Warner,UT Khawaja,SNJ O'Keefe,1,0,"",""
ball,1,8.6,Sydney Thunder,UT Khawaja,DA Warner,SNJ O'Keefe,1,0,"",""
ball,1,9.1,Sydney Thunder,UT Khawaja,DA Warner,B Lee,1,0,"",""
ball,1,9.2,Sydney Thunder,DA Warner,UT Khawaja,B Lee,0,0,"",""
ball,1,9.3,Sydney Thunder,DA Warner,UT Khawaja,B Lee,0,0,"",""
ball,1,9.4,Sydney Thunder,DA Warner,UT Khawaja,B Lee,1,0,"",""
ball,1,9.5,Sydney Thunder,UT Khawaja,DA Warner,B Lee,0,0,"",""
ball,1,9.6,Sydney Thunder,UT Khawaja,DA Warner,B Lee,0,5,"",""
ball,1,9.7,Sydney Thunder,UT Khawaja,DA Warner,B Lee,1,0,"",""
ball,1,10.1,Sydney Thunder,UT Khawaja,DA Warner,MJ Cosgrove,0,5,"",""
ball,1,10.2,Sydney Thunder,UT Khawaja,DA Warner,MJ Cosgrove,2,0,"",""
ball,1,10.3,Sydney Thunder,UT Khawaja,DA Warner,MJ Cosgrove,0,0,"",""
ball,1,10.4,Sydney Thunder,UT Khawaja,DA Warner,MJ Cosgrove,1,0,"",""
ball,1,10.5,Sydney Thunder,DA Warner,UT Khawaja,MJ Cosgrove,1,0,"",""
ball,1,10.6,Sydney Thunder,UT Khawaja,DA Warner,MJ Cosgrove,1,0,"",""
ball,1,10.7,Sydney Thunder,DA Warner,UT Khawaja,MJ Cosgrove,0,0,caught,DA Warner
ball,1,11.1,Sydney Thunder,MEK Hussey,UT Khawaja,RS Bopara,0,0,"",""
ball,1,11.2,Sydney Thunder,MEK Hussey,UT Khawaja,RS Bopara,1,0,"",""
ball,1,11.3,Sydney Thunder,UT Khawaja,MEK Hussey,RS Bopara,0,0,"",""
ball,1,11.4,Sydney Thunder,UT Khawaja,MEK Hussey,RS Bopara,1,0,"",""
ball,1,11.5,Sydney Thunder,MEK Hussey,UT Khawaja,RS Bopara,0,1,"",""
ball,1,11.6,Sydney Thunder,UT Khawaja,MEK Hussey,RS Bopara,0,0,"",""
ball,1,12.1,Sydney Thunder,MEK Hussey,UT Khawaja,MC Henriques,0,0,"",""
ball,1,12.2,Sydney Thunder,MEK Hussey,UT Khawaja,MC Henriques,0,0,"",""
ball,1,12.3,Sydney Thunder,MEK Hussey,UT Khawaja,MC Henriques,1,0,"",""
ball,1,12.4,Sydney Thunder,UT Khawaja,MEK Hussey,MC Henriques,1,0,"",""
ball,1,12.5,Sydney Thunder,MEK Hussey,UT Khawaja,MC Henriques,0,0,caught,MEK Hussey
ball,1,12.6,Sydney Thunder,UT Khawaja,EJG Morgan,MC Henriques,0,0,"",""
ball,1,13.1,Sydney Thunder,EJG Morgan,UT Khawaja,JR Hazlewood,0,0,"",""
ball,1,13.2,Sydney Thunder,EJG Morgan,UT Khawaja,JR Hazlewood,0,0,"",""
ball,1,13.3,Sydney Thunder,EJG Morgan,UT Khawaja,JR Hazlewood,1,0,"",""
ball,1,13.4,Sydney Thunder,UT Khawaja,EJG Morgan,JR Hazlewood,0,1,"",""
ball,1,13.5,Sydney Thunder,UT Khawaja,EJG Morgan,JR Hazlewood,2,0,"",""
ball,1,13.6,Sydney Thunder,UT Khawaja,EJG Morgan,JR Hazlewood,2,0,"",""
ball,1,13.7,Sydney Thunder,UT Khawaja,EJG Morgan,JR Hazlewood,2,0,"",""
ball,1,14.1,Sydney Thunder,EJG Morgan,UT Khawaja,MC Henriques,1,0,"",""
ball,1,14.2,Sydney Thunder,UT Khawaja,EJG Morgan,MC Henriques,0,0,"",""
ball,1,14.3,Sydney Thunder,UT Khawaja,EJG Morgan,MC Henriques,1,0,"",""
ball,1,14.4,Sydney Thunder,EJG Morgan,UT Khawaja,MC Henriques,0,0,"",""
ball,1,14.5,Sydney Thunder,EJG Morgan,UT Khawaja,MC Henriques,2,0,"",""
ball,1,14.6,Sydney Thunder,EJG Morgan,UT Khawaja,MC Henriques,0,0,"",""
ball,1,15.1,Sydney Thunder,UT Khawaja,EJG Morgan,RS Bopara,4,0,"",""
ball,1,15.2,Sydney Thunder,UT Khawaja,EJG Morgan,RS Bopara,4,0,"",""
ball,1,15.3,Sydney Thunder,UT Khawaja,EJG Morgan,RS Bopara,1,0,"",""
ball,1,15.4,Sydney Thunder,EJG Morgan,UT Khawaja,RS Bopara,0,0,"",""
ball,1,15.5,Sydney Thunder,EJG Morgan,UT Khawaja,RS Bopara,0,0,caught,EJG Morgan
ball,1,15.6,Sydney Thunder,UT Khawaja,CR Woakes,RS Bopara,1,0,"",""
ball,1,16.1,Sydney Thunder,UT Khawaja,CR Woakes,MC Henriques,1,0,"",""
ball,1,16.2,Sydney Thunder,CR Woakes,UT Khawaja,MC Henriques,1,0,"",""
ball,1,16.3,Sydney Thunder,UT Khawaja,CR Woakes,MC Henriques,0,0,caught,UT Khawaja
ball,1,16.4,Sydney Thunder,RGL Carters,CR Woakes,MC Henriques,0,0,"",""
ball,1,16.5,Sydney Thunder,RGL Carters,CR Woakes,MC Henriques,0,0,"",""
ball,1,16.6,Sydney Thunder,RGL Carters,CR Woakes,MC Henriques,0,0,"",""
ball,1,17.1,Sydney Thunder,CR Woakes,RGL Carters,JR Hazlewood,4,0,"",""
ball,1,17.2,Sydney Thunder,CR Woakes,RGL Carters,JR Hazlewood,1,0,"",""
ball,1,17.3,Sydney Thunder,RGL Carters,CR Woakes,JR Hazlewood,0,0,caught,RGL Carters
ball,1,17.4,Sydney Thunder,BS Dean,CR Woakes,JR Hazlewood,1,0,"",""
ball,1,17.5,Sydney Thunder,CR Woakes,BS Dean,JR Hazlewood,0,0,"",""
ball,1,17.6,Sydney Thunder,CR Woakes,BS Dean,JR Hazlewood,0,0,"",""
ball,1,18.1,Sydney Thunder,BS Dean,CR Woakes,RS Bopara,0,0,"",""
ball,1,18.2,Sydney Thunder,BS Dean,CR Woakes,RS Bopara,0,1,"",""
ball,1,18.3,Sydney Thunder,CR Woakes,BS Dean,RS Bopara,0,0,"",""
ball,1,18.4,Sydney Thunder,CR Woakes,BS Dean,RS Bopara,1,0,"",""
ball,1,18.5,Sydney Thunder,BS Dean,CR Woakes,RS Bopara,0,0,"",""
ball,1,18.6,Sydney Thunder,BS Dean,CR Woakes,RS Bopara,2,0,"",""
ball,1,19.1,Sydney Thunder,CR Woakes,BS Dean,B Lee,1,0,"",""
ball,1,19.2,Sydney Thunder,BS Dean,CR Woakes,B Lee,0,0,bowled,BS Dean
ball,1,19.3,Sydney Thunder,CS Sandri,CR Woakes,B Lee,6,0,"",""
ball,1,19.4,Sydney Thunder,CS Sandri,CR Woakes,B Lee,1,0,"",""
ball,1,19.5,Sydney Thunder,CR Woakes,CS Sandri,B Lee,0,1,"",""
ball,1,19.6,Sydney Thunder,CS Sandri,CR Woakes,B Lee,2,0,"",""
ball,2,0.1,Sydney Sixers,MJ Lumb,NJ Maddinson,DP Nannes,1,0,"",""
ball,2,0.2,Sydney Sixers,NJ Maddinson,MJ Lumb,DP Nannes,0,0,"",""
ball,2,0.3,Sydney Sixers,NJ Maddinson,MJ Lumb,DP Nannes,0,0,"",""
ball,2,0.4,Sydney Sixers,NJ Maddinson,MJ Lumb,DP Nannes,4,0,"",""
ball,2,0.5,Sydney Sixers,NJ Maddinson,MJ Lumb,DP Nannes,4,0,"",""
ball,2,0.6,Sydney Sixers,NJ Maddinson,MJ Lumb,DP Nannes,0,1,"",""
ball,2,1.1,Sydney Sixers,NJ Maddinson,MJ Lumb,LW Feldman,0,0,"",""
ball,2,1.2,Sydney Sixers,NJ Maddinson,MJ Lumb,LW Feldman,0,0,"",""
ball,2,1.3,Sydney Sixers,NJ Maddinson,MJ Lumb,LW Feldman,4,0,"",""
ball,2,1.4,Sydney Sixers,NJ Maddinson,MJ Lumb,LW Feldman,0,0,"",""
ball,2,1.5,Sydney Sixers,NJ Maddinson,MJ Lumb,LW Feldman,0,0,"",""
ball,2,1.6,Sydney Sixers,NJ Maddinson,MJ Lumb,LW Feldman,6,0,"",""
ball,2,2.1,Sydney Sixers,MJ Lumb,NJ Maddinson,CS Sandri,0,0,"",""
ball,2,2.2,Sydney Sixers,MJ Lumb,NJ Maddinson,CS Sandri,1,0,"",""
ball,2,2.3,Sydney Sixers,NJ Maddinson,MJ Lumb,CS Sandri,4,0,"",""
ball,2,2.4,Sydney Sixers,NJ Maddinson,MJ Lumb,CS Sandri,4,0,"",""
ball,2,2.5,Sydney Sixers,NJ Maddinson,MJ Lumb,CS Sandri,6,0,"",""
ball,2,2.6,Sydney Sixers,NJ Maddinson,MJ Lumb,CS Sandri,0,0,"",""
ball,2,3.1,Sydney Sixers,MJ Lumb,NJ Maddinson,GS Sandhu,2,0,"",""
ball,2,3.2,Sydney Sixers,MJ Lumb,NJ Maddinson,GS Sandhu,0,0,"",""
ball,2,3.3,Sydney Sixers,MJ Lumb,NJ Maddinson,GS Sandhu,0,0,caught,MJ Lumb
ball,2,3.4,Sydney Sixers,NJ Maddinson,MJ Cosgrove,GS Sandhu,0,0,"",""
ball,2,3.5,Sydney Sixers,NJ Maddinson,MJ Cosgrove,GS Sandhu,0,0,"",""
ball,2,3.6,Sydney Sixers,NJ Maddinson,MJ Cosgrove,GS Sandhu,0,0,"",""
ball,2,4.1,Sydney Sixers,MJ Cosgrove,NJ Maddinson,DP Nannes,0,0,"",""
ball,2,4.2,Sydney Sixers,MJ Cosgrove,NJ Maddinson,DP Nannes,4,0,"",""
ball,2,4.3,Sydney Sixers,MJ Cosgrove,NJ Maddinson,DP Nannes,1,0,"",""
ball,2,4.4,Sydney Sixers,NJ Maddinson,MJ Cosgrove,DP Nannes,1,0,"",""
ball,2,4.5,Sydney Sixers,MJ Cosgrove,NJ Maddinson,DP Nannes,0,0,"",""
ball,2,4.6,Sydney Sixers,MJ Cosgrove,NJ Maddinson,DP Nannes,0,0,"",""
ball,2,5.1,Sydney Sixers,NJ Maddinson,MJ Cosgrove,GS Sandhu,0,0,"",""
ball,2,5.2,Sydney Sixers,NJ Maddinson,MJ Cosgrove,GS Sandhu,0,0,"",""
ball,2,5.3,Sydney Sixers,NJ Maddinson,MJ Cosgrove,GS Sandhu,6,0,"",""
ball,2,5.4,Sydney Sixers,NJ Maddinson,MJ Cosgrove,GS Sandhu,0,0,"",""
ball,2,5.5,Sydney Sixers,NJ Maddinson,MJ Cosgrove,GS Sandhu,0,0,"",""
ball,2,5.6,Sydney Sixers,NJ Maddinson,MJ Cosgrove,GS Sandhu,2,0,"",""
ball,2,6.1,Sydney Sixers,MJ Cosgrove,NJ Maddinson,CR Woakes,1,0,"",""
ball,2,6.2,Sydney Sixers,NJ Maddinson,MJ Cosgrove,CR Woakes,0,1,"",""
ball,2,6.3,Sydney Sixers,MJ Cosgrove,NJ Maddinson,CR Woakes,0,0,caught,MJ Cosgrove
ball,2,6.4,Sydney Sixers,NJ Maddinson,SPD Smith,CR Woakes,1,0,"",""
ball,2,6.5,Sydney Sixers,SPD Smith,NJ Maddinson,CR Woakes,1,0,"",""
ball,2,6.6,Sydney Sixers,NJ Maddinson,SPD Smith,CR Woakes,1,0,"",""
ball,2,7.1,Sydney Sixers,NJ Maddinson,SPD Smith,LW Feldman,0,0,"",""
ball,2,7.2,Sydney Sixers,NJ Maddinson,SPD Smith,LW Feldman,2,0,"",""
ball,2,7.3,Sydney Sixers,NJ Maddinson,SPD Smith,LW Feldman,1,0,"",""
ball,2,7.4,Sydney Sixers,SPD Smith,NJ Maddinson,LW Feldman,1,0,"",""
ball,2,7.5,Sydney Sixers,NJ Maddinson,SPD Smith,LW Feldman,1,0,"",""
ball,2,7.6,Sydney Sixers,SPD Smith,NJ Maddinson,LW Feldman,0,0,"",""
ball,2,8.1,Sydney Sixers,NJ Maddinson,SPD Smith,BS Dean,0,0,"",""
ball,2,8.2,Sydney Sixers,NJ Maddinson,SPD Smith,BS Dean,1,0,"",""
ball,2,8.3,Sydney Sixers,SPD Smith,NJ Maddinson,BS Dean,1,0,"",""
ball,2,8.4,Sydney Sixers,NJ Maddinson,SPD Smith,BS Dean,0,1,"",""
ball,2,8.5,Sydney Sixers,SPD Smith,NJ Maddinson,BS Dean,0,0,"",""
ball,2,8.6,Sydney Sixers,SPD Smith,NJ Maddinson,BS Dean,4,1,"",""
ball,2,8.7,Sydney Sixers,SPD Smith,NJ Maddinson,BS Dean,2,0,"",""
ball,2,9.1,Sydney Sixers,NJ Maddinson,SPD Smith,CR Woakes,3,0,"",""
ball,2,9.2,Sydney Sixers,SPD Smith,NJ Maddinson,CR Woakes,0,1,"",""
ball,2,9.3,Sydney Sixers,SPD Smith,NJ Maddinson,CR Woakes,2,0,"",""
ball,2,9.4,Sydney Sixers,SPD Smith,NJ Maddinson,CR Woakes,0,0,"",""
ball,2,9.5,Sydney Sixers,SPD Smith,NJ Maddinson,CR Woakes,1,0,"",""
ball,2,9.6,Sydney Sixers,NJ Maddinson,SPD Smith,CR Woakes,6,0,"",""
ball,2,9.7,Sydney Sixers,NJ Maddinson,SPD Smith,CR Woakes,0,0,"",""
ball,2,10.1,Sydney Sixers,SPD Smith,NJ Maddinson,BS Dean,0,1,"",""
ball,2,10.2,Sydney Sixers,SPD Smith,NJ Maddinson,BS Dean,1,0,"",""
ball,2,10.3,Sydney Sixers,NJ Maddinson,SPD Smith,BS Dean,0,1,"",""
ball,2,10.4,Sydney Sixers,NJ Maddinson,SPD Smith,BS Dean,4,0,"",""
ball,2,10.5,Sydney Sixers,NJ Maddinson,SPD Smith,BS Dean,0,0,caught,NJ Maddinson
ball,2,10.6,Sydney Sixers,RS Bopara,SPD Smith,BS Dean,0,5,"",""
ball,2,10.7,Sydney Sixers,RS Bopara,SPD Smith,BS Dean,0,1,"",""
ball,2,10.8,Sydney Sixers,RS Bopara,SPD Smith,BS Dean,2,1,"",""
ball,2,10.9,Sydney Sixers,RS Bopara,SPD Smith,BS Dean,1,0,"",""
ball,2,10.1,Sydney Sixers,SPD Smith,RS Bopara,BS Dean,2,0,"",""
ball,2,10.11,Sydney Sixers,SPD Smith,RS Bopara,BS Dean,1,0,"",""
ball,2,11.1,Sydney Sixers,SPD Smith,RS Bopara,GS Sandhu,0,0,"",""
ball,2,11.2,Sydney Sixers,SPD Smith,RS Bopara,GS Sandhu,0,1,"",""
ball,2,11.3,Sydney Sixers,SPD Smith,RS Bopara,GS Sandhu,0,0,"",""
ball,2,11.4,Sydney Sixers,SPD Smith,RS Bopara,GS Sandhu,0,2,"",""
ball,2,11.5,Sydney Sixers,SPD Smith,RS Bopara,GS Sandhu,4,0,"",""
ball,2,11.6,Sydney Sixers,SPD Smith,RS Bopara,GS Sandhu,1,0,"",""
ball,2,11.7,Sydney Sixers,RS Bopara,SPD Smith,GS Sandhu,0,0,"",""
ball,2,12.1,Sydney Sixers,SPD Smith,RS Bopara,CR Woakes,0,0,"",""
ball,2,12.2,Sydney Sixers,SPD Smith,RS Bopara,CR Woakes,0,0,"",""
ball,2,12.3,Sydney Sixers,SPD Smith,RS Bopara,CR Woakes,0,0,"",""
ball,2,12.4,Sydney Sixers,SPD Smith,RS Bopara,CR Woakes,0,0,"",""
ball,2,12.5,Sydney Sixers,SPD Smith,RS Bopara,CR Woakes,1,0,"",""
ball,2,12.6,Sydney Sixers,RS Bopara,SPD Smith,CR Woakes,4,0,"",""
ball,2,13.1,Sydney Sixers,SPD Smith,RS Bopara,CS Sandri,0,0,caught and bowled,SPD Smith
ball,2,13.2,Sydney Sixers,MC Henriques,RS Bopara,CS Sandri,1,0,"",""
ball,2,13.3,Sydney Sixers,RS Bopara,MC Henriques,CS Sandri,2,0,"",""
ball,2,13.4,Sydney Sixers,RS Bopara,MC Henriques,CS Sandri,0,0,"",""
ball,2,13.5,Sydney Sixers,RS Bopara,MC Henriques,CS Sandri,1,0,"",""
ball,2,13.6,Sydney Sixers,MC Henriques,RS Bopara,CS Sandri,1,0,"",""
ball,2,14.1,Sydney Sixers,MC Henriques,RS Bopara,CR Woakes,4,0,"",""
ball,2,14.2,Sydney Sixers,MC Henriques,RS Bopara,CR Woakes,4,0,"",""
ball,2,14.3,Sydney Sixers,MC Henriques,RS Bopara,CR Woakes,0,0,"",""
ball,2,14.4,Sydney Sixers,MC Henriques,RS Bopara,CR Woakes,0,0,"",""
ball,2,14.5,Sydney Sixers,MC Henriques,RS Bopara,CR Woakes,0,0,"",""
ball,2,14.6,Sydney Sixers,MC Henriques,RS Bopara,CR Woakes,1,0,"",""
ball,2,15.1,Sydney Sixers,MC Henriques,RS Bopara,GS Sandhu,1,0,"",""
ball,2,15.2,Sydney Sixers,RS Bopara,MC Henriques,GS Sandhu,2,0,"",""
ball,2,15.3,Sydney Sixers,RS Bopara,MC Henriques,GS Sandhu,2,0,"",""
ball,2,15.4,Sydney Sixers,RS Bopara,MC Henriques,GS Sandhu,2,0,"",""
ball,2,15.5,Sydney Sixers,RS Bopara,MC Henriques,GS Sandhu,1,0,"",""
ball,2,15.6,Sydney Sixers,MC Henriques,RS Bopara,GS Sandhu,1,0,"",""
ball,2,16.1,Sydney Sixers,MC Henriques,RS Bopara,DP Nannes,6,0,"",""
ball,2,16.2,Sydney Sixers,MC Henriques,RS Bopara,DP Nannes,1,0,"",""
ball,2,16.3,Sydney Sixers,RS Bopara,MC Henriques,DP Nannes,1,0,"",""
ball,2,16.4,Sydney Sixers,MC Henriques,RS Bopara,DP Nannes,1,0,"",""
ball,2,16.5,Sydney Sixers,RS Bopara,MC Henriques,DP Nannes,4,0,"",""
ball,2,16.6,Sydney Sixers,RS Bopara,MC Henriques,DP Nannes,4,0,"",""
ball,2,17.1,Sydney Sixers,MC Henriques,RS Bopara,LW Feldman,2,0,"",""
ball,2,17.2,Sydney Sixers,MC Henriques,RS Bopara,LW Feldman,0,1,"",""
ball,2,17.3,Sydney Sixers,MC Henriques,RS Bopara,LW Feldman,2,0,"",""
ball,2,17.4,Sydney Sixers,MC Henriques,RS Bopara,LW Feldman,1,0,"",""
ball,2,17.5,Sydney Sixers,RS Bopara,MC Henriques,LW Feldman,0,0,"",""
ball,2,17.6,Sydney Sixers,RS Bopara,MC Henriques,LW Feldman,1,0,"",""
ball,2,17.7,Sydney Sixers,MC Henriques,RS Bopara,LW Feldman,1,0,"",""
ball,2,18.1,Sydney Sixers,MC Henriques,RS Bopara,DP Nannes,1,0,"",""
ball,2,18.2,Sydney Sixers,RS Bopara,MC Henriques,DP Nannes,0,1,"",""
