version,1.3.0
info,team,Melbourne Stars
info,team,Perth Scorchers
info,gender,male
info,season,2013/14
info,date,2014/01/27
info,competition,Big Bash League
info,venue,Melbourne Cricket Ground
info,city,
info,toss_winner,Melbourne Stars
info,toss_decision,bat
info,player_of_match,JW Hastings
info,umpire,GA Abood
info,umpire,GC Joshua
info,reserve_umpire,PJ Gillespie
info,tv_umpire,SJ Nogajski
info,match_referee,DJ Harper
info,winner,Melbourne Stars
info,winner_runs,20
ball,1,0.1,Melbourne Stars,LJ Wright,BJ Hodge,MA Beer,0,0,"",""
ball,1,0.2,Melbourne Stars,LJ Wright,BJ Hodge,MA Beer,0,0,"",""
ball,1,0.3,Melbourne Stars,LJ Wright,BJ Hodge,MA Beer,0,0,"",""
ball,1,0.4,Melbourne Stars,LJ Wright,BJ Hodge,MA Beer,1,0,"",""
ball,1,0.5,Melbourne Stars,BJ Hodge,LJ Wright,MA Beer,1,0,"",""
ball,1,0.6,Melbourne Stars,LJ Wright,BJ Hodge,MA Beer,1,0,"",""
ball,1,1.1,Melbourne Stars,LJ Wright,BJ Hodge,JP Behrendorff,0,0,"",""
ball,1,1.2,Melbourne Stars,LJ Wright,BJ Hodge,JP Behrendorff,0,0,"",""
ball,1,1.3,Melbourne Stars,LJ Wright,BJ Hodge,JP Behrendorff,4,0,"",""
ball,1,1.4,Melbourne Stars,LJ Wright,BJ Hodge,JP Behrendorff,1,0,"",""
ball,1,1.5,Melbourne Stars,BJ Hodge,LJ Wright,JP Behrendorff,0,0,"",""
ball,1,1.6,Melbourne Stars,BJ Hodge,LJ Wright,JP Behrendorff,1,0,"",""
ball,1,2.1,Melbourne Stars,BJ Hodge,LJ Wright,MA Beer,4,0,"",""
ball,1,2.2,Melbourne Stars,BJ Hodge,LJ Wright,MA Beer,1,0,"",""
ball,1,2.3,Melbourne Stars,LJ Wright,BJ Hodge,MA Beer,2,0,"",""
ball,1,2.4,Melbourne Stars,LJ Wright,BJ Hodge,MA Beer,4,0,"",""
ball,1,2.5,Melbourne Stars,LJ Wright,BJ Hodge,MA Beer,0,0,stumped,LJ Wright
ball,1,2.6,Melbourne Stars,Mohammad Hafeez,BJ Hodge,MA Beer,0,0,"",""
ball,1,3.1,Melbourne Stars,BJ Hodge,Mohammad Hafeez,JP Behrendorff,0,0,"",""
ball,1,3.2,Melbourne Stars,BJ Hodge,Mohammad Hafeez,JP Behrendorff,2,0,"",""
ball,1,3.3,Melbourne Stars,BJ Hodge,Mohammad Hafeez,JP Behrendorff,0,0,"",""
ball,1,3.4,Melbourne Stars,BJ Hodge,Mohammad Hafeez,JP Behrendorff,0,0,"",""
ball,1,3.5,Melbourne Stars,BJ Hodge,Mohammad Hafeez,JP Behrendorff,1,0,"",""
ball,1,3.6,Melbourne Stars,Mohammad Hafeez,BJ Hodge,JP Behrendorff,0,0,"",""
ball,1,4.1,Melbourne Stars,BJ Hodge,Mohammad Hafeez,MA Beer,1,0,"",""
ball,1,4.2,Melbourne Stars,Mohammad Hafeez,BJ Hodge,MA Beer,0,0,"",""
ball,1,4.3,Melbourne Stars,Mohammad Hafeez,BJ Hodge,MA Beer,0,0,"",""
ball,1,4.4,Melbourne Stars,Mohammad Hafeez,BJ Hodge,MA Beer,4,0,"",""
ball,1,4.5,Melbourne Stars,Mohammad Hafeez,BJ Hodge,MA Beer,0,0,caught,Mohammad Hafeez
ball,1,4.6,Melbourne Stars,DJ Hussey,BJ Hodge,MA Beer,0,0,"",""
ball,1,5.1,Melbourne Stars,BJ Hodge,DJ Hussey,PJ Cummins,2,0,"",""
ball,1,5.2,Melbourne Stars,BJ Hodge,DJ Hussey,PJ Cummins,4,0,"",""
ball,1,5.3,Melbourne Stars,BJ Hodge,DJ Hussey,PJ Cummins,0,0,"",""
ball,1,5.4,Melbourne Stars,BJ Hodge,DJ Hussey,PJ Cummins,4,0,"",""
ball,1,5.5,Melbourne Stars,BJ Hodge,DJ Hussey,PJ Cummins,4,0,"",""
ball,1,5.6,Melbourne Stars,BJ Hodge,DJ Hussey,PJ Cummins,0,0,"",""
ball,1,6.1,Melbourne Stars,DJ Hussey,BJ Hodge,MA Beer,1,0,"",""
ball,1,6.2,Melbourne Stars,BJ Hodge,DJ Hussey,MA Beer,1,0,"",""
ball,1,6.3,Melbourne Stars,DJ Hussey,BJ Hodge,MA Beer,1,0,"",""
ball,1,6.4,Melbourne Stars,BJ Hodge,DJ Hussey,MA Beer,0,0,"",""
ball,1,6.5,Melbourne Stars,BJ Hodge,DJ Hussey,MA Beer,1,0,"",""
ball,1,6.6,Melbourne Stars,DJ Hussey,BJ Hodge,MA Beer,4,0,"",""
ball,1,7.1,Melbourne Stars,BJ Hodge,DJ Hussey,PJ Cummins,0,0,"",""
ball,1,7.2,Melbourne Stars,BJ Hodge,DJ Hussey,PJ Cummins,1,0,"",""
ball,1,7.3,Melbourne Stars,DJ Hussey,BJ Hodge,PJ Cummins,0,0,run out,DJ Hussey
ball,1,7.4,Melbourne Stars,BJ Hodge,MP Stoinis,PJ Cummins,1,0,"",""
ball,1,7.5,Melbourne Stars,MP Stoinis,BJ Hodge,PJ Cummins,1,0,"",""
ball,1,7.6,Melbourne Stars,BJ Hodge,MP Stoinis,PJ Cummins,4,0,"",""
ball,1,8.1,Melbourne Stars,MP Stoinis,BJ Hodge,GB Hogg,4,0,"",""
ball,1,8.2,Melbourne Stars,MP Stoinis,BJ Hodge,GB Hogg,0,1,"",""
ball,1,8.3,Melbourne Stars,MP Stoinis,BJ Hodge,GB Hogg,2,0,"",""
ball,1,8.4,Melbourne Stars,MP Stoinis,BJ Hodge,GB Hogg,1,0,"",""
ball,1,8.5,Melbourne Stars,BJ Hodge,MP Stoinis,GB Hogg,1,0,"",""
ball,1,8.6,Melbourne Stars,MP Stoinis,BJ Hodge,GB Hogg,0,1,"",""
ball,1,8.7,Melbourne Stars,MP Stoinis,BJ Hodge,GB Hogg,0,0,"",""
ball,1,8.8,Melbourne Stars,MP Stoinis,BJ Hodge,GB Hogg,1,0,"",""
ball,1,9.1,Melbourne Stars,MP Stoinis,BJ Hodge,PJ Cummins,1,0,"",""
ball,1,9.2,Melbourne Stars,BJ Hodge,MP Stoinis,PJ Cummins,0,0,"",""
ball,1,9.3,Melbourne Stars,BJ Hodge,MP Stoinis,PJ Cummins,1,0,"",""
ball,1,9.4,Melbourne Stars,MP Stoinis,BJ Hodge,PJ Cummins,0,0,"",""
ball,1,9.5,Melbourne Stars,MP Stoinis,BJ Hodge,PJ Cummins,0,0,"",""
ball,1,9.6,Melbourne Stars,MP Stoinis,BJ Hodge,PJ Cummins,2,1,"",""
ball,1,9.7,Melbourne Stars,MP Stoinis,BJ Hodge,PJ Cummins,4,0,"",""
ball,1,10.1,Melbourne Stars,BJ Hodge,MP Stoinis,GB Hogg,0,0,"",""
ball,1,10.2,Melbourne Stars,BJ Hodge,MP Stoinis,GB Hogg,4,0,"",""
ball,1,10.3,Melbourne Stars,BJ Hodge,MP Stoinis,GB Hogg,1,0,"",""
ball,1,10.4,Melbourne Stars,MP Stoinis,BJ Hodge,GB Hogg,4,0,"",""
ball,1,10.5,Melbourne Stars,MP Stoinis,BJ Hodge,GB Hogg,1,0,"",""
ball,1,10.6,Melbourne Stars,BJ Hodge,MP Stoinis,GB Hogg,1,0,"",""
ball,1,11.1,Melbourne Stars,BJ Hodge,MP Stoinis,JP Behrendorff,0,0,"",""
ball,1,11.2,Melbourne Stars,BJ Hodge,MP Stoinis,JP Behrendorff,1,0,"",""
ball,1,11.3,Melbourne Stars,MP Stoinis,BJ Hodge,JP Behrendorff,1,0,"",""
ball,1,11.4,Melbourne Stars,BJ Hodge,MP Stoinis,JP Behrendorff,4,0,"",""
ball,1,11.5,Melbourne Stars,BJ Hodge,MP Stoinis,JP Behrendorff,1,0,"",""
ball,1,11.6,Melbourne Stars,MP Stoinis,BJ Hodge,JP Behrendorff,1,0,"",""
ball,1,12.1,Melbourne Stars,MP Stoinis,BJ Hodge,AC Thomas,1,0,"",""
ball,1,12.2,Melbourne Stars,BJ Hodge,MP Stoinis,AC Thomas,4,0,"",""
ball,1,12.3,Melbourne Stars,BJ Hodge,MP Stoinis,AC Thomas,4,0,"",""
ball,1,12.4,Melbourne Stars,BJ Hodge,MP Stoinis,AC Thomas,1,0,"",""
ball,1,12.5,Melbourne Stars,MP Stoinis,BJ Hodge,AC Thomas,1,0,"",""
ball,1,12.6,Melbourne Stars,BJ Hodge,MP Stoinis,AC Thomas,1,0,"",""
ball,1,13.1,Melbourne Stars,BJ Hodge,MP Stoinis,AC Voges,2,0,"",""
ball,1,13.2,Melbourne Stars,BJ Hodge,MP Stoinis,AC Voges,1,0,"",""
ball,1,13.3,Melbourne Stars,MP Stoinis,BJ Hodge,AC Voges,0,0,"",""
ball,1,13.4,Melbourne Stars,MP Stoinis,BJ Hodge,AC Voges,0,0,lbw,MP Stoinis
ball,1,13.5,Melbourne Stars,PSP Handscomb,BJ Hodge,AC Voges,1,0,"",""
ball,1,13.6,Melbourne Stars,BJ Hodge,PSP Handscomb,AC Voges,0,1,"",""
ball,1,13.7,Melbourne Stars,BJ Hodge,PSP Handscomb,AC Voges,1,0,"",""
ball,1,14.1,Melbourne Stars,BJ Hodge,PSP Handscomb,AC Thomas,0,0,caught,BJ Hodge
ball,1,14.2,Melbourne Stars,PSP Handscomb,AR Keath,AC Thomas,1,0,"",""
ball,1,14.3,Melbourne Stars,AR Keath,PSP Handscomb,AC Thomas,0,0,"",""
ball,1,14.4,Melbourne Stars,AR Keath,PSP Handscomb,AC Thomas,1,0,"",""
ball,1,14.5,Melbourne Stars,PSP Handscomb,AR Keath,AC Thomas,1,0,"",""
ball,1,14.6,Melbourne Stars,AR Keath,PSP Handscomb,AC Thomas,0,0,"",""
ball,1,15.1,Melbourne Stars,PSP Handscomb,AR Keath,AC Voges,1,0,"",""
ball,1,15.2,Melbourne Stars,AR Keath,PSP Handscomb,AC Voges,1,0,"",""
ball,1,15.3,Melbourne Stars,PSP Handscomb,AR Keath,AC Voges,1,0,"",""
ball,1,15.4,Melbourne Stars,AR Keath,PSP Handscomb,AC Voges,1,0,"",""
ball,1,15.5,Melbourne Stars,PSP Handscomb,AR Keath,AC Voges,1,0,"",""
ball,1,15.6,Melbourne Stars,AR Keath,PSP Handscomb,AC Voges,1,0,run out,AR Keath
ball,1,16.1,Melbourne Stars,PSP Handscomb,JW Hastings,AC Thomas,1,0,"",""
ball,1,16.2,Melbourne Stars,JW Hastings,PSP Handscomb,AC Thomas,1,0,"",""
ball,1,16.3,Melbourne Stars,PSP Handscomb,JW Hastings,AC Thomas,1,0,"",""
ball,1,16.4,Melbourne Stars,JW Hastings,PSP Handscomb,AC Thomas,0,1,"",""
ball,1,16.5,Melbourne Stars,JW Hastings,PSP Handscomb,AC Thomas,0,0,"",""
ball,1,16.6,Melbourne Stars,JW Hastings,PSP Handscomb,AC Thomas,0,0,"",""
ball,1,16.7,Melbourne Stars,JW Hastings,PSP Handscomb,AC Thomas,1,0,"",""
ball,1,17.1,Melbourne Stars,JW Hastings,PSP Handscomb,GB Hogg,0,1,"",""
ball,1,17.2,Melbourne Stars,PSP Handscomb,JW Hastings,GB Hogg,6,0,"",""
ball,1,17.3,Melbourne Stars,PSP Handscomb,JW Hastings,GB Hogg,1,0,"",""
ball,1,17.4,Melbourne Stars,JW Hastings,PSP Handscomb,GB Hogg,6,0,"",""
ball,1,17.5,Melbourne Stars,JW Hastings,PSP Handscomb,GB Hogg,1,0,"",""
ball,1,17.6,Melbourne Stars,PSP Handscomb,JW Hastings,GB Hogg,0,0,"",""
ball,1,18.1,Melbourne Stars,JW Hastings,PSP Handscomb,AC Thomas,1,0,"",""
ball,1,18.2,Melbourne Stars,PSP Handscomb,JW Hastings,AC Thomas,1,0,"",""
ball,1,18.3,Melbourne Stars,JW Hastings,PSP Handscomb,AC Thomas,2,0,"",""
ball,1,18.4,Melbourne Stars,JW Hastings,PSP Handscomb,AC Thomas,1,0,"",""
ball,1,18.5,Melbourne Stars,PSP Handscomb,JW Hastings,AC Thomas,0,2,"",""
ball,1,18.6,Melbourne Stars,PSP Handscomb,JW Hastings,AC Thomas,1,0,"",""
ball,1,19.1,Melbourne Stars,PSP Handscomb,JW Hastings,PJ Cummins,6,0,"",""
ball,1,19.2,Melbourne Stars,PSP Handscomb,JW Hastings,PJ Cummins,1,0,"",""
ball,1,19.3,Melbourne Stars,JW Hastings,PSP Handscomb,PJ Cummins,0,1,"",""
ball,1,19.4,Melbourne Stars,PSP Handscomb,JW Hastings,PJ Cummins,1,0,"",""
ball,1,19.5,Melbourne Stars,JW Hastings,PSP Handscomb,PJ Cummins,0,0,"",""
ball,1,19.6,Melbourne Stars,JW Hastings,PSP Handscomb,PJ Cummins,0,1,"",""
ball,2,0.1,Perth Scorchers,CJ Simmons,MR Marsh,DJ Worrall,0,0,"",""
ball,2,0.2,Perth Scorchers,CJ Simmons,MR Marsh,DJ Worrall,0,0,"",""
ball,2,0.3,Perth Scorchers,CJ Simmons,MR Marsh,DJ Worrall,0,0,"",""
ball,2,0.4,Perth Scorchers,CJ Simmons,MR Marsh,DJ Worrall,2,0,"",""
ball,2,0.5,Perth Scorchers,CJ Simmons,MR Marsh,DJ Worrall,0,0,"",""
ball,2,0.6,Perth Scorchers,CJ Simmons,MR Marsh,DJ Worrall,0,0,caught,CJ Simmons
ball,2,1.1,Perth Scorchers,SM Whiteman,MR Marsh,SM Boland,0,0,"",""
ball,2,1.2,Perth Scorchers,SM Whiteman,MR Marsh,SM Boland,0,0,"",""
ball,2,1.3,Perth Scorchers,SM Whiteman,MR Marsh,SM Boland,0,0,"",""
ball,2,1.4,Perth Scorchers,SM Whiteman,MR Marsh,SM Boland,1,0,"",""
ball,2,1.5,Perth Scorchers,MR Marsh,SM Whiteman,SM Boland,0,0,"",""
ball,2,1.6,Perth Scorchers,MR Marsh,SM Whiteman,SM Boland,4,0,"",""
ball,2,2.1,Perth Scorchers,SM Whiteman,MR Marsh,DJ Worrall,0,0,"",""
ball,2,2.2,Perth Scorchers,SM Whiteman,MR Marsh,DJ Worrall,4,0,"",""
ball,2,2.3,Perth Scorchers,SM Whiteman,MR Marsh,DJ Worrall,4,0,"",""
ball,2,2.4,Perth Scorchers,SM Whiteman,MR Marsh,DJ Worrall,0,0,"",""
ball,2,2.5,Perth Scorchers,SM Whiteman,MR Marsh,DJ Worrall,1,0,"",""
ball,2,2.6,Perth Scorchers,MR Marsh,SM Whiteman,DJ Worrall,1,0,"",""
ball,2,3.1,Perth Scorchers,MR Marsh,SM Whiteman,SM Boland,0,0,"",""
ball,2,3.2,Perth Scorchers,MR Marsh,SM Whiteman,SM Boland,0,0,"",""
ball,2,3.3,Perth Scorchers,MR Marsh,SM Whiteman,SM Boland,4,0,"",""
ball,2,3.4,Perth Scorchers,MR Marsh,SM Whiteman,SM Boland,0,0,"",""
ball,2,3.5,Perth Scorchers,MR Marsh,SM Whiteman,SM Boland,1,0,"",""
ball,2,3.6,Perth Scorchers,SM Whiteman,MR Marsh,SM Boland,0,0,"",""
ball,2,4.1,Perth Scorchers,MR Marsh,SM Whiteman,CA Rose,1,0,"",""
ball,2,4.2,Perth Scorchers,SM Whiteman,MR Marsh,CA Rose,1,0,"",""
ball,2,4.3,Perth Scorchers,MR Marsh,SM Whiteman,CA Rose,0,0,"",""
ball,2,4.4,Perth Scorchers,MR Marsh,SM Whiteman,CA Rose,0,0,"",""
ball,2,4.5,Perth Scorchers,MR Marsh,SM Whiteman,CA Rose,4,0,"",""
ball,2,4.6,Perth Scorchers,MR Marsh,SM Whiteman,CA Rose,0,0,"",""
ball,2,5.1,Perth Scorchers,SM Whiteman,MR Marsh,JW Hastings,0,0,"",""
ball,2,5.2,Perth Scorchers,SM Whiteman,MR Marsh,JW Hastings,1,0,"",""
ball,2,5.3,Perth Scorchers,MR Marsh,SM Whiteman,JW Hastings,0,0,caught,MR Marsh
ball,2,5.4,Perth Scorchers,AC Voges,SM Whiteman,JW Hastings,0,0,"",""
ball,2,5.5,Perth Scorchers,AC Voges,SM Whiteman,JW Hastings,1,0,"",""
ball,2,5.6,Perth Scorchers,SM Whiteman,AC Voges,JW Hastings,1,0,"",""
ball,2,6.1,Perth Scorchers,SM Whiteman,AC Voges,Mohammad Hafeez,1,0,"",""
ball,2,6.2,Perth Scorchers,AC Voges,SM Whiteman,Mohammad Hafeez,0,2,"",""
ball,2,6.3,Perth Scorchers,SM Whiteman,AC Voges,Mohammad Hafeez,1,0,"",""
ball,2,6.4,Perth Scorchers,AC Voges,SM Whiteman,Mohammad Hafeez,0,0,"",""
ball,2,6.5,Perth Scorchers,AC Voges,SM Whiteman,Mohammad Hafeez,0,0,"",""
ball,2,6.6,Perth Scorchers,AC Voges,SM Whiteman,Mohammad Hafeez,1,0,"",""
ball,2,6.7,Perth Scorchers,SM Whiteman,AC Voges,Mohammad Hafeez,1,0,"",""
ball,2,7.1,Perth Scorchers,SM Whiteman,AC Voges,JW Hastings,1,0,"",""
ball,2,7.2,Perth Scorchers,AC Voges,SM Whiteman,JW Hastings,0,0,"",""
ball,2,7.3,Perth Scorchers,AC Voges,SM Whiteman,JW Hastings,0,0,run out,SM Whiteman
ball,2,7.4,Perth Scorchers,SM Katich,AC Voges,JW Hastings,1,0,"",""
ball,2,7.5,Perth Scorchers,AC Voges,SM Katich,JW Hastings,0,0,"",""
ball,2,7.6,Perth Scorchers,AC Voges,SM Katich,JW Hastings,1,0,"",""
ball,2,8.1,Perth Scorchers,AC Voges,SM Katich,Mohammad Hafeez,1,0,"",""
ball,2,8.2,Perth Scorchers,SM Katich,AC Voges,Mohammad Hafeez,0,0,"",""
ball,2,8.3,Perth Scorchers,SM Katich,AC Voges,Mohammad Hafeez,0,0,"",""
ball,2,8.4,Perth Scorchers,SM Katich,AC Voges,Mohammad Hafeez,1,0,"",""
ball,2,8.5,Perth Scorchers,AC Voges,SM Katich,Mohammad Hafeez,1,0,"",""
ball,2,8.6,Perth Scorchers,SM Katich,AC Voges,Mohammad Hafeez,0,0,"",""
ball,2,9.1,Perth Scorchers,AC Voges,SM Katich,SM Boland,0,0,"",""
ball,2,9.2,Perth Scorchers,AC Voges,SM Katich,SM Boland,4,0,"",""
ball,2,9.3,Perth Scorchers,AC Voges,SM Katich,SM Boland,4,0,"",""
ball,2,9.4,Perth Scorchers,AC Voges,SM Katich,SM Boland,0,0,"",""
ball,2,9.5,Perth Scorchers,AC Voges,SM Katich,SM Boland,1,0,"",""
ball,2,9.6,Perth Scorchers,SM Katich,AC Voges,SM Boland,4,0,"",""
ball,2,10.1,Perth Scorchers,AC Voges,SM Katich,CA Rose,0,0,"",""
ball,2,10.2,Perth Scorchers,AC Voges,SM Katich,CA Rose,1,0,"",""
ball,2,10.3,Perth Scorchers,SM Katich,AC Voges,CA Rose,1,0,"",""
ball,2,10.4,Perth Scorchers,AC Voges,SM Katich,CA Rose,1,0,"",""
ball,2,10.5,Perth Scorchers,SM Katich,AC Voges,CA Rose,2,0,"",""
ball,2,10.6,Perth Scorchers,SM Katich,AC Voges,CA Rose,1,0,"",""
ball,2,11.1,Perth Scorchers,SM Katich,AC Voges,Mohammad Hafeez,4,0,"",""
ball,2,11.2,Perth Scorchers,SM Katich,AC Voges,Mohammad Hafeez,1,0,"",""
ball,2,11.3,Perth Scorchers,AC Voges,SM Katich,Mohammad Hafeez,1,0,"",""
ball,2,11.4,Perth Scorchers,SM Katich,AC Voges,Mohammad Hafeez,4,0,"",""
ball,2,11.5,Perth Scorchers,SM Katich,AC Voges,Mohammad Hafeez,2,0,"",""
ball,2,11.6,Perth Scorchers,SM Katich,AC Voges,Mohammad Hafeez,1,0,"",""
ball,2,12.1,Perth Scorchers,SM Katich,AC Voges,CA Rose,1,0,"",""
ball,2,12.2,Perth Scorchers,AC Voges,SM Katich,CA Rose,0,0,"",""
ball,2,12.3,Perth Scorchers,AC Voges,SM Katich,CA Rose,1,0,"",""
ball,2,12.4,Perth Scorchers,SM Katich,AC Voges,CA Rose,1,0,"",""
ball,2,12.5,Perth Scorchers,AC Voges,SM Katich,CA Rose,1,0,"",""
ball,2,12.6,Perth Scorchers,SM Katich,AC Voges,CA Rose,2,0,"",""
ball,2,13.1,Perth Scorchers,AC Voges,SM Katich,MP Stoinis,2,0,"",""
ball,2,13.2,Perth Scorchers,AC Voges,SM Katich,MP Stoinis,1,0,"",""
ball,2,13.3,Perth Scorchers,SM Katich,AC Voges,MP Stoinis,1,0,"",""
ball,2,13.4,Perth Scorchers,AC Voges,SM Katich,MP Stoinis,2,0,"",""
ball,2,13.5,Perth Scorchers,AC Voges,SM Katich,MP Stoinis,4,0,"",""
ball,2,13.6,Perth Scorchers,AC Voges,SM Katich,MP Stoinis,1,0,"",""
ball,2,14.1,Perth Scorchers,AC Voges,SM Katich,JW Hastings,0,0,caught,AC Voges
ball,2,14.2,Perth Scorchers,AJ Turner,SM Katich,JW Hastings,1,0,"",""
ball,2,14.3,Perth Scorchers,SM Katich,AJ Turner,JW Hastings,0,0,"",""
ball,2,14.4,Perth Scorchers,SM Katich,AJ Turner,JW Hastings,1,0,"",""
ball,2,14.5,Perth Scorchers,AJ Turner,SM Katich,JW Hastings,0,0,"",""
ball,2,14.6,Perth Scorchers,AJ Turner,SM Katich,JW Hastings,0,0,bowled,AJ Turner
ball,2,15.1,Perth Scorchers,SM Katich,PJ Cummins,DJ Worrall,1,0,"",""
ball,2,15.2,Perth Scorchers,PJ Cummins,SM Katich,DJ Worrall,1,0,"",""
ball,2,15.3,Perth Scorchers,SM Katich,PJ Cummins,DJ Worrall,1,0,"",""
ball,2,15.4,Perth Scorchers,PJ Cummins,SM Katich,DJ Worrall,2,0,"",""
ball,2,15.5,Perth Scorchers,PJ Cummins,SM Katich,DJ Worrall,4,0,"",""
ball,2,15.6,Perth Scorchers,PJ Cummins,SM Katich,DJ Worrall,0,0,caught,PJ Cummins
ball,2,16.1,Perth Scorchers,JP Behrendorff,SM Katich,CA Rose,0,0,"",""
ball,2,16.2,Perth Scorchers,JP Behrendorff,SM Katich,CA Rose,4,0,"",""
ball,2,16.3,Perth Scorchers,JP Behrendorff,SM Katich,CA Rose,1,0,"",""
ball,2,16.4,Perth Scorchers,SM Katich,JP Behrendorff,CA Rose,0,0,caught,SM Katich
ball,2,16.5,Perth Scorchers,JP Behrendorff,AC Thomas,CA Rose,1,0,"",""
ball,2,16.6,Perth Scorchers,AC Thomas,JP Behrendorff,CA Rose,1,0,"",""
ball,2,17.1,Perth Scorchers,AC Thomas,JP Behrendorff,DJ Worrall,1,0,"",""
ball,2,17.2,Perth Scorchers,JP Behrendorff,AC Thomas,DJ Worrall,0,0,"",""
ball,2,17.3,Perth Scorchers,JP Behrendorff,AC Thomas,DJ Worrall,4,0,"",""
ball,2,17.4,Perth Scorchers,JP Behrendorff,AC Thomas,DJ Worrall,1,0,"",""
ball,2,17.5,Perth Scorchers,AC Thomas,JP Behrendorff,DJ Worrall,1,0,"",""
ball,2,17.6,Perth Scorchers,JP Behrendorff,AC Thomas,DJ Worrall,1,0,"",""
ball,2,18.1,Perth Scorchers,JP Behrendorff,AC Thomas,JW Hastings,2,0,"",""
ball,2,18.2,Perth Scorchers,JP Behrendorff,AC Thomas,JW Hastings,1,0,run out,AC Thomas
ball,2,18.3,Perth Scorchers,JP Behrendorff,GB Hogg,JW Hastings,1,0,"",""
ball,2,18.4,Perth Scorchers,GB Hogg,JP Behrendorff,JW Hastings,1,0,"",""
ball,2,18.5,Perth Scorchers,JP Behrendorff,GB Hogg,JW Hastings,6,0,"",""
ball,2,18.6,Perth Scorchers,JP Behrendorff,GB Hogg,JW Hastings,1,0,"",""
ball,2,19.1,Perth Scorchers,JP Behrendorff,GB Hogg,SM Boland,0,1,"",""
ball,2,19.2,Perth Scorchers,JP Behrendorff,GB Hogg,SM Boland,2,0,"",""
ball,2,19.3,Perth Scorchers,JP Behrendorff,GB Hogg,SM Boland,1,0,"",""
ball,2,19.4,Perth Scorchers,GB Hogg,JP Behrendorff,SM Boland,1,0,"",""
ball,2,19.5,Perth Scorchers,JP Behrendorff,GB Hogg,SM Boland,0,0,caught,JP Behrendorff
ball,2,19.6,Perth Scorchers,GB Hogg,MA Beer,SM Boland,0,0,"",""
ball,2,19.7,Perth Scorchers,GB Hogg,MA Beer,SM Boland,6,0,"",""
