version,1.3.0
info,team,Sydney Sixers
info,team,Perth Scorchers
info,gender,male
info,season,2013/14
info,date,2014/02/05
info,competition,Big Bash League
info,venue,Sydney Cricket Ground
info,city,
info,toss_winner,Sydney Sixers
info,toss_decision,field
info,player_of_match,CJ Simmons
info,umpire,MD Martell
info,umpire,P Wilson
info,reserve_umpire,GJ Davidson
info,tv_umpire,GC Joshua
info,match_referee,PL Marshall
info,winner,Perth Scorchers
info,winner_runs,5
info,method,D/L
ball,1,0.1,Perth Scorchers,CJ Simmons,SM Katich,B Lee,0,1,"",""
ball,1,0.2,Perth Scorchers,CJ Simmons,SM Katich,B Lee,1,0,"",""
ball,1,0.3,Perth Scorchers,SM Katich,CJ Simmons,B Lee,0,0,"",""
ball,1,0.4,Perth Scorchers,SM Katich,CJ Simmons,B Lee,0,0,"",""
ball,1,0.5,Perth Scorchers,SM Katich,CJ Simmons,B Lee,1,0,"",""
ball,1,0.6,Perth Scorchers,CJ Simmons,SM Katich,B Lee,0,0,"",""
ball,1,0.7,Perth Scorchers,CJ Simmons,SM Katich,B Lee,0,0,"",""
ball,1,1.1,Perth Scorchers,SM Katich,CJ Simmons,MA Starc,0,0,"",""
ball,1,1.2,Perth Scorchers,SM Katich,CJ Simmons,MA Starc,0,0,"",""
ball,1,1.3,Perth Scorchers,SM Katich,CJ Simmons,MA Starc,4,0,"",""
ball,1,1.4,Perth Scorchers,SM Katich,CJ Simmons,MA Starc,0,0,"",""
ball,1,1.5,Perth Scorchers,SM Katich,CJ Simmons,MA Starc,0,1,"",""
ball,1,1.6,Perth Scorchers,SM Katich,CJ Simmons,MA Starc,0,0,"",""
ball,1,1.7,Perth Scorchers,SM Katich,CJ Simmons,MA Starc,0,0,"",""
ball,1,2.1,Perth Scorchers,CJ Simmons,SM Katich,JR Hazlewood,0,1,"",""
ball,1,2.2,Perth Scorchers,SM Katich,CJ Simmons,JR Hazlewood,0,0,"",""
ball,1,2.3,Perth Scorchers,SM Katich,CJ Simmons,JR Hazlewood,0,0,"",""
ball,1,2.4,Perth Scorchers,SM Katich,CJ Simmons,JR Hazlewood,0,1,"",""
ball,1,2.5,Perth Scorchers,CJ Simmons,SM Katich,JR Hazlewood,1,0,"",""
ball,1,2.6,Perth Scorchers,SM Katich,CJ Simmons,JR Hazlewood,1,0,"",""
ball,1,3.1,Perth Scorchers,SM Katich,CJ Simmons,MA Starc,4,0,"",""
ball,1,3.2,Perth Scorchers,SM Katich,CJ Simmons,MA Starc,4,0,"",""
ball,1,3.3,Perth Scorchers,SM Katich,CJ Simmons,MA Starc,0,0,"",""
ball,1,3.4,Perth Scorchers,SM Katich,CJ Simmons,MA Starc,4,0,"",""
ball,1,3.5,Perth Scorchers,SM Katich,CJ Simmons,MA Starc,6,0,"",""
ball,1,3.6,Perth Scorchers,SM Katich,CJ Simmons,MA Starc,1,0,"",""
ball,1,4.1,Perth Scorchers,SM Katich,CJ Simmons,JR Hazlewood,1,0,"",""
ball,1,4.2,Perth Scorchers,CJ Simmons,SM Katich,JR Hazlewood,1,0,"",""
ball,1,4.3,Perth Scorchers,SM Katich,CJ Simmons,JR Hazlewood,0,0,caught,SM Katich
ball,1,4.4,Perth Scorchers,CJ Simmons,SM Whiteman,JR Hazlewood,0,0,"",""
ball,1,4.5,Perth Scorchers,CJ Simmons,SM Whiteman,JR Hazlewood,0,0,"",""
ball,1,4.6,Perth Scorchers,CJ Simmons,SM Whiteman,JR Hazlewood,0,0,"",""
ball,1,5.1,Perth Scorchers,SM Whiteman,CJ Simmons,TA Copeland,0,0,"",""
ball,1,5.2,Perth Scorchers,SM Whiteman,CJ Simmons,TA Copeland,1,0,"",""
ball,1,5.3,Perth Scorchers,CJ Simmons,SM Whiteman,TA Copeland,1,0,"",""
ball,1,5.4,Perth Scorchers,SM Whiteman,CJ Simmons,TA Copeland,1,0,"",""
ball,1,5.5,Perth Scorchers,CJ Simmons,SM Whiteman,TA Copeland,0,0,"",""
ball,1,5.6,Perth Scorchers,CJ Simmons,SM Whiteman,TA Copeland,0,0,"",""
ball,1,6.1,Perth Scorchers,SM Whiteman,CJ Simmons,RS Bopara,0,0,"",""
ball,1,6.2,Perth Scorchers,SM Whiteman,CJ Simmons,RS Bopara,1,0,"",""
ball,1,6.3,Perth Scorchers,CJ Simmons,SM Whiteman,RS Bopara,0,0,"",""
ball,1,6.4,Perth Scorchers,CJ Simmons,SM Whiteman,RS Bopara,1,0,"",""
ball,1,6.5,Perth Scorchers,SM Whiteman,CJ Simmons,RS Bopara,0,0,"",""
ball,1,6.6,Perth Scorchers,SM Whiteman,CJ Simmons,RS Bopara,1,0,"",""
ball,1,7.1,Perth Scorchers,SM Whiteman,CJ Simmons,TA Copeland,3,0,"",""
ball,1,7.2,Perth Scorchers,CJ Simmons,SM Whiteman,TA Copeland,0,0,"",""
ball,1,7.3,Perth Scorchers,CJ Simmons,SM Whiteman,TA Copeland,1,0,"",""
ball,1,7.4,Perth Scorchers,SM Whiteman,CJ Simmons,TA Copeland,1,0,"",""
ball,1,7.5,Perth Scorchers,CJ Simmons,SM Whiteman,TA Copeland,6,0,"",""
ball,1,7.6,Perth Scorchers,CJ Simmons,SM Whiteman,TA Copeland,2,0,"",""
ball,1,8.1,Perth Scorchers,SM Whiteman,CJ Simmons,B Lee,1,0,"",""
ball,1,8.2,Perth Scorchers,CJ Simmons,SM Whiteman,B Lee,0,0,"",""
ball,1,8.3,Perth Scorchers,CJ Simmons,SM Whiteman,B Lee,0,1,"",""
ball,1,8.4,Perth Scorchers,SM Whiteman,CJ Simmons,B Lee,0,0,caught,SM Whiteman
ball,1,8.5,Perth Scorchers,CJ Simmons,AC Voges,B Lee,1,0,"",""
ball,1,8.6,Perth Scorchers,AC Voges,CJ Simmons,B Lee,0,0,"",""
ball,1,9.1,Perth Scorchers,CJ Simmons,AC Voges,SA Abbott,1,0,"",""
ball,1,9.2,Perth Scorchers,AC Voges,CJ Simmons,SA Abbott,1,0,"",""
ball,1,9.3,Perth Scorchers,CJ Simmons,AC Voges,SA Abbott,6,0,"",""
ball,1,9.4,Perth Scorchers,CJ Simmons,AC Voges,SA Abbott,1,0,"",""
ball,1,9.5,Perth Scorchers,AC Voges,CJ Simmons,SA Abbott,0,0,"",""
ball,1,9.6,Perth Scorchers,AC Voges,CJ Simmons,SA Abbott,0,1,"",""
ball,1,9.7,Perth Scorchers,AC Voges,CJ Simmons,SA Abbott,2,0,"",""
ball,1,10.1,Perth Scorchers,CJ Simmons,AC Voges,RS Bopara,0,0,"",""
ball,1,10.2,Perth Scorchers,CJ Simmons,AC Voges,RS Bopara,1,0,"",""
ball,1,10.3,Perth Scorchers,AC Voges,CJ Simmons,RS Bopara,1,0,"",""
ball,1,10.4,Perth Scorchers,CJ Simmons,AC Voges,RS Bopara,2,0,"",""
ball,1,10.5,Perth Scorchers,CJ Simmons,AC Voges,RS Bopara,1,0,"",""
ball,1,10.6,Perth Scorchers,AC Voges,CJ Simmons,RS Bopara,1,0,"",""
ball,1,11.1,Perth Scorchers,AC Voges,CJ Simmons,JR Hazlewood,4,0,"",""
ball,1,11.2,Perth Scorchers,AC Voges,CJ Simmons,JR Hazlewood,2,0,"",""
ball,1,11.3,Perth Scorchers,AC Voges,CJ Simmons,JR Hazlewood,1,0,"",""
ball,1,11.4,Perth Scorchers,CJ Simmons,AC Voges,JR Hazlewood,6,0,"",""
ball,1,11.5,Perth Scorchers,CJ Simmons,AC Voges,JR Hazlewood,4,0,"",""
ball,1,11.6,Perth Scorchers,CJ Simmons,AC Voges,JR Hazlewood,0,0,"",""
ball,1,12.1,Perth Scorchers,AC Voges,CJ Simmons,RS Bopara,0,0,"",""
ball,1,12.2,Perth Scorchers,AC Voges,CJ Simmons,RS Bopara,1,0,"",""
ball,1,12.3,Perth Scorchers,CJ Simmons,AC Voges,RS Bopara,6,0,"",""
ball,1,12.4,Perth Scorchers,CJ Simmons,AC Voges,RS Bopara,2,0,"",""
ball,1,12.5,Perth Scorchers,CJ Simmons,AC Voges,RS Bopara,1,0,"",""
ball,1,12.6,Perth Scorchers,AC Voges,CJ Simmons,RS Bopara,0,0,"",""
ball,1,13.1,Perth Scorchers,CJ Simmons,AC Voges,MJ North,1,0,"",""
ball,1,13.2,Perth Scorchers,AC Voges,CJ Simmons,MJ North,1,0,"",""
ball,1,13.3,Perth Scorchers,CJ Simmons,AC Voges,MJ North,1,0,"",""
ball,1,13.4,Perth Scorchers,AC Voges,CJ Simmons,MJ North,2,0,"",""
ball,1,13.5,Perth Scorchers,AC Voges,CJ Simmons,MJ North,1,0,"",""
ball,1,13.6,Perth Scorchers,CJ Simmons,AC Voges,MJ North,6,0,"",""
ball,1,14.1,Perth Scorchers,AC Voges,CJ Simmons,B Lee,2,0,"",""
ball,1,14.2,Perth Scorchers,AC Voges,CJ Simmons,B Lee,4,0,"",""
ball,1,14.3,Perth Scorchers,AC Voges,CJ Simmons,B Lee,1,0,"",""
ball,1,14.4,Perth Scorchers,CJ Simmons,AC Voges,B Lee,1,0,"",""
ball,1,14.5,Perth Scorchers,AC Voges,CJ Simmons,B Lee,1,0,"",""
ball,1,14.6,Perth Scorchers,CJ Simmons,AC Voges,B Lee,1,0,"",""
ball,1,15.1,Perth Scorchers,CJ Simmons,AC Voges,SA Abbott,1,0,"",""
ball,1,15.2,Perth Scorchers,AC Voges,CJ Simmons,SA Abbott,4,0,"",""
ball,1,15.3,Perth Scorchers,AC Voges,CJ Simmons,SA Abbott,1,0,"",""
ball,1,15.4,Perth Scorchers,CJ Simmons,AC Voges,SA Abbott,6,0,"",""
ball,1,15.5,Perth Scorchers,CJ Simmons,AC Voges,SA Abbott,0,1,"",""
ball,1,15.6,Perth Scorchers,CJ Simmons,AC Voges,SA Abbott,4,0,"",""
ball,1,15.7,Perth Scorchers,CJ Simmons,AC Voges,SA Abbott,6,0,"",""
ball,1,16.1,Perth Scorchers,AC Voges,CJ Simmons,MA Starc,1,0,"",""
ball,1,16.2,Perth Scorchers,CJ Simmons,AC Voges,MA Starc,1,0,"",""
ball,1,16.3,Perth Scorchers,AC Voges,CJ Simmons,MA Starc,0,0,"",""
ball,1,16.4,Perth Scorchers,AC Voges,CJ Simmons,MA Starc,0,0,bowled,AC Voges
ball,1,16.5,Perth Scorchers,MR Marsh,CJ Simmons,MA Starc,1,0,"",""
ball,1,16.6,Perth Scorchers,CJ Simmons,MR Marsh,MA Starc,0,1,"",""
ball,1,17.1,Perth Scorchers,CJ Simmons,MR Marsh,JR Hazlewood,0,1,"",""
ball,1,17.2,Perth Scorchers,CJ Simmons,MR Marsh,JR Hazlewood,6,0,"",""
ball,1,17.3,Perth Scorchers,CJ Simmons,MR Marsh,JR Hazlewood,6,0,"",""
ball,1,17.4,Perth Scorchers,CJ Simmons,MR Marsh,JR Hazlewood,0,0,"",""
ball,1,17.5,Perth Scorchers,CJ Simmons,MR Marsh,JR Hazlewood,0,1,"",""
ball,1,17.6,Perth Scorchers,MR Marsh,CJ Simmons,JR Hazlewood,1,0,"",""
ball,1,17.7,Perth Scorchers,CJ Simmons,MR Marsh,JR Hazlewood,6,0,"",""
ball,1,18.1,Perth Scorchers,MR Marsh,CJ Simmons,MA Starc,1,0,"",""
ball,1,18.2,Perth Scorchers,CJ Simmons,MR Marsh,MA Starc,2,0,"",""
ball,1,18.3,Perth Scorchers,CJ Simmons,MR Marsh,MA Starc,2,0,"",""
ball,1,18.4,Perth Scorchers,CJ Simmons,MR Marsh,MA Starc,4,0,"",""
ball,1,18.5,Perth Scorchers,CJ Simmons,MR Marsh,MA Starc,1,0,"",""
ball,1,18.6,Perth Scorchers,MR Marsh,CJ Simmons,MA Starc,0,0,caught,MR Marsh
ball,1,19.1,Perth Scorchers,CJ Simmons,AJ Turner,B Lee,6,0,"",""
ball,1,19.2,Perth Scorchers,CJ Simmons,AJ Turner,B Lee,0,0,"",""
ball,1,19.3,Perth Scorchers,CJ Simmons,AJ Turner,B Lee,4,0,"",""
ball,1,19.4,Perth Scorchers,CJ Simmons,AJ Turner,B Lee,0,1,"",""
ball,1,19.5,Perth Scorchers,CJ Simmons,AJ Turner,B Lee,1,0,run out,CJ Simmons
ball,1,19.6,Perth Scorchers,NM Coulter-Nile,AJ Turner,B Lee,0,0,"",""
ball,1,19.7,Perth Scorchers,NM Coulter-Nile,AJ Turner,B Lee,0,1,"",""
ball,2,0.1,Sydney Sixers,MJ Lumb,NJ Maddinson,AC Thomas,0,1,"",""
ball,2,0.2,Sydney Sixers,MJ Lumb,NJ Maddinson,AC Thomas,0,0,"",""
ball,2,0.3,Sydney Sixers,MJ Lumb,NJ Maddinson,AC Thomas,0,0,"",""
ball,2,0.4,Sydney Sixers,MJ Lumb,NJ Maddinson,AC Thomas,1,0,"",""
ball,2,0.5,Sydney Sixers,NJ Maddinson,MJ Lumb,AC Thomas,4,0,"",""
ball,2,0.6,Sydney Sixers,NJ Maddinson,MJ Lumb,AC Thomas,1,0,"",""
ball,2,0.7,Sydney Sixers,MJ Lumb,NJ Maddinson,AC Thomas,0,1,"",""
ball,2,1.1,Sydney Sixers,MJ Lumb,NJ Maddinson,JP Behrendorff,0,0,"",""
ball,2,1.2,Sydney Sixers,MJ Lumb,NJ Maddinson,JP Behrendorff,0,0,caught,MJ Lumb
ball,2,1.3,Sydney Sixers,NJ Maddinson,RS Bopara,JP Behrendorff,0,0,"",""
ball,2,1.4,Sydney Sixers,NJ Maddinson,RS Bopara,JP Behrendorff,1,0,"",""
ball,2,1.5,Sydney Sixers,RS Bopara,NJ Maddinson,JP Behrendorff,0,0,caught,RS Bopara
ball,2,1.6,Sydney Sixers,NJ Maddinson,SA Abbott,JP Behrendorff,4,0,"",""
ball,2,2.1,Sydney Sixers,SA Abbott,NJ Maddinson,GB Hogg,0,3,"",""
ball,2,2.2,Sydney Sixers,NJ Maddinson,SA Abbott,GB Hogg,3,0,"",""
ball,2,2.3,Sydney Sixers,SA Abbott,NJ Maddinson,GB Hogg,1,0,"",""
ball,2,2.4,Sydney Sixers,NJ Maddinson,SA Abbott,GB Hogg,6,0,"",""
ball,2,2.5,Sydney Sixers,NJ Maddinson,SA Abbott,GB Hogg,4,0,"",""
ball,2,2.6,Sydney Sixers,NJ Maddinson,SA Abbott,GB Hogg,0,0,"",""
ball,2,3.1,Sydney Sixers,SA Abbott,NJ Maddinson,PJ Cummins,0,1,"",""
ball,2,3.2,Sydney Sixers,NJ Maddinson,SA Abbott,PJ Cummins,2,0,"",""
ball,2,3.3,Sydney Sixers,NJ Maddinson,SA Abbott,PJ Cummins,0,0,run out,SA Abbott
ball,2,3.4,Sydney Sixers,MJ Cosgrove,NJ Maddinson,PJ Cummins,0,0,caught,MJ Cosgrove
ball,2,3.5,Sydney Sixers,DLR Smith,NJ Maddinson,PJ Cummins,4,0,"",""
ball,2,3.6,Sydney Sixers,DLR Smith,NJ Maddinson,PJ Cummins,0,0,bowled,DLR Smith
ball,2,4.1,Sydney Sixers,NJ Maddinson,MJ North,NM Coulter-Nile,0,0,"",""
ball,2,4.2,Sydney Sixers,NJ Maddinson,MJ North,NM Coulter-Nile,2,0,"",""
ball,2,4.3,Sydney Sixers,NJ Maddinson,MJ North,NM Coulter-Nile,4,0,"",""
ball,2,4.4,Sydney Sixers,NJ Maddinson,MJ North,NM Coulter-Nile,4,0,"",""
ball,2,4.5,Sydney Sixers,NJ Maddinson,MJ North,NM Coulter-Nile,1,0,run out,NJ Maddinson
ball,2,4.6,Sydney Sixers,B Lee,MJ North,NM Coulter-Nile,0,0,"",""
