version,1.3.0
info,team,Hobart Hurricanes
info,team,Sydney Thunder
info,gender,male
info,season,2013/14
info,date,2014/01/11
info,competition,Big Bash League
info,venue,Bellerive Oval
info,city,Hobart
info,toss_winner,Hobart Hurricanes
info,toss_decision,bat
info,player_of_match,BR Dunk
info,umpire,DB Mealey
info,umpire,SJ Nogajski
info,reserve_umpire,JM Mitchell
info,tv_umpire,GC Joshua
info,match_referee,PL Marshall
info,winner,Hobart Hurricanes
info,winner_runs,73
ball,1,0.1,Hobart Hurricanes,TD Paine,BR Dunk,JS Floros,2,0,"",""
ball,1,0.2,Hobart Hurricanes,TD Paine,BR Dunk,JS Floros,0,0,"",""
ball,1,0.3,Hobart Hurricanes,TD Paine,BR Dunk,JS Floros,1,0,"",""
ball,1,0.4,Hobart Hurricanes,BR Dunk,TD Paine,JS Floros,0,0,"",""
ball,1,0.5,Hobart Hurricanes,BR Dunk,TD Paine,JS Floros,0,0,"",""
ball,1,0.6,Hobart Hurricanes,BR Dunk,TD Paine,JS Floros,2,0,"",""
ball,1,1.1,Hobart Hurricanes,TD Paine,BR Dunk,DP Nannes,1,0,"",""
ball,1,1.2,Hobart Hurricanes,BR Dunk,TD Paine,DP Nannes,2,0,"",""
ball,1,1.3,Hobart Hurricanes,BR Dunk,TD Paine,DP Nannes,4,0,"",""
ball,1,1.4,Hobart Hurricanes,BR Dunk,TD Paine,DP Nannes,4,0,"",""
ball,1,1.5,Hobart Hurricanes,BR Dunk,TD Paine,DP Nannes,0,0,"",""
ball,1,1.6,Hobart Hurricanes,BR Dunk,TD Paine,DP Nannes,1,0,"",""
ball,1,2.1,Hobart Hurricanes,BR Dunk,TD Paine,BAW Mendis,1,0,"",""
ball,1,2.2,Hobart Hurricanes,TD Paine,BR Dunk,BAW Mendis,2,0,"",""
ball,1,2.3,Hobart Hurricanes,TD Paine,BR Dunk,BAW Mendis,0,0,"",""
ball,1,2.4,Hobart Hurricanes,TD Paine,BR Dunk,BAW Mendis,1,0,"",""
ball,1,2.5,Hobart Hurricanes,BR Dunk,TD Paine,BAW Mendis,0,0,"",""
ball,1,2.6,Hobart Hurricanes,BR Dunk,TD Paine,BAW Mendis,1,0,"",""
ball,1,3.1,Hobart Hurricanes,BR Dunk,TD Paine,DP Nannes,6,0,"",""
ball,1,3.2,Hobart Hurricanes,BR Dunk,TD Paine,DP Nannes,0,0,"",""
ball,1,3.3,Hobart Hurricanes,BR Dunk,TD Paine,DP Nannes,1,0,"",""
ball,1,3.4,Hobart Hurricanes,TD Paine,BR Dunk,DP Nannes,4,0,"",""
ball,1,3.5,Hobart Hurricanes,TD Paine,BR Dunk,DP Nannes,0,0,"",""
ball,1,3.6,Hobart Hurricanes,TD Paine,BR Dunk,DP Nannes,1,0,"",""
ball,1,4.1,Hobart Hurricanes,TD Paine,BR Dunk,BAW Mendis,0,0,"",""
ball,1,4.2,Hobart Hurricanes,TD Paine,BR Dunk,BAW Mendis,2,0,"",""
ball,1,4.3,Hobart Hurricanes,TD Paine,BR Dunk,BAW Mendis,0,0,"",""
ball,1,4.4,Hobart Hurricanes,TD Paine,BR Dunk,BAW Mendis,0,0,caught,TD Paine
ball,1,4.5,Hobart Hurricanes,BR Dunk,TR Birt,BAW Mendis,1,0,"",""
ball,1,4.6,Hobart Hurricanes,TR Birt,BR Dunk,BAW Mendis,0,0,"",""
ball,1,5.1,Hobart Hurricanes,BR Dunk,TR Birt,JS Floros,0,0,"",""
ball,1,5.2,Hobart Hurricanes,BR Dunk,TR Birt,JS Floros,4,0,"",""
ball,1,5.3,Hobart Hurricanes,BR Dunk,TR Birt,JS Floros,4,0,"",""
ball,1,5.4,Hobart Hurricanes,BR Dunk,TR Birt,JS Floros,0,1,"",""
ball,1,5.5,Hobart Hurricanes,TR Birt,BR Dunk,JS Floros,1,0,"",""
ball,1,5.6,Hobart Hurricanes,BR Dunk,TR Birt,JS Floros,1,0,"",""
ball,1,6.1,Hobart Hurricanes,BR Dunk,TR Birt,GS Sandhu,4,0,"",""
ball,1,6.2,Hobart Hurricanes,BR Dunk,TR Birt,GS Sandhu,0,0,"",""
ball,1,6.3,Hobart Hurricanes,BR Dunk,TR Birt,GS Sandhu,1,0,"",""
ball,1,6.4,Hobart Hurricanes,TR Birt,BR Dunk,GS Sandhu,0,0,"",""
ball,1,6.5,Hobart Hurricanes,TR Birt,BR Dunk,GS Sandhu,4,0,"",""
ball,1,6.6,Hobart Hurricanes,TR Birt,BR Dunk,GS Sandhu,1,0,"",""
ball,1,7.1,Hobart Hurricanes,TR Birt,BR Dunk,AJ Tye,1,0,"",""
ball,1,7.2,Hobart Hurricanes,BR Dunk,TR Birt,AJ Tye,2,0,"",""
ball,1,7.3,Hobart Hurricanes,BR Dunk,TR Birt,AJ Tye,1,0,"",""
ball,1,7.4,Hobart Hurricanes,TR Birt,BR Dunk,AJ Tye,1,0,"",""
ball,1,7.5,Hobart Hurricanes,BR Dunk,TR Birt,AJ Tye,4,0,"",""
ball,1,7.6,Hobart Hurricanes,BR Dunk,TR Birt,AJ Tye,0,0,"",""
ball,1,8.1,Hobart Hurricanes,TR Birt,BR Dunk,GS Sandhu,1,0,"",""
ball,1,8.2,Hobart Hurricanes,BR Dunk,TR Birt,GS Sandhu,1,0,"",""
ball,1,8.3,Hobart Hurricanes,TR Birt,BR Dunk,GS Sandhu,6,0,"",""
ball,1,8.4,Hobart Hurricanes,TR Birt,BR Dunk,GS Sandhu,1,0,"",""
ball,1,8.5,Hobart Hurricanes,BR Dunk,TR Birt,GS Sandhu,1,0,"",""
ball,1,8.6,Hobart Hurricanes,TR Birt,BR Dunk,GS Sandhu,0,0,"",""
ball,1,9.1,Hobart Hurricanes,BR Dunk,TR Birt,JS Floros,4,0,"",""
ball,1,9.2,Hobart Hurricanes,BR Dunk,TR Birt,JS Floros,6,0,"",""
ball,1,9.3,Hobart Hurricanes,BR Dunk,TR Birt,JS Floros,0,0,"",""
ball,1,9.4,Hobart Hurricanes,BR Dunk,TR Birt,JS Floros,1,0,"",""
ball,1,9.5,Hobart Hurricanes,TR Birt,BR Dunk,JS Floros,1,0,"",""
ball,1,9.6,Hobart Hurricanes,BR Dunk,TR Birt,JS Floros,2,0,"",""
ball,1,10.1,Hobart Hurricanes,TR Birt,BR Dunk,BAW Mendis,0,0,"",""
ball,1,10.2,Hobart Hurricanes,TR Birt,BR Dunk,BAW Mendis,2,0,"",""
ball,1,10.3,Hobart Hurricanes,TR Birt,BR Dunk,BAW Mendis,1,0,"",""
ball,1,10.4,Hobart Hurricanes,BR Dunk,TR Birt,BAW Mendis,0,0,"",""
ball,1,10.5,Hobart Hurricanes,BR Dunk,TR Birt,BAW Mendis,1,0,"",""
ball,1,10.6,Hobart Hurricanes,TR Birt,BR Dunk,BAW Mendis,2,0,"",""
ball,1,11.1,Hobart Hurricanes,BR Dunk,TR Birt,AJ Tye,2,0,"",""
ball,1,11.2,Hobart Hurricanes,BR Dunk,TR Birt,AJ Tye,0,0,"",""
ball,1,11.3,Hobart Hurricanes,BR Dunk,TR Birt,AJ Tye,6,0,"",""
ball,1,11.4,Hobart Hurricanes,BR Dunk,TR Birt,AJ Tye,1,0,"",""
ball,1,11.5,Hobart Hurricanes,TR Birt,BR Dunk,AJ Tye,0,0,"",""
ball,1,11.6,Hobart Hurricanes,TR Birt,BR Dunk,AJ Tye,0,0,"",""
ball,1,12.1,Hobart Hurricanes,BR Dunk,TR Birt,GS Sandhu,1,0,"",""
ball,1,12.2,Hobart Hurricanes,TR Birt,BR Dunk,GS Sandhu,0,0,caught,TR Birt
ball,1,12.3,Hobart Hurricanes,AC Blizzard,BR Dunk,GS Sandhu,0,0,"",""
ball,1,12.4,Hobart Hurricanes,AC Blizzard,BR Dunk,GS Sandhu,1,0,"",""
ball,1,12.5,Hobart Hurricanes,BR Dunk,AC Blizzard,GS Sandhu,2,1,"",""
ball,1,12.6,Hobart Hurricanes,BR Dunk,AC Blizzard,GS Sandhu,4,0,"",""
ball,1,12.7,Hobart Hurricanes,BR Dunk,AC Blizzard,GS Sandhu,1,0,"",""
ball,1,13.1,Hobart Hurricanes,BR Dunk,AC Blizzard,JS Floros,1,0,"",""
ball,1,13.2,Hobart Hurricanes,AC Blizzard,BR Dunk,JS Floros,4,0,"",""
ball,1,13.3,Hobart Hurricanes,AC Blizzard,BR Dunk,JS Floros,0,0,"",""
ball,1,13.4,Hobart Hurricanes,AC Blizzard,BR Dunk,JS Floros,4,0,"",""
ball,1,13.5,Hobart Hurricanes,AC Blizzard,BR Dunk,JS Floros,1,0,"",""
ball,1,13.6,Hobart Hurricanes,BR Dunk,AC Blizzard,JS Floros,6,0,"",""
ball,1,14.1,Hobart Hurricanes,AC Blizzard,BR Dunk,BAW Mendis,1,0,"",""
ball,1,14.2,Hobart Hurricanes,BR Dunk,AC Blizzard,BAW Mendis,1,0,"",""
ball,1,14.3,Hobart Hurricanes,AC Blizzard,BR Dunk,BAW Mendis,1,0,"",""
ball,1,14.4,Hobart Hurricanes,BR Dunk,AC Blizzard,BAW Mendis,1,0,"",""
ball,1,14.5,Hobart Hurricanes,AC Blizzard,BR Dunk,BAW Mendis,1,0,"",""
ball,1,14.6,Hobart Hurricanes,BR Dunk,AC Blizzard,BAW Mendis,0,0,"",""
ball,1,15.1,Hobart Hurricanes,AC Blizzard,BR Dunk,AJ Tye,1,0,"",""
ball,1,15.2,Hobart Hurricanes,BR Dunk,AC Blizzard,AJ Tye,6,0,"",""
ball,1,15.3,Hobart Hurricanes,BR Dunk,AC Blizzard,AJ Tye,1,0,"",""
ball,1,15.4,Hobart Hurricanes,AC Blizzard,BR Dunk,AJ Tye,0,0,"",""
ball,1,15.5,Hobart Hurricanes,AC Blizzard,BR Dunk,AJ Tye,0,0,"",""
ball,1,15.6,Hobart Hurricanes,AC Blizzard,BR Dunk,AJ Tye,0,0,"",""
ball,1,16.1,Hobart Hurricanes,BR Dunk,AC Blizzard,GS Sandhu,2,0,"",""
ball,1,16.2,Hobart Hurricanes,BR Dunk,AC Blizzard,GS Sandhu,1,0,"",""
ball,1,16.3,Hobart Hurricanes,AC Blizzard,BR Dunk,GS Sandhu,1,0,"",""
ball,1,16.4,Hobart Hurricanes,BR Dunk,AC Blizzard,GS Sandhu,0,0,caught,BR Dunk
ball,1,16.5,Hobart Hurricanes,AC Blizzard,OA Shah,GS Sandhu,0,0,caught,AC Blizzard
ball,1,16.6,Hobart Hurricanes,OA Shah,Shoaib Malik,GS Sandhu,0,0,"",""
ball,1,17.1,Hobart Hurricanes,Shoaib Malik,OA Shah,DP Nannes,1,0,"",""
ball,1,17.2,Hobart Hurricanes,OA Shah,Shoaib Malik,DP Nannes,0,0,"",""
ball,1,17.3,Hobart Hurricanes,OA Shah,Shoaib Malik,DP Nannes,1,0,"",""
ball,1,17.4,Hobart Hurricanes,Shoaib Malik,OA Shah,DP Nannes,1,0,"",""
ball,1,17.5,Hobart Hurricanes,OA Shah,Shoaib Malik,DP Nannes,0,0,"",""
ball,1,17.6,Hobart Hurricanes,OA Shah,Shoaib Malik,DP Nannes,1,0,"",""
ball,1,18.1,Hobart Hurricanes,OA Shah,Shoaib Malik,AJ Tye,1,0,"",""
ball,1,18.2,Hobart Hurricanes,Shoaib Malik,OA Shah,AJ Tye,1,0,"",""
ball,1,18.3,Hobart Hurricanes,OA Shah,Shoaib Malik,AJ Tye,0,0,caught,OA Shah
ball,1,18.4,Hobart Hurricanes,Shoaib Malik,JW Wells,AJ Tye,2,0,"",""
ball,1,18.5,Hobart Hurricanes,Shoaib Malik,JW Wells,AJ Tye,1,0,"",""
ball,1,18.6,Hobart Hurricanes,JW Wells,Shoaib Malik,AJ Tye,1,0,"",""
ball,1,19.1,Hobart Hurricanes,JW Wells,Shoaib Malik,DP Nannes,1,0,"",""
ball,1,19.2,Hobart Hurricanes,Shoaib Malik,JW Wells,DP Nannes,1,0,"",""
ball,1,19.3,Hobart Hurricanes,JW Wells,Shoaib Malik,DP Nannes,0,0,"",""
ball,1,19.4,Hobart Hurricanes,JW Wells,Shoaib Malik,DP Nannes,1,0,"",""
ball,1,19.5,Hobart Hurricanes,Shoaib Malik,JW Wells,DP Nannes,4,0,"",""
ball,1,19.6,Hobart Hurricanes,Shoaib Malik,JW Wells,DP Nannes,1,0,"",""
ball,2,0.1,Sydney Thunder,UT Khawaja,DP Hughes,Shoaib Malik,0,0,"",""
ball,2,0.2,Sydney Thunder,UT Khawaja,DP Hughes,Shoaib Malik,0,0,"",""
ball,2,0.3,Sydney Thunder,UT Khawaja,DP Hughes,Shoaib Malik,1,0,"",""
ball,2,0.4,Sydney Thunder,DP Hughes,UT Khawaja,Shoaib Malik,0,0,bowled,DP Hughes
ball,2,0.5,Sydney Thunder,MEK Hussey,UT Khawaja,Shoaib Malik,0,0,"",""
ball,2,0.6,Sydney Thunder,MEK Hussey,UT Khawaja,Shoaib Malik,0,0,"",""
ball,2,1.1,Sydney Thunder,UT Khawaja,MEK Hussey,DE Bollinger,0,0,"",""
ball,2,1.2,Sydney Thunder,UT Khawaja,MEK Hussey,DE Bollinger,4,0,"",""
ball,2,1.3,Sydney Thunder,UT Khawaja,MEK Hussey,DE Bollinger,1,0,"",""
ball,2,1.4,Sydney Thunder,MEK Hussey,UT Khawaja,DE Bollinger,1,0,"",""
ball,2,1.5,Sydney Thunder,UT Khawaja,MEK Hussey,DE Bollinger,0,1,"",""
ball,2,1.6,Sydney Thunder,MEK Hussey,UT Khawaja,DE Bollinger,1,0,"",""
ball,2,2.1,Sydney Thunder,MEK Hussey,UT Khawaja,BW Hilfenhaus,0,0,caught,MEK Hussey
ball,2,2.2,Sydney Thunder,UT Khawaja,CJ Borgas,BW Hilfenhaus,0,0,"",""
ball,2,2.3,Sydney Thunder,UT Khawaja,CJ Borgas,BW Hilfenhaus,2,0,"",""
ball,2,2.4,Sydney Thunder,UT Khawaja,CJ Borgas,BW Hilfenhaus,1,0,"",""
ball,2,2.5,Sydney Thunder,CJ Borgas,UT Khawaja,BW Hilfenhaus,1,0,"",""
ball,2,2.6,Sydney Thunder,UT Khawaja,CJ Borgas,BW Hilfenhaus,4,0,"",""
ball,2,3.1,Sydney Thunder,CJ Borgas,UT Khawaja,Shoaib Malik,1,0,"",""
ball,2,3.2,Sydney Thunder,UT Khawaja,CJ Borgas,Shoaib Malik,0,0,"",""
ball,2,3.3,Sydney Thunder,UT Khawaja,CJ Borgas,Shoaib Malik,4,0,"",""
ball,2,3.4,Sydney Thunder,UT Khawaja,CJ Borgas,Shoaib Malik,1,0,"",""
ball,2,3.5,Sydney Thunder,CJ Borgas,UT Khawaja,Shoaib Malik,0,0,"",""
ball,2,3.6,Sydney Thunder,CJ Borgas,UT Khawaja,Shoaib Malik,1,0,"",""
ball,2,4.1,Sydney Thunder,CJ Borgas,UT Khawaja,DE Bollinger,0,0,"",""
ball,2,4.2,Sydney Thunder,CJ Borgas,UT Khawaja,DE Bollinger,1,0,"",""
ball,2,4.3,Sydney Thunder,UT Khawaja,CJ Borgas,DE Bollinger,0,0,"",""
ball,2,4.4,Sydney Thunder,UT Khawaja,CJ Borgas,DE Bollinger,0,0,"",""
ball,2,4.5,Sydney Thunder,UT Khawaja,CJ Borgas,DE Bollinger,1,0,"",""
ball,2,4.6,Sydney Thunder,CJ Borgas,UT Khawaja,DE Bollinger,1,0,"",""
ball,2,5.1,Sydney Thunder,CJ Borgas,UT Khawaja,BW Hilfenhaus,1,0,"",""
ball,2,5.2,Sydney Thunder,UT Khawaja,CJ Borgas,BW Hilfenhaus,1,0,"",""
ball,2,5.3,Sydney Thunder,CJ Borgas,UT Khawaja,BW Hilfenhaus,1,0,"",""
ball,2,5.4,Sydney Thunder,UT Khawaja,CJ Borgas,BW Hilfenhaus,1,0,"",""
ball,2,5.5,Sydney Thunder,CJ Borgas,UT Khawaja,BW Hilfenhaus,1,0,"",""
ball,2,5.6,Sydney Thunder,UT Khawaja,CJ Borgas,BW Hilfenhaus,0,0,"",""
ball,2,6.1,Sydney Thunder,CJ Borgas,UT Khawaja,B Laughlin,0,0,caught,CJ Borgas
ball,2,6.2,Sydney Thunder,UT Khawaja,JS Floros,B Laughlin,1,0,"",""
ball,2,6.3,Sydney Thunder,JS Floros,UT Khawaja,B Laughlin,1,0,"",""
ball,2,6.4,Sydney Thunder,UT Khawaja,JS Floros,B Laughlin,1,0,"",""
ball,2,6.5,Sydney Thunder,JS Floros,UT Khawaja,B Laughlin,1,0,"",""
ball,2,6.6,Sydney Thunder,UT Khawaja,JS Floros,B Laughlin,0,0,"",""
ball,2,7.1,Sydney Thunder,JS Floros,UT Khawaja,BW Hilfenhaus,0,1,"",""
ball,2,7.2,Sydney Thunder,JS Floros,UT Khawaja,BW Hilfenhaus,1,0,"",""
ball,2,7.3,Sydney Thunder,UT Khawaja,JS Floros,BW Hilfenhaus,4,0,"",""
ball,2,7.4,Sydney Thunder,UT Khawaja,JS Floros,BW Hilfenhaus,0,0,"",""
ball,2,7.5,Sydney Thunder,UT Khawaja,JS Floros,BW Hilfenhaus,0,2,"",""
ball,2,7.6,Sydney Thunder,UT Khawaja,JS Floros,BW Hilfenhaus,0,1,"",""
ball,2,7.7,Sydney Thunder,UT Khawaja,JS Floros,BW Hilfenhaus,0,0,"",""
ball,2,7.8,Sydney Thunder,UT Khawaja,JS Floros,BW Hilfenhaus,0,0,"",""
ball,2,8.1,Sydney Thunder,JS Floros,UT Khawaja,CJ Boyce,0,0,"",""
ball,2,8.2,Sydney Thunder,JS Floros,UT Khawaja,CJ Boyce,0,0,"",""
ball,2,8.3,Sydney Thunder,JS Floros,UT Khawaja,CJ Boyce,0,1,"",""
ball,2,8.4,Sydney Thunder,JS Floros,UT Khawaja,CJ Boyce,0,0,"",""
ball,2,8.5,Sydney Thunder,JS Floros,UT Khawaja,CJ Boyce,1,0,"",""
ball,2,8.6,Sydney Thunder,UT Khawaja,JS Floros,CJ Boyce,1,0,"",""
ball,2,8.7,Sydney Thunder,JS Floros,UT Khawaja,CJ Boyce,1,0,"",""
ball,2,9.1,Sydney Thunder,JS Floros,UT Khawaja,B Laughlin,0,0,"",""
ball,2,9.2,Sydney Thunder,JS Floros,UT Khawaja,B Laughlin,0,1,"",""
ball,2,9.3,Sydney Thunder,UT Khawaja,JS Floros,B Laughlin,0,0,caught,UT Khawaja
ball,2,9.4,Sydney Thunder,JS Floros,KR Patterson,B Laughlin,0,0,"",""
ball,2,9.5,Sydney Thunder,JS Floros,KR Patterson,B Laughlin,1,0,"",""
ball,2,9.6,Sydney Thunder,KR Patterson,JS Floros,B Laughlin,1,0,"",""
ball,2,10.1,Sydney Thunder,KR Patterson,JS Floros,CJ Boyce,1,0,"",""
ball,2,10.2,Sydney Thunder,JS Floros,KR Patterson,CJ Boyce,1,0,"",""
ball,2,10.3,Sydney Thunder,KR Patterson,JS Floros,CJ Boyce,2,0,"",""
ball,2,10.4,Sydney Thunder,KR Patterson,JS Floros,CJ Boyce,1,0,"",""
ball,2,10.5,Sydney Thunder,JS Floros,KR Patterson,CJ Boyce,2,0,"",""
ball,2,10.6,Sydney Thunder,JS Floros,KR Patterson,CJ Boyce,1,0,"",""
ball,2,11.1,Sydney Thunder,JS Floros,KR Patterson,Shoaib Malik,1,0,"",""
ball,2,11.2,Sydney Thunder,KR Patterson,JS Floros,Shoaib Malik,1,0,"",""
ball,2,11.3,Sydney Thunder,JS Floros,KR Patterson,Shoaib Malik,1,0,"",""
ball,2,11.4,Sydney Thunder,KR Patterson,JS Floros,Shoaib Malik,1,0,run out,JS Floros
ball,2,11.5,Sydney Thunder,KR Patterson,RGL Carters,Shoaib Malik,1,0,"",""
ball,2,11.6,Sydney Thunder,RGL Carters,KR Patterson,Shoaib Malik,1,0,"",""
ball,2,12.1,Sydney Thunder,RGL Carters,KR Patterson,BW Hilfenhaus,1,0,"",""
ball,2,12.2,Sydney Thunder,KR Patterson,RGL Carters,BW Hilfenhaus,1,0,"",""
ball,2,12.3,Sydney Thunder,RGL Carters,KR Patterson,BW Hilfenhaus,1,0,"",""
ball,2,12.4,Sydney Thunder,KR Patterson,RGL Carters,BW Hilfenhaus,1,0,"",""
ball,2,12.5,Sydney Thunder,RGL Carters,KR Patterson,BW Hilfenhaus,0,0,"",""
ball,2,12.6,Sydney Thunder,RGL Carters,KR Patterson,BW Hilfenhaus,2,0,"",""
ball,2,13.1,Sydney Thunder,KR Patterson,RGL Carters,Shoaib Malik,0,1,"",""
ball,2,13.2,Sydney Thunder,KR Patterson,RGL Carters,Shoaib Malik,1,0,"",""
ball,2,13.3,Sydney Thunder,RGL Carters,KR Patterson,Shoaib Malik,1,0,"",""
ball,2,13.4,Sydney Thunder,KR Patterson,RGL Carters,Shoaib Malik,0,0,stumped,KR Patterson
ball,2,13.5,Sydney Thunder,AJ Tye,RGL Carters,Shoaib Malik,0,2,"",""
ball,2,13.6,Sydney Thunder,AJ Tye,RGL Carters,Shoaib Malik,1,0,"",""
ball,2,13.7,Sydney Thunder,RGL Carters,AJ Tye,Shoaib Malik,1,0,"",""
ball,2,14.1,Sydney Thunder,RGL Carters,AJ Tye,CJ Boyce,1,0,"",""
ball,2,14.2,Sydney Thunder,AJ Tye,RGL Carters,CJ Boyce,0,0,"",""
ball,2,14.3,Sydney Thunder,AJ Tye,RGL Carters,CJ Boyce,6,0,"",""
ball,2,14.4,Sydney Thunder,AJ Tye,RGL Carters,CJ Boyce,0,0,"",""
ball,2,14.5,Sydney Thunder,AJ Tye,RGL Carters,CJ Boyce,0,0,caught,AJ Tye
ball,2,14.6,Sydney Thunder,RGL Carters,BAW Mendis,CJ Boyce,1,0,"",""
ball,2,15.1,Sydney Thunder,RGL Carters,BAW Mendis,B Laughlin,1,0,"",""
ball,2,15.2,Sydney Thunder,BAW Mendis,RGL Carters,B Laughlin,0,0,"",""
ball,2,15.3,Sydney Thunder,BAW Mendis,RGL Carters,B Laughlin,1,0,"",""
ball,2,15.4,Sydney Thunder,RGL Carters,BAW Mendis,B Laughlin,0,0,caught,RGL Carters
ball,2,15.5,Sydney Thunder,BAW Mendis,GS Sandhu,B Laughlin,0,0,"",""
ball,2,15.6,Sydney Thunder,BAW Mendis,GS Sandhu,B Laughlin,0,0,"",""
ball,2,16.1,Sydney Thunder,GS Sandhu,BAW Mendis,CJ Boyce,1,0,"",""
ball,2,16.2,Sydney Thunder,BAW Mendis,GS Sandhu,CJ Boyce,4,0,"",""
ball,2,16.3,Sydney Thunder,BAW Mendis,GS Sandhu,CJ Boyce,0,0,caught,BAW Mendis
ball,2,16.4,Sydney Thunder,GS Sandhu,DP Nannes,CJ Boyce,0,0,caught,GS Sandhu
