version,1.3.0
info,team,Perth Scorchers
info,team,Sydney Thunder
info,gender,male
info,season,2014/15
info,date,2015/01/01
info,competition,Big Bash League
info,venue,Western Australia Cricket Association Ground
info,city,Perth
info,toss_winner,Sydney Thunder
info,toss_decision,bat
info,player_of_match,JH Kallis
info,umpire,SAJ Craig
info,umpire,MW Graham-Smith
info,tv_umpire,P Wilson
info,match_referee,DJ Harper
info,winner,Sydney Thunder
info,winner_runs,20
ball,1,0.1,Sydney Thunder,JH Kallis,AB McDonald,AJ Turner,1,0,"",""
ball,1,0.2,Sydney Thunder,AB McDonald,JH Kallis,AJ Turner,1,0,"",""
ball,1,0.3,Sydney Thunder,JH Kallis,AB McDonald,AJ Turner,4,0,"",""
ball,1,0.4,Sydney Thunder,JH Kallis,AB McDonald,AJ Turner,1,0,"",""
ball,1,0.5,Sydney Thunder,AB McDonald,JH Kallis,AJ Turner,1,0,"",""
ball,1,0.6,Sydney Thunder,JH Kallis,AB McDonald,AJ Turner,0,0,"",""
ball,1,1.1,Sydney Thunder,AB McDonald,JH Kallis,JP Behrendorff,0,0,"",""
ball,1,1.2,Sydney Thunder,AB McDonald,JH Kallis,JP Behrendorff,3,0,"",""
ball,1,1.3,Sydney Thunder,JH Kallis,AB McDonald,JP Behrendorff,1,0,"",""
ball,1,1.4,Sydney Thunder,AB McDonald,JH Kallis,JP Behrendorff,1,0,"",""
ball,1,1.5,Sydney Thunder,JH Kallis,AB McDonald,JP Behrendorff,4,0,"",""
ball,1,1.6,Sydney Thunder,JH Kallis,AB McDonald,JP Behrendorff,1,0,"",""
ball,1,2.1,Sydney Thunder,JH Kallis,AB McDonald,MW Dixon,0,0,"",""
ball,1,2.2,Sydney Thunder,JH Kallis,AB McDonald,MW Dixon,0,0,"",""
ball,1,2.3,Sydney Thunder,JH Kallis,AB McDonald,MW Dixon,4,0,"",""
ball,1,2.4,Sydney Thunder,JH Kallis,AB McDonald,MW Dixon,4,0,"",""
ball,1,2.5,Sydney Thunder,JH Kallis,AB McDonald,MW Dixon,0,0,"",""
ball,1,2.6,Sydney Thunder,JH Kallis,AB McDonald,MW Dixon,1,0,"",""
ball,1,3.1,Sydney Thunder,JH Kallis,AB McDonald,JP Behrendorff,1,0,"",""
ball,1,3.2,Sydney Thunder,AB McDonald,JH Kallis,JP Behrendorff,0,0,"",""
ball,1,3.3,Sydney Thunder,AB McDonald,JH Kallis,JP Behrendorff,1,0,"",""
ball,1,3.4,Sydney Thunder,JH Kallis,AB McDonald,JP Behrendorff,1,0,"",""
ball,1,3.5,Sydney Thunder,AB McDonald,JH Kallis,JP Behrendorff,0,0,caught,AB McDonald
ball,1,3.6,Sydney Thunder,JH Kallis,AC Blizzard,JP Behrendorff,1,1,"",""
ball,1,3.7,Sydney Thunder,AC Blizzard,JH Kallis,JP Behrendorff,0,0,"",""
ball,1,4.1,Sydney Thunder,JH Kallis,AC Blizzard,MW Dixon,1,0,"",""
ball,1,4.2,Sydney Thunder,AC Blizzard,JH Kallis,MW Dixon,0,0,"",""
ball,1,4.3,Sydney Thunder,AC Blizzard,JH Kallis,MW Dixon,0,0,"",""
ball,1,4.4,Sydney Thunder,AC Blizzard,JH Kallis,MW Dixon,0,0,"",""
ball,1,4.5,Sydney Thunder,AC Blizzard,JH Kallis,MW Dixon,4,0,"",""
ball,1,4.6,Sydney Thunder,AC Blizzard,JH Kallis,MW Dixon,4,0,"",""
ball,1,5.1,Sydney Thunder,JH Kallis,AC Blizzard,AJ Tye,0,0,"",""
ball,1,5.2,Sydney Thunder,JH Kallis,AC Blizzard,AJ Tye,1,0,"",""
ball,1,5.3,Sydney Thunder,AC Blizzard,JH Kallis,AJ Tye,0,0,"",""
ball,1,5.4,Sydney Thunder,AC Blizzard,JH Kallis,AJ Tye,0,1,"",""
ball,1,5.5,Sydney Thunder,JH Kallis,AC Blizzard,AJ Tye,0,0,"",""
ball,1,5.6,Sydney Thunder,JH Kallis,AC Blizzard,AJ Tye,0,0,"",""
ball,1,6.1,Sydney Thunder,AC Blizzard,JH Kallis,Yasir Arafat,0,1,"",""
ball,1,6.2,Sydney Thunder,AC Blizzard,JH Kallis,Yasir Arafat,0,0,"",""
ball,1,6.3,Sydney Thunder,AC Blizzard,JH Kallis,Yasir Arafat,1,0,"",""
ball,1,6.4,Sydney Thunder,JH Kallis,AC Blizzard,Yasir Arafat,1,0,"",""
ball,1,6.5,Sydney Thunder,AC Blizzard,JH Kallis,Yasir Arafat,2,0,"",""
ball,1,6.6,Sydney Thunder,AC Blizzard,JH Kallis,Yasir Arafat,1,0,"",""
ball,1,6.7,Sydney Thunder,JH Kallis,AC Blizzard,Yasir Arafat,0,0,"",""
ball,1,7.1,Sydney Thunder,AC Blizzard,JH Kallis,MW Dixon,1,0,"",""
ball,1,7.2,Sydney Thunder,JH Kallis,AC Blizzard,MW Dixon,1,0,"",""
ball,1,7.3,Sydney Thunder,AC Blizzard,JH Kallis,MW Dixon,0,0,"",""
ball,1,7.4,Sydney Thunder,AC Blizzard,JH Kallis,MW Dixon,4,0,"",""
ball,1,7.5,Sydney Thunder,AC Blizzard,JH Kallis,MW Dixon,4,0,"",""
ball,1,7.6,Sydney Thunder,AC Blizzard,JH Kallis,MW Dixon,1,0,"",""
ball,1,8.1,Sydney Thunder,AC Blizzard,JH Kallis,Yasir Arafat,0,0,"",""
ball,1,8.2,Sydney Thunder,AC Blizzard,JH Kallis,Yasir Arafat,6,0,"",""
ball,1,8.3,Sydney Thunder,AC Blizzard,JH Kallis,Yasir Arafat,1,0,"",""
ball,1,8.4,Sydney Thunder,JH Kallis,AC Blizzard,Yasir Arafat,0,0,"",""
ball,1,8.5,Sydney Thunder,JH Kallis,AC Blizzard,Yasir Arafat,0,0,"",""
ball,1,8.6,Sydney Thunder,JH Kallis,AC Blizzard,Yasir Arafat,0,0,"",""
ball,1,9.1,Sydney Thunder,AC Blizzard,JH Kallis,AC Agar,4,0,"",""
ball,1,9.2,Sydney Thunder,AC Blizzard,JH Kallis,AC Agar,2,0,"",""
ball,1,9.3,Sydney Thunder,AC Blizzard,JH Kallis,AC Agar,1,0,"",""
ball,1,9.4,Sydney Thunder,JH Kallis,AC Blizzard,AC Agar,1,0,"",""
ball,1,9.5,Sydney Thunder,AC Blizzard,JH Kallis,AC Agar,6,0,"",""
ball,1,9.6,Sydney Thunder,AC Blizzard,JH Kallis,AC Agar,0,0,"",""
ball,1,10.1,Sydney Thunder,JH Kallis,AC Blizzard,AJ Tye,0,0,"",""
ball,1,10.2,Sydney Thunder,JH Kallis,AC Blizzard,AJ Tye,1,0,"",""
ball,1,10.3,Sydney Thunder,AC Blizzard,JH Kallis,AJ Tye,0,0,"",""
ball,1,10.4,Sydney Thunder,AC Blizzard,JH Kallis,AJ Tye,1,0,"",""
ball,1,10.5,Sydney Thunder,JH Kallis,AC Blizzard,AJ Tye,6,0,"",""
ball,1,10.6,Sydney Thunder,JH Kallis,AC Blizzard,AJ Tye,1,0,"",""
ball,1,11.1,Sydney Thunder,JH Kallis,AC Blizzard,JP Behrendorff,4,0,"",""
ball,1,11.2,Sydney Thunder,JH Kallis,AC Blizzard,JP Behrendorff,4,0,"",""
ball,1,11.3,Sydney Thunder,JH Kallis,AC Blizzard,JP Behrendorff,1,0,"",""
ball,1,11.4,Sydney Thunder,AC Blizzard,JH Kallis,JP Behrendorff,1,0,"",""
ball,1,11.5,Sydney Thunder,JH Kallis,AC Blizzard,JP Behrendorff,1,0,"",""
ball,1,11.6,Sydney Thunder,AC Blizzard,JH Kallis,JP Behrendorff,1,0,"",""
ball,1,12.1,Sydney Thunder,AC Blizzard,JH Kallis,AJ Tye,2,0,"",""
ball,1,12.2,Sydney Thunder,AC Blizzard,JH Kallis,AJ Tye,0,0,caught,AC Blizzard
ball,1,12.3,Sydney Thunder,MEK Hussey,JH Kallis,AJ Tye,1,0,"",""
ball,1,12.4,Sydney Thunder,JH Kallis,MEK Hussey,AJ Tye,0,0,"",""
ball,1,12.5,Sydney Thunder,JH Kallis,MEK Hussey,AJ Tye,0,0,"",""
ball,1,12.6,Sydney Thunder,JH Kallis,MEK Hussey,AJ Tye,2,0,"",""
ball,1,13.1,Sydney Thunder,MEK Hussey,JH Kallis,AC Agar,1,0,"",""
ball,1,13.2,Sydney Thunder,JH Kallis,MEK Hussey,AC Agar,1,0,"",""
ball,1,13.3,Sydney Thunder,MEK Hussey,JH Kallis,AC Agar,1,0,"",""
ball,1,13.4,Sydney Thunder,JH Kallis,MEK Hussey,AC Agar,0,0,"",""
ball,1,13.5,Sydney Thunder,JH Kallis,MEK Hussey,AC Agar,1,0,"",""
ball,1,13.6,Sydney Thunder,MEK Hussey,JH Kallis,AC Agar,1,0,"",""
ball,1,14.1,Sydney Thunder,MEK Hussey,JH Kallis,MW Dixon,1,0,"",""
ball,1,14.2,Sydney Thunder,JH Kallis,MEK Hussey,MW Dixon,6,0,"",""
ball,1,14.3,Sydney Thunder,JH Kallis,MEK Hussey,MW Dixon,4,0,"",""
ball,1,14.4,Sydney Thunder,JH Kallis,MEK Hussey,MW Dixon,0,0,"",""
ball,1,14.5,Sydney Thunder,JH Kallis,MEK Hussey,MW Dixon,4,0,"",""
ball,1,14.6,Sydney Thunder,JH Kallis,MEK Hussey,MW Dixon,4,0,"",""
ball,1,15.1,Sydney Thunder,MEK Hussey,JH Kallis,AC Agar,2,0,"",""
ball,1,15.2,Sydney Thunder,MEK Hussey,JH Kallis,AC Agar,1,0,"",""
ball,1,15.3,Sydney Thunder,JH Kallis,MEK Hussey,AC Agar,1,0,"",""
ball,1,15.4,Sydney Thunder,MEK Hussey,JH Kallis,AC Agar,2,0,"",""
ball,1,15.5,Sydney Thunder,MEK Hussey,JH Kallis,AC Agar,1,0,"",""
ball,1,15.6,Sydney Thunder,JH Kallis,MEK Hussey,AC Agar,0,0,caught,JH Kallis
ball,1,16.1,Sydney Thunder,EJG Morgan,MEK Hussey,Yasir Arafat,0,0,"",""
ball,1,16.2,Sydney Thunder,EJG Morgan,MEK Hussey,Yasir Arafat,1,0,"",""
ball,1,16.3,Sydney Thunder,MEK Hussey,EJG Morgan,Yasir Arafat,1,0,"",""
ball,1,16.4,Sydney Thunder,EJG Morgan,MEK Hussey,Yasir Arafat,1,0,"",""
ball,1,16.5,Sydney Thunder,MEK Hussey,EJG Morgan,Yasir Arafat,1,0,"",""
ball,1,16.6,Sydney Thunder,EJG Morgan,MEK Hussey,Yasir Arafat,1,0,"",""
ball,1,17.1,Sydney Thunder,EJG Morgan,MEK Hussey,JP Behrendorff,4,0,"",""
ball,1,17.2,Sydney Thunder,EJG Morgan,MEK Hussey,JP Behrendorff,1,0,"",""
ball,1,17.3,Sydney Thunder,MEK Hussey,EJG Morgan,JP Behrendorff,1,0,"",""
ball,1,17.4,Sydney Thunder,EJG Morgan,MEK Hussey,JP Behrendorff,1,0,"",""
ball,1,17.5,Sydney Thunder,MEK Hussey,EJG Morgan,JP Behrendorff,2,0,"",""
ball,1,17.6,Sydney Thunder,MEK Hussey,EJG Morgan,JP Behrendorff,4,0,"",""
ball,1,18.1,Sydney Thunder,EJG Morgan,MEK Hussey,Yasir Arafat,1,0,"",""
ball,1,18.2,Sydney Thunder,MEK Hussey,EJG Morgan,Yasir Arafat,4,0,"",""
ball,1,18.3,Sydney Thunder,MEK Hussey,EJG Morgan,Yasir Arafat,1,0,"",""
ball,1,18.4,Sydney Thunder,EJG Morgan,MEK Hussey,Yasir Arafat,1,0,"",""
ball,1,18.5,Sydney Thunder,MEK Hussey,EJG Morgan,Yasir Arafat,1,0,"",""
ball,1,18.6,Sydney Thunder,EJG Morgan,MEK Hussey,Yasir Arafat,4,0,"",""
ball,1,19.1,Sydney Thunder,MEK Hussey,EJG Morgan,AJ Tye,4,0,"",""
ball,1,19.2,Sydney Thunder,MEK Hussey,EJG Morgan,AJ Tye,1,0,"",""
ball,1,19.3,Sydney Thunder,EJG Morgan,MEK Hussey,AJ Tye,0,0,"",""
ball,1,19.4,Sydney Thunder,EJG Morgan,MEK Hussey,AJ Tye,1,0,"",""
ball,1,19.5,Sydney Thunder,MEK Hussey,EJG Morgan,AJ Tye,4,0,"",""
ball,1,19.6,Sydney Thunder,MEK Hussey,EJG Morgan,AJ Tye,1,0,"",""
ball,2,0.1,Perth Scorchers,MS Harris,M Klinger,JH Kallis,0,0,"",""
ball,2,0.2,Perth Scorchers,MS Harris,M Klinger,JH Kallis,0,0,"",""
ball,2,0.3,Perth Scorchers,MS Harris,M Klinger,JH Kallis,0,0,"",""
ball,2,0.4,Perth Scorchers,MS Harris,M Klinger,JH Kallis,0,0,"",""
ball,2,0.5,Perth Scorchers,MS Harris,M Klinger,JH Kallis,4,0,"",""
ball,2,0.6,Perth Scorchers,MS Harris,M Klinger,JH Kallis,0,1,"",""
ball,2,1.1,Perth Scorchers,MS Harris,M Klinger,JK Lalor,4,0,"",""
ball,2,1.2,Perth Scorchers,MS Harris,M Klinger,JK Lalor,1,0,"",""
ball,2,1.3,Perth Scorchers,M Klinger,MS Harris,JK Lalor,4,0,"",""
ball,2,1.4,Perth Scorchers,M Klinger,MS Harris,JK Lalor,4,0,"",""
ball,2,1.5,Perth Scorchers,M Klinger,MS Harris,JK Lalor,0,0,"",""
ball,2,1.6,Perth Scorchers,M Klinger,MS Harris,JK Lalor,0,0,"",""
ball,2,2.1,Perth Scorchers,MS Harris,M Klinger,NM Hauritz,4,0,"",""
ball,2,2.2,Perth Scorchers,MS Harris,M Klinger,NM Hauritz,1,0,"",""
ball,2,2.3,Perth Scorchers,M Klinger,MS Harris,NM Hauritz,2,0,"",""
ball,2,2.4,Perth Scorchers,M Klinger,MS Harris,NM Hauritz,0,0,bowled,M Klinger
ball,2,2.5,Perth Scorchers,AC Voges,MS Harris,NM Hauritz,1,0,"",""
ball,2,2.6,Perth Scorchers,MS Harris,AC Voges,NM Hauritz,0,0,"",""
ball,2,3.1,Perth Scorchers,AC Voges,MS Harris,JK Lalor,0,0,"",""
ball,2,3.2,Perth Scorchers,AC Voges,MS Harris,JK Lalor,1,0,"",""
ball,2,3.3,Perth Scorchers,MS Harris,AC Voges,JK Lalor,0,0,"",""
ball,2,3.4,Perth Scorchers,MS Harris,AC Voges,JK Lalor,0,0,bowled,MS Harris
ball,2,3.5,Perth Scorchers,MA Carberry,AC Voges,JK Lalor,0,0,"",""
ball,2,3.6,Perth Scorchers,MA Carberry,AC Voges,JK Lalor,1,0,"",""
ball,2,4.1,Perth Scorchers,MA Carberry,AC Voges,NM Hauritz,0,0,"",""
ball,2,4.2,Perth Scorchers,MA Carberry,AC Voges,NM Hauritz,0,0,"",""
ball,2,4.3,Perth Scorchers,MA Carberry,AC Voges,NM Hauritz,1,0,"",""
ball,2,4.4,Perth Scorchers,AC Voges,MA Carberry,NM Hauritz,0,0,"",""
ball,2,4.5,Perth Scorchers,AC Voges,MA Carberry,NM Hauritz,1,0,"",""
ball,2,4.6,Perth Scorchers,MA Carberry,AC Voges,NM Hauritz,4,0,"",""
ball,2,5.1,Perth Scorchers,AC Voges,MA Carberry,PJ Cummins,0,1,"",""
ball,2,5.2,Perth Scorchers,AC Voges,MA Carberry,PJ Cummins,4,0,"",""
ball,2,5.3,Perth Scorchers,AC Voges,MA Carberry,PJ Cummins,0,1,"",""
ball,2,5.4,Perth Scorchers,AC Voges,MA Carberry,PJ Cummins,0,0,"",""
ball,2,5.5,Perth Scorchers,AC Voges,MA Carberry,PJ Cummins,1,0,"",""
ball,2,5.6,Perth Scorchers,MA Carberry,AC Voges,PJ Cummins,0,0,"",""
ball,2,5.7,Perth Scorchers,MA Carberry,AC Voges,PJ Cummins,0,0,"",""
ball,2,5.8,Perth Scorchers,MA Carberry,AC Voges,PJ Cummins,0,0,"",""
ball,2,6.1,Perth Scorchers,AC Voges,MA Carberry,JH Kallis,0,0,caught,AC Voges
ball,2,6.2,Perth Scorchers,AJ Turner,MA Carberry,JH Kallis,0,0,"",""
ball,2,6.3,Perth Scorchers,AJ Turner,MA Carberry,JH Kallis,0,0,"",""
ball,2,6.4,Perth Scorchers,AJ Turner,MA Carberry,JH Kallis,0,0,"",""
ball,2,6.5,Perth Scorchers,AJ Turner,MA Carberry,JH Kallis,0,0,caught,AJ Turner
ball,2,6.6,Perth Scorchers,SM Whiteman,MA Carberry,JH Kallis,1,0,"",""
ball,2,7.1,Perth Scorchers,SM Whiteman,MA Carberry,GS Sandhu,1,0,"",""
ball,2,7.2,Perth Scorchers,MA Carberry,SM Whiteman,GS Sandhu,4,0,"",""
ball,2,7.3,Perth Scorchers,MA Carberry,SM Whiteman,GS Sandhu,0,0,"",""
ball,2,7.4,Perth Scorchers,MA Carberry,SM Whiteman,GS Sandhu,1,0,"",""
ball,2,7.5,Perth Scorchers,SM Whiteman,MA Carberry,GS Sandhu,0,0,"",""
ball,2,7.6,Perth Scorchers,SM Whiteman,MA Carberry,GS Sandhu,0,0,"",""
ball,2,8.1,Perth Scorchers,MA Carberry,SM Whiteman,NM Hauritz,2,0,"",""
ball,2,8.2,Perth Scorchers,MA Carberry,SM Whiteman,NM Hauritz,4,0,"",""
ball,2,8.3,Perth Scorchers,MA Carberry,SM Whiteman,NM Hauritz,1,0,"",""
ball,2,8.4,Perth Scorchers,SM Whiteman,MA Carberry,NM Hauritz,1,0,"",""
ball,2,8.5,Perth Scorchers,MA Carberry,SM Whiteman,NM Hauritz,2,0,"",""
ball,2,8.6,Perth Scorchers,MA Carberry,SM Whiteman,NM Hauritz,0,0,"",""
ball,2,9.1,Perth Scorchers,SM Whiteman,MA Carberry,JK Lalor,0,0,"",""
ball,2,9.2,Perth Scorchers,SM Whiteman,MA Carberry,JK Lalor,1,0,"",""
ball,2,9.3,Perth Scorchers,MA Carberry,SM Whiteman,JK Lalor,0,0,"",""
ball,2,9.4,Perth Scorchers,MA Carberry,SM Whiteman,JK Lalor,2,0,"",""
ball,2,9.5,Perth Scorchers,MA Carberry,SM Whiteman,JK Lalor,1,0,"",""
ball,2,9.6,Perth Scorchers,SM Whiteman,MA Carberry,JK Lalor,1,0,"",""
ball,2,10.1,Perth Scorchers,SM Whiteman,MA Carberry,JH Kallis,1,0,"",""
ball,2,10.2,Perth Scorchers,MA Carberry,SM Whiteman,JH Kallis,1,0,"",""
ball,2,10.3,Perth Scorchers,SM Whiteman,MA Carberry,JH Kallis,1,0,"",""
ball,2,10.4,Perth Scorchers,MA Carberry,SM Whiteman,JH Kallis,1,0,"",""
ball,2,10.5,Perth Scorchers,SM Whiteman,MA Carberry,JH Kallis,1,0,"",""
ball,2,10.6,Perth Scorchers,MA Carberry,SM Whiteman,JH Kallis,1,0,"",""
ball,2,11.1,Perth Scorchers,MA Carberry,SM Whiteman,PJ Cummins,0,1,"",""
ball,2,11.2,Perth Scorchers,MA Carberry,SM Whiteman,PJ Cummins,2,0,"",""
ball,2,11.3,Perth Scorchers,MA Carberry,SM Whiteman,PJ Cummins,6,0,"",""
ball,2,11.4,Perth Scorchers,MA Carberry,SM Whiteman,PJ Cummins,1,0,"",""
ball,2,11.5,Perth Scorchers,SM Whiteman,MA Carberry,PJ Cummins,1,0,"",""
ball,2,11.6,Perth Scorchers,MA Carberry,SM Whiteman,PJ Cummins,0,0,"",""
ball,2,11.7,Perth Scorchers,MA Carberry,SM Whiteman,PJ Cummins,0,1,"",""
ball,2,11.8,Perth Scorchers,MA Carberry,SM Whiteman,PJ Cummins,1,0,"",""
ball,2,12.1,Perth Scorchers,MA Carberry,SM Whiteman,NM Hauritz,1,0,"",""
ball,2,12.2,Perth Scorchers,SM Whiteman,MA Carberry,NM Hauritz,1,0,"",""
ball,2,12.3,Perth Scorchers,MA Carberry,SM Whiteman,NM Hauritz,1,0,"",""
ball,2,12.4,Perth Scorchers,SM Whiteman,MA Carberry,NM Hauritz,6,0,"",""
ball,2,12.5,Perth Scorchers,SM Whiteman,MA Carberry,NM Hauritz,0,0,stumped,SM Whiteman
ball,2,12.6,Perth Scorchers,AC Agar,MA Carberry,NM Hauritz,1,0,"",""
ball,2,13.1,Perth Scorchers,AC Agar,MA Carberry,GS Sandhu,0,0,"",""
ball,2,13.2,Perth Scorchers,AC Agar,MA Carberry,GS Sandhu,0,0,"",""
ball,2,13.3,Perth Scorchers,AC Agar,MA Carberry,GS Sandhu,1,1,"",""
ball,2,13.4,Perth Scorchers,MA Carberry,AC Agar,GS Sandhu,0,1,"",""
ball,2,13.5,Perth Scorchers,MA Carberry,AC Agar,GS Sandhu,1,0,"",""
ball,2,13.6,Perth Scorchers,AC Agar,MA Carberry,GS Sandhu,1,0,"",""
ball,2,13.7,Perth Scorchers,MA Carberry,AC Agar,GS Sandhu,1,0,"",""
ball,2,13.8,Perth Scorchers,AC Agar,MA Carberry,GS Sandhu,1,0,"",""
ball,2,14.1,Perth Scorchers,AC Agar,MA Carberry,JH Kallis,6,0,"",""
ball,2,14.2,Perth Scorchers,AC Agar,MA Carberry,JH Kallis,0,0,"",""
ball,2,14.3,Perth Scorchers,AC Agar,MA Carberry,JH Kallis,1,0,"",""
ball,2,14.4,Perth Scorchers,MA Carberry,AC Agar,JH Kallis,0,1,"",""
ball,2,14.5,Perth Scorchers,MA Carberry,AC Agar,JH Kallis,4,0,"",""
ball,2,14.6,Perth Scorchers,MA Carberry,AC Agar,JH Kallis,0,0,"",""
ball,2,14.7,Perth Scorchers,MA Carberry,AC Agar,JH Kallis,1,0,"",""
ball,2,15.1,Perth Scorchers,MA Carberry,AC Agar,PJ Cummins,1,0,"",""
ball,2,15.2,Perth Scorchers,AC Agar,MA Carberry,PJ Cummins,0,0,"",""
ball,2,15.3,Perth Scorchers,AC Agar,MA Carberry,PJ Cummins,1,0,"",""
ball,2,15.4,Perth Scorchers,MA Carberry,AC Agar,PJ Cummins,1,0,"",""
ball,2,15.5,Perth Scorchers,AC Agar,MA Carberry,PJ Cummins,1,0,"",""
ball,2,15.6,Perth Scorchers,MA Carberry,AC Agar,PJ Cummins,0,0,"",""
ball,2,16.1,Perth Scorchers,AC Agar,MA Carberry,GS Sandhu,1,0,"",""
ball,2,16.2,Perth Scorchers,MA Carberry,AC Agar,GS Sandhu,4,0,"",""
ball,2,16.3,Perth Scorchers,MA Carberry,AC Agar,GS Sandhu,4,0,"",""
ball,2,16.4,Perth Scorchers,MA Carberry,AC Agar,GS Sandhu,1,0,"",""
ball,2,16.5,Perth Scorchers,AC Agar,MA Carberry,GS Sandhu,1,0,"",""
ball,2,16.6,Perth Scorchers,MA Carberry,AC Agar,GS Sandhu,2,0,"",""
ball,2,17.1,Perth Scorchers,AC Agar,MA Carberry,JK Lalor,1,0,"",""
ball,2,17.2,Perth Scorchers,MA Carberry,AC Agar,JK Lalor,0,1,"",""
ball,2,17.3,Perth Scorchers,AC Agar,MA Carberry,JK Lalor,0,0,"",""
ball,2,17.4,Perth Scorchers,AC Agar,MA Carberry,JK Lalor,0,0,"",""
ball,2,17.5,Perth Scorchers,AC Agar,MA Carberry,JK Lalor,1,0,"",""
ball,2,17.6,Perth Scorchers,MA Carberry,AC Agar,JK Lalor,1,0,"",""
ball,2,18.1,Perth Scorchers,MA Carberry,AC Agar,GS Sandhu,1,0,"",""
ball,2,18.2,Perth Scorchers,AC Agar,MA Carberry,GS Sandhu,0,0,"",""
ball,2,18.3,Perth Scorchers,AC Agar,MA Carberry,GS Sandhu,2,0,"",""
ball,2,18.4,Perth Scorchers,AC Agar,MA Carberry,GS Sandhu,0,1,"",""
ball,2,18.5,Perth Scorchers,AC Agar,MA Carberry,GS Sandhu,2,0,"",""
ball,2,18.6,Perth Scorchers,AC Agar,MA Carberry,GS Sandhu,1,0,"",""
ball,2,18.7,Perth Scorchers,MA Carberry,AC Agar,GS Sandhu,4,0,"",""
ball,2,19.1,Perth Scorchers,AC Agar,MA Carberry,PJ Cummins,2,0,"",""
ball,2,19.2,Perth Scorchers,AC Agar,MA Carberry,PJ Cummins,0,1,"",""
ball,2,19.3,Perth Scorchers,AC Agar,MA Carberry,PJ Cummins,1,0,"",""
ball,2,19.4,Perth Scorchers,MA Carberry,AC Agar,PJ Cummins,4,0,"",""
ball,2,19.5,Perth Scorchers,MA Carberry,AC Agar,PJ Cummins,1,0,"",""
ball,2,19.6,Perth Scorchers,AC Agar,MA Carberry,PJ Cummins,2,0,"",""
ball,2,19.7,Perth Scorchers,AC Agar,MA Carberry,PJ Cummins,4,0,"",""
