version,1.3.0
info,team,Brisbane Heat
info,team,Sydney Sixers
info,gender,male
info,season,2014/15
info,date,2015/01/11
info,competition,Big Bash League
info,venue,"Brisbane Cricket Ground, Woolloongabba"
info,city,Brisbane
info,toss_winner,Sydney Sixers
info,toss_decision,field
info,player_of_match,DE Bollinger
info,umpire,DB Mealey
info,umpire,P Wilson
info,reserve_umpire,DM Koch
info,tv_umpire,GJ Davidson
info,match_referee,DJ Harper
info,winner,Sydney Sixers
info,winner_wickets,6
ball,1,0.1,Brisbane Heat,JJ Peirson,PJ Forrest,B Lee,0,0,"",""
ball,1,0.2,Brisbane Heat,JJ Peirson,PJ Forrest,B Lee,0,0,caught,JJ Peirson
ball,1,0.3,Brisbane Heat,CA Lynn,PJ Forrest,B Lee,0,0,"",""
ball,1,0.4,Brisbane Heat,CA Lynn,PJ Forrest,B Lee,1,0,"",""
ball,1,0.5,Brisbane Heat,PJ Forrest,CA Lynn,B Lee,0,1,"",""
ball,1,0.6,Brisbane Heat,PJ Forrest,CA Lynn,B Lee,1,0,"",""
ball,1,0.7,Brisbane Heat,CA Lynn,PJ Forrest,B Lee,4,0,"",""
ball,1,1.1,Brisbane Heat,PJ Forrest,CA Lynn,DE Bollinger,0,0,"",""
ball,1,1.2,Brisbane Heat,PJ Forrest,CA Lynn,DE Bollinger,0,0,"",""
ball,1,1.3,Brisbane Heat,PJ Forrest,CA Lynn,DE Bollinger,1,0,"",""
ball,1,1.4,Brisbane Heat,CA Lynn,PJ Forrest,DE Bollinger,0,0,caught,CA Lynn
ball,1,1.5,Brisbane Heat,DT Christian,PJ Forrest,DE Bollinger,0,0,"",""
ball,1,1.6,Brisbane Heat,DT Christian,PJ Forrest,DE Bollinger,0,0,"",""
ball,1,2.1,Brisbane Heat,PJ Forrest,DT Christian,B Lee,0,1,"",""
ball,1,2.2,Brisbane Heat,PJ Forrest,DT Christian,B Lee,0,1,"",""
ball,1,2.3,Brisbane Heat,DT Christian,PJ Forrest,B Lee,0,0,"",""
ball,1,2.4,Brisbane Heat,DT Christian,PJ Forrest,B Lee,0,0,"",""
ball,1,2.5,Brisbane Heat,DT Christian,PJ Forrest,B Lee,0,0,"",""
ball,1,2.6,Brisbane Heat,DT Christian,PJ Forrest,B Lee,0,0,caught,DT Christian
ball,1,2.7,Brisbane Heat,PJ Forrest,NJ Reardon,B Lee,4,0,"",""
ball,1,3.1,Brisbane Heat,NJ Reardon,PJ Forrest,DE Bollinger,0,0,"",""
ball,1,3.2,Brisbane Heat,NJ Reardon,PJ Forrest,DE Bollinger,0,0,"",""
ball,1,3.3,Brisbane Heat,NJ Reardon,PJ Forrest,DE Bollinger,1,0,"",""
ball,1,3.4,Brisbane Heat,PJ Forrest,NJ Reardon,DE Bollinger,0,0,"",""
ball,1,3.5,Brisbane Heat,PJ Forrest,NJ Reardon,DE Bollinger,0,0,"",""
ball,1,3.6,Brisbane Heat,PJ Forrest,NJ Reardon,DE Bollinger,0,0,"",""
ball,1,4.1,Brisbane Heat,NJ Reardon,PJ Forrest,SA Abbott,0,0,"",""
ball,1,4.2,Brisbane Heat,NJ Reardon,PJ Forrest,SA Abbott,1,0,"",""
ball,1,4.3,Brisbane Heat,PJ Forrest,NJ Reardon,SA Abbott,1,0,"",""
ball,1,4.4,Brisbane Heat,NJ Reardon,PJ Forrest,SA Abbott,4,0,"",""
ball,1,4.5,Brisbane Heat,NJ Reardon,PJ Forrest,SA Abbott,1,0,"",""
ball,1,4.6,Brisbane Heat,PJ Forrest,NJ Reardon,SA Abbott,0,1,"",""
ball,1,5.1,Brisbane Heat,PJ Forrest,NJ Reardon,DE Bollinger,3,0,"",""
ball,1,5.2,Brisbane Heat,NJ Reardon,PJ Forrest,DE Bollinger,1,0,"",""
ball,1,5.3,Brisbane Heat,PJ Forrest,NJ Reardon,DE Bollinger,1,0,"",""
ball,1,5.4,Brisbane Heat,NJ Reardon,PJ Forrest,DE Bollinger,1,0,"",""
ball,1,5.5,Brisbane Heat,PJ Forrest,NJ Reardon,DE Bollinger,4,0,"",""
ball,1,5.6,Brisbane Heat,PJ Forrest,NJ Reardon,DE Bollinger,0,0,"",""
ball,1,6.1,Brisbane Heat,NJ Reardon,PJ Forrest,MC Henriques,0,0,caught,NJ Reardon
ball,1,6.2,Brisbane Heat,PJ Forrest,A Flintoff,MC Henriques,0,0,"",""
ball,1,6.3,Brisbane Heat,PJ Forrest,A Flintoff,MC Henriques,0,0,"",""
ball,1,6.4,Brisbane Heat,PJ Forrest,A Flintoff,MC Henriques,0,0,"",""
ball,1,6.5,Brisbane Heat,PJ Forrest,A Flintoff,MC Henriques,1,0,"",""
ball,1,6.6,Brisbane Heat,A Flintoff,PJ Forrest,MC Henriques,4,0,"",""
ball,1,7.1,Brisbane Heat,PJ Forrest,A Flintoff,SNJ O'Keefe,0,0,"",""
ball,1,7.2,Brisbane Heat,PJ Forrest,A Flintoff,SNJ O'Keefe,1,0,"",""
ball,1,7.3,Brisbane Heat,A Flintoff,PJ Forrest,SNJ O'Keefe,1,0,"",""
ball,1,7.4,Brisbane Heat,PJ Forrest,A Flintoff,SNJ O'Keefe,0,0,"",""
ball,1,7.5,Brisbane Heat,PJ Forrest,A Flintoff,SNJ O'Keefe,0,0,"",""
ball,1,7.6,Brisbane Heat,PJ Forrest,A Flintoff,SNJ O'Keefe,0,0,"",""
ball,1,8.1,Brisbane Heat,A Flintoff,PJ Forrest,MC Henriques,0,0,"",""
ball,1,8.2,Brisbane Heat,A Flintoff,PJ Forrest,MC Henriques,1,0,"",""
ball,1,8.3,Brisbane Heat,PJ Forrest,A Flintoff,MC Henriques,1,0,"",""
ball,1,8.4,Brisbane Heat,A Flintoff,PJ Forrest,MC Henriques,1,0,"",""
ball,1,8.5,Brisbane Heat,PJ Forrest,A Flintoff,MC Henriques,0,1,"",""
ball,1,8.6,Brisbane Heat,PJ Forrest,A Flintoff,MC Henriques,1,0,"",""
ball,1,8.7,Brisbane Heat,A Flintoff,PJ Forrest,MC Henriques,0,0,"",""
ball,1,9.1,Brisbane Heat,PJ Forrest,A Flintoff,SNJ O'Keefe,1,0,"",""
ball,1,9.2,Brisbane Heat,A Flintoff,PJ Forrest,SNJ O'Keefe,1,0,"",""
ball,1,9.3,Brisbane Heat,PJ Forrest,A Flintoff,SNJ O'Keefe,2,0,"",""
ball,1,9.4,Brisbane Heat,PJ Forrest,A Flintoff,SNJ O'Keefe,0,0,"",""
ball,1,9.5,Brisbane Heat,PJ Forrest,A Flintoff,SNJ O'Keefe,1,0,"",""
ball,1,9.6,Brisbane Heat,A Flintoff,PJ Forrest,SNJ O'Keefe,2,0,"",""
ball,1,10.1,Brisbane Heat,PJ Forrest,A Flintoff,SA Abbott,1,0,"",""
ball,1,10.2,Brisbane Heat,A Flintoff,PJ Forrest,SA Abbott,0,0,"",""
ball,1,10.3,Brisbane Heat,A Flintoff,PJ Forrest,SA Abbott,0,0,"",""
ball,1,10.4,Brisbane Heat,A Flintoff,PJ Forrest,SA Abbott,0,0,"",""
ball,1,10.5,Brisbane Heat,A Flintoff,PJ Forrest,SA Abbott,1,0,"",""
ball,1,10.6,Brisbane Heat,PJ Forrest,A Flintoff,SA Abbott,1,0,"",""
ball,1,11.1,Brisbane Heat,PJ Forrest,A Flintoff,MC Henriques,0,0,"",""
ball,1,11.2,Brisbane Heat,PJ Forrest,A Flintoff,MC Henriques,4,0,"",""
ball,1,11.3,Brisbane Heat,PJ Forrest,A Flintoff,MC Henriques,2,0,"",""
ball,1,11.4,Brisbane Heat,PJ Forrest,A Flintoff,MC Henriques,2,0,"",""
ball,1,11.5,Brisbane Heat,PJ Forrest,A Flintoff,MC Henriques,4,0,"",""
ball,1,11.6,Brisbane Heat,PJ Forrest,A Flintoff,MC Henriques,2,0,"",""
ball,1,12.1,Brisbane Heat,A Flintoff,PJ Forrest,SA Abbott,0,0,"",""
ball,1,12.2,Brisbane Heat,A Flintoff,PJ Forrest,SA Abbott,1,0,"",""
ball,1,12.3,Brisbane Heat,PJ Forrest,A Flintoff,SA Abbott,2,0,"",""
ball,1,12.4,Brisbane Heat,PJ Forrest,A Flintoff,SA Abbott,1,0,"",""
ball,1,12.5,Brisbane Heat,A Flintoff,PJ Forrest,SA Abbott,1,0,"",""
ball,1,12.6,Brisbane Heat,PJ Forrest,A Flintoff,SA Abbott,0,1,"",""
ball,1,12.7,Brisbane Heat,PJ Forrest,A Flintoff,SA Abbott,1,0,"",""
ball,1,13.1,Brisbane Heat,PJ Forrest,A Flintoff,SNJ O'Keefe,0,0,"",""
ball,1,13.2,Brisbane Heat,PJ Forrest,A Flintoff,SNJ O'Keefe,6,0,"",""
ball,1,13.3,Brisbane Heat,PJ Forrest,A Flintoff,SNJ O'Keefe,1,0,"",""
ball,1,13.4,Brisbane Heat,A Flintoff,PJ Forrest,SNJ O'Keefe,6,0,"",""
ball,1,13.5,Brisbane Heat,A Flintoff,PJ Forrest,SNJ O'Keefe,1,0,"",""
ball,1,13.6,Brisbane Heat,PJ Forrest,A Flintoff,SNJ O'Keefe,1,0,"",""
ball,1,14.1,Brisbane Heat,PJ Forrest,A Flintoff,DE Bollinger,1,0,"",""
ball,1,14.2,Brisbane Heat,A Flintoff,PJ Forrest,DE Bollinger,0,0,"",""
ball,1,14.3,Brisbane Heat,A Flintoff,PJ Forrest,DE Bollinger,2,0,"",""
ball,1,14.4,Brisbane Heat,A Flintoff,PJ Forrest,DE Bollinger,1,0,"",""
ball,1,14.5,Brisbane Heat,PJ Forrest,A Flintoff,DE Bollinger,1,0,"",""
ball,1,14.6,Brisbane Heat,A Flintoff,PJ Forrest,DE Bollinger,1,0,"",""
ball,1,15.1,Brisbane Heat,A Flintoff,PJ Forrest,SJC Keen,4,0,"",""
ball,1,15.2,Brisbane Heat,A Flintoff,PJ Forrest,SJC Keen,1,0,"",""
ball,1,15.3,Brisbane Heat,PJ Forrest,A Flintoff,SJC Keen,1,0,"",""
ball,1,15.4,Brisbane Heat,A Flintoff,PJ Forrest,SJC Keen,1,0,"",""
ball,1,15.5,Brisbane Heat,PJ Forrest,A Flintoff,SJC Keen,2,0,"",""
ball,1,15.6,Brisbane Heat,PJ Forrest,A Flintoff,SJC Keen,1,0,"",""
ball,1,16.1,Brisbane Heat,PJ Forrest,A Flintoff,B Lee,1,0,"",""
ball,1,16.2,Brisbane Heat,A Flintoff,PJ Forrest,B Lee,1,0,"",""
ball,1,16.3,Brisbane Heat,PJ Forrest,A Flintoff,B Lee,1,0,"",""
ball,1,16.4,Brisbane Heat,A Flintoff,PJ Forrest,B Lee,4,0,"",""
ball,1,16.5,Brisbane Heat,A Flintoff,PJ Forrest,B Lee,2,0,"",""
ball,1,16.6,Brisbane Heat,A Flintoff,PJ Forrest,B Lee,1,1,"",""
ball,1,16.7,Brisbane Heat,PJ Forrest,A Flintoff,B Lee,0,0,"",""
ball,1,17.1,Brisbane Heat,A Flintoff,PJ Forrest,MC Henriques,2,0,"",""
ball,1,17.2,Brisbane Heat,A Flintoff,PJ Forrest,MC Henriques,4,0,"",""
ball,1,17.3,Brisbane Heat,A Flintoff,PJ Forrest,MC Henriques,2,0,"",""
ball,1,17.4,Brisbane Heat,A Flintoff,PJ Forrest,MC Henriques,0,0,caught,A Flintoff
ball,1,17.5,Brisbane Heat,BCJ Cutting,PJ Forrest,MC Henriques,2,0,"",""
ball,1,17.6,Brisbane Heat,BCJ Cutting,PJ Forrest,MC Henriques,1,0,"",""
ball,1,18.1,Brisbane Heat,BCJ Cutting,PJ Forrest,SA Abbott,0,1,"",""
ball,1,18.2,Brisbane Heat,PJ Forrest,BCJ Cutting,SA Abbott,1,0,"",""
ball,1,18.3,Brisbane Heat,BCJ Cutting,PJ Forrest,SA Abbott,2,0,"",""
ball,1,18.4,Brisbane Heat,BCJ Cutting,PJ Forrest,SA Abbott,6,0,"",""
ball,1,18.5,Brisbane Heat,BCJ Cutting,PJ Forrest,SA Abbott,0,1,"",""
ball,1,18.6,Brisbane Heat,PJ Forrest,BCJ Cutting,SA Abbott,1,0,"",""
ball,1,19.1,Brisbane Heat,PJ Forrest,BCJ Cutting,B Lee,1,0,"",""
ball,1,19.2,Brisbane Heat,BCJ Cutting,PJ Forrest,B Lee,0,0,"",""
ball,1,19.3,Brisbane Heat,BCJ Cutting,PJ Forrest,B Lee,0,0,"",""
ball,1,19.4,Brisbane Heat,BCJ Cutting,PJ Forrest,B Lee,0,0,run out,BCJ Cutting
ball,1,19.5,Brisbane Heat,JS Floros,PJ Forrest,B Lee,0,1,"",""
ball,1,19.6,Brisbane Heat,JS Floros,PJ Forrest,B Lee,2,0,"",""
ball,1,19.7,Brisbane Heat,JS Floros,PJ Forrest,B Lee,0,1,"",""
ball,1,19.8,Brisbane Heat,JS Floros,PJ Forrest,B Lee,1,0,"",""
ball,2,0.1,Sydney Sixers,NJ Maddinson,MJ Lumb,RM Duffield,1,0,"",""
ball,2,0.2,Sydney Sixers,MJ Lumb,NJ Maddinson,RM Duffield,0,1,"",""
ball,2,0.3,Sydney Sixers,NJ Maddinson,MJ Lumb,RM Duffield,0,0,"",""
ball,2,0.4,Sydney Sixers,NJ Maddinson,MJ Lumb,RM Duffield,0,0,"",""
ball,2,0.5,Sydney Sixers,NJ Maddinson,MJ Lumb,RM Duffield,4,0,"",""
ball,2,0.6,Sydney Sixers,NJ Maddinson,MJ Lumb,RM Duffield,0,0,"",""
ball,2,1.1,Sydney Sixers,MJ Lumb,NJ Maddinson,CJ Gannon,0,0,"",""
ball,2,1.2,Sydney Sixers,MJ Lumb,NJ Maddinson,CJ Gannon,0,0,"",""
ball,2,1.3,Sydney Sixers,MJ Lumb,NJ Maddinson,CJ Gannon,1,0,"",""
ball,2,1.4,Sydney Sixers,NJ Maddinson,MJ Lumb,CJ Gannon,4,0,"",""
ball,2,1.5,Sydney Sixers,NJ Maddinson,MJ Lumb,CJ Gannon,6,0,"",""
ball,2,1.6,Sydney Sixers,NJ Maddinson,MJ Lumb,CJ Gannon,0,0,caught,NJ Maddinson
ball,2,2.1,Sydney Sixers,MH Wessels,MJ Lumb,RM Duffield,0,0,"",""
ball,2,2.2,Sydney Sixers,MH Wessels,MJ Lumb,RM Duffield,4,0,"",""
ball,2,2.3,Sydney Sixers,MH Wessels,MJ Lumb,RM Duffield,0,0,"",""
ball,2,2.4,Sydney Sixers,MH Wessels,MJ Lumb,RM Duffield,4,0,"",""
ball,2,2.5,Sydney Sixers,MH Wessels,MJ Lumb,RM Duffield,0,0,"",""
ball,2,2.6,Sydney Sixers,MH Wessels,MJ Lumb,RM Duffield,0,0,"",""
ball,2,3.1,Sydney Sixers,MJ Lumb,MH Wessels,CJ Gannon,0,1,"",""
ball,2,3.2,Sydney Sixers,MJ Lumb,MH Wessels,CJ Gannon,1,0,"",""
ball,2,3.3,Sydney Sixers,MH Wessels,MJ Lumb,CJ Gannon,0,0,"",""
ball,2,3.4,Sydney Sixers,MH Wessels,MJ Lumb,CJ Gannon,0,0,"",""
ball,2,3.5,Sydney Sixers,MH Wessels,MJ Lumb,CJ Gannon,0,0,"",""
ball,2,3.6,Sydney Sixers,MH Wessels,MJ Lumb,CJ Gannon,4,0,"",""
ball,2,3.7,Sydney Sixers,MH Wessels,MJ Lumb,CJ Gannon,1,0,"",""
ball,2,4.1,Sydney Sixers,MH Wessels,MJ Lumb,BCJ Cutting,4,0,"",""
ball,2,4.2,Sydney Sixers,MH Wessels,MJ Lumb,BCJ Cutting,1,0,"",""
ball,2,4.3,Sydney Sixers,MJ Lumb,MH Wessels,BCJ Cutting,0,0,"",""
ball,2,4.4,Sydney Sixers,MJ Lumb,MH Wessels,BCJ Cutting,4,0,"",""
ball,2,4.5,Sydney Sixers,MJ Lumb,MH Wessels,BCJ Cutting,4,0,"",""
ball,2,4.6,Sydney Sixers,MJ Lumb,MH Wessels,BCJ Cutting,0,0,"",""
ball,2,5.1,Sydney Sixers,MH Wessels,MJ Lumb,RM Duffield,4,0,"",""
ball,2,5.2,Sydney Sixers,MH Wessels,MJ Lumb,RM Duffield,4,0,"",""
ball,2,5.3,Sydney Sixers,MH Wessels,MJ Lumb,RM Duffield,1,1,"",""
ball,2,5.4,Sydney Sixers,MJ Lumb,MH Wessels,RM Duffield,6,0,"",""
ball,2,5.5,Sydney Sixers,MJ Lumb,MH Wessels,RM Duffield,0,0,"",""
ball,2,5.6,Sydney Sixers,MJ Lumb,MH Wessels,RM Duffield,2,0,"",""
ball,2,5.7,Sydney Sixers,MJ Lumb,MH Wessels,RM Duffield,1,0,"",""
ball,2,6.1,Sydney Sixers,MJ Lumb,MH Wessels,DT Christian,1,0,"",""
ball,2,6.2,Sydney Sixers,MH Wessels,MJ Lumb,DT Christian,0,0,"",""
ball,2,6.3,Sydney Sixers,MH Wessels,MJ Lumb,DT Christian,0,0,"",""
ball,2,6.4,Sydney Sixers,MH Wessels,MJ Lumb,DT Christian,1,0,"",""
ball,2,6.5,Sydney Sixers,MJ Lumb,MH Wessels,DT Christian,2,0,"",""
ball,2,6.6,Sydney Sixers,MJ Lumb,MH Wessels,DT Christian,1,0,"",""
ball,2,7.1,Sydney Sixers,MJ Lumb,MH Wessels,JR Hopes,1,0,"",""
ball,2,7.2,Sydney Sixers,MH Wessels,MJ Lumb,JR Hopes,0,0,caught,MH Wessels
ball,2,7.3,Sydney Sixers,MC Henriques,MJ Lumb,JR Hopes,2,0,"",""
ball,2,7.4,Sydney Sixers,MC Henriques,MJ Lumb,JR Hopes,0,0,"",""
ball,2,7.5,Sydney Sixers,MC Henriques,MJ Lumb,JR Hopes,0,0,"",""
ball,2,7.6,Sydney Sixers,MC Henriques,MJ Lumb,JR Hopes,0,0,"",""
ball,2,8.1,Sydney Sixers,MJ Lumb,MC Henriques,DT Christian,1,0,"",""
ball,2,8.2,Sydney Sixers,MC Henriques,MJ Lumb,DT Christian,1,0,"",""
ball,2,8.3,Sydney Sixers,MJ Lumb,MC Henriques,DT Christian,0,0,caught,MJ Lumb
ball,2,8.4,Sydney Sixers,MC Henriques,JC Silk,DT Christian,1,0,"",""
ball,2,8.5,Sydney Sixers,JC Silk,MC Henriques,DT Christian,0,0,"",""
ball,2,8.6,Sydney Sixers,JC Silk,MC Henriques,DT Christian,0,0,"",""
ball,2,9.1,Sydney Sixers,MC Henriques,JC Silk,JR Hopes,1,0,"",""
ball,2,9.2,Sydney Sixers,JC Silk,MC Henriques,JR Hopes,0,0,"",""
ball,2,9.3,Sydney Sixers,JC Silk,MC Henriques,JR Hopes,1,0,"",""
ball,2,9.4,Sydney Sixers,MC Henriques,JC Silk,JR Hopes,4,0,"",""
ball,2,9.5,Sydney Sixers,MC Henriques,JC Silk,JR Hopes,1,0,"",""
ball,2,9.6,Sydney Sixers,JC Silk,MC Henriques,JR Hopes,0,0,"",""
ball,2,10.1,Sydney Sixers,MC Henriques,JC Silk,DT Christian,4,0,"",""
ball,2,10.2,Sydney Sixers,MC Henriques,JC Silk,DT Christian,0,0,"",""
ball,2,10.3,Sydney Sixers,MC Henriques,JC Silk,DT Christian,1,0,"",""
ball,2,10.4,Sydney Sixers,JC Silk,MC Henriques,DT Christian,1,0,"",""
ball,2,10.5,Sydney Sixers,MC Henriques,JC Silk,DT Christian,0,0,"",""
ball,2,10.6,Sydney Sixers,MC Henriques,JC Silk,DT Christian,1,0,"",""
ball,2,11.1,Sydney Sixers,MC Henriques,JC Silk,JR Hopes,2,0,"",""
ball,2,11.2,Sydney Sixers,MC Henriques,JC Silk,JR Hopes,0,0,bowled,MC Henriques
ball,2,11.3,Sydney Sixers,RGL Carters,JC Silk,JR Hopes,2,0,"",""
ball,2,11.4,Sydney Sixers,RGL Carters,JC Silk,JR Hopes,1,0,"",""
ball,2,11.5,Sydney Sixers,JC Silk,RGL Carters,JR Hopes,4,0,"",""
ball,2,11.6,Sydney Sixers,JC Silk,RGL Carters,JR Hopes,4,0,"",""
ball,2,12.1,Sydney Sixers,RGL Carters,JC Silk,DT Christian,1,0,"",""
ball,2,12.2,Sydney Sixers,JC Silk,RGL Carters,DT Christian,1,0,"",""
ball,2,12.3,Sydney Sixers,RGL Carters,JC Silk,DT Christian,4,0,"",""
ball,2,12.4,Sydney Sixers,RGL Carters,JC Silk,DT Christian,0,0,"",""
ball,2,12.5,Sydney Sixers,RGL Carters,JC Silk,DT Christian,0,0,"",""
ball,2,12.6,Sydney Sixers,RGL Carters,JC Silk,DT Christian,4,0,"",""
ball,2,13.1,Sydney Sixers,JC Silk,RGL Carters,A Flintoff,4,0,"",""
ball,2,13.2,Sydney Sixers,JC Silk,RGL Carters,A Flintoff,0,0,"",""
ball,2,13.3,Sydney Sixers,JC Silk,RGL Carters,A Flintoff,3,0,"",""
ball,2,13.4,Sydney Sixers,RGL Carters,JC Silk,A Flintoff,0,0,"",""
ball,2,13.5,Sydney Sixers,RGL Carters,JC Silk,A Flintoff,2,0,"",""
ball,2,13.6,Sydney Sixers,RGL Carters,JC Silk,A Flintoff,1,0,"",""
ball,2,14.1,Sydney Sixers,RGL Carters,JC Silk,BCJ Cutting,1,0,"",""
ball,2,14.2,Sydney Sixers,JC Silk,RGL Carters,BCJ Cutting,0,0,"",""
ball,2,14.3,Sydney Sixers,JC Silk,RGL Carters,BCJ Cutting,2,0,"",""
ball,2,14.4,Sydney Sixers,JC Silk,RGL Carters,BCJ Cutting,1,0,"",""
ball,2,14.5,Sydney Sixers,RGL Carters,JC Silk,BCJ Cutting,0,0,"",""
ball,2,14.6,Sydney Sixers,RGL Carters,JC Silk,BCJ Cutting,0,0,"",""
ball,2,15.1,Sydney Sixers,JC Silk,RGL Carters,CJ Gannon,0,0,"",""
ball,2,15.2,Sydney Sixers,JC Silk,RGL Carters,CJ Gannon,1,0,"",""
ball,2,15.3,Sydney Sixers,RGL Carters,JC Silk,CJ Gannon,6,0,"",""
ball,2,15.4,Sydney Sixers,RGL Carters,JC Silk,CJ Gannon,1,0,"",""
ball,2,15.5,Sydney Sixers,JC Silk,RGL Carters,CJ Gannon,4,0,"",""
ball,2,15.6,Sydney Sixers,JC Silk,RGL Carters,CJ Gannon,0,0,"",""
ball,2,16.1,Sydney Sixers,RGL Carters,JC Silk,BCJ Cutting,0,0,"",""
ball,2,16.2,Sydney Sixers,RGL Carters,JC Silk,BCJ Cutting,1,0,"",""
ball,2,16.3,Sydney Sixers,JC Silk,RGL Carters,BCJ Cutting,0,0,"",""
ball,2,16.4,Sydney Sixers,JC Silk,RGL Carters,BCJ Cutting,0,0,"",""
ball,2,16.5,Sydney Sixers,JC Silk,RGL Carters,BCJ Cutting,1,0,"",""
ball,2,16.6,Sydney Sixers,RGL Carters,JC Silk,BCJ Cutting,1,0,"",""
ball,2,17.1,Sydney Sixers,RGL Carters,JC Silk,CJ Gannon,4,0,"",""
ball,2,17.2,Sydney Sixers,RGL Carters,JC Silk,CJ Gannon,0,0,"",""
ball,2,17.3,Sydney Sixers,RGL Carters,JC Silk,CJ Gannon,1,0,"",""
ball,2,17.4,Sydney Sixers,JC Silk,RGL Carters,CJ Gannon,2,0,"",""
