version,1.3.0
info,team,Melbourne Stars
info,team,Sydney Sixers
info,gender,male
info,season,2014/15
info,date,2015/01/05
info,competition,Big Bash League
info,venue,Melbourne Cricket Ground
info,city,
info,toss_winner,Melbourne Stars
info,toss_decision,field
info,player_of_match,JP Faulkner
info,umpire,SJ Nogajski
info,umpire,P Wilson
info,reserve_umpire,DJ Shepard
info,tv_umpire,SAJ Craig
info,match_referee,D Talalla
info,outcome,tie
info,eliminator,Melbourne Stars
ball,1,0.1,Sydney Sixers,NJ Maddinson,MJ Lumb,GJ Maxwell,4,0,"",""
ball,1,0.2,Sydney Sixers,NJ Maddinson,MJ Lumb,GJ Maxwell,1,0,"",""
ball,1,0.3,Sydney Sixers,MJ Lumb,NJ Maddinson,GJ Maxwell,0,0,"",""
ball,1,0.4,Sydney Sixers,MJ Lumb,NJ Maddinson,GJ Maxwell,0,0,"",""
ball,1,0.5,Sydney Sixers,MJ Lumb,NJ Maddinson,GJ Maxwell,0,0,"",""
ball,1,0.6,Sydney Sixers,MJ Lumb,NJ Maddinson,GJ Maxwell,0,0,"",""
ball,1,1.1,Sydney Sixers,NJ Maddinson,MJ Lumb,JM Bird,0,0,caught and bowled,NJ Maddinson
ball,1,1.2,Sydney Sixers,MJ Lumb,MH Wessels,JM Bird,0,0,"",""
ball,1,1.3,Sydney Sixers,MJ Lumb,MH Wessels,JM Bird,0,0,"",""
ball,1,1.4,Sydney Sixers,MJ Lumb,MH Wessels,JM Bird,0,0,"",""
ball,1,1.5,Sydney Sixers,MJ Lumb,MH Wessels,JM Bird,1,0,"",""
ball,1,1.6,Sydney Sixers,MH Wessels,MJ Lumb,JM Bird,0,0,"",""
ball,1,2.1,Sydney Sixers,MJ Lumb,MH Wessels,JP Faulkner,0,0,"",""
ball,1,2.2,Sydney Sixers,MJ Lumb,MH Wessels,JP Faulkner,6,0,"",""
ball,1,2.3,Sydney Sixers,MJ Lumb,MH Wessels,JP Faulkner,2,0,"",""
ball,1,2.4,Sydney Sixers,MJ Lumb,MH Wessels,JP Faulkner,6,0,"",""
ball,1,2.5,Sydney Sixers,MJ Lumb,MH Wessels,JP Faulkner,0,0,"",""
ball,1,2.6,Sydney Sixers,MJ Lumb,MH Wessels,JP Faulkner,6,0,"",""
ball,1,3.1,Sydney Sixers,MH Wessels,MJ Lumb,JM Bird,0,0,"",""
ball,1,3.2,Sydney Sixers,MH Wessels,MJ Lumb,JM Bird,1,0,"",""
ball,1,3.3,Sydney Sixers,MJ Lumb,MH Wessels,JM Bird,1,0,"",""
ball,1,3.4,Sydney Sixers,MH Wessels,MJ Lumb,JM Bird,4,0,"",""
ball,1,3.5,Sydney Sixers,MH Wessels,MJ Lumb,JM Bird,1,0,"",""
ball,1,3.6,Sydney Sixers,MJ Lumb,MH Wessels,JM Bird,4,0,"",""
ball,1,4.1,Sydney Sixers,MH Wessels,MJ Lumb,JW Hastings,0,0,caught,MH Wessels
ball,1,4.2,Sydney Sixers,MC Henriques,MJ Lumb,JW Hastings,3,0,"",""
ball,1,4.3,Sydney Sixers,MJ Lumb,MC Henriques,JW Hastings,0,0,"",""
ball,1,4.4,Sydney Sixers,MJ Lumb,MC Henriques,JW Hastings,4,0,"",""
ball,1,4.5,Sydney Sixers,MJ Lumb,MC Henriques,JW Hastings,2,0,"",""
ball,1,4.6,Sydney Sixers,MJ Lumb,MC Henriques,JW Hastings,0,1,"",""
ball,1,5.1,Sydney Sixers,MJ Lumb,MC Henriques,GJ Maxwell,1,0,"",""
ball,1,5.2,Sydney Sixers,MC Henriques,MJ Lumb,GJ Maxwell,3,0,"",""
ball,1,5.3,Sydney Sixers,MJ Lumb,MC Henriques,GJ Maxwell,0,0,"",""
ball,1,5.4,Sydney Sixers,MJ Lumb,MC Henriques,GJ Maxwell,1,0,"",""
ball,1,5.5,Sydney Sixers,MC Henriques,MJ Lumb,GJ Maxwell,1,0,"",""
ball,1,5.6,Sydney Sixers,MJ Lumb,MC Henriques,GJ Maxwell,0,0,"",""
ball,1,6.1,Sydney Sixers,MC Henriques,MJ Lumb,SM Boland,0,0,caught,MC Henriques
ball,1,6.2,Sydney Sixers,JC Silk,MJ Lumb,SM Boland,2,0,"",""
ball,1,6.3,Sydney Sixers,JC Silk,MJ Lumb,SM Boland,0,0,"",""
ball,1,6.4,Sydney Sixers,JC Silk,MJ Lumb,SM Boland,1,0,"",""
ball,1,6.5,Sydney Sixers,MJ Lumb,JC Silk,SM Boland,0,0,"",""
ball,1,6.6,Sydney Sixers,MJ Lumb,JC Silk,SM Boland,1,0,"",""
ball,1,7.1,Sydney Sixers,MJ Lumb,JC Silk,GJ Maxwell,4,0,"",""
ball,1,7.2,Sydney Sixers,MJ Lumb,JC Silk,GJ Maxwell,1,0,"",""
ball,1,7.3,Sydney Sixers,JC Silk,MJ Lumb,GJ Maxwell,1,0,"",""
ball,1,7.4,Sydney Sixers,MJ Lumb,JC Silk,GJ Maxwell,0,1,"",""
ball,1,7.5,Sydney Sixers,MJ Lumb,JC Silk,GJ Maxwell,4,0,"",""
ball,1,7.6,Sydney Sixers,MJ Lumb,JC Silk,GJ Maxwell,1,0,"",""
ball,1,7.7,Sydney Sixers,JC Silk,MJ Lumb,GJ Maxwell,1,0,"",""
ball,1,8.1,Sydney Sixers,JC Silk,MJ Lumb,SM Boland,0,0,"",""
ball,1,8.2,Sydney Sixers,JC Silk,MJ Lumb,SM Boland,1,0,"",""
ball,1,8.3,Sydney Sixers,MJ Lumb,JC Silk,SM Boland,0,0,"",""
ball,1,8.4,Sydney Sixers,MJ Lumb,JC Silk,SM Boland,4,0,"",""
ball,1,8.5,Sydney Sixers,MJ Lumb,JC Silk,SM Boland,1,0,"",""
ball,1,8.6,Sydney Sixers,JC Silk,MJ Lumb,SM Boland,0,0,"",""
ball,1,9.1,Sydney Sixers,MJ Lumb,JC Silk,JM Bird,1,0,"",""
ball,1,9.2,Sydney Sixers,JC Silk,MJ Lumb,JM Bird,2,0,"",""
ball,1,9.3,Sydney Sixers,JC Silk,MJ Lumb,JM Bird,1,0,"",""
ball,1,9.4,Sydney Sixers,MJ Lumb,JC Silk,JM Bird,1,0,"",""
ball,1,9.5,Sydney Sixers,JC Silk,MJ Lumb,JM Bird,1,0,"",""
ball,1,9.6,Sydney Sixers,MJ Lumb,JC Silk,JM Bird,1,0,"",""
ball,1,10.1,Sydney Sixers,MJ Lumb,JC Silk,JW Hastings,1,0,"",""
ball,1,10.2,Sydney Sixers,JC Silk,MJ Lumb,JW Hastings,1,0,"",""
ball,1,10.3,Sydney Sixers,MJ Lumb,JC Silk,JW Hastings,2,0,"",""
ball,1,10.4,Sydney Sixers,MJ Lumb,JC Silk,JW Hastings,0,0,"",""
ball,1,10.5,Sydney Sixers,MJ Lumb,JC Silk,JW Hastings,0,0,"",""
ball,1,10.6,Sydney Sixers,MJ Lumb,JC Silk,JW Hastings,0,0,"",""
ball,1,11.1,Sydney Sixers,JC Silk,MJ Lumb,MA Beer,1,0,"",""
ball,1,11.2,Sydney Sixers,MJ Lumb,JC Silk,MA Beer,1,0,"",""
ball,1,11.3,Sydney Sixers,JC Silk,MJ Lumb,MA Beer,0,0,"",""
ball,1,11.4,Sydney Sixers,JC Silk,MJ Lumb,MA Beer,1,0,"",""
ball,1,11.5,Sydney Sixers,MJ Lumb,JC Silk,MA Beer,1,0,"",""
ball,1,11.6,Sydney Sixers,JC Silk,MJ Lumb,MA Beer,0,0,"",""
ball,1,12.1,Sydney Sixers,MJ Lumb,JC Silk,SM Boland,2,0,"",""
ball,1,12.2,Sydney Sixers,MJ Lumb,JC Silk,SM Boland,1,0,"",""
ball,1,12.3,Sydney Sixers,JC Silk,MJ Lumb,SM Boland,0,0,"",""
ball,1,12.4,Sydney Sixers,JC Silk,MJ Lumb,SM Boland,1,0,"",""
ball,1,12.5,Sydney Sixers,MJ Lumb,JC Silk,SM Boland,0,0,"",""
ball,1,12.6,Sydney Sixers,MJ Lumb,JC Silk,SM Boland,1,0,"",""
ball,1,13.1,Sydney Sixers,MJ Lumb,JC Silk,MA Beer,0,0,"",""
ball,1,13.2,Sydney Sixers,MJ Lumb,JC Silk,MA Beer,2,0,"",""
ball,1,13.3,Sydney Sixers,MJ Lumb,JC Silk,MA Beer,0,1,"",""
ball,1,13.4,Sydney Sixers,JC Silk,MJ Lumb,MA Beer,1,0,"",""
ball,1,13.5,Sydney Sixers,MJ Lumb,JC Silk,MA Beer,2,0,"",""
ball,1,13.6,Sydney Sixers,MJ Lumb,JC Silk,MA Beer,1,0,"",""
ball,1,14.1,Sydney Sixers,MJ Lumb,JC Silk,JW Hastings,1,0,"",""
ball,1,14.2,Sydney Sixers,JC Silk,MJ Lumb,JW Hastings,0,0,"",""
ball,1,14.3,Sydney Sixers,JC Silk,MJ Lumb,JW Hastings,1,0,"",""
ball,1,14.4,Sydney Sixers,MJ Lumb,JC Silk,JW Hastings,2,0,"",""
ball,1,14.5,Sydney Sixers,MJ Lumb,JC Silk,JW Hastings,4,0,"",""
ball,1,14.6,Sydney Sixers,MJ Lumb,JC Silk,JW Hastings,2,0,"",""
ball,1,15.1,Sydney Sixers,JC Silk,MJ Lumb,MA Beer,0,0,"",""
ball,1,15.2,Sydney Sixers,JC Silk,MJ Lumb,MA Beer,2,0,"",""
ball,1,15.3,Sydney Sixers,JC Silk,MJ Lumb,MA Beer,1,0,"",""
ball,1,15.4,Sydney Sixers,MJ Lumb,JC Silk,MA Beer,0,1,"",""
ball,1,15.5,Sydney Sixers,MJ Lumb,JC Silk,MA Beer,1,0,"",""
ball,1,15.6,Sydney Sixers,JC Silk,MJ Lumb,MA Beer,1,0,"",""
ball,1,15.7,Sydney Sixers,MJ Lumb,JC Silk,MA Beer,1,0,"",""
ball,1,16.1,Sydney Sixers,MJ Lumb,JC Silk,SM Boland,2,0,"",""
ball,1,16.2,Sydney Sixers,MJ Lumb,JC Silk,SM Boland,0,0,"",""
ball,1,16.3,Sydney Sixers,MJ Lumb,JC Silk,SM Boland,0,0,caught,MJ Lumb
ball,1,16.4,Sydney Sixers,JC Silk,RGL Carters,SM Boland,1,0,"",""
ball,1,16.5,Sydney Sixers,RGL Carters,JC Silk,SM Boland,0,0,"",""
ball,1,16.6,Sydney Sixers,RGL Carters,JC Silk,SM Boland,1,0,"",""
ball,1,17.1,Sydney Sixers,RGL Carters,JC Silk,MA Beer,0,0,"",""
ball,1,17.2,Sydney Sixers,RGL Carters,JC Silk,MA Beer,0,1,"",""
ball,1,17.3,Sydney Sixers,JC Silk,RGL Carters,MA Beer,0,0,"",""
ball,1,17.4,Sydney Sixers,JC Silk,RGL Carters,MA Beer,1,0,"",""
ball,1,17.5,Sydney Sixers,RGL Carters,JC Silk,MA Beer,2,0,"",""
ball,1,17.6,Sydney Sixers,RGL Carters,JC Silk,MA Beer,4,0,"",""
ball,1,18.1,Sydney Sixers,JC Silk,RGL Carters,JP Faulkner,1,0,"",""
ball,1,18.2,Sydney Sixers,RGL Carters,JC Silk,JP Faulkner,0,0,"",""
ball,1,18.3,Sydney Sixers,RGL Carters,JC Silk,JP Faulkner,0,0,bowled,RGL Carters
ball,1,18.4,Sydney Sixers,SA Abbott,JC Silk,JP Faulkner,0,0,"",""
ball,1,18.5,Sydney Sixers,SA Abbott,JC Silk,JP Faulkner,2,0,"",""
ball,1,18.6,Sydney Sixers,SA Abbott,JC Silk,JP Faulkner,1,0,"",""
ball,1,19.1,Sydney Sixers,SA Abbott,JC Silk,JW Hastings,0,0,caught,SA Abbott
ball,1,19.2,Sydney Sixers,JC Silk,SNJ O'Keefe,JW Hastings,2,0,"",""
ball,1,19.3,Sydney Sixers,JC Silk,SNJ O'Keefe,JW Hastings,2,0,"",""
ball,1,19.4,Sydney Sixers,JC Silk,SNJ O'Keefe,JW Hastings,2,0,"",""
ball,1,19.5,Sydney Sixers,JC Silk,SNJ O'Keefe,JW Hastings,6,0,"",""
ball,1,19.6,Sydney Sixers,JC Silk,SNJ O'Keefe,JW Hastings,2,0,"",""
ball,2,0.1,Melbourne Stars,CL White,LJ Wright,B Lee,0,0,"",""
ball,2,0.2,Melbourne Stars,CL White,LJ Wright,B Lee,1,0,"",""
ball,2,0.3,Melbourne Stars,LJ Wright,CL White,B Lee,0,0,bowled,LJ Wright
ball,2,0.4,Melbourne Stars,KP Pietersen,CL White,B Lee,1,0,"",""
ball,2,0.5,Melbourne Stars,CL White,KP Pietersen,B Lee,0,1,"",""
ball,2,0.6,Melbourne Stars,CL White,KP Pietersen,B Lee,0,0,"",""
ball,2,0.7,Melbourne Stars,CL White,KP Pietersen,B Lee,1,0,"",""
ball,2,1.1,Melbourne Stars,CL White,KP Pietersen,DE Bollinger,0,0,"",""
ball,2,1.2,Melbourne Stars,CL White,KP Pietersen,DE Bollinger,1,0,"",""
ball,2,1.3,Melbourne Stars,KP Pietersen,CL White,DE Bollinger,1,0,"",""
ball,2,1.4,Melbourne Stars,CL White,KP Pietersen,DE Bollinger,0,0,"",""
ball,2,1.5,Melbourne Stars,CL White,KP Pietersen,DE Bollinger,0,0,"",""
ball,2,1.6,Melbourne Stars,CL White,KP Pietersen,DE Bollinger,4,0,"",""
ball,2,2.1,Melbourne Stars,KP Pietersen,CL White,SNJ O'Keefe,1,0,"",""
ball,2,2.2,Melbourne Stars,CL White,KP Pietersen,SNJ O'Keefe,4,0,"",""
ball,2,2.3,Melbourne Stars,CL White,KP Pietersen,SNJ O'Keefe,0,0,"",""
ball,2,2.4,Melbourne Stars,CL White,KP Pietersen,SNJ O'Keefe,0,0,"",""
ball,2,2.5,Melbourne Stars,CL White,KP Pietersen,SNJ O'Keefe,0,0,"",""
ball,2,2.6,Melbourne Stars,CL White,KP Pietersen,SNJ O'Keefe,0,0,"",""
ball,2,3.1,Melbourne Stars,KP Pietersen,CL White,DE Bollinger,0,0,"",""
ball,2,3.2,Melbourne Stars,KP Pietersen,CL White,DE Bollinger,0,0,"",""
ball,2,3.3,Melbourne Stars,KP Pietersen,CL White,DE Bollinger,0,0,"",""
ball,2,3.4,Melbourne Stars,KP Pietersen,CL White,DE Bollinger,0,0,"",""
ball,2,3.5,Melbourne Stars,KP Pietersen,CL White,DE Bollinger,4,0,"",""
ball,2,3.6,Melbourne Stars,KP Pietersen,CL White,DE Bollinger,4,0,"",""
ball,2,4.1,Melbourne Stars,CL White,KP Pietersen,B Lee,1,0,"",""
ball,2,4.2,Melbourne Stars,KP Pietersen,CL White,B Lee,0,0,"",""
ball,2,4.3,Melbourne Stars,KP Pietersen,CL White,B Lee,0,0,"",""
ball,2,4.4,Melbourne Stars,KP Pietersen,CL White,B Lee,4,0,"",""
ball,2,4.5,Melbourne Stars,KP Pietersen,CL White,B Lee,0,0,"",""
ball,2,4.6,Melbourne Stars,KP Pietersen,CL White,B Lee,0,0,"",""
ball,2,5.1,Melbourne Stars,CL White,KP Pietersen,SA Abbott,0,0,"",""
ball,2,5.2,Melbourne Stars,CL White,KP Pietersen,SA Abbott,1,0,"",""
ball,2,5.3,Melbourne Stars,KP Pietersen,CL White,SA Abbott,0,0,"",""
ball,2,5.4,Melbourne Stars,KP Pietersen,CL White,SA Abbott,6,0,"",""
ball,2,5.5,Melbourne Stars,KP Pietersen,CL White,SA Abbott,0,1,"",""
ball,2,5.6,Melbourne Stars,KP Pietersen,CL White,SA Abbott,4,0,"",""
ball,2,5.7,Melbourne Stars,KP Pietersen,CL White,SA Abbott,0,0,"",""
ball,2,6.1,Melbourne Stars,CL White,KP Pietersen,BJ Dwarshuis,1,0,"",""
ball,2,6.2,Melbourne Stars,KP Pietersen,CL White,BJ Dwarshuis,1,0,"",""
ball,2,6.3,Melbourne Stars,CL White,KP Pietersen,BJ Dwarshuis,1,0,"",""
ball,2,6.4,Melbourne Stars,KP Pietersen,CL White,BJ Dwarshuis,0,0,"",""
ball,2,6.5,Melbourne Stars,KP Pietersen,CL White,BJ Dwarshuis,4,0,"",""
ball,2,6.6,Melbourne Stars,KP Pietersen,CL White,BJ Dwarshuis,4,0,"",""
ball,2,7.1,Melbourne Stars,CL White,KP Pietersen,SA Abbott,0,0,"",""
ball,2,7.2,Melbourne Stars,CL White,KP Pietersen,SA Abbott,0,0,"",""
ball,2,7.3,Melbourne Stars,CL White,KP Pietersen,SA Abbott,2,0,"",""
ball,2,7.4,Melbourne Stars,CL White,KP Pietersen,SA Abbott,1,0,"",""
ball,2,7.5,Melbourne Stars,KP Pietersen,CL White,SA Abbott,4,0,"",""
ball,2,7.6,Melbourne Stars,KP Pietersen,CL White,SA Abbott,0,0,"",""
ball,2,8.1,Melbourne Stars,CL White,KP Pietersen,MC Henriques,1,0,"",""
ball,2,8.2,Melbourne Stars,KP Pietersen,CL White,MC Henriques,1,0,"",""
ball,2,8.3,Melbourne Stars,CL White,KP Pietersen,MC Henriques,1,0,"",""
ball,2,8.4,Melbourne Stars,KP Pietersen,CL White,MC Henriques,1,0,"",""
ball,2,8.5,Melbourne Stars,CL White,KP Pietersen,MC Henriques,1,0,"",""
ball,2,8.6,Melbourne Stars,KP Pietersen,CL White,MC Henriques,1,0,"",""
ball,2,9.1,Melbourne Stars,KP Pietersen,CL White,BJ Dwarshuis,1,0,"",""
ball,2,9.2,Melbourne Stars,CL White,KP Pietersen,BJ Dwarshuis,1,0,"",""
ball,2,9.3,Melbourne Stars,KP Pietersen,CL White,BJ Dwarshuis,1,0,"",""
ball,2,9.4,Melbourne Stars,CL White,KP Pietersen,BJ Dwarshuis,1,0,"",""
ball,2,9.5,Melbourne Stars,KP Pietersen,CL White,BJ Dwarshuis,1,0,"",""
ball,2,9.6,Melbourne Stars,CL White,KP Pietersen,BJ Dwarshuis,0,0,"",""
ball,2,10.1,Melbourne Stars,KP Pietersen,CL White,SNJ O'Keefe,0,0,"",""
ball,2,10.2,Melbourne Stars,KP Pietersen,CL White,SNJ O'Keefe,1,0,"",""
ball,2,10.3,Melbourne Stars,CL White,KP Pietersen,SNJ O'Keefe,1,0,"",""
ball,2,10.4,Melbourne Stars,KP Pietersen,CL White,SNJ O'Keefe,0,0,"",""
ball,2,10.5,Melbourne Stars,KP Pietersen,CL White,SNJ O'Keefe,0,0,"",""
ball,2,10.6,Melbourne Stars,KP Pietersen,CL White,SNJ O'Keefe,0,0,"",""
ball,2,11.1,Melbourne Stars,CL White,KP Pietersen,BJ Dwarshuis,0,0,bowled,CL White
ball,2,11.2,Melbourne Stars,GJ Maxwell,KP Pietersen,BJ Dwarshuis,1,0,"",""
ball,2,11.3,Melbourne Stars,KP Pietersen,GJ Maxwell,BJ Dwarshuis,1,0,"",""
ball,2,11.4,Melbourne Stars,GJ Maxwell,KP Pietersen,BJ Dwarshuis,1,0,"",""
ball,2,11.5,Melbourne Stars,KP Pietersen,GJ Maxwell,BJ Dwarshuis,4,0,"",""
ball,2,11.6,Melbourne Stars,KP Pietersen,GJ Maxwell,BJ Dwarshuis,0,0,"",""
ball,2,12.1,Melbourne Stars,GJ Maxwell,KP Pietersen,SNJ O'Keefe,0,1,"",""
ball,2,12.2,Melbourne Stars,KP Pietersen,GJ Maxwell,SNJ O'Keefe,1,0,"",""
ball,2,12.3,Melbourne Stars,GJ Maxwell,KP Pietersen,SNJ O'Keefe,1,0,"",""
ball,2,12.4,Melbourne Stars,KP Pietersen,GJ Maxwell,SNJ O'Keefe,1,0,"",""
ball,2,12.5,Melbourne Stars,GJ Maxwell,KP Pietersen,SNJ O'Keefe,4,0,"",""
ball,2,12.6,Melbourne Stars,GJ Maxwell,KP Pietersen,SNJ O'Keefe,4,0,"",""
ball,2,13.1,Melbourne Stars,KP Pietersen,GJ Maxwell,DE Bollinger,1,0,"",""
ball,2,13.2,Melbourne Stars,GJ Maxwell,KP Pietersen,DE Bollinger,1,0,"",""
ball,2,13.3,Melbourne Stars,KP Pietersen,GJ Maxwell,DE Bollinger,1,0,"",""
ball,2,13.4,Melbourne Stars,GJ Maxwell,KP Pietersen,DE Bollinger,0,1,"",""
ball,2,13.5,Melbourne Stars,GJ Maxwell,KP Pietersen,DE Bollinger,0,1,"",""
ball,2,13.6,Melbourne Stars,KP Pietersen,GJ Maxwell,DE Bollinger,0,0,caught,KP Pietersen
ball,2,13.7,Melbourne Stars,GJ Maxwell,JP Faulkner,DE Bollinger,2,0,"",""
ball,2,14.1,Melbourne Stars,JP Faulkner,GJ Maxwell,SA Abbott,0,0,"",""
ball,2,14.2,Melbourne Stars,JP Faulkner,GJ Maxwell,SA Abbott,0,0,"",""
ball,2,14.3,Melbourne Stars,JP Faulkner,GJ Maxwell,SA Abbott,0,1,"",""
ball,2,14.4,Melbourne Stars,JP Faulkner,GJ Maxwell,SA Abbott,1,0,"",""
ball,2,14.5,Melbourne Stars,GJ Maxwell,JP Faulkner,SA Abbott,0,0,"",""
ball,2,14.6,Melbourne Stars,GJ Maxwell,JP Faulkner,SA Abbott,2,0,"",""
ball,2,14.7,Melbourne Stars,GJ Maxwell,JP Faulkner,SA Abbott,1,0,"",""
ball,2,15.1,Melbourne Stars,GJ Maxwell,JP Faulkner,BJ Dwarshuis,2,0,"",""
ball,2,15.2,Melbourne Stars,GJ Maxwell,JP Faulkner,BJ Dwarshuis,4,0,"",""
ball,2,15.3,Melbourne Stars,GJ Maxwell,JP Faulkner,BJ Dwarshuis,0,0,caught,GJ Maxwell
ball,2,15.4,Melbourne Stars,JP Faulkner,TIF Triffitt,BJ Dwarshuis,1,0,"",""
ball,2,15.5,Melbourne Stars,TIF Triffitt,JP Faulkner,BJ Dwarshuis,1,0,"",""
ball,2,15.6,Melbourne Stars,JP Faulkner,TIF Triffitt,BJ Dwarshuis,0,0,"",""
ball,2,16.1,Melbourne Stars,TIF Triffitt,JP Faulkner,SNJ O'Keefe,1,0,"",""
ball,2,16.2,Melbourne Stars,JP Faulkner,TIF Triffitt,SNJ O'Keefe,2,0,"",""
ball,2,16.3,Melbourne Stars,JP Faulkner,TIF Triffitt,SNJ O'Keefe,1,0,"",""
ball,2,16.4,Melbourne Stars,TIF Triffitt,JP Faulkner,SNJ O'Keefe,0,0,"",""
ball,2,16.5,Melbourne Stars,TIF Triffitt,JP Faulkner,SNJ O'Keefe,1,0,"",""
ball,2,16.6,Melbourne Stars,JP Faulkner,TIF Triffitt,SNJ O'Keefe,1,0,"",""
ball,2,17.1,Melbourne Stars,JP Faulkner,TIF Triffitt,B Lee,2,0,"",""
ball,2,17.2,Melbourne Stars,JP Faulkner,TIF Triffitt,B Lee,1,0,"",""
ball,2,17.3,Melbourne Stars,TIF Triffitt,JP Faulkner,B Lee,1,0,"",""
ball,2,17.4,Melbourne Stars,JP Faulkner,TIF Triffitt,B Lee,0,1,"",""
ball,2,17.5,Melbourne Stars,JP Faulkner,TIF Triffitt,B Lee,0,0,"",""
ball,2,17.6,Melbourne Stars,JP Faulkner,TIF Triffitt,B Lee,1,0,"",""
ball,2,17.7,Melbourne Stars,TIF Triffitt,JP Faulkner,B Lee,1,0,"",""
ball,2,18.1,Melbourne Stars,TIF Triffitt,JP Faulkner,DE Bollinger,6,0,"",""
ball,2,18.2,Melbourne Stars,TIF Triffitt,JP Faulkner,DE Bollinger,2,0,"",""
ball,2,18.3,Melbourne Stars,TIF Triffitt,JP Faulkner,DE Bollinger,1,0,"",""
ball,2,18.4,Melbourne Stars,JP Faulkner,TIF Triffitt,DE Bollinger,1,0,"",""
ball,2,18.5,Melbourne Stars,TIF Triffitt,JP Faulkner,DE Bollinger,1,0,"",""
ball,2,18.6,Melbourne Stars,JP Faulkner,TIF Triffitt,DE Bollinger,1,0,"",""
ball,2,19.1,Melbourne Stars,JP Faulkner,TIF Triffitt,B Lee,4,0,"",""
ball,2,19.2,Melbourne Stars,JP Faulkner,TIF Triffitt,B Lee,1,0,"",""
ball,2,19.3,Melbourne Stars,TIF Triffitt,JP Faulkner,B Lee,0,0,"",""
ball,2,19.4,Melbourne Stars,TIF Triffitt,JP Faulkner,B Lee,4,0,"",""
ball,2,19.5,Melbourne Stars,TIF Triffitt,JP Faulkner,B Lee,4,0,"",""
ball,2,19.6,Melbourne Stars,TIF Triffitt,JP Faulkner,B Lee,2,0,"",""
ball,3,0.1,Melbourne Stars,JP Faulkner,LJ Wright,B Lee,1,0,"",""
ball,3,0.2,Melbourne Stars,LJ Wright,JP Faulkner,B Lee,2,0,"",""
ball,3,0.3,Melbourne Stars,LJ Wright,JP Faulkner,B Lee,1,0,"",""
ball,3,0.4,Melbourne Stars,JP Faulkner,LJ Wright,B Lee,6,0,"",""
ball,3,0.5,Melbourne Stars,JP Faulkner,LJ Wright,B Lee,0,1,"",""
ball,3,0.6,Melbourne Stars,JP Faulkner,LJ Wright,B Lee,2,0,"",""
ball,3,0.7,Melbourne Stars,JP Faulkner,LJ Wright,B Lee,6,0,"",""
ball,4,0.1,Sydney Sixers,NJ Maddinson,MJ Lumb,JW Hastings,2,0,"",""
ball,4,0.2,Sydney Sixers,NJ Maddinson,MJ Lumb,JW Hastings,0,0,caught,NJ Maddinson
ball,4,0.3,Sydney Sixers,MJ Lumb,MC Henriques,JW Hastings,0,1,"",""
ball,4,0.4,Sydney Sixers,MC Henriques,MJ Lumb,JW Hastings,2,0,"",""
ball,4,0.5,Sydney Sixers,MC Henriques,MJ Lumb,JW Hastings,0,0,caught,MC Henriques
ball,4,0.6,Sydney Sixers,MJ Lumb,MH Wessels,JW Hastings,4,0,"",""
