version,1.3.0
info,team,Perth Scorchers
info,team,Melbourne Stars
info,gender,male
info,season,2014/15
info,date,2015/01/25
info,competition,Big Bash League
info,venue,Western Australia Cricket Association Ground
info,city,Perth
info,toss_winner,Perth Scorchers
info,toss_decision,bat
info,player_of_match,AJ Tye
info,umpire,GC Joshua
info,umpire,SJ Nogajski
info,reserve_umpire,J Hewitt
info,tv_umpire,AJ Barrow
info,match_referee,RW Stratford
info,winner,Perth Scorchers
info,winner_runs,18
ball,1,0.1,Perth Scorchers,SE Marsh,M Klinger,JM Bird,0,0,"",""
ball,1,0.2,Perth Scorchers,SE Marsh,M Klinger,JM Bird,3,0,"",""
ball,1,0.3,Perth Scorchers,M Klinger,SE Marsh,JM Bird,0,0,"",""
ball,1,0.4,Perth Scorchers,M Klinger,SE Marsh,JM Bird,0,0,"",""
ball,1,0.5,Perth Scorchers,M Klinger,SE Marsh,JM Bird,1,0,"",""
ball,1,0.6,Perth Scorchers,SE Marsh,M Klinger,JM Bird,0,0,"",""
ball,1,1.1,Perth Scorchers,M Klinger,SE Marsh,JW Hastings,0,0,"",""
ball,1,1.2,Perth Scorchers,M Klinger,SE Marsh,JW Hastings,4,0,"",""
ball,1,1.3,Perth Scorchers,M Klinger,SE Marsh,JW Hastings,0,0,"",""
ball,1,1.4,Perth Scorchers,M Klinger,SE Marsh,JW Hastings,0,0,caught,M Klinger
ball,1,1.5,Perth Scorchers,SE Marsh,AC Voges,JW Hastings,1,0,"",""
ball,1,1.6,Perth Scorchers,AC Voges,SE Marsh,JW Hastings,0,0,"",""
ball,1,2.1,Perth Scorchers,SE Marsh,AC Voges,JM Bird,0,0,"",""
ball,1,2.2,Perth Scorchers,SE Marsh,AC Voges,JM Bird,4,0,"",""
ball,1,2.3,Perth Scorchers,SE Marsh,AC Voges,JM Bird,0,1,"",""
ball,1,2.4,Perth Scorchers,AC Voges,SE Marsh,JM Bird,1,0,"",""
ball,1,2.5,Perth Scorchers,SE Marsh,AC Voges,JM Bird,1,0,"",""
ball,1,2.6,Perth Scorchers,AC Voges,SE Marsh,JM Bird,0,0,"",""
ball,1,3.1,Perth Scorchers,SE Marsh,AC Voges,JW Hastings,1,0,"",""
ball,1,3.2,Perth Scorchers,AC Voges,SE Marsh,JW Hastings,2,0,"",""
ball,1,3.3,Perth Scorchers,AC Voges,SE Marsh,JW Hastings,0,0,"",""
ball,1,3.4,Perth Scorchers,AC Voges,SE Marsh,JW Hastings,0,0,caught,AC Voges
ball,1,3.5,Perth Scorchers,MA Carberry,SE Marsh,JW Hastings,1,0,"",""
ball,1,3.6,Perth Scorchers,SE Marsh,MA Carberry,JW Hastings,0,0,"",""
ball,1,4.1,Perth Scorchers,MA Carberry,SE Marsh,JM Bird,0,0,"",""
ball,1,4.2,Perth Scorchers,MA Carberry,SE Marsh,JM Bird,0,0,"",""
ball,1,4.3,Perth Scorchers,MA Carberry,SE Marsh,JM Bird,0,0,"",""
ball,1,4.4,Perth Scorchers,MA Carberry,SE Marsh,JM Bird,0,0,"",""
ball,1,4.5,Perth Scorchers,MA Carberry,SE Marsh,JM Bird,0,0,"",""
ball,1,4.6,Perth Scorchers,MA Carberry,SE Marsh,JM Bird,0,0,"",""
ball,1,5.1,Perth Scorchers,SE Marsh,MA Carberry,CJ McKay,0,0,"",""
ball,1,5.2,Perth Scorchers,SE Marsh,MA Carberry,CJ McKay,0,0,"",""
ball,1,5.3,Perth Scorchers,SE Marsh,MA Carberry,CJ McKay,1,0,"",""
ball,1,5.4,Perth Scorchers,MA Carberry,SE Marsh,CJ McKay,4,0,"",""
ball,1,5.5,Perth Scorchers,MA Carberry,SE Marsh,CJ McKay,4,0,"",""
ball,1,5.6,Perth Scorchers,MA Carberry,SE Marsh,CJ McKay,0,0,"",""
ball,1,6.1,Perth Scorchers,SE Marsh,MA Carberry,KP Pietersen,4,0,"",""
ball,1,6.2,Perth Scorchers,SE Marsh,MA Carberry,KP Pietersen,1,0,"",""
ball,1,6.3,Perth Scorchers,MA Carberry,SE Marsh,KP Pietersen,2,0,"",""
ball,1,6.4,Perth Scorchers,MA Carberry,SE Marsh,KP Pietersen,4,0,"",""
ball,1,6.5,Perth Scorchers,MA Carberry,SE Marsh,KP Pietersen,1,0,"",""
ball,1,6.6,Perth Scorchers,SE Marsh,MA Carberry,KP Pietersen,1,0,"",""
ball,1,7.1,Perth Scorchers,SE Marsh,MA Carberry,SM Boland,2,0,"",""
ball,1,7.2,Perth Scorchers,SE Marsh,MA Carberry,SM Boland,0,0,"",""
ball,1,7.3,Perth Scorchers,SE Marsh,MA Carberry,SM Boland,0,0,"",""
ball,1,7.4,Perth Scorchers,SE Marsh,MA Carberry,SM Boland,2,0,"",""
ball,1,7.5,Perth Scorchers,SE Marsh,MA Carberry,SM Boland,1,0,"",""
ball,1,7.6,Perth Scorchers,MA Carberry,SE Marsh,SM Boland,1,0,"",""
ball,1,8.1,Perth Scorchers,MA Carberry,SE Marsh,JM Bird,0,0,"",""
ball,1,8.2,Perth Scorchers,MA Carberry,SE Marsh,JM Bird,1,0,"",""
ball,1,8.3,Perth Scorchers,SE Marsh,MA Carberry,JM Bird,1,0,"",""
ball,1,8.4,Perth Scorchers,MA Carberry,SE Marsh,JM Bird,2,0,"",""
ball,1,8.5,Perth Scorchers,MA Carberry,SE Marsh,JM Bird,4,0,"",""
ball,1,8.6,Perth Scorchers,MA Carberry,SE Marsh,JM Bird,1,0,"",""
ball,1,9.1,Perth Scorchers,MA Carberry,SE Marsh,SM Boland,2,0,"",""
ball,1,9.2,Perth Scorchers,MA Carberry,SE Marsh,SM Boland,1,0,"",""
ball,1,9.3,Perth Scorchers,SE Marsh,MA Carberry,SM Boland,1,0,"",""
ball,1,9.4,Perth Scorchers,MA Carberry,SE Marsh,SM Boland,3,0,"",""
ball,1,9.5,Perth Scorchers,SE Marsh,MA Carberry,SM Boland,1,0,"",""
ball,1,9.6,Perth Scorchers,MA Carberry,SE Marsh,SM Boland,4,0,"",""
ball,1,10.1,Perth Scorchers,SE Marsh,MA Carberry,MA Beer,1,0,"",""
ball,1,10.2,Perth Scorchers,MA Carberry,SE Marsh,MA Beer,1,0,"",""
ball,1,10.3,Perth Scorchers,SE Marsh,MA Carberry,MA Beer,2,0,"",""
ball,1,10.4,Perth Scorchers,SE Marsh,MA Carberry,MA Beer,0,0,"",""
ball,1,10.5,Perth Scorchers,SE Marsh,MA Carberry,MA Beer,2,0,"",""
ball,1,10.6,Perth Scorchers,SE Marsh,MA Carberry,MA Beer,1,0,"",""
ball,1,11.1,Perth Scorchers,SE Marsh,MA Carberry,CJ McKay,0,0,"",""
ball,1,11.2,Perth Scorchers,SE Marsh,MA Carberry,CJ McKay,1,0,"",""
ball,1,11.3,Perth Scorchers,MA Carberry,SE Marsh,CJ McKay,1,0,"",""
ball,1,11.4,Perth Scorchers,SE Marsh,MA Carberry,CJ McKay,1,0,"",""
ball,1,11.5,Perth Scorchers,MA Carberry,SE Marsh,CJ McKay,6,0,"",""
ball,1,11.6,Perth Scorchers,MA Carberry,SE Marsh,CJ McKay,0,0,"",""
ball,1,12.1,Perth Scorchers,SE Marsh,MA Carberry,MA Beer,2,0,"",""
ball,1,12.2,Perth Scorchers,SE Marsh,MA Carberry,MA Beer,0,0,caught,SE Marsh
ball,1,12.3,Perth Scorchers,AJ Turner,MA Carberry,MA Beer,1,0,"",""
ball,1,12.4,Perth Scorchers,MA Carberry,AJ Turner,MA Beer,0,0,"",""
ball,1,12.5,Perth Scorchers,MA Carberry,AJ Turner,MA Beer,0,0,"",""
ball,1,12.6,Perth Scorchers,MA Carberry,AJ Turner,MA Beer,1,0,"",""
ball,1,13.1,Perth Scorchers,MA Carberry,AJ Turner,SM Boland,1,0,"",""
ball,1,13.2,Perth Scorchers,AJ Turner,MA Carberry,SM Boland,0,0,"",""
ball,1,13.3,Perth Scorchers,AJ Turner,MA Carberry,SM Boland,0,0,caught,AJ Turner
ball,1,13.4,Perth Scorchers,SM Whiteman,MA Carberry,SM Boland,1,0,"",""
ball,1,13.5,Perth Scorchers,MA Carberry,SM Whiteman,SM Boland,0,1,"",""
ball,1,13.6,Perth Scorchers,MA Carberry,SM Whiteman,SM Boland,4,0,"",""
ball,1,13.7,Perth Scorchers,MA Carberry,SM Whiteman,SM Boland,0,0,"",""
ball,1,14.1,Perth Scorchers,SM Whiteman,MA Carberry,MA Beer,1,0,"",""
ball,1,14.2,Perth Scorchers,MA Carberry,SM Whiteman,MA Beer,0,0,"",""
ball,1,14.3,Perth Scorchers,MA Carberry,SM Whiteman,MA Beer,1,0,"",""
ball,1,14.4,Perth Scorchers,SM Whiteman,MA Carberry,MA Beer,0,0,"",""
ball,1,14.5,Perth Scorchers,SM Whiteman,MA Carberry,MA Beer,1,0,"",""
ball,1,14.6,Perth Scorchers,MA Carberry,SM Whiteman,MA Beer,0,0,caught,MA Carberry
ball,1,15.1,Perth Scorchers,NM Coulter-Nile,SM Whiteman,JW Hastings,1,0,"",""
ball,1,15.2,Perth Scorchers,SM Whiteman,NM Coulter-Nile,JW Hastings,0,0,"",""
ball,1,15.3,Perth Scorchers,SM Whiteman,NM Coulter-Nile,JW Hastings,2,0,"",""
ball,1,15.4,Perth Scorchers,SM Whiteman,NM Coulter-Nile,JW Hastings,1,0,"",""
ball,1,15.5,Perth Scorchers,NM Coulter-Nile,SM Whiteman,JW Hastings,6,0,"",""
ball,1,15.6,Perth Scorchers,NM Coulter-Nile,SM Whiteman,JW Hastings,0,0,"",""
ball,1,16.1,Perth Scorchers,SM Whiteman,NM Coulter-Nile,MA Beer,0,1,"",""
ball,1,16.2,Perth Scorchers,NM Coulter-Nile,SM Whiteman,MA Beer,1,0,"",""
ball,1,16.3,Perth Scorchers,SM Whiteman,NM Coulter-Nile,MA Beer,1,0,"",""
ball,1,16.4,Perth Scorchers,NM Coulter-Nile,SM Whiteman,MA Beer,6,0,"",""
ball,1,16.5,Perth Scorchers,NM Coulter-Nile,SM Whiteman,MA Beer,0,2,"",""
ball,1,16.6,Perth Scorchers,SM Whiteman,NM Coulter-Nile,MA Beer,1,0,"",""
ball,1,16.7,Perth Scorchers,NM Coulter-Nile,SM Whiteman,MA Beer,0,0,"",""
ball,1,17.1,Perth Scorchers,SM Whiteman,NM Coulter-Nile,CJ McKay,6,0,"",""
ball,1,17.2,Perth Scorchers,SM Whiteman,NM Coulter-Nile,CJ McKay,4,0,"",""
ball,1,17.3,Perth Scorchers,SM Whiteman,NM Coulter-Nile,CJ McKay,0,0,caught,SM Whiteman
ball,1,17.4,Perth Scorchers,Yasir Arafat,NM Coulter-Nile,CJ McKay,0,0,"",""
ball,1,17.5,Perth Scorchers,Yasir Arafat,NM Coulter-Nile,CJ McKay,1,0,"",""
ball,1,17.6,Perth Scorchers,NM Coulter-Nile,Yasir Arafat,CJ McKay,4,0,"",""
ball,1,18.1,Perth Scorchers,Yasir Arafat,NM Coulter-Nile,JW Hastings,1,0,"",""
ball,1,18.2,Perth Scorchers,NM Coulter-Nile,Yasir Arafat,JW Hastings,4,0,"",""
ball,1,18.3,Perth Scorchers,NM Coulter-Nile,Yasir Arafat,JW Hastings,0,0,caught,NM Coulter-Nile
ball,1,18.4,Perth Scorchers,AJ Tye,Yasir Arafat,JW Hastings,1,0,"",""
ball,1,18.5,Perth Scorchers,Yasir Arafat,AJ Tye,JW Hastings,1,0,"",""
ball,1,18.6,Perth Scorchers,AJ Tye,Yasir Arafat,JW Hastings,1,0,"",""
ball,1,19.1,Perth Scorchers,AJ Tye,Yasir Arafat,CJ McKay,0,0,"",""
ball,1,19.2,Perth Scorchers,AJ Tye,Yasir Arafat,CJ McKay,0,0,"",""
ball,1,19.3,Perth Scorchers,AJ Tye,Yasir Arafat,CJ McKay,0,0,"",""
ball,1,19.4,Perth Scorchers,AJ Tye,Yasir Arafat,CJ McKay,0,0,"",""
ball,1,19.5,Perth Scorchers,AJ Tye,Yasir Arafat,CJ McKay,0,0,"",""
ball,1,19.6,Perth Scorchers,AJ Tye,Yasir Arafat,CJ McKay,0,0,"",""
ball,2,0.1,Melbourne Stars,CL White,LJ Wright,JP Behrendorff,0,1,"",""
ball,2,0.2,Melbourne Stars,CL White,LJ Wright,JP Behrendorff,1,0,"",""
ball,2,0.3,Melbourne Stars,LJ Wright,CL White,JP Behrendorff,4,0,"",""
ball,2,0.4,Melbourne Stars,LJ Wright,CL White,JP Behrendorff,0,0,"",""
ball,2,0.5,Melbourne Stars,LJ Wright,CL White,JP Behrendorff,1,0,"",""
ball,2,0.6,Melbourne Stars,CL White,LJ Wright,JP Behrendorff,1,0,"",""
ball,2,0.7,Melbourne Stars,LJ Wright,CL White,JP Behrendorff,1,0,"",""
ball,2,1.1,Melbourne Stars,LJ Wright,CL White,NM Coulter-Nile,0,0,"",""
ball,2,1.2,Melbourne Stars,LJ Wright,CL White,NM Coulter-Nile,3,0,"",""
ball,2,1.3,Melbourne Stars,CL White,LJ Wright,NM Coulter-Nile,0,1,"",""
ball,2,1.4,Melbourne Stars,CL White,LJ Wright,NM Coulter-Nile,0,0,"",""
ball,2,1.5,Melbourne Stars,CL White,LJ Wright,NM Coulter-Nile,0,0,"",""
ball,2,1.6,Melbourne Stars,CL White,LJ Wright,NM Coulter-Nile,0,0,"",""
ball,2,1.7,Melbourne Stars,CL White,LJ Wright,NM Coulter-Nile,2,0,"",""
ball,2,2.1,Melbourne Stars,LJ Wright,CL White,JP Behrendorff,2,0,"",""
ball,2,2.2,Melbourne Stars,LJ Wright,CL White,JP Behrendorff,1,0,"",""
ball,2,2.3,Melbourne Stars,CL White,LJ Wright,JP Behrendorff,0,0,"",""
ball,2,2.4,Melbourne Stars,CL White,LJ Wright,JP Behrendorff,0,0,"",""
ball,2,2.5,Melbourne Stars,CL White,LJ Wright,JP Behrendorff,1,0,"",""
ball,2,2.6,Melbourne Stars,LJ Wright,CL White,JP Behrendorff,0,0,"",""
ball,2,3.1,Melbourne Stars,CL White,LJ Wright,NM Coulter-Nile,0,0,"",""
ball,2,3.2,Melbourne Stars,CL White,LJ Wright,NM Coulter-Nile,1,0,"",""
ball,2,3.3,Melbourne Stars,LJ Wright,CL White,NM Coulter-Nile,1,0,"",""
ball,2,3.4,Melbourne Stars,CL White,LJ Wright,NM Coulter-Nile,4,0,"",""
ball,2,3.5,Melbourne Stars,CL White,LJ Wright,NM Coulter-Nile,1,0,"",""
ball,2,3.6,Melbourne Stars,LJ Wright,CL White,NM Coulter-Nile,4,0,"",""
ball,2,4.1,Melbourne Stars,CL White,LJ Wright,JP Behrendorff,1,0,"",""
ball,2,4.2,Melbourne Stars,LJ Wright,CL White,JP Behrendorff,3,0,"",""
ball,2,4.3,Melbourne Stars,CL White,LJ Wright,JP Behrendorff,0,0,"",""
ball,2,4.4,Melbourne Stars,CL White,LJ Wright,JP Behrendorff,1,0,"",""
ball,2,4.5,Melbourne Stars,LJ Wright,CL White,JP Behrendorff,0,1,"",""
ball,2,4.6,Melbourne Stars,CL White,LJ Wright,JP Behrendorff,0,0,"",""
ball,2,5.1,Melbourne Stars,LJ Wright,CL White,AJ Tye,1,0,"",""
ball,2,5.2,Melbourne Stars,CL White,LJ Wright,AJ Tye,0,0,"",""
ball,2,5.3,Melbourne Stars,CL White,LJ Wright,AJ Tye,0,0,"",""
ball,2,5.4,Melbourne Stars,CL White,LJ Wright,AJ Tye,0,0,"",""
ball,2,5.5,Melbourne Stars,CL White,LJ Wright,AJ Tye,0,0,"",""
ball,2,5.6,Melbourne Stars,CL White,LJ Wright,AJ Tye,0,0,"",""
ball,2,6.1,Melbourne Stars,LJ Wright,CL White,Yasir Arafat,0,1,"",""
ball,2,6.2,Melbourne Stars,LJ Wright,CL White,Yasir Arafat,0,0,"",""
ball,2,6.3,Melbourne Stars,LJ Wright,CL White,Yasir Arafat,1,0,"",""
ball,2,6.4,Melbourne Stars,CL White,LJ Wright,Yasir Arafat,0,0,"",""
ball,2,6.5,Melbourne Stars,CL White,LJ Wright,Yasir Arafat,0,0,caught,CL White
ball,2,6.6,Melbourne Stars,KP Pietersen,LJ Wright,Yasir Arafat,0,1,"",""
ball,2,6.7,Melbourne Stars,KP Pietersen,LJ Wright,Yasir Arafat,1,0,"",""
ball,2,6.8,Melbourne Stars,LJ Wright,KP Pietersen,Yasir Arafat,0,0,"",""
ball,2,7.1,Melbourne Stars,KP Pietersen,LJ Wright,GB Hogg,1,0,"",""
ball,2,7.2,Melbourne Stars,LJ Wright,KP Pietersen,GB Hogg,1,0,"",""
ball,2,7.3,Melbourne Stars,KP Pietersen,LJ Wright,GB Hogg,1,0,"",""
ball,2,7.4,Melbourne Stars,LJ Wright,KP Pietersen,GB Hogg,1,0,"",""
ball,2,7.5,Melbourne Stars,KP Pietersen,LJ Wright,GB Hogg,1,0,"",""
ball,2,7.6,Melbourne Stars,LJ Wright,KP Pietersen,GB Hogg,1,0,"",""
ball,2,8.1,Melbourne Stars,LJ Wright,KP Pietersen,Yasir Arafat,1,0,"",""
ball,2,8.2,Melbourne Stars,KP Pietersen,LJ Wright,Yasir Arafat,1,0,"",""
ball,2,8.3,Melbourne Stars,LJ Wright,KP Pietersen,Yasir Arafat,4,0,"",""
ball,2,8.4,Melbourne Stars,LJ Wright,KP Pietersen,Yasir Arafat,0,1,"",""
ball,2,8.5,Melbourne Stars,KP Pietersen,LJ Wright,Yasir Arafat,0,0,"",""
ball,2,8.6,Melbourne Stars,KP Pietersen,LJ Wright,Yasir Arafat,2,0,"",""
ball,2,9.1,Melbourne Stars,LJ Wright,KP Pietersen,GB Hogg,1,0,"",""
ball,2,9.2,Melbourne Stars,KP Pietersen,LJ Wright,GB Hogg,0,0,"",""
ball,2,9.3,Melbourne Stars,KP Pietersen,LJ Wright,GB Hogg,0,0,"",""
ball,2,9.4,Melbourne Stars,KP Pietersen,LJ Wright,GB Hogg,6,0,"",""
ball,2,9.5,Melbourne Stars,KP Pietersen,LJ Wright,GB Hogg,0,0,"",""
ball,2,9.6,Melbourne Stars,KP Pietersen,LJ Wright,GB Hogg,1,0,"",""
ball,2,10.1,Melbourne Stars,KP Pietersen,LJ Wright,AJ Tye,3,0,"",""
ball,2,10.2,Melbourne Stars,LJ Wright,KP Pietersen,AJ Tye,0,0,caught,LJ Wright
ball,2,10.3,Melbourne Stars,KP Pietersen,PSP Handscomb,AJ Tye,2,0,"",""
ball,2,10.4,Melbourne Stars,KP Pietersen,PSP Handscomb,AJ Tye,1,0,"",""
ball,2,10.5,Melbourne Stars,PSP Handscomb,KP Pietersen,AJ Tye,0,0,"",""
ball,2,10.6,Melbourne Stars,PSP Handscomb,KP Pietersen,AJ Tye,0,0,caught,PSP Handscomb
ball,2,11.1,Melbourne Stars,KP Pietersen,RJ Quiney,GB Hogg,1,0,"",""
ball,2,11.2,Melbourne Stars,RJ Quiney,KP Pietersen,GB Hogg,0,0,"",""
ball,2,11.3,Melbourne Stars,RJ Quiney,KP Pietersen,GB Hogg,0,0,"",""
ball,2,11.4,Melbourne Stars,RJ Quiney,KP Pietersen,GB Hogg,0,0,"",""
ball,2,11.5,Melbourne Stars,RJ Quiney,KP Pietersen,GB Hogg,0,0,"",""
ball,2,11.6,Melbourne Stars,RJ Quiney,KP Pietersen,GB Hogg,2,0,"",""
ball,2,12.1,Melbourne Stars,KP Pietersen,RJ Quiney,AJ Tye,1,0,"",""
ball,2,12.2,Melbourne Stars,RJ Quiney,KP Pietersen,AJ Tye,0,0,"",""
ball,2,12.3,Melbourne Stars,RJ Quiney,KP Pietersen,AJ Tye,0,0,"",""
ball,2,12.4,Melbourne Stars,RJ Quiney,KP Pietersen,AJ Tye,0,0,"",""
ball,2,12.5,Melbourne Stars,RJ Quiney,KP Pietersen,AJ Tye,1,0,"",""
ball,2,12.6,Melbourne Stars,KP Pietersen,RJ Quiney,AJ Tye,1,0,"",""
ball,2,13.1,Melbourne Stars,KP Pietersen,RJ Quiney,GB Hogg,0,0,"",""
ball,2,13.2,Melbourne Stars,KP Pietersen,RJ Quiney,GB Hogg,2,0,"",""
ball,2,13.3,Melbourne Stars,KP Pietersen,RJ Quiney,GB Hogg,0,0,"",""
ball,2,13.4,Melbourne Stars,KP Pietersen,RJ Quiney,GB Hogg,0,0,"",""
ball,2,13.5,Melbourne Stars,KP Pietersen,RJ Quiney,GB Hogg,0,0,"",""
ball,2,13.6,Melbourne Stars,KP Pietersen,RJ Quiney,GB Hogg,3,0,"",""
ball,2,14.1,Melbourne Stars,KP Pietersen,RJ Quiney,NM Coulter-Nile,1,0,"",""
ball,2,14.2,Melbourne Stars,RJ Quiney,KP Pietersen,NM Coulter-Nile,4,0,"",""
ball,2,14.3,Melbourne Stars,RJ Quiney,KP Pietersen,NM Coulter-Nile,0,0,caught,RJ Quiney
ball,2,14.4,Melbourne Stars,KP Pietersen,TIF Triffitt,NM Coulter-Nile,2,0,"",""
ball,2,14.5,Melbourne Stars,KP Pietersen,TIF Triffitt,NM Coulter-Nile,0,0,caught,KP Pietersen
ball,2,14.6,Melbourne Stars,JW Hastings,TIF Triffitt,NM Coulter-Nile,0,0,"",""
ball,2,15.1,Melbourne Stars,TIF Triffitt,JW Hastings,Yasir Arafat,1,0,"",""
ball,2,15.2,Melbourne Stars,JW Hastings,TIF Triffitt,Yasir Arafat,0,2,"",""
ball,2,15.3,Melbourne Stars,JW Hastings,TIF Triffitt,Yasir Arafat,0,0,"",""
ball,2,15.4,Melbourne Stars,JW Hastings,TIF Triffitt,Yasir Arafat,0,0,"",""
ball,2,15.5,Melbourne Stars,JW Hastings,TIF Triffitt,Yasir Arafat,2,0,"",""
ball,2,15.6,Melbourne Stars,JW Hastings,TIF Triffitt,Yasir Arafat,2,0,"",""
ball,2,16.1,Melbourne Stars,TIF Triffitt,JW Hastings,JP Behrendorff,0,0,caught,TIF Triffitt
ball,2,16.2,Melbourne Stars,CJ McKay,JW Hastings,JP Behrendorff,1,0,"",""
ball,2,16.3,Melbourne Stars,JW Hastings,CJ McKay,JP Behrendorff,1,0,"",""
ball,2,16.4,Melbourne Stars,CJ McKay,JW Hastings,JP Behrendorff,1,0,"",""
ball,2,16.5,Melbourne Stars,JW Hastings,CJ McKay,JP Behrendorff,6,0,"",""
ball,2,16.6,Melbourne Stars,JW Hastings,CJ McKay,JP Behrendorff,2,0,"",""
ball,2,17.1,Melbourne Stars,CJ McKay,JW Hastings,NM Coulter-Nile,1,0,"",""
ball,2,17.2,Melbourne Stars,JW Hastings,CJ McKay,NM Coulter-Nile,0,0,"",""
ball,2,17.3,Melbourne Stars,JW Hastings,CJ McKay,NM Coulter-Nile,1,0,"",""
ball,2,17.4,Melbourne Stars,CJ McKay,JW Hastings,NM Coulter-Nile,1,0,"",""
ball,2,17.5,Melbourne Stars,JW Hastings,CJ McKay,NM Coulter-Nile,0,0,"",""
ball,2,17.6,Melbourne Stars,JW Hastings,CJ McKay,NM Coulter-Nile,4,0,"",""
ball,2,18.1,Melbourne Stars,CJ McKay,JW Hastings,AJ Tye,0,0,bowled,CJ McKay
ball,2,18.2,Melbourne Stars,SM Boland,JW Hastings,AJ Tye,1,0,"",""
ball,2,18.3,Melbourne Stars,JW Hastings,SM Boland,AJ Tye,4,0,"",""
ball,2,18.4,Melbourne Stars,JW Hastings,SM Boland,AJ Tye,0,0,bowled,JW Hastings
ball,2,18.5,Melbourne Stars,JM Bird,SM Boland,AJ Tye,1,0,"",""
ball,2,18.6,Melbourne Stars,SM Boland,JM Bird,AJ Tye,2,0,"",""
ball,2,19.1,Melbourne Stars,JM Bird,SM Boland,Yasir Arafat,2,0,"",""
ball,2,19.2,Melbourne Stars,JM Bird,SM Boland,Yasir Arafat,0,0,caught,JM Bird
ball,2,19.3,Melbourne Stars,SM Boland,MA Beer,Yasir Arafat,1,0,"",""
ball,2,19.4,Melbourne Stars,MA Beer,SM Boland,Yasir Arafat,1,0,"",""
ball,2,19.5,Melbourne Stars,SM Boland,MA Beer,Yasir Arafat,1,0,run out,SM Boland
