version,1.3.0
info,team,Melbourne Renegades
info,team,Perth Scorchers
info,gender,male
info,season,2015/16
info,date,2015/12/30
info,competition,Big Bash League
info,match_number,13
info,venue,Docklands Stadium
info,city,Melbourne
info,toss_winner,Perth Scorchers
info,toss_decision,field
info,player_of_match,M Klinger
info,umpire,GA Abood
info,umpire,PJ Gillespie
info,reserve_umpire,D Brigham
info,tv_umpire,SAJ Craig
info,match_referee,RW Stratford
info,winner,Perth Scorchers
info,winner_wickets,10
ball,1,0.1,Melbourne Renegades,AJ Finch,CH Gayle,JP Behrendorff,0,0,"",""
ball,1,0.2,Melbourne Renegades,AJ Finch,CH Gayle,JP Behrendorff,1,0,"",""
ball,1,0.3,Melbourne Renegades,CH Gayle,AJ Finch,JP Behrendorff,0,0,"",""
ball,1,0.4,Melbourne Renegades,CH Gayle,AJ Finch,JP Behrendorff,0,0,"",""
ball,1,0.5,Melbourne Renegades,CH Gayle,AJ Finch,JP Behrendorff,0,1,"",""
ball,1,0.6,Melbourne Renegades,CH Gayle,AJ Finch,JP Behrendorff,0,0,"",""
ball,1,0.7,Melbourne Renegades,CH Gayle,AJ Finch,JP Behrendorff,0,0,"",""
ball,1,1.1,Melbourne Renegades,AJ Finch,CH Gayle,JS Paris,4,0,"",""
ball,1,1.2,Melbourne Renegades,AJ Finch,CH Gayle,JS Paris,4,0,"",""
ball,1,1.3,Melbourne Renegades,AJ Finch,CH Gayle,JS Paris,6,0,"",""
ball,1,1.4,Melbourne Renegades,AJ Finch,CH Gayle,JS Paris,0,1,"",""
ball,1,1.5,Melbourne Renegades,AJ Finch,CH Gayle,JS Paris,1,0,"",""
ball,1,1.6,Melbourne Renegades,CH Gayle,AJ Finch,JS Paris,1,0,"",""
ball,1,1.7,Melbourne Renegades,AJ Finch,CH Gayle,JS Paris,0,0,"",""
ball,1,2.1,Melbourne Renegades,CH Gayle,AJ Finch,JP Behrendorff,1,0,"",""
ball,1,2.2,Melbourne Renegades,AJ Finch,CH Gayle,JP Behrendorff,0,0,"",""
ball,1,2.3,Melbourne Renegades,AJ Finch,CH Gayle,JP Behrendorff,0,0,"",""
ball,1,2.4,Melbourne Renegades,AJ Finch,CH Gayle,JP Behrendorff,0,0,"",""
ball,1,2.5,Melbourne Renegades,AJ Finch,CH Gayle,JP Behrendorff,1,0,"",""
ball,1,2.6,Melbourne Renegades,CH Gayle,AJ Finch,JP Behrendorff,0,0,"",""
ball,1,3.1,Melbourne Renegades,AJ Finch,CH Gayle,DJ Willey,4,0,"",""
ball,1,3.2,Melbourne Renegades,AJ Finch,CH Gayle,DJ Willey,0,0,"",""
ball,1,3.3,Melbourne Renegades,AJ Finch,CH Gayle,DJ Willey,6,0,"",""
ball,1,3.4,Melbourne Renegades,AJ Finch,CH Gayle,DJ Willey,2,0,"",""
ball,1,3.5,Melbourne Renegades,AJ Finch,CH Gayle,DJ Willey,1,0,"",""
ball,1,3.6,Melbourne Renegades,CH Gayle,AJ Finch,DJ Willey,0,0,"",""
ball,1,4.1,Melbourne Renegades,AJ Finch,CH Gayle,JP Behrendorff,1,0,"",""
ball,1,4.2,Melbourne Renegades,CH Gayle,AJ Finch,JP Behrendorff,0,0,"",""
ball,1,4.3,Melbourne Renegades,CH Gayle,AJ Finch,JP Behrendorff,1,0,"",""
ball,1,4.4,Melbourne Renegades,AJ Finch,CH Gayle,JP Behrendorff,0,0,"",""
ball,1,4.5,Melbourne Renegades,AJ Finch,CH Gayle,JP Behrendorff,4,0,"",""
ball,1,4.6,Melbourne Renegades,AJ Finch,CH Gayle,JP Behrendorff,0,0,"",""
ball,1,5.1,Melbourne Renegades,CH Gayle,AJ Finch,DJ Willey,0,0,"",""
ball,1,5.2,Melbourne Renegades,CH Gayle,AJ Finch,DJ Willey,2,0,"",""
ball,1,5.3,Melbourne Renegades,CH Gayle,AJ Finch,DJ Willey,1,0,"",""
ball,1,5.4,Melbourne Renegades,AJ Finch,CH Gayle,DJ Willey,1,0,"",""
ball,1,5.5,Melbourne Renegades,CH Gayle,AJ Finch,DJ Willey,0,0,"",""
ball,1,5.6,Melbourne Renegades,CH Gayle,AJ Finch,DJ Willey,4,0,"",""
ball,1,6.1,Melbourne Renegades,AJ Finch,CH Gayle,GB Hogg,3,0,"",""
ball,1,6.2,Melbourne Renegades,CH Gayle,AJ Finch,GB Hogg,6,0,"",""
ball,1,6.3,Melbourne Renegades,CH Gayle,AJ Finch,GB Hogg,0,0,"",""
ball,1,6.4,Melbourne Renegades,CH Gayle,AJ Finch,GB Hogg,4,0,"",""
ball,1,6.5,Melbourne Renegades,CH Gayle,AJ Finch,GB Hogg,0,0,"",""
ball,1,6.6,Melbourne Renegades,CH Gayle,AJ Finch,GB Hogg,0,0,"",""
ball,1,7.1,Melbourne Renegades,AJ Finch,CH Gayle,AJ Tye,1,0,"",""
ball,1,7.2,Melbourne Renegades,CH Gayle,AJ Finch,AJ Tye,0,0,"",""
ball,1,7.3,Melbourne Renegades,CH Gayle,AJ Finch,AJ Tye,0,0,"",""
ball,1,7.4,Melbourne Renegades,CH Gayle,AJ Finch,AJ Tye,1,0,"",""
ball,1,7.5,Melbourne Renegades,AJ Finch,CH Gayle,AJ Tye,1,0,"",""
ball,1,7.6,Melbourne Renegades,CH Gayle,AJ Finch,AJ Tye,0,0,"",""
ball,1,8.1,Melbourne Renegades,AJ Finch,CH Gayle,GB Hogg,1,0,"",""
ball,1,8.2,Melbourne Renegades,CH Gayle,AJ Finch,GB Hogg,2,0,"",""
ball,1,8.3,Melbourne Renegades,CH Gayle,AJ Finch,GB Hogg,6,0,"",""
ball,1,8.4,Melbourne Renegades,CH Gayle,AJ Finch,GB Hogg,6,0,"",""
ball,1,8.5,Melbourne Renegades,CH Gayle,AJ Finch,GB Hogg,0,0,"",""
ball,1,8.6,Melbourne Renegades,CH Gayle,AJ Finch,GB Hogg,1,0,"",""
ball,1,9.1,Melbourne Renegades,CH Gayle,AJ Finch,AJ Tye,0,0,"",""
ball,1,9.2,Melbourne Renegades,CH Gayle,AJ Finch,AJ Tye,1,0,"",""
ball,1,9.3,Melbourne Renegades,AJ Finch,CH Gayle,AJ Tye,1,0,"",""
ball,1,9.4,Melbourne Renegades,CH Gayle,AJ Finch,AJ Tye,1,0,"",""
ball,1,9.5,Melbourne Renegades,AJ Finch,CH Gayle,AJ Tye,4,0,"",""
ball,1,9.6,Melbourne Renegades,AJ Finch,CH Gayle,AJ Tye,1,0,"",""
ball,1,10.1,Melbourne Renegades,AJ Finch,CH Gayle,JS Paris,1,0,"",""
ball,1,10.2,Melbourne Renegades,CH Gayle,AJ Finch,JS Paris,1,0,"",""
ball,1,10.3,Melbourne Renegades,AJ Finch,CH Gayle,JS Paris,0,0,"",""
ball,1,10.4,Melbourne Renegades,AJ Finch,CH Gayle,JS Paris,0,0,"",""
ball,1,10.5,Melbourne Renegades,AJ Finch,CH Gayle,JS Paris,0,2,"",""
ball,1,10.6,Melbourne Renegades,AJ Finch,CH Gayle,JS Paris,4,0,"",""
ball,1,11.1,Melbourne Renegades,CH Gayle,AJ Finch,JP Behrendorff,2,0,"",""
ball,1,11.2,Melbourne Renegades,CH Gayle,AJ Finch,JP Behrendorff,0,0,caught,CH Gayle
ball,1,11.3,Melbourne Renegades,CL White,AJ Finch,JP Behrendorff,0,0,caught and bowled,CL White
ball,1,11.4,Melbourne Renegades,MS Wade,AJ Finch,JP Behrendorff,1,0,"",""
ball,1,11.5,Melbourne Renegades,AJ Finch,MS Wade,JP Behrendorff,1,0,"",""
ball,1,11.6,Melbourne Renegades,MS Wade,AJ Finch,JP Behrendorff,0,0,"",""
ball,1,12.1,Melbourne Renegades,AJ Finch,MS Wade,GB Hogg,1,0,"",""
ball,1,12.2,Melbourne Renegades,MS Wade,AJ Finch,GB Hogg,0,0,"",""
ball,1,12.3,Melbourne Renegades,MS Wade,AJ Finch,GB Hogg,1,0,"",""
ball,1,12.4,Melbourne Renegades,AJ Finch,MS Wade,GB Hogg,0,1,"",""
ball,1,12.5,Melbourne Renegades,MS Wade,AJ Finch,GB Hogg,2,0,"",""
ball,1,12.6,Melbourne Renegades,MS Wade,AJ Finch,GB Hogg,1,0,"",""
ball,1,13.1,Melbourne Renegades,MS Wade,AJ Finch,DJ Willey,0,0,"",""
ball,1,13.2,Melbourne Renegades,MS Wade,AJ Finch,DJ Willey,2,0,"",""
ball,1,13.3,Melbourne Renegades,MS Wade,AJ Finch,DJ Willey,0,0,"",""
ball,1,13.4,Melbourne Renegades,MS Wade,AJ Finch,DJ Willey,2,0,"",""
ball,1,13.5,Melbourne Renegades,MS Wade,AJ Finch,DJ Willey,1,0,"",""
ball,1,13.6,Melbourne Renegades,AJ Finch,MS Wade,DJ Willey,1,0,"",""
ball,1,14.1,Melbourne Renegades,AJ Finch,MS Wade,GB Hogg,3,0,"",""
ball,1,14.2,Melbourne Renegades,MS Wade,AJ Finch,GB Hogg,0,0,"",""
ball,1,14.3,Melbourne Renegades,MS Wade,AJ Finch,GB Hogg,2,0,"",""
ball,1,14.4,Melbourne Renegades,MS Wade,AJ Finch,GB Hogg,1,0,"",""
ball,1,14.5,Melbourne Renegades,AJ Finch,MS Wade,GB Hogg,1,0,"",""
ball,1,14.6,Melbourne Renegades,MS Wade,AJ Finch,GB Hogg,3,0,"",""
ball,1,15.1,Melbourne Renegades,MS Wade,AJ Finch,JS Paris,4,0,"",""
ball,1,15.2,Melbourne Renegades,MS Wade,AJ Finch,JS Paris,0,1,"",""
ball,1,15.3,Melbourne Renegades,AJ Finch,MS Wade,JS Paris,6,0,"",""
ball,1,15.4,Melbourne Renegades,AJ Finch,MS Wade,JS Paris,1,0,"",""
ball,1,15.5,Melbourne Renegades,MS Wade,AJ Finch,JS Paris,1,0,"",""
ball,1,15.6,Melbourne Renegades,AJ Finch,MS Wade,JS Paris,1,0,"",""
ball,1,16.1,Melbourne Renegades,AJ Finch,MS Wade,AJ Tye,2,0,"",""
ball,1,16.2,Melbourne Renegades,AJ Finch,MS Wade,AJ Tye,1,0,"",""
ball,1,16.3,Melbourne Renegades,MS Wade,AJ Finch,AJ Tye,1,0,"",""
ball,1,16.4,Melbourne Renegades,AJ Finch,MS Wade,AJ Tye,0,0,"",""
ball,1,16.5,Melbourne Renegades,AJ Finch,MS Wade,AJ Tye,1,0,"",""
ball,1,16.6,Melbourne Renegades,MS Wade,AJ Finch,AJ Tye,4,0,"",""
ball,1,17.1,Melbourne Renegades,AJ Finch,MS Wade,DJ Willey,0,0,"",""
ball,1,17.2,Melbourne Renegades,AJ Finch,MS Wade,DJ Willey,0,0,caught,AJ Finch
ball,1,17.3,Melbourne Renegades,DJ Bravo,MS Wade,DJ Willey,0,0,"",""
ball,1,17.4,Melbourne Renegades,DJ Bravo,MS Wade,DJ Willey,0,0,"",""
ball,1,17.5,Melbourne Renegades,DJ Bravo,MS Wade,DJ Willey,1,0,"",""
ball,1,17.6,Melbourne Renegades,MS Wade,DJ Bravo,DJ Willey,6,0,"",""
ball,1,18.1,Melbourne Renegades,DJ Bravo,MS Wade,AJ Tye,1,0,"",""
ball,1,18.2,Melbourne Renegades,MS Wade,DJ Bravo,AJ Tye,0,0,"",""
ball,1,18.3,Melbourne Renegades,MS Wade,DJ Bravo,AJ Tye,1,0,"",""
ball,1,18.4,Melbourne Renegades,DJ Bravo,MS Wade,AJ Tye,1,0,"",""
ball,1,18.5,Melbourne Renegades,MS Wade,DJ Bravo,AJ Tye,2,0,"",""
ball,1,18.6,Melbourne Renegades,MS Wade,DJ Bravo,AJ Tye,0,0,bowled,MS Wade
ball,1,19.1,Melbourne Renegades,DJ Bravo,TM Beaton,JS Paris,2,0,"",""
ball,1,19.2,Melbourne Renegades,DJ Bravo,TM Beaton,JS Paris,2,0,"",""
ball,1,19.3,Melbourne Renegades,DJ Bravo,TM Beaton,JS Paris,2,0,"",""
ball,1,19.4,Melbourne Renegades,DJ Bravo,TM Beaton,JS Paris,4,0,"",""
ball,1,19.5,Melbourne Renegades,DJ Bravo,TM Beaton,JS Paris,1,0,"",""
ball,1,19.6,Melbourne Renegades,TM Beaton,DJ Bravo,JS Paris,2,0,"",""
ball,2,0.1,Perth Scorchers,SE Marsh,M Klinger,CP Tremain,1,0,"",""
ball,2,0.2,Perth Scorchers,M Klinger,SE Marsh,CP Tremain,0,0,"",""
ball,2,0.3,Perth Scorchers,M Klinger,SE Marsh,CP Tremain,1,0,"",""
ball,2,0.4,Perth Scorchers,SE Marsh,M Klinger,CP Tremain,2,0,"",""
ball,2,0.5,Perth Scorchers,SE Marsh,M Klinger,CP Tremain,0,0,"",""
ball,2,0.6,Perth Scorchers,SE Marsh,M Klinger,CP Tremain,4,0,"",""
ball,2,1.1,Perth Scorchers,M Klinger,SE Marsh,NJ Rimmington,1,0,"",""
ball,2,1.2,Perth Scorchers,SE Marsh,M Klinger,NJ Rimmington,1,0,"",""
ball,2,1.3,Perth Scorchers,M Klinger,SE Marsh,NJ Rimmington,0,0,"",""
ball,2,1.4,Perth Scorchers,M Klinger,SE Marsh,NJ Rimmington,0,0,"",""
ball,2,1.5,Perth Scorchers,M Klinger,SE Marsh,NJ Rimmington,0,0,"",""
ball,2,1.6,Perth Scorchers,M Klinger,SE Marsh,NJ Rimmington,4,0,"",""
ball,2,2.1,Perth Scorchers,SE Marsh,M Klinger,CP Tremain,1,0,"",""
ball,2,2.2,Perth Scorchers,M Klinger,SE Marsh,CP Tremain,0,1,"",""
ball,2,2.3,Perth Scorchers,M Klinger,SE Marsh,CP Tremain,4,0,"",""
ball,2,2.4,Perth Scorchers,M Klinger,SE Marsh,CP Tremain,0,0,"",""
ball,2,2.5,Perth Scorchers,M Klinger,SE Marsh,CP Tremain,0,0,"",""
ball,2,2.6,Perth Scorchers,M Klinger,SE Marsh,CP Tremain,0,0,"",""
ball,2,2.7,Perth Scorchers,M Klinger,SE Marsh,CP Tremain,6,0,"",""
ball,2,3.1,Perth Scorchers,SE Marsh,M Klinger,DJ Bravo,0,0,"",""
ball,2,3.2,Perth Scorchers,SE Marsh,M Klinger,DJ Bravo,1,0,"",""
ball,2,3.3,Perth Scorchers,M Klinger,SE Marsh,DJ Bravo,0,0,"",""
ball,2,3.4,Perth Scorchers,M Klinger,SE Marsh,DJ Bravo,0,0,"",""
ball,2,3.5,Perth Scorchers,M Klinger,SE Marsh,DJ Bravo,2,0,"",""
ball,2,3.6,Perth Scorchers,M Klinger,SE Marsh,DJ Bravo,0,1,"",""
ball,2,3.7,Perth Scorchers,M Klinger,SE Marsh,DJ Bravo,3,0,"",""
ball,2,4.1,Perth Scorchers,M Klinger,SE Marsh,CJ Gannon,1,0,"",""
ball,2,4.2,Perth Scorchers,SE Marsh,M Klinger,CJ Gannon,1,0,"",""
ball,2,4.3,Perth Scorchers,M Klinger,SE Marsh,CJ Gannon,1,0,"",""
ball,2,4.4,Perth Scorchers,SE Marsh,M Klinger,CJ Gannon,0,0,"",""
ball,2,4.5,Perth Scorchers,SE Marsh,M Klinger,CJ Gannon,0,1,"",""
ball,2,4.6,Perth Scorchers,M Klinger,SE Marsh,CJ Gannon,0,0,"",""
ball,2,5.1,Perth Scorchers,SE Marsh,M Klinger,NJ Rimmington,1,0,"",""
ball,2,5.2,Perth Scorchers,M Klinger,SE Marsh,NJ Rimmington,1,0,"",""
ball,2,5.3,Perth Scorchers,SE Marsh,M Klinger,NJ Rimmington,0,0,"",""
ball,2,5.4,Perth Scorchers,SE Marsh,M Klinger,NJ Rimmington,0,0,"",""
ball,2,5.5,Perth Scorchers,SE Marsh,M Klinger,NJ Rimmington,1,0,"",""
ball,2,5.6,Perth Scorchers,M Klinger,SE Marsh,NJ Rimmington,4,0,"",""
ball,2,6.1,Perth Scorchers,SE Marsh,M Klinger,CP Tremain,2,0,"",""
ball,2,6.2,Perth Scorchers,SE Marsh,M Klinger,CP Tremain,1,0,"",""
ball,2,6.3,Perth Scorchers,M Klinger,SE Marsh,CP Tremain,1,0,"",""
ball,2,6.4,Perth Scorchers,SE Marsh,M Klinger,CP Tremain,1,0,"",""
ball,2,6.5,Perth Scorchers,M Klinger,SE Marsh,CP Tremain,2,0,"",""
ball,2,6.6,Perth Scorchers,M Klinger,SE Marsh,CP Tremain,1,0,"",""
ball,2,7.1,Perth Scorchers,M Klinger,SE Marsh,NM Hauritz,0,0,"",""
ball,2,7.2,Perth Scorchers,M Klinger,SE Marsh,NM Hauritz,1,0,"",""
ball,2,7.3,Perth Scorchers,SE Marsh,M Klinger,NM Hauritz,4,0,"",""
ball,2,7.4,Perth Scorchers,SE Marsh,M Klinger,NM Hauritz,1,0,"",""
ball,2,7.5,Perth Scorchers,M Klinger,SE Marsh,NM Hauritz,6,0,"",""
ball,2,7.6,Perth Scorchers,M Klinger,SE Marsh,NM Hauritz,1,0,"",""
ball,2,8.1,Perth Scorchers,M Klinger,SE Marsh,DJ Bravo,0,1,"",""
ball,2,8.2,Perth Scorchers,M Klinger,SE Marsh,DJ Bravo,0,1,"",""
ball,2,8.3,Perth Scorchers,SE Marsh,M Klinger,DJ Bravo,1,0,"",""
ball,2,8.4,Perth Scorchers,M Klinger,SE Marsh,DJ Bravo,4,0,"",""
ball,2,8.5,Perth Scorchers,M Klinger,SE Marsh,DJ Bravo,2,0,"",""
ball,2,8.6,Perth Scorchers,M Klinger,SE Marsh,DJ Bravo,1,0,"",""
ball,2,8.7,Perth Scorchers,SE Marsh,M Klinger,DJ Bravo,1,0,"",""
ball,2,9.1,Perth Scorchers,SE Marsh,M Klinger,CP Tremain,1,0,"",""
ball,2,9.2,Perth Scorchers,M Klinger,SE Marsh,CP Tremain,1,0,"",""
ball,2,9.3,Perth Scorchers,SE Marsh,M Klinger,CP Tremain,1,0,"",""
ball,2,9.4,Perth Scorchers,M Klinger,SE Marsh,CP Tremain,4,0,"",""
ball,2,9.5,Perth Scorchers,M Klinger,SE Marsh,CP Tremain,1,0,"",""
ball,2,9.6,Perth Scorchers,SE Marsh,M Klinger,CP Tremain,2,0,"",""
ball,2,10.1,Perth Scorchers,M Klinger,SE Marsh,CJ Gannon,1,0,"",""
ball,2,10.2,Perth Scorchers,SE Marsh,M Klinger,CJ Gannon,2,0,"",""
ball,2,10.3,Perth Scorchers,SE Marsh,M Klinger,CJ Gannon,1,0,"",""
ball,2,10.4,Perth Scorchers,M Klinger,SE Marsh,CJ Gannon,1,0,"",""
ball,2,10.5,Perth Scorchers,SE Marsh,M Klinger,CJ Gannon,0,0,"",""
ball,2,10.6,Perth Scorchers,SE Marsh,M Klinger,CJ Gannon,1,0,"",""
ball,2,11.1,Perth Scorchers,SE Marsh,M Klinger,NM Hauritz,6,0,"",""
ball,2,11.2,Perth Scorchers,SE Marsh,M Klinger,NM Hauritz,0,0,"",""
ball,2,11.3,Perth Scorchers,SE Marsh,M Klinger,NM Hauritz,1,0,"",""
ball,2,11.4,Perth Scorchers,M Klinger,SE Marsh,NM Hauritz,1,0,"",""
ball,2,11.5,Perth Scorchers,SE Marsh,M Klinger,NM Hauritz,6,0,"",""
ball,2,11.6,Perth Scorchers,SE Marsh,M Klinger,NM Hauritz,2,0,"",""
ball,2,12.1,Perth Scorchers,M Klinger,SE Marsh,CJ Gannon,1,0,"",""
ball,2,12.2,Perth Scorchers,SE Marsh,M Klinger,CJ Gannon,1,0,"",""
ball,2,12.3,Perth Scorchers,M Klinger,SE Marsh,CJ Gannon,1,0,"",""
ball,2,12.4,Perth Scorchers,SE Marsh,M Klinger,CJ Gannon,1,0,"",""
ball,2,12.5,Perth Scorchers,M Klinger,SE Marsh,CJ Gannon,1,0,"",""
ball,2,12.6,Perth Scorchers,SE Marsh,M Klinger,CJ Gannon,1,0,"",""
ball,2,13.1,Perth Scorchers,SE Marsh,M Klinger,DJ Bravo,2,0,"",""
ball,2,13.2,Perth Scorchers,SE Marsh,M Klinger,DJ Bravo,1,0,"",""
ball,2,13.3,Perth Scorchers,M Klinger,SE Marsh,DJ Bravo,1,0,"",""
ball,2,13.4,Perth Scorchers,SE Marsh,M Klinger,DJ Bravo,1,0,"",""
ball,2,13.5,Perth Scorchers,M Klinger,SE Marsh,DJ Bravo,1,0,"",""
ball,2,13.6,Perth Scorchers,SE Marsh,M Klinger,DJ Bravo,0,0,"",""
ball,2,14.1,Perth Scorchers,M Klinger,SE Marsh,CJ Gannon,0,0,"",""
ball,2,14.2,Perth Scorchers,M Klinger,SE Marsh,CJ Gannon,1,0,"",""
ball,2,14.3,Perth Scorchers,SE Marsh,M Klinger,CJ Gannon,2,0,"",""
ball,2,14.4,Perth Scorchers,SE Marsh,M Klinger,CJ Gannon,1,0,"",""
ball,2,14.5,Perth Scorchers,M Klinger,SE Marsh,CJ Gannon,6,0,"",""
ball,2,14.6,Perth Scorchers,M Klinger,SE Marsh,CJ Gannon,4,0,"",""
ball,2,15.1,Perth Scorchers,SE Marsh,M Klinger,NJ Rimmington,0,0,"",""
ball,2,15.2,Perth Scorchers,SE Marsh,M Klinger,NJ Rimmington,0,0,"",""
ball,2,15.3,Perth Scorchers,SE Marsh,M Klinger,NJ Rimmington,1,0,"",""
ball,2,15.4,Perth Scorchers,M Klinger,SE Marsh,NJ Rimmington,1,0,"",""
ball,2,15.5,Perth Scorchers,SE Marsh,M Klinger,NJ Rimmington,6,0,"",""
ball,2,15.6,Perth Scorchers,SE Marsh,M Klinger,NJ Rimmington,2,0,"",""
ball,2,16.1,Perth Scorchers,M Klinger,SE Marsh,DJ Bravo,2,0,"",""
ball,2,16.2,Perth Scorchers,M Klinger,SE Marsh,DJ Bravo,2,0,"",""
ball,2,16.3,Perth Scorchers,M Klinger,SE Marsh,DJ Bravo,4,0,"",""
ball,2,16.4,Perth Scorchers,M Klinger,SE Marsh,DJ Bravo,1,0,"",""
ball,2,16.5,Perth Scorchers,SE Marsh,M Klinger,DJ Bravo,2,0,"",""
ball,2,16.6,Perth Scorchers,SE Marsh,M Klinger,DJ Bravo,1,0,"",""
ball,2,17.1,Perth Scorchers,SE Marsh,M Klinger,NJ Rimmington,1,0,"",""
ball,2,17.2,Perth Scorchers,M Klinger,SE Marsh,NJ Rimmington,2,0,"",""
ball,2,17.3,Perth Scorchers,M Klinger,SE Marsh,NJ Rimmington,1,0,"",""
ball,2,17.4,Perth Scorchers,SE Marsh,M Klinger,NJ Rimmington,4,0,"",""
ball,2,17.5,Perth Scorchers,SE Marsh,M Klinger,NJ Rimmington,1,0,"",""
ball,2,17.6,Perth Scorchers,M Klinger,SE Marsh,NJ Rimmington,1,0,"",""
ball,2,18.1,Perth Scorchers,M Klinger,SE Marsh,AJ Finch,2,0,"",""
ball,2,18.2,Perth Scorchers,M Klinger,SE Marsh,AJ Finch,1,0,"",""
ball,2,18.3,Perth Scorchers,SE Marsh,M Klinger,AJ Finch,1,0,"",""
ball,2,18.4,Perth Scorchers,M Klinger,SE Marsh,AJ Finch,1,0,"",""
