version,1.3.0
info,team,Hobart Hurricanes
info,team,Melbourne Renegades
info,gender,male
info,season,2015/16
info,date,2016/01/04
info,competition,Big Bash League
info,match_number,19
info,venue,Bellerive Oval
info,city,Hobart
info,toss_winner,Melbourne Renegades
info,toss_decision,field
info,player_of_match,CP Tremain
info,umpire,SJ Nogajski
info,umpire,P Wilson
info,reserve_umpire,M Qureshi
info,tv_umpire,GC Joshua
info,match_referee,D Talalla
info,winner,Melbourne Renegades
info,winner_wickets,5
ball,1,0.1,Hobart Hurricanes,TD Paine,BR Dunk,TLW Cooper,0,0,"",""
ball,1,0.2,Hobart Hurricanes,TD Paine,BR Dunk,TLW Cooper,0,0,"",""
ball,1,0.3,Hobart Hurricanes,TD Paine,BR Dunk,TLW Cooper,1,0,"",""
ball,1,0.4,Hobart Hurricanes,BR Dunk,TD Paine,TLW Cooper,0,0,"",""
ball,1,0.5,Hobart Hurricanes,BR Dunk,TD Paine,TLW Cooper,1,0,"",""
ball,1,0.6,Hobart Hurricanes,TD Paine,BR Dunk,TLW Cooper,0,0,"",""
ball,1,1.1,Hobart Hurricanes,BR Dunk,TD Paine,XJ Doherty,1,0,"",""
ball,1,1.2,Hobart Hurricanes,TD Paine,BR Dunk,XJ Doherty,1,0,"",""
ball,1,1.3,Hobart Hurricanes,BR Dunk,TD Paine,XJ Doherty,0,0,"",""
ball,1,1.4,Hobart Hurricanes,BR Dunk,TD Paine,XJ Doherty,1,0,"",""
ball,1,1.5,Hobart Hurricanes,TD Paine,BR Dunk,XJ Doherty,0,0,bowled,TD Paine
ball,1,1.6,Hobart Hurricanes,KC Sangakkara,BR Dunk,XJ Doherty,1,0,"",""
ball,1,2.1,Hobart Hurricanes,KC Sangakkara,BR Dunk,CP Tremain,0,0,"",""
ball,1,2.2,Hobart Hurricanes,KC Sangakkara,BR Dunk,CP Tremain,1,0,"",""
ball,1,2.3,Hobart Hurricanes,BR Dunk,KC Sangakkara,CP Tremain,0,0,"",""
ball,1,2.4,Hobart Hurricanes,BR Dunk,KC Sangakkara,CP Tremain,0,0,"",""
ball,1,2.5,Hobart Hurricanes,BR Dunk,KC Sangakkara,CP Tremain,0,0,"",""
ball,1,2.6,Hobart Hurricanes,BR Dunk,KC Sangakkara,CP Tremain,0,0,"",""
ball,1,3.1,Hobart Hurricanes,KC Sangakkara,BR Dunk,XJ Doherty,0,0,"",""
ball,1,3.2,Hobart Hurricanes,KC Sangakkara,BR Dunk,XJ Doherty,0,0,"",""
ball,1,3.3,Hobart Hurricanes,KC Sangakkara,BR Dunk,XJ Doherty,1,0,"",""
ball,1,3.4,Hobart Hurricanes,BR Dunk,KC Sangakkara,XJ Doherty,6,0,"",""
ball,1,3.5,Hobart Hurricanes,BR Dunk,KC Sangakkara,XJ Doherty,4,0,"",""
ball,1,3.6,Hobart Hurricanes,BR Dunk,KC Sangakkara,XJ Doherty,2,0,"",""
ball,1,4.1,Hobart Hurricanes,KC Sangakkara,BR Dunk,CP Tremain,0,0,"",""
ball,1,4.2,Hobart Hurricanes,KC Sangakkara,BR Dunk,CP Tremain,0,0,caught,KC Sangakkara
ball,1,4.3,Hobart Hurricanes,BR Dunk,GJ Bailey,CP Tremain,0,0,"",""
ball,1,4.4,Hobart Hurricanes,BR Dunk,GJ Bailey,CP Tremain,0,0,"",""
ball,1,4.5,Hobart Hurricanes,BR Dunk,GJ Bailey,CP Tremain,0,0,"",""
ball,1,4.6,Hobart Hurricanes,BR Dunk,GJ Bailey,CP Tremain,0,0,"",""
ball,1,5.1,Hobart Hurricanes,GJ Bailey,BR Dunk,CJ Gannon,0,0,"",""
ball,1,5.2,Hobart Hurricanes,GJ Bailey,BR Dunk,CJ Gannon,0,0,"",""
ball,1,5.3,Hobart Hurricanes,GJ Bailey,BR Dunk,CJ Gannon,0,0,"",""
ball,1,5.4,Hobart Hurricanes,GJ Bailey,BR Dunk,CJ Gannon,0,0,caught,GJ Bailey
ball,1,5.5,Hobart Hurricanes,DT Christian,BR Dunk,CJ Gannon,0,0,"",""
ball,1,5.6,Hobart Hurricanes,DT Christian,BR Dunk,CJ Gannon,0,0,"",""
ball,1,6.1,Hobart Hurricanes,BR Dunk,DT Christian,CP Tremain,0,0,"",""
ball,1,6.2,Hobart Hurricanes,BR Dunk,DT Christian,CP Tremain,0,0,"",""
ball,1,6.3,Hobart Hurricanes,BR Dunk,DT Christian,CP Tremain,2,0,"",""
ball,1,6.4,Hobart Hurricanes,BR Dunk,DT Christian,CP Tremain,1,0,"",""
ball,1,6.5,Hobart Hurricanes,DT Christian,BR Dunk,CP Tremain,0,0,"",""
ball,1,6.6,Hobart Hurricanes,DT Christian,BR Dunk,CP Tremain,1,0,"",""
ball,1,7.1,Hobart Hurricanes,DT Christian,BR Dunk,NJ Rimmington,0,0,"",""
ball,1,7.2,Hobart Hurricanes,DT Christian,BR Dunk,NJ Rimmington,0,0,"",""
ball,1,7.3,Hobart Hurricanes,DT Christian,BR Dunk,NJ Rimmington,0,0,"",""
ball,1,7.4,Hobart Hurricanes,DT Christian,BR Dunk,NJ Rimmington,0,0,"",""
ball,1,7.5,Hobart Hurricanes,DT Christian,BR Dunk,NJ Rimmington,1,0,"",""
ball,1,7.6,Hobart Hurricanes,BR Dunk,DT Christian,NJ Rimmington,1,0,"",""
ball,1,8.1,Hobart Hurricanes,BR Dunk,DT Christian,CP Tremain,0,0,"",""
ball,1,8.2,Hobart Hurricanes,BR Dunk,DT Christian,CP Tremain,2,0,"",""
ball,1,8.3,Hobart Hurricanes,BR Dunk,DT Christian,CP Tremain,1,0,"",""
ball,1,8.4,Hobart Hurricanes,DT Christian,BR Dunk,CP Tremain,2,0,"",""
ball,1,8.5,Hobart Hurricanes,DT Christian,BR Dunk,CP Tremain,0,0,"",""
ball,1,8.6,Hobart Hurricanes,DT Christian,BR Dunk,CP Tremain,1,0,"",""
ball,1,9.1,Hobart Hurricanes,DT Christian,BR Dunk,DJ Bravo,0,0,"",""
ball,1,9.2,Hobart Hurricanes,DT Christian,BR Dunk,DJ Bravo,0,0,"",""
ball,1,9.3,Hobart Hurricanes,DT Christian,BR Dunk,DJ Bravo,1,0,"",""
ball,1,9.4,Hobart Hurricanes,BR Dunk,DT Christian,DJ Bravo,2,0,"",""
ball,1,9.5,Hobart Hurricanes,BR Dunk,DT Christian,DJ Bravo,2,0,"",""
ball,1,9.6,Hobart Hurricanes,BR Dunk,DT Christian,DJ Bravo,4,0,"",""
ball,1,10.1,Hobart Hurricanes,DT Christian,BR Dunk,NJ Rimmington,2,0,"",""
ball,1,10.2,Hobart Hurricanes,DT Christian,BR Dunk,NJ Rimmington,1,0,"",""
ball,1,10.3,Hobart Hurricanes,BR Dunk,DT Christian,NJ Rimmington,1,0,"",""
ball,1,10.4,Hobart Hurricanes,DT Christian,BR Dunk,NJ Rimmington,6,0,"",""
ball,1,10.5,Hobart Hurricanes,DT Christian,BR Dunk,NJ Rimmington,1,0,"",""
ball,1,10.6,Hobart Hurricanes,BR Dunk,DT Christian,NJ Rimmington,0,1,"",""
ball,1,10.7,Hobart Hurricanes,BR Dunk,DT Christian,NJ Rimmington,1,0,"",""
ball,1,11.1,Hobart Hurricanes,BR Dunk,DT Christian,CJ Gannon,0,0,"",""
ball,1,11.2,Hobart Hurricanes,BR Dunk,DT Christian,CJ Gannon,1,0,"",""
ball,1,11.3,Hobart Hurricanes,DT Christian,BR Dunk,CJ Gannon,0,0,"",""
ball,1,11.4,Hobart Hurricanes,DT Christian,BR Dunk,CJ Gannon,4,0,"",""
ball,1,11.5,Hobart Hurricanes,DT Christian,BR Dunk,CJ Gannon,1,0,"",""
ball,1,11.6,Hobart Hurricanes,BR Dunk,DT Christian,CJ Gannon,0,0,"",""
ball,1,12.1,Hobart Hurricanes,DT Christian,BR Dunk,DJ Bravo,1,0,"",""
ball,1,12.2,Hobart Hurricanes,BR Dunk,DT Christian,DJ Bravo,1,0,"",""
ball,1,12.3,Hobart Hurricanes,DT Christian,BR Dunk,DJ Bravo,1,0,"",""
ball,1,12.4,Hobart Hurricanes,BR Dunk,DT Christian,DJ Bravo,0,0,"",""
ball,1,12.5,Hobart Hurricanes,BR Dunk,DT Christian,DJ Bravo,1,0,"",""
ball,1,12.6,Hobart Hurricanes,DT Christian,BR Dunk,DJ Bravo,1,0,"",""
ball,1,13.1,Hobart Hurricanes,DT Christian,BR Dunk,CJ Gannon,6,0,"",""
ball,1,13.2,Hobart Hurricanes,DT Christian,BR Dunk,CJ Gannon,2,0,"",""
ball,1,13.3,Hobart Hurricanes,DT Christian,BR Dunk,CJ Gannon,1,0,"",""
ball,1,13.4,Hobart Hurricanes,BR Dunk,DT Christian,CJ Gannon,1,0,"",""
ball,1,13.5,Hobart Hurricanes,DT Christian,BR Dunk,CJ Gannon,6,0,"",""
ball,1,13.6,Hobart Hurricanes,DT Christian,BR Dunk,CJ Gannon,1,0,"",""
ball,1,14.1,Hobart Hurricanes,DT Christian,BR Dunk,NJ Rimmington,0,0,"",""
ball,1,14.2,Hobart Hurricanes,DT Christian,BR Dunk,NJ Rimmington,2,0,"",""
ball,1,14.3,Hobart Hurricanes,DT Christian,BR Dunk,NJ Rimmington,1,0,"",""
ball,1,14.4,Hobart Hurricanes,BR Dunk,DT Christian,NJ Rimmington,1,0,"",""
ball,1,14.5,Hobart Hurricanes,DT Christian,BR Dunk,NJ Rimmington,4,0,"",""
ball,1,14.6,Hobart Hurricanes,DT Christian,BR Dunk,NJ Rimmington,4,0,"",""
ball,1,15.1,Hobart Hurricanes,BR Dunk,DT Christian,CJ Gannon,0,0,caught,BR Dunk
ball,1,15.2,Hobart Hurricanes,DT Christian,JW Wells,CJ Gannon,0,1,"",""
ball,1,15.3,Hobart Hurricanes,DT Christian,JW Wells,CJ Gannon,4,0,"",""
ball,1,15.4,Hobart Hurricanes,DT Christian,JW Wells,CJ Gannon,1,0,"",""
ball,1,15.5,Hobart Hurricanes,JW Wells,DT Christian,CJ Gannon,1,0,"",""
ball,1,15.6,Hobart Hurricanes,DT Christian,JW Wells,CJ Gannon,1,0,"",""
ball,1,15.7,Hobart Hurricanes,JW Wells,DT Christian,CJ Gannon,0,0,"",""
ball,1,16.1,Hobart Hurricanes,DT Christian,JW Wells,XJ Doherty,1,0,"",""
ball,1,16.2,Hobart Hurricanes,JW Wells,DT Christian,XJ Doherty,0,0,"",""
ball,1,16.3,Hobart Hurricanes,JW Wells,DT Christian,XJ Doherty,0,0,"",""
ball,1,16.4,Hobart Hurricanes,JW Wells,DT Christian,XJ Doherty,0,1,"",""
ball,1,16.5,Hobart Hurricanes,DT Christian,JW Wells,XJ Doherty,0,0,caught,DT Christian
ball,1,16.6,Hobart Hurricanes,JW Wells,DJG Sammy,XJ Doherty,1,0,"",""
ball,1,17.1,Hobart Hurricanes,JW Wells,DJG Sammy,DJ Bravo,0,0,"",""
ball,1,17.2,Hobart Hurricanes,JW Wells,DJG Sammy,DJ Bravo,4,0,"",""
ball,1,17.3,Hobart Hurricanes,JW Wells,DJG Sammy,DJ Bravo,0,1,"",""
ball,1,17.4,Hobart Hurricanes,JW Wells,DJG Sammy,DJ Bravo,0,0,"",""
ball,1,17.5,Hobart Hurricanes,JW Wells,DJG Sammy,DJ Bravo,4,0,"",""
ball,1,17.6,Hobart Hurricanes,JW Wells,DJG Sammy,DJ Bravo,2,0,"",""
ball,1,17.7,Hobart Hurricanes,JW Wells,DJG Sammy,DJ Bravo,1,0,"",""
ball,1,18.1,Hobart Hurricanes,JW Wells,DJG Sammy,NJ Rimmington,0,1,"",""
ball,1,18.2,Hobart Hurricanes,DJG Sammy,JW Wells,NJ Rimmington,1,0,"",""
ball,1,18.3,Hobart Hurricanes,JW Wells,DJG Sammy,NJ Rimmington,1,0,"",""
ball,1,18.4,Hobart Hurricanes,DJG Sammy,JW Wells,NJ Rimmington,0,0,"",""
ball,1,18.5,Hobart Hurricanes,DJG Sammy,JW Wells,NJ Rimmington,1,0,"",""
ball,1,18.6,Hobart Hurricanes,JW Wells,DJG Sammy,NJ Rimmington,4,0,"",""
ball,1,19.1,Hobart Hurricanes,DJG Sammy,JW Wells,DJ Bravo,2,0,"",""
ball,1,19.2,Hobart Hurricanes,DJG Sammy,JW Wells,DJ Bravo,4,0,"",""
ball,1,19.3,Hobart Hurricanes,DJG Sammy,JW Wells,DJ Bravo,1,0,"",""
ball,1,19.4,Hobart Hurricanes,JW Wells,DJG Sammy,DJ Bravo,6,0,"",""
ball,1,19.5,Hobart Hurricanes,JW Wells,DJG Sammy,DJ Bravo,0,0,"",""
ball,1,19.6,Hobart Hurricanes,JW Wells,DJG Sammy,DJ Bravo,2,0,"",""
ball,2,0.1,Melbourne Renegades,AJ Finch,CH Gayle,SW Tait,0,4,"",""
ball,2,0.2,Melbourne Renegades,AJ Finch,CH Gayle,SW Tait,0,1,"",""
ball,2,0.3,Melbourne Renegades,AJ Finch,CH Gayle,SW Tait,0,0,"",""
ball,2,0.4,Melbourne Renegades,AJ Finch,CH Gayle,SW Tait,0,2,"",""
ball,2,0.5,Melbourne Renegades,AJ Finch,CH Gayle,SW Tait,2,0,"",""
ball,2,0.6,Melbourne Renegades,AJ Finch,CH Gayle,SW Tait,0,0,"",""
ball,2,0.7,Melbourne Renegades,AJ Finch,CH Gayle,SW Tait,0,1,"",""
ball,2,0.8,Melbourne Renegades,AJ Finch,CH Gayle,SW Tait,0,0,"",""
ball,2,1.1,Melbourne Renegades,CH Gayle,AJ Finch,JK Reed,4,0,"",""
ball,2,1.2,Melbourne Renegades,CH Gayle,AJ Finch,JK Reed,4,0,"",""
ball,2,1.3,Melbourne Renegades,CH Gayle,AJ Finch,JK Reed,1,0,"",""
ball,2,1.4,Melbourne Renegades,AJ Finch,CH Gayle,JK Reed,0,0,"",""
ball,2,1.5,Melbourne Renegades,AJ Finch,CH Gayle,JK Reed,4,0,"",""
ball,2,1.6,Melbourne Renegades,AJ Finch,CH Gayle,JK Reed,0,0,"",""
ball,2,2.1,Melbourne Renegades,CH Gayle,AJ Finch,SW Tait,0,0,"",""
ball,2,2.2,Melbourne Renegades,CH Gayle,AJ Finch,SW Tait,4,0,"",""
ball,2,2.3,Melbourne Renegades,CH Gayle,AJ Finch,SW Tait,6,0,"",""
ball,2,2.4,Melbourne Renegades,CH Gayle,AJ Finch,SW Tait,6,0,"",""
ball,2,2.5,Melbourne Renegades,CH Gayle,AJ Finch,SW Tait,1,0,"",""
ball,2,2.6,Melbourne Renegades,AJ Finch,CH Gayle,SW Tait,1,0,"",""
ball,2,3.1,Melbourne Renegades,AJ Finch,CH Gayle,SL Rainbird,1,0,"",""
ball,2,3.2,Melbourne Renegades,CH Gayle,AJ Finch,SL Rainbird,1,0,"",""
ball,2,3.3,Melbourne Renegades,AJ Finch,CH Gayle,SL Rainbird,0,0,"",""
ball,2,3.4,Melbourne Renegades,AJ Finch,CH Gayle,SL Rainbird,1,0,"",""
ball,2,3.5,Melbourne Renegades,CH Gayle,AJ Finch,SL Rainbird,2,0,"",""
ball,2,3.6,Melbourne Renegades,CH Gayle,AJ Finch,SL Rainbird,6,0,"",""
ball,2,4.1,Melbourne Renegades,AJ Finch,CH Gayle,JK Reed,4,0,"",""
ball,2,4.2,Melbourne Renegades,AJ Finch,CH Gayle,JK Reed,4,0,"",""
ball,2,4.3,Melbourne Renegades,AJ Finch,CH Gayle,JK Reed,0,1,"",""
ball,2,4.4,Melbourne Renegades,CH Gayle,AJ Finch,JK Reed,1,0,"",""
ball,2,4.5,Melbourne Renegades,AJ Finch,CH Gayle,JK Reed,4,0,"",""
ball,2,4.6,Melbourne Renegades,AJ Finch,CH Gayle,JK Reed,4,0,"",""
ball,2,5.1,Melbourne Renegades,CH Gayle,AJ Finch,CJ Boyce,4,0,"",""
ball,2,5.2,Melbourne Renegades,CH Gayle,AJ Finch,CJ Boyce,1,0,"",""
ball,2,5.3,Melbourne Renegades,AJ Finch,CH Gayle,CJ Boyce,4,0,"",""
ball,2,5.4,Melbourne Renegades,AJ Finch,CH Gayle,CJ Boyce,4,0,"",""
ball,2,5.5,Melbourne Renegades,AJ Finch,CH Gayle,CJ Boyce,1,0,"",""
ball,2,5.6,Melbourne Renegades,CH Gayle,AJ Finch,CJ Boyce,0,0,caught,CH Gayle
ball,2,6.1,Melbourne Renegades,AJ Finch,TM Beaton,SW Tait,1,0,"",""
ball,2,6.2,Melbourne Renegades,TM Beaton,AJ Finch,SW Tait,1,0,"",""
ball,2,6.3,Melbourne Renegades,AJ Finch,TM Beaton,SW Tait,0,0,"",""
ball,2,6.4,Melbourne Renegades,AJ Finch,TM Beaton,SW Tait,0,0,"",""
ball,2,6.5,Melbourne Renegades,AJ Finch,TM Beaton,SW Tait,2,0,"",""
ball,2,6.6,Melbourne Renegades,AJ Finch,TM Beaton,SW Tait,1,0,"",""
ball,2,7.1,Melbourne Renegades,AJ Finch,TM Beaton,SL Rainbird,1,0,"",""
ball,2,7.2,Melbourne Renegades,TM Beaton,AJ Finch,SL Rainbird,1,0,"",""
ball,2,7.3,Melbourne Renegades,AJ Finch,TM Beaton,SL Rainbird,1,0,"",""
ball,2,7.4,Melbourne Renegades,TM Beaton,AJ Finch,SL Rainbird,1,0,"",""
ball,2,7.5,Melbourne Renegades,AJ Finch,TM Beaton,SL Rainbird,1,1,"",""
ball,2,7.6,Melbourne Renegades,TM Beaton,AJ Finch,SL Rainbird,0,0,"",""
ball,2,7.7,Melbourne Renegades,TM Beaton,AJ Finch,SL Rainbird,2,0,"",""
ball,2,8.1,Melbourne Renegades,AJ Finch,TM Beaton,CJ Boyce,0,1,"",""
ball,2,8.2,Melbourne Renegades,AJ Finch,TM Beaton,CJ Boyce,4,0,"",""
ball,2,8.3,Melbourne Renegades,AJ Finch,TM Beaton,CJ Boyce,0,0,"",""
ball,2,8.4,Melbourne Renegades,AJ Finch,TM Beaton,CJ Boyce,1,0,"",""
ball,2,8.5,Melbourne Renegades,TM Beaton,AJ Finch,CJ Boyce,0,0,caught,TM Beaton
ball,2,8.6,Melbourne Renegades,AJ Finch,CL White,CJ Boyce,4,0,"",""
ball,2,8.7,Melbourne Renegades,AJ Finch,CL White,CJ Boyce,0,0,"",""
ball,2,9.1,Melbourne Renegades,CL White,AJ Finch,SW Tait,0,0,"",""
ball,2,9.2,Melbourne Renegades,CL White,AJ Finch,SW Tait,1,0,"",""
ball,2,9.3,Melbourne Renegades,AJ Finch,CL White,SW Tait,2,0,"",""
ball,2,9.4,Melbourne Renegades,AJ Finch,CL White,SW Tait,0,0,"",""
ball,2,9.5,Melbourne Renegades,AJ Finch,CL White,SW Tait,4,0,"",""
ball,2,9.6,Melbourne Renegades,AJ Finch,CL White,SW Tait,4,0,"",""
ball,2,10.1,Melbourne Renegades,CL White,AJ Finch,CJ Boyce,1,0,"",""
ball,2,10.2,Melbourne Renegades,AJ Finch,CL White,CJ Boyce,0,0,caught,AJ Finch
ball,2,10.3,Melbourne Renegades,MS Wade,CL White,CJ Boyce,1,0,"",""
ball,2,10.4,Melbourne Renegades,CL White,MS Wade,CJ Boyce,0,1,"",""
ball,2,10.5,Melbourne Renegades,MS Wade,CL White,CJ Boyce,1,0,"",""
ball,2,10.6,Melbourne Renegades,CL White,MS Wade,CJ Boyce,0,0,"",""
ball,2,11.1,Melbourne Renegades,MS Wade,CL White,SL Rainbird,1,0,"",""
ball,2,11.2,Melbourne Renegades,CL White,MS Wade,SL Rainbird,1,0,"",""
ball,2,11.3,Melbourne Renegades,MS Wade,CL White,SL Rainbird,0,0,caught,MS Wade
ball,2,11.4,Melbourne Renegades,CL White,DJ Bravo,SL Rainbird,0,0,"",""
ball,2,11.5,Melbourne Renegades,CL White,DJ Bravo,SL Rainbird,1,0,"",""
ball,2,11.6,Melbourne Renegades,DJ Bravo,CL White,SL Rainbird,4,0,"",""
ball,2,12.1,Melbourne Renegades,CL White,DJ Bravo,CJ Boyce,1,0,"",""
ball,2,12.2,Melbourne Renegades,DJ Bravo,CL White,CJ Boyce,2,0,"",""
ball,2,12.3,Melbourne Renegades,DJ Bravo,CL White,CJ Boyce,1,0,"",""
ball,2,12.4,Melbourne Renegades,CL White,DJ Bravo,CJ Boyce,2,0,"",""
ball,2,12.5,Melbourne Renegades,CL White,DJ Bravo,CJ Boyce,0,0,"",""
ball,2,12.6,Melbourne Renegades,CL White,DJ Bravo,CJ Boyce,1,0,"",""
ball,2,13.1,Melbourne Renegades,CL White,DJ Bravo,SL Rainbird,2,0,"",""
ball,2,13.2,Melbourne Renegades,CL White,DJ Bravo,SL Rainbird,1,0,"",""
ball,2,13.3,Melbourne Renegades,DJ Bravo,CL White,SL Rainbird,0,0,caught,DJ Bravo
ball,2,13.4,Melbourne Renegades,TLW Cooper,CL White,SL Rainbird,0,0,"",""
ball,2,13.5,Melbourne Renegades,TLW Cooper,CL White,SL Rainbird,1,0,"",""
ball,2,13.6,Melbourne Renegades,CL White,TLW Cooper,SL Rainbird,4,0,"",""
