version,1.3.0
info,team,Brisbane Heat
info,team,Adelaide Strikers
info,gender,male
info,season,2015/16
info,date,2016/01/08
info,competition,Big Bash League
info,match_number,23
info,venue,"Brisbane Cricket Ground, Woolloongabba"
info,city,Brisbane
info,toss_winner,Adelaide Strikers
info,toss_decision,field
info,player_of_match,DPMD Jayawardene
info,umpire,AJ Barrow
info,umpire,PJ Gillespie
info,reserve_umpire,J Ruddick-Collins
info,tv_umpire,SD Fry
info,match_referee,PL Marshall
info,winner,Adelaide Strikers
info,winner_wickets,8
ball,1,0.1,Brisbane Heat,JJ Peirson,LMP Simmons,B Stanlake,0,0,"",""
ball,1,0.2,Brisbane Heat,JJ Peirson,LMP Simmons,B Stanlake,0,0,"",""
ball,1,0.3,Brisbane Heat,JJ Peirson,LMP Simmons,B Stanlake,0,0,"",""
ball,1,0.4,Brisbane Heat,JJ Peirson,LMP Simmons,B Stanlake,0,0,"",""
ball,1,0.5,Brisbane Heat,JJ Peirson,LMP Simmons,B Stanlake,4,0,"",""
ball,1,0.6,Brisbane Heat,JJ Peirson,LMP Simmons,B Stanlake,2,0,"",""
ball,1,1.1,Brisbane Heat,LMP Simmons,JJ Peirson,MG Neser,0,0,"",""
ball,1,1.2,Brisbane Heat,LMP Simmons,JJ Peirson,MG Neser,0,1,"",""
ball,1,1.3,Brisbane Heat,LMP Simmons,JJ Peirson,MG Neser,0,0,lbw,LMP Simmons
ball,1,1.4,Brisbane Heat,CA Lynn,JJ Peirson,MG Neser,0,0,"",""
ball,1,1.5,Brisbane Heat,CA Lynn,JJ Peirson,MG Neser,0,0,"",""
ball,1,1.6,Brisbane Heat,CA Lynn,JJ Peirson,MG Neser,0,0,"",""
ball,1,1.7,Brisbane Heat,CA Lynn,JJ Peirson,MG Neser,1,0,"",""
ball,1,2.1,Brisbane Heat,CA Lynn,JJ Peirson,B Stanlake,4,0,"",""
ball,1,2.2,Brisbane Heat,CA Lynn,JJ Peirson,B Stanlake,4,0,"",""
ball,1,2.3,Brisbane Heat,CA Lynn,JJ Peirson,B Stanlake,0,1,"",""
ball,1,2.4,Brisbane Heat,CA Lynn,JJ Peirson,B Stanlake,4,0,"",""
ball,1,2.5,Brisbane Heat,CA Lynn,JJ Peirson,B Stanlake,1,0,"",""
ball,1,2.6,Brisbane Heat,JJ Peirson,CA Lynn,B Stanlake,4,0,"",""
ball,1,2.7,Brisbane Heat,JJ Peirson,CA Lynn,B Stanlake,2,0,"",""
ball,1,3.1,Brisbane Heat,CA Lynn,JJ Peirson,JM Holland,0,0,"",""
ball,1,3.2,Brisbane Heat,CA Lynn,JJ Peirson,JM Holland,6,0,"",""
ball,1,3.3,Brisbane Heat,CA Lynn,JJ Peirson,JM Holland,1,0,"",""
ball,1,3.4,Brisbane Heat,JJ Peirson,CA Lynn,JM Holland,2,0,"",""
ball,1,3.5,Brisbane Heat,JJ Peirson,CA Lynn,JM Holland,0,0,"",""
ball,1,3.6,Brisbane Heat,JJ Peirson,CA Lynn,JM Holland,1,0,"",""
ball,1,4.1,Brisbane Heat,JJ Peirson,CA Lynn,MG Neser,6,0,"",""
ball,1,4.2,Brisbane Heat,JJ Peirson,CA Lynn,MG Neser,1,0,"",""
ball,1,4.3,Brisbane Heat,CA Lynn,JJ Peirson,MG Neser,2,0,"",""
ball,1,4.4,Brisbane Heat,CA Lynn,JJ Peirson,MG Neser,0,0,"",""
ball,1,4.5,Brisbane Heat,CA Lynn,JJ Peirson,MG Neser,0,0,"",""
ball,1,4.6,Brisbane Heat,CA Lynn,JJ Peirson,MG Neser,1,0,"",""
ball,1,5.1,Brisbane Heat,CA Lynn,JJ Peirson,B Laughlin,0,0,"",""
ball,1,5.2,Brisbane Heat,CA Lynn,JJ Peirson,B Laughlin,0,0,"",""
ball,1,5.3,Brisbane Heat,CA Lynn,JJ Peirson,B Laughlin,2,0,"",""
ball,1,5.4,Brisbane Heat,CA Lynn,JJ Peirson,B Laughlin,0,0,"",""
ball,1,5.5,Brisbane Heat,CA Lynn,JJ Peirson,B Laughlin,4,0,"",""
ball,1,5.6,Brisbane Heat,CA Lynn,JJ Peirson,B Laughlin,4,0,"",""
ball,1,6.1,Brisbane Heat,JJ Peirson,CA Lynn,AU Rashid,0,0,"",""
ball,1,6.2,Brisbane Heat,JJ Peirson,CA Lynn,AU Rashid,1,0,"",""
ball,1,6.3,Brisbane Heat,CA Lynn,JJ Peirson,AU Rashid,0,0,"",""
ball,1,6.4,Brisbane Heat,CA Lynn,JJ Peirson,AU Rashid,0,0,"",""
ball,1,6.5,Brisbane Heat,CA Lynn,JJ Peirson,AU Rashid,0,0,caught,CA Lynn
ball,1,6.6,Brisbane Heat,JJ Peirson,SD Heazlett,AU Rashid,1,0,"",""
ball,1,7.1,Brisbane Heat,JJ Peirson,SD Heazlett,JM Holland,2,0,"",""
ball,1,7.2,Brisbane Heat,JJ Peirson,SD Heazlett,JM Holland,1,0,"",""
ball,1,7.3,Brisbane Heat,SD Heazlett,JJ Peirson,JM Holland,1,0,"",""
ball,1,7.4,Brisbane Heat,JJ Peirson,SD Heazlett,JM Holland,2,0,"",""
ball,1,7.5,Brisbane Heat,JJ Peirson,SD Heazlett,JM Holland,1,0,"",""
ball,1,7.6,Brisbane Heat,SD Heazlett,JJ Peirson,JM Holland,6,0,"",""
ball,1,8.1,Brisbane Heat,JJ Peirson,SD Heazlett,AU Rashid,1,0,"",""
ball,1,8.2,Brisbane Heat,SD Heazlett,JJ Peirson,AU Rashid,0,0,"",""
ball,1,8.3,Brisbane Heat,SD Heazlett,JJ Peirson,AU Rashid,0,0,"",""
ball,1,8.4,Brisbane Heat,SD Heazlett,JJ Peirson,AU Rashid,0,0,"",""
ball,1,8.5,Brisbane Heat,SD Heazlett,JJ Peirson,AU Rashid,1,0,"",""
ball,1,8.6,Brisbane Heat,JJ Peirson,SD Heazlett,AU Rashid,0,0,"",""
ball,1,9.1,Brisbane Heat,SD Heazlett,JJ Peirson,B Stanlake,1,0,run out,SD Heazlett
ball,1,9.2,Brisbane Heat,NJ Reardon,JJ Peirson,B Stanlake,1,0,"",""
ball,1,9.3,Brisbane Heat,JJ Peirson,NJ Reardon,B Stanlake,1,0,"",""
ball,1,9.4,Brisbane Heat,NJ Reardon,JJ Peirson,B Stanlake,0,0,"",""
ball,1,9.5,Brisbane Heat,NJ Reardon,JJ Peirson,B Stanlake,1,0,"",""
ball,1,9.6,Brisbane Heat,JJ Peirson,NJ Reardon,B Stanlake,0,0,"",""
ball,1,10.1,Brisbane Heat,NJ Reardon,JJ Peirson,JM Holland,1,0,"",""
ball,1,10.2,Brisbane Heat,JJ Peirson,NJ Reardon,JM Holland,6,0,"",""
ball,1,10.3,Brisbane Heat,JJ Peirson,NJ Reardon,JM Holland,6,0,"",""
ball,1,10.4,Brisbane Heat,JJ Peirson,NJ Reardon,JM Holland,1,0,"",""
ball,1,10.5,Brisbane Heat,NJ Reardon,JJ Peirson,JM Holland,6,0,"",""
ball,1,10.6,Brisbane Heat,NJ Reardon,JJ Peirson,JM Holland,0,0,"",""
ball,1,11.1,Brisbane Heat,JJ Peirson,NJ Reardon,B Laughlin,1,0,"",""
ball,1,11.2,Brisbane Heat,NJ Reardon,JJ Peirson,B Laughlin,1,0,"",""
ball,1,11.3,Brisbane Heat,JJ Peirson,NJ Reardon,B Laughlin,2,0,"",""
ball,1,11.4,Brisbane Heat,JJ Peirson,NJ Reardon,B Laughlin,0,0,"",""
ball,1,11.5,Brisbane Heat,JJ Peirson,NJ Reardon,B Laughlin,0,0,"",""
ball,1,11.6,Brisbane Heat,JJ Peirson,NJ Reardon,B Laughlin,1,0,"",""
ball,1,12.1,Brisbane Heat,JJ Peirson,NJ Reardon,AU Rashid,1,0,"",""
ball,1,12.2,Brisbane Heat,NJ Reardon,JJ Peirson,AU Rashid,4,0,"",""
ball,1,12.3,Brisbane Heat,NJ Reardon,JJ Peirson,AU Rashid,1,0,"",""
ball,1,12.4,Brisbane Heat,JJ Peirson,NJ Reardon,AU Rashid,0,0,"",""
ball,1,12.5,Brisbane Heat,JJ Peirson,NJ Reardon,AU Rashid,1,0,"",""
ball,1,12.6,Brisbane Heat,NJ Reardon,JJ Peirson,AU Rashid,0,0,"",""
ball,1,13.1,Brisbane Heat,JJ Peirson,NJ Reardon,TM Head,0,0,caught,JJ Peirson
ball,1,13.2,Brisbane Heat,NJ Reardon,BCJ Cutting,TM Head,0,0,"",""
ball,1,13.3,Brisbane Heat,NJ Reardon,BCJ Cutting,TM Head,0,0,"",""
ball,1,13.4,Brisbane Heat,NJ Reardon,BCJ Cutting,TM Head,0,0,"",""
ball,1,13.5,Brisbane Heat,NJ Reardon,BCJ Cutting,TM Head,0,0,"",""
ball,1,13.6,Brisbane Heat,NJ Reardon,BCJ Cutting,TM Head,1,0,"",""
ball,1,14.1,Brisbane Heat,NJ Reardon,BCJ Cutting,MG Neser,0,0,"",""
ball,1,14.2,Brisbane Heat,NJ Reardon,BCJ Cutting,MG Neser,2,0,"",""
ball,1,14.3,Brisbane Heat,NJ Reardon,BCJ Cutting,MG Neser,2,0,"",""
ball,1,14.4,Brisbane Heat,NJ Reardon,BCJ Cutting,MG Neser,4,0,"",""
ball,1,14.5,Brisbane Heat,NJ Reardon,BCJ Cutting,MG Neser,1,0,"",""
ball,1,14.6,Brisbane Heat,BCJ Cutting,NJ Reardon,MG Neser,0,0,"",""
ball,1,15.1,Brisbane Heat,NJ Reardon,BCJ Cutting,TM Head,6,0,"",""
ball,1,15.2,Brisbane Heat,NJ Reardon,BCJ Cutting,TM Head,0,1,"",""
ball,1,15.3,Brisbane Heat,BCJ Cutting,NJ Reardon,TM Head,0,0,"",""
ball,1,15.4,Brisbane Heat,BCJ Cutting,NJ Reardon,TM Head,4,0,"",""
ball,1,15.5,Brisbane Heat,BCJ Cutting,NJ Reardon,TM Head,0,0,"",""
ball,1,15.6,Brisbane Heat,BCJ Cutting,NJ Reardon,TM Head,1,0,"",""
ball,1,16.1,Brisbane Heat,BCJ Cutting,NJ Reardon,B Laughlin,0,1,"",""
ball,1,16.2,Brisbane Heat,BCJ Cutting,NJ Reardon,B Laughlin,0,0,"",""
ball,1,16.3,Brisbane Heat,BCJ Cutting,NJ Reardon,B Laughlin,2,0,"",""
ball,1,16.4,Brisbane Heat,BCJ Cutting,NJ Reardon,B Laughlin,6,0,"",""
ball,1,16.5,Brisbane Heat,BCJ Cutting,NJ Reardon,B Laughlin,0,0,"",""
ball,1,16.6,Brisbane Heat,BCJ Cutting,NJ Reardon,B Laughlin,2,0,"",""
ball,1,16.7,Brisbane Heat,BCJ Cutting,NJ Reardon,B Laughlin,0,1,"",""
ball,1,16.8,Brisbane Heat,BCJ Cutting,NJ Reardon,B Laughlin,0,0,"",""
ball,1,17.1,Brisbane Heat,NJ Reardon,BCJ Cutting,AU Rashid,0,1,"",""
ball,1,17.2,Brisbane Heat,NJ Reardon,BCJ Cutting,AU Rashid,0,0,"",""
ball,1,17.3,Brisbane Heat,NJ Reardon,BCJ Cutting,AU Rashid,1,0,"",""
ball,1,17.4,Brisbane Heat,BCJ Cutting,NJ Reardon,AU Rashid,1,0,"",""
ball,1,17.5,Brisbane Heat,NJ Reardon,BCJ Cutting,AU Rashid,2,0,"",""
ball,1,17.6,Brisbane Heat,NJ Reardon,BCJ Cutting,AU Rashid,1,0,"",""
ball,1,17.7,Brisbane Heat,BCJ Cutting,NJ Reardon,AU Rashid,0,0,bowled,BCJ Cutting
ball,1,18.1,Brisbane Heat,NJ Reardon,JS Floros,B Laughlin,0,0,"",""
ball,1,18.2,Brisbane Heat,NJ Reardon,JS Floros,B Laughlin,1,0,"",""
ball,1,18.3,Brisbane Heat,JS Floros,NJ Reardon,B Laughlin,2,0,"",""
ball,1,18.4,Brisbane Heat,JS Floros,NJ Reardon,B Laughlin,0,0,caught,JS Floros
ball,1,18.5,Brisbane Heat,NJ Reardon,JR Hopes,B Laughlin,2,0,"",""
ball,1,18.6,Brisbane Heat,NJ Reardon,JR Hopes,B Laughlin,1,0,"",""
ball,1,19.1,Brisbane Heat,NJ Reardon,JR Hopes,MG Neser,1,0,"",""
ball,1,19.2,Brisbane Heat,JR Hopes,NJ Reardon,MG Neser,4,0,"",""
ball,1,19.3,Brisbane Heat,JR Hopes,NJ Reardon,MG Neser,0,2,"",""
ball,1,19.4,Brisbane Heat,NJ Reardon,JR Hopes,MG Neser,0,1,"",""
ball,1,19.5,Brisbane Heat,JR Hopes,NJ Reardon,MG Neser,4,0,"",""
ball,1,19.6,Brisbane Heat,JR Hopes,NJ Reardon,MG Neser,4,0,"",""
ball,1,19.7,Brisbane Heat,JR Hopes,NJ Reardon,MG Neser,2,0,"",""
ball,2,0.1,Adelaide Strikers,TP Ludeman,DPMD Jayawardene,JR Hopes,1,0,"",""
ball,2,0.2,Adelaide Strikers,DPMD Jayawardene,TP Ludeman,JR Hopes,2,0,"",""
ball,2,0.3,Adelaide Strikers,DPMD Jayawardene,TP Ludeman,JR Hopes,0,0,"",""
ball,2,0.4,Adelaide Strikers,DPMD Jayawardene,TP Ludeman,JR Hopes,2,0,"",""
ball,2,0.5,Adelaide Strikers,DPMD Jayawardene,TP Ludeman,JR Hopes,0,0,"",""
ball,2,0.6,Adelaide Strikers,DPMD Jayawardene,TP Ludeman,JR Hopes,0,0,"",""
ball,2,1.1,Adelaide Strikers,TP Ludeman,DPMD Jayawardene,AL Fekete,0,0,"",""
ball,2,1.2,Adelaide Strikers,TP Ludeman,DPMD Jayawardene,AL Fekete,2,0,"",""
ball,2,1.3,Adelaide Strikers,TP Ludeman,DPMD Jayawardene,AL Fekete,1,0,"",""
ball,2,1.4,Adelaide Strikers,DPMD Jayawardene,TP Ludeman,AL Fekete,6,0,"",""
ball,2,1.5,Adelaide Strikers,DPMD Jayawardene,TP Ludeman,AL Fekete,4,0,"",""
ball,2,1.6,Adelaide Strikers,DPMD Jayawardene,TP Ludeman,AL Fekete,6,0,"",""
ball,2,2.1,Adelaide Strikers,TP Ludeman,DPMD Jayawardene,JR Hopes,0,0,"",""
ball,2,2.2,Adelaide Strikers,TP Ludeman,DPMD Jayawardene,JR Hopes,4,0,"",""
ball,2,2.3,Adelaide Strikers,TP Ludeman,DPMD Jayawardene,JR Hopes,0,0,"",""
ball,2,2.4,Adelaide Strikers,TP Ludeman,DPMD Jayawardene,JR Hopes,1,0,"",""
ball,2,2.5,Adelaide Strikers,DPMD Jayawardene,TP Ludeman,JR Hopes,1,0,"",""
ball,2,2.6,Adelaide Strikers,TP Ludeman,DPMD Jayawardene,JR Hopes,1,0,"",""
ball,2,3.1,Adelaide Strikers,TP Ludeman,DPMD Jayawardene,JK Lalor,1,0,"",""
ball,2,3.2,Adelaide Strikers,DPMD Jayawardene,TP Ludeman,JK Lalor,1,0,"",""
ball,2,3.3,Adelaide Strikers,TP Ludeman,DPMD Jayawardene,JK Lalor,0,0,"",""
ball,2,3.4,Adelaide Strikers,TP Ludeman,DPMD Jayawardene,JK Lalor,0,1,"",""
ball,2,3.5,Adelaide Strikers,TP Ludeman,DPMD Jayawardene,JK Lalor,1,0,"",""
ball,2,3.6,Adelaide Strikers,DPMD Jayawardene,TP Ludeman,JK Lalor,4,0,"",""
ball,2,3.7,Adelaide Strikers,DPMD Jayawardene,TP Ludeman,JK Lalor,1,0,"",""
ball,2,4.1,Adelaide Strikers,DPMD Jayawardene,TP Ludeman,JR Hopes,4,0,"",""
ball,2,4.2,Adelaide Strikers,DPMD Jayawardene,TP Ludeman,JR Hopes,0,0,"",""
ball,2,4.3,Adelaide Strikers,DPMD Jayawardene,TP Ludeman,JR Hopes,1,0,"",""
ball,2,4.4,Adelaide Strikers,TP Ludeman,DPMD Jayawardene,JR Hopes,0,0,"",""
ball,2,4.5,Adelaide Strikers,TP Ludeman,DPMD Jayawardene,JR Hopes,1,0,"",""
ball,2,4.6,Adelaide Strikers,DPMD Jayawardene,TP Ludeman,JR Hopes,6,0,"",""
ball,2,5.1,Adelaide Strikers,TP Ludeman,DPMD Jayawardene,S Badree,1,0,"",""
ball,2,5.2,Adelaide Strikers,DPMD Jayawardene,TP Ludeman,S Badree,1,0,"",""
ball,2,5.3,Adelaide Strikers,TP Ludeman,DPMD Jayawardene,S Badree,4,0,"",""
ball,2,5.4,Adelaide Strikers,TP Ludeman,DPMD Jayawardene,S Badree,1,0,"",""
ball,2,5.5,Adelaide Strikers,DPMD Jayawardene,TP Ludeman,S Badree,2,0,"",""
ball,2,5.6,Adelaide Strikers,DPMD Jayawardene,TP Ludeman,S Badree,0,0,"",""
ball,2,6.1,Adelaide Strikers,TP Ludeman,DPMD Jayawardene,BCJ Cutting,0,1,"",""
ball,2,6.2,Adelaide Strikers,TP Ludeman,DPMD Jayawardene,BCJ Cutting,2,0,"",""
ball,2,6.3,Adelaide Strikers,TP Ludeman,DPMD Jayawardene,BCJ Cutting,4,0,"",""
ball,2,6.4,Adelaide Strikers,TP Ludeman,DPMD Jayawardene,BCJ Cutting,0,0,"",""
ball,2,6.5,Adelaide Strikers,TP Ludeman,DPMD Jayawardene,BCJ Cutting,1,0,"",""
ball,2,6.6,Adelaide Strikers,DPMD Jayawardene,TP Ludeman,BCJ Cutting,4,0,"",""
ball,2,6.7,Adelaide Strikers,DPMD Jayawardene,TP Ludeman,BCJ Cutting,1,0,"",""
ball,2,7.1,Adelaide Strikers,DPMD Jayawardene,TP Ludeman,S Badree,0,0,"",""
ball,2,7.2,Adelaide Strikers,DPMD Jayawardene,TP Ludeman,S Badree,1,0,"",""
ball,2,7.3,Adelaide Strikers,TP Ludeman,DPMD Jayawardene,S Badree,1,0,"",""
ball,2,7.4,Adelaide Strikers,DPMD Jayawardene,TP Ludeman,S Badree,1,0,"",""
ball,2,7.5,Adelaide Strikers,TP Ludeman,DPMD Jayawardene,S Badree,0,0,"",""
ball,2,7.6,Adelaide Strikers,TP Ludeman,DPMD Jayawardene,S Badree,1,0,"",""
ball,2,8.1,Adelaide Strikers,TP Ludeman,DPMD Jayawardene,BCJ Cutting,1,0,"",""
ball,2,8.2,Adelaide Strikers,DPMD Jayawardene,TP Ludeman,BCJ Cutting,0,0,"",""
ball,2,8.3,Adelaide Strikers,DPMD Jayawardene,TP Ludeman,BCJ Cutting,1,0,"",""
ball,2,8.4,Adelaide Strikers,TP Ludeman,DPMD Jayawardene,BCJ Cutting,0,0,"",""
ball,2,8.5,Adelaide Strikers,TP Ludeman,DPMD Jayawardene,BCJ Cutting,2,0,"",""
ball,2,8.6,Adelaide Strikers,TP Ludeman,DPMD Jayawardene,BCJ Cutting,0,0,"",""
ball,2,9.1,Adelaide Strikers,DPMD Jayawardene,TP Ludeman,S Badree,0,0,"",""
ball,2,9.2,Adelaide Strikers,DPMD Jayawardene,TP Ludeman,S Badree,4,0,"",""
ball,2,9.3,Adelaide Strikers,DPMD Jayawardene,TP Ludeman,S Badree,0,0,"",""
ball,2,9.4,Adelaide Strikers,DPMD Jayawardene,TP Ludeman,S Badree,0,0,lbw,DPMD Jayawardene
ball,2,9.5,Adelaide Strikers,TM Head,TP Ludeman,S Badree,2,0,"",""
ball,2,9.6,Adelaide Strikers,TM Head,TP Ludeman,S Badree,0,0,"",""
ball,2,10.1,Adelaide Strikers,TP Ludeman,TM Head,JS Floros,0,0,"",""
ball,2,10.2,Adelaide Strikers,TP Ludeman,TM Head,JS Floros,1,0,"",""
ball,2,10.3,Adelaide Strikers,TM Head,TP Ludeman,JS Floros,1,0,"",""
ball,2,10.4,Adelaide Strikers,TP Ludeman,TM Head,JS Floros,2,0,"",""
ball,2,10.5,Adelaide Strikers,TP Ludeman,TM Head,JS Floros,4,0,"",""
ball,2,10.6,Adelaide Strikers,TP Ludeman,TM Head,JS Floros,2,0,"",""
ball,2,11.1,Adelaide Strikers,TM Head,TP Ludeman,S Badree,1,0,"",""
ball,2,11.2,Adelaide Strikers,TP Ludeman,TM Head,S Badree,0,0,"",""
ball,2,11.3,Adelaide Strikers,TP Ludeman,TM Head,S Badree,1,0,"",""
ball,2,11.4,Adelaide Strikers,TM Head,TP Ludeman,S Badree,0,0,"",""
ball,2,11.5,Adelaide Strikers,TM Head,TP Ludeman,S Badree,3,0,"",""
ball,2,11.6,Adelaide Strikers,TP Ludeman,TM Head,S Badree,1,0,"",""
ball,2,12.1,Adelaide Strikers,TP Ludeman,TM Head,JR Hopes,2,0,"",""
ball,2,12.2,Adelaide Strikers,TP Ludeman,TM Head,JR Hopes,1,0,"",""
ball,2,12.3,Adelaide Strikers,TM Head,TP Ludeman,JR Hopes,0,0,"",""
ball,2,12.4,Adelaide Strikers,TM Head,TP Ludeman,JR Hopes,2,0,"",""
ball,2,12.5,Adelaide Strikers,TM Head,TP Ludeman,JR Hopes,1,0,"",""
ball,2,12.6,Adelaide Strikers,TP Ludeman,TM Head,JR Hopes,4,0,"",""
ball,2,13.1,Adelaide Strikers,TM Head,TP Ludeman,JK Lalor,0,0,"",""
ball,2,13.2,Adelaide Strikers,TM Head,TP Ludeman,JK Lalor,2,0,"",""
ball,2,13.3,Adelaide Strikers,TM Head,TP Ludeman,JK Lalor,0,0,"",""
ball,2,13.4,Adelaide Strikers,TM Head,TP Ludeman,JK Lalor,1,0,"",""
ball,2,13.5,Adelaide Strikers,TP Ludeman,TM Head,JK Lalor,0,0,"",""
ball,2,13.6,Adelaide Strikers,TP Ludeman,TM Head,JK Lalor,0,0,"",""
ball,2,14.1,Adelaide Strikers,TM Head,TP Ludeman,AL Fekete,6,0,"",""
ball,2,14.2,Adelaide Strikers,TM Head,TP Ludeman,AL Fekete,1,0,"",""
ball,2,14.3,Adelaide Strikers,TP Ludeman,TM Head,AL Fekete,1,0,"",""
ball,2,14.4,Adelaide Strikers,TM Head,TP Ludeman,AL Fekete,6,0,"",""
ball,2,14.5,Adelaide Strikers,TM Head,TP Ludeman,AL Fekete,6,0,"",""
ball,2,14.6,Adelaide Strikers,TM Head,TP Ludeman,AL Fekete,1,0,"",""
ball,2,15.1,Adelaide Strikers,TM Head,TP Ludeman,JK Lalor,2,0,"",""
ball,2,15.2,Adelaide Strikers,TM Head,TP Ludeman,JK Lalor,4,0,"",""
ball,2,15.3,Adelaide Strikers,TM Head,TP Ludeman,JK Lalor,1,0,"",""
ball,2,15.4,Adelaide Strikers,TP Ludeman,TM Head,JK Lalor,1,0,"",""
ball,2,15.5,Adelaide Strikers,TM Head,TP Ludeman,JK Lalor,2,0,"",""
ball,2,15.6,Adelaide Strikers,TM Head,TP Ludeman,JK Lalor,2,0,"",""
ball,2,16.1,Adelaide Strikers,TP Ludeman,TM Head,BCJ Cutting,1,0,"",""
ball,2,16.2,Adelaide Strikers,TM Head,TP Ludeman,BCJ Cutting,6,0,"",""
ball,2,16.3,Adelaide Strikers,TM Head,TP Ludeman,BCJ Cutting,0,0,caught,TM Head
ball,2,16.4,Adelaide Strikers,TP Ludeman,BJ Hodge,BCJ Cutting,1,0,"",""
ball,2,16.5,Adelaide Strikers,BJ Hodge,TP Ludeman,BCJ Cutting,1,0,"",""
ball,2,16.6,Adelaide Strikers,TP Ludeman,BJ Hodge,BCJ Cutting,1,0,"",""
ball,2,17.1,Adelaide Strikers,TP Ludeman,BJ Hodge,JK Lalor,0,1,"",""
ball,2,17.2,Adelaide Strikers,TP Ludeman,BJ Hodge,JK Lalor,1,0,"",""
ball,2,17.3,Adelaide Strikers,BJ Hodge,TP Ludeman,JK Lalor,1,0,"",""
ball,2,17.4,Adelaide Strikers,TP Ludeman,BJ Hodge,JK Lalor,1,0,"",""
ball,2,17.5,Adelaide Strikers,BJ Hodge,TP Ludeman,JK Lalor,1,0,"",""
ball,2,17.6,Adelaide Strikers,TP Ludeman,BJ Hodge,JK Lalor,0,1,"",""
ball,2,17.7,Adelaide Strikers,TP Ludeman,BJ Hodge,JK Lalor,1,0,"",""
ball,2,17.8,Adelaide Strikers,BJ Hodge,TP Ludeman,JK Lalor,0,1,"",""
ball,2,17.9,Adelaide Strikers,BJ Hodge,TP Ludeman,JK Lalor,1,0,"",""
ball,2,18.1,Adelaide Strikers,BJ Hodge,TP Ludeman,BCJ Cutting,2,0,"",""
ball,2,18.2,Adelaide Strikers,BJ Hodge,TP Ludeman,BCJ Cutting,4,0,"",""
ball,2,18.3,Adelaide Strikers,BJ Hodge,TP Ludeman,BCJ Cutting,0,0,"",""
ball,2,18.4,Adelaide Strikers,BJ Hodge,TP Ludeman,BCJ Cutting,4,0,"",""
